id,name,country,confederation,founded_year,stadium,nickname,image_url,website,description,ranking,category,total_trophies,world_cup_titles,manager,captain,main_rivals,honors_json,last_updated
3,Argentina,Argentina,CONMEBOL,1900,National Stadium of Argentina,The Argentina Team,https://upload.wikimedia.org/wikipedia/en/thumb/c/c1/Argentina_national_football_team_logo.svg/330px-Argentina_national_football_team_logo.svg.png,https://en.wikipedia.org/wiki/Argentina_national_football_team,The Argentina national men's football team.,3,men,19,3,TBD,TBD,Neighboring Countries,"{""World Cup"": 3, ""Copa América"": 16}",2026-05-11T05:59:42.311501+00:00
6,Brazil,Brazil,CONMEBOL,1900,National Stadium of Brazil,The Brazil Team,https://upload.wikimedia.org/wikipedia/commons/thumb/3/32/Confedera%C3%A7%C3%A3o_Brasileira_de_Futebol_logo_%282020%29.svg/330px-Confedera%C3%A7%C3%A3o_Brasileira_de_Futebol_logo_%282020%29.svg.png,https://en.wikipedia.org/wiki/Brazil_national_football_team,The Brazil national men's football team.,6,men,14,5,TBD,TBD,Neighboring Countries,"{""World Cup"": 5, ""Copa América"": 9}",2026-05-11T05:59:54.461570+00:00
8,Morocco,Morocco,CAF,1900,National Stadium of Morocco,The Morocco Team,https://upload.wikimedia.org/wikipedia/en/thumb/d/d0/Royal_Moroccan_Football_Federation_logo.svg/330px-Royal_Moroccan_Football_Federation_logo.svg.png,https://en.wikipedia.org/wiki/Morocco_national_football_team,The Morocco national men's football team.,8,men,2,0,TBD,TBD,Neighboring Countries,"{""World Cup"": 0, ""Africa Cup of Nations"": 2}",2026-05-11T06:00:03.538960+00:00
2,Spain,Spain,UEFA,1900,National Stadium of Spain,The Spain Team,https://upload.wikimedia.org/wikipedia/en/thumb/3/39/Spain_national_football_team_crest.svg/330px-Spain_national_football_team_crest.svg.png,https://en.wikipedia.org/wiki/Spain_national_football_team,The Spain national men's football team.,2,men,5,1,TBD,TBD,Neighboring Countries,"{""World Cup"": 1, ""European Championship"": 4}",2026-05-11T05:55:36.121796+00:00
4,England,England,UEFA,1900,National Stadium of England,The England Team,https://upload.wikimedia.org/wikipedia/en/thumb/8/8b/England_national_football_team_crest.svg/330px-England_national_football_team_crest.svg.png,https://en.wikipedia.org/wiki/England_national_football_team,The England national men's football team.,4,men,1,1,TBD,TBD,Neighboring Countries,"{""World Cup"": 1, ""European Championship"": 0}",2026-05-11T05:55:46.196773+00:00
5,Portugal,Portugal,UEFA,1900,National Stadium of Portugal,The Portugal Team,https://upload.wikimedia.org/wikipedia/commons/thumb/d/d9/Portugal_National_Team_logo.png/330px-Portugal_National_Team_logo.png,https://en.wikipedia.org/wiki/Portugal_national_football_team,The Portugal national men's football team.,5,men,1,0,TBD,TBD,Neighboring Countries,"{""World Cup"": 0, ""European Championship"": 1}",2026-05-11T05:55:51.127728+00:00
7,Netherlands,Netherlands,UEFA,1900,National Stadium of Netherlands,The Netherlands Team,https://upload.wikimedia.org/wikipedia/en/thumb/7/78/Netherlands_national_football_team_logo.svg/330px-Netherlands_national_football_team_logo.svg.png,https://en.wikipedia.org/wiki/Netherlands_national_football_team,The Netherlands national men's football team.,7,men,1,0,TBD,TBD,Neighboring Countries,"{""World Cup"": 0, ""European Championship"": 1}",2026-05-11T05:55:58.378711+00:00
18,Japan,Japan,AFC,1900,National Stadium of Japan,The Japan Team,https://upload.wikimedia.org/wikipedia/en/thumb/8/84/Japan_national_football_team_crest.svg/330px-Japan_national_football_team_crest.svg.png,https://en.wikipedia.org/wiki/Japan_national_football_team,The Japan national men's football team.,18,men,2,0,TBD,TBD,Neighboring Countries,"{""World Cup"": 0, ""AFC Asian Cup"": 2}",2026-05-11T06:02:51.044363+00:00
16,United States,United States,Unknown,1915,National Stadium of United States,The United States Team,,https://en.wikipedia.org/wiki/United_States_national_football_team,United States national football team may refer to:,16,men,2,0,TBD,TBD,Neighboring Countries,"{""World Cup"": 0, ""Continental Cup"": 0}",2026-05-08T04:15:44.004853+00:00
10,Germany,Germany,UEFA,1900,National Stadium of Germany,The Germany Team,https://upload.wikimedia.org/wikipedia/en/thumb/e/e3/DFBEagle.svg/330px-DFBEagle.svg.png,https://en.wikipedia.org/wiki/Germany_national_football_team,The Germany national men's football team.,10,men,7,4,TBD,TBD,Neighboring Countries,"{""World Cup"": 4, ""European Championship"": 3}",2026-05-11T05:56:11.241237+00:00
12,Italy,Italy,UEFA,1900,National Stadium of Italy,The Italy Team,https://upload.wikimedia.org/wikipedia/commons/thumb/b/bf/Logo_Italy_National_Football_Team_-_2023.svg/330px-Logo_Italy_National_Football_Team_-_2023.svg.png,https://en.wikipedia.org/wiki/Italy_national_football_team,The Italy national men's football team.,12,men,6,4,TBD,TBD,Neighboring Countries,"{""World Cup"": 4, ""European Championship"": 2}",2026-05-11T05:56:20.693378+00:00
13,Colombia,Colombia,CONMEBOL,1900,National Stadium of Colombia,The Colombia Team,https://upload.wikimedia.org/wikipedia/commons/thumb/2/29/FCF-Logo-2023.svg/330px-FCF-Logo-2023.svg.png,https://en.wikipedia.org/wiki/Colombia_national_football_team,The Colombia national men's football team.,13,men,1,0,TBD,TBD,Neighboring Countries,"{""World Cup"": 0, ""Copa América"": 1}",2026-05-11T05:56:26.115341+00:00
14,Senegal,Senegal,CAF,1900,National Stadium of Senegal,The Senegal Team,https://upload.wikimedia.org/wikipedia/commons/thumb/f/fd/Flag_of_Senegal.svg/330px-Flag_of_Senegal.svg.png,https://en.wikipedia.org/wiki/Senegal_national_football_team,The Senegal national men's football team.,14,men,1,0,TBD,TBD,Neighboring Countries,"{""World Cup"": 0, ""Africa Cup of Nations"": 1}",2026-05-11T05:56:30.828421+00:00
17,Uruguay,Uruguay,CONMEBOL,1900,National Stadium of Uruguay,The Uruguay Team,https://upload.wikimedia.org/wikipedia/en/thumb/4/43/Uruguay_national_football_team_seal.svg/330px-Uruguay_national_football_team_seal.svg.png,https://en.wikipedia.org/wiki/Uruguay_national_football_team,The Uruguay national men's football team.,17,men,17,2,TBD,TBD,Neighboring Countries,"{""World Cup"": 2, ""Copa América"": 15}",2026-05-11T05:56:46.850514+00:00
61,Paraguay,Paraguay,CONMEBOL,1900,National Stadium of Paraguay,The Paraguay Team,,https://en.wikipedia.org/wiki/Paraguay_national_football_team,The Paraguay national men's football team.,40,men,2,0,TBD,TBD,Neighboring Countries,"{""World Cup"": 0, ""Copa América"": 2}",2026-05-11T06:04:24.980476+00:00
11,Croatia,Croatia,UEFA,1900,National Stadium of Croatia,The Croatia Team,https://upload.wikimedia.org/wikipedia/commons/thumb/1/1b/Flag_of_Croatia.svg/330px-Flag_of_Croatia.svg.png,https://en.wikipedia.org/wiki/Croatia_national_football_team,The Croatia national men's football team.,11,men,0,0,TBD,TBD,Neighboring Countries,"{""World Cup"": 0, ""European Championship"": 0}",2026-05-11T05:56:16.110939+00:00
15,Mexico,Mexico,CONCACAF,1900,National Stadium of Mexico,The Mexico Team,https://upload.wikimedia.org/wikipedia/en/thumb/3/3f/Mexico_national_football_team_crest.svg/330px-Mexico_national_football_team_crest.svg.png,https://en.wikipedia.org/wiki/Mexico_national_football_team,The Mexico national men's football team.,15,men,13,0,TBD,TBD,Neighboring Countries,"{""World Cup"": 0, ""CONCACAF Gold Cup"": 13}",2026-05-11T06:02:37.667854+00:00
62,Czechia,Czechia,UEFA,1900,National Stadium of Czechia,The Czechia Team,,https://en.wikipedia.org/wiki/Czechia_national_football_team,The Czechia national men's football team.,41,men,2,0,TBD,TBD,Neighboring Countries,"{""World Cup"": 0, ""European Championship"": 2}",2026-05-11T06:04:28.874224+00:00
63,Hungary,Hungary,UEFA,1900,National Stadium of Hungary,The Hungary Team,,https://en.wikipedia.org/wiki/Hungary_national_football_team,The Hungary national men's football team.,42,men,0,0,TBD,TBD,Neighboring Countries,"{""World Cup"": 0, ""European Championship"": 0}",2026-05-11T06:04:32.655051+00:00
64,Scotland,Scotland,UEFA,1900,National Stadium of Scotland,The Scotland Team,,https://en.wikipedia.org/wiki/Scotland_national_football_team,The Scotland national men's football team.,43,men,0,0,TBD,TBD,Neighboring Countries,"{""World Cup"": 0, ""European Championship"": 0}",2026-05-11T06:04:36.645493+00:00
65,Tunisia,Tunisia,CAF,1900,National Stadium of Tunisia,The Tunisia Team,,https://en.wikipedia.org/wiki/Tunisia_national_football_team,The Tunisia national men's football team.,44,men,1,0,TBD,TBD,Neighboring Countries,"{""World Cup"": 0, ""Africa Cup of Nations"": 1}",2026-05-11T06:04:41.536678+00:00
66,Cameroon,Cameroon,CAF,1900,National Stadium of Cameroon,The Cameroon Team,,https://en.wikipedia.org/wiki/Cameroon_national_football_team,The Cameroon national men's football team.,45,men,5,0,TBD,TBD,Neighboring Countries,"{""World Cup"": 0, ""Africa Cup of Nations"": 5}",2026-05-11T06:04:44.777461+00:00
67,Congo DR,Congo DR,CAF,1900,National Stadium of Congo DR,The Congo DR Team,,https://en.wikipedia.org/wiki/Congo_DR_national_football_team,The Congo DR national men's football team.,46,men,2,0,TBD,TBD,Neighboring Countries,"{""World Cup"": 0, ""Africa Cup of Nations"": 2}",2026-05-11T06:04:49.938096+00:00
68,Greece,Greece,UEFA,1900,National Stadium of Greece,The Greece Team,,https://en.wikipedia.org/wiki/Greece_national_football_team,The Greece national men's football team.,47,men,1,0,TBD,TBD,Neighboring Countries,"{""World Cup"": 0, ""European Championship"": 1}",2026-05-11T06:04:54.618701+00:00
69,Slovakia,Slovakia,UEFA,1900,National Stadium of Slovakia,The Slovakia Team,,https://en.wikipedia.org/wiki/Slovakia_national_football_team,The Slovakia national men's football team.,48,men,3,0,TBD,TBD,Neighboring Countries,"{""World Cup"": 0, ""European Championship"": 3}",2026-05-11T06:04:59.468990+00:00
70,Venezuela,Venezuela,CONMEBOL,1900,National Stadium of Venezuela,The Venezuela Team,,https://en.wikipedia.org/wiki/Venezuela_national_football_team,The Venezuela national men's football team.,49,men,0,0,TBD,TBD,Neighboring Countries,"{""World Cup"": 0, ""Copa América"": 0}",2026-05-11T06:05:03.562279+00:00
71,Uzbekistan,Uzbekistan,AFC,1900,National Stadium of Uzbekistan,The Uzbekistan Team,,https://en.wikipedia.org/wiki/Uzbekistan_national_football_team,The Uzbekistan national men's football team.,50,men,0,0,TBD,TBD,Neighboring Countries,"{""World Cup"": 0, ""AFC Asian Cup"": 0}",2026-05-11T06:05:08.648695+00:00
72,Costa Rica,Costa Rica,CONCACAF,1900,National Stadium of Costa Rica,The Costa Rica Team,,https://en.wikipedia.org/wiki/Costa_Rica_national_football_team,The Costa Rica national men's football team.,51,men,3,0,TBD,TBD,Neighboring Countries,"{""World Cup"": 0, ""CONCACAF Gold Cup"": 3}",2026-05-11T06:05:13.332479+00:00
73,Mali,Mali,CAF,1900,National Stadium of Mali,The Mali Team,,https://en.wikipedia.org/wiki/Mali_national_football_team,The Mali national men's football team.,52,men,0,0,TBD,TBD,Neighboring Countries,"{""World Cup"": 0, ""Africa Cup of Nations"": 0}",2026-05-11T06:05:18.437429+00:00
22,United States,United States,Unknown,1901,National Stadium of United States,The United States Team,,https://en.wikipedia.org/wiki/United_States_women's_national_football_team,"United States women's national football team may refer to:United States women's national American football team
United States women's national Australian rules football team
United States women's national soccer team",2,women,2,0,TBD,TBD,Neighboring Countries,"{""World Cup"": 0, ""Continental Cup"": 0}",2026-05-08T04:16:13.040836+00:00
26,Brazil,Brazil,CONMEBOL,1900,National Stadium of Brazil,The Brazil Team,https://upload.wikimedia.org/wikipedia/commons/thumb/f/f7/Confedera%C3%A7%C3%A3o_Brasileira_de_Futebol_logo_%282020%2C_women%29.svg/330px-Confedera%C3%A7%C3%A3o_Brasileira_de_Futebol_logo_%282020%2C_women%29.svg.png,https://en.wikipedia.org/wiki/Brazil_women's_national_football_team,The Brazil national women's football team.,6,women,9,0,TBD,TBD,Neighboring Countries,"{""World Cup"": 0, ""Copa América"": 9}",2026-05-11T06:18:00.858017+00:00
20,Denmark,Denmark,UEFA,1900,National Stadium of Denmark,The Denmark Team,https://upload.wikimedia.org/wikipedia/commons/thumb/9/9d/Dansk_boldspil_union_logo.svg/330px-Dansk_boldspil_union_logo.svg.png,https://en.wikipedia.org/wiki/Denmark_national_football_team,The Denmark national men's football team.,20,men,1,0,TBD,TBD,Neighboring Countries,"{""World Cup"": 0, ""European Championship"": 1}",2026-05-11T05:56:59.834890+00:00
21,Spain,Spain,UEFA,1900,National Stadium of Spain,The Spain Team,https://upload.wikimedia.org/wikipedia/en/thumb/3/39/Spain_national_football_team_crest.svg/330px-Spain_national_football_team_crest.svg.png,https://en.wikipedia.org/wiki/Spain_women's_national_football_team,The Spain national women's football team.,1,women,1,1,TBD,TBD,Neighboring Countries,"{""World Cup"": 1, ""European Championship"": 0}",2026-05-11T06:17:35.099007+00:00
23,England,England,UEFA,1900,National Stadium of England,The England Team,https://upload.wikimedia.org/wikipedia/en/thumb/3/38/England_crest_2009.svg/330px-England_crest_2009.svg.png,https://en.wikipedia.org/wiki/England_women's_national_football_team,The England national women's football team.,3,women,2,0,TBD,TBD,Neighboring Countries,"{""World Cup"": 0, ""European Championship"": 2}",2026-05-11T06:17:47.051613+00:00
24,Germany,Germany,UEFA,1900,National Stadium of Germany,The Germany Team,https://upload.wikimedia.org/wikipedia/en/thumb/e/e5/DFBWomen.svg/330px-DFBWomen.svg.png,https://en.wikipedia.org/wiki/Germany_women's_national_football_team,The Germany national women's football team.,4,women,10,2,TBD,TBD,Neighboring Countries,"{""World Cup"": 2, ""European Championship"": 8}",2026-05-11T06:17:51.983132+00:00
25,Japan,Japan,AFC,1900,National Stadium of Japan,The Japan Team,,https://en.wikipedia.org/wiki/Japan_women's_national_football_team,The Japan national women's football team.,5,women,4,1,TBD,TBD,Neighboring Countries,"{""World Cup"": 1, ""AFC Asian Cup"": 3}",2026-05-11T06:17:57.350771+00:00
27,France,France,UEFA,1900,National Stadium of France,The France Team,https://upload.wikimedia.org/wikipedia/en/thumb/5/58/France_women%27s_national_football_team_logo.svg/330px-France_women%27s_national_football_team_logo.svg.png,https://en.wikipedia.org/wiki/France_women's_national_football_team,The France national women's football team.,7,women,0,0,TBD,TBD,Neighboring Countries,"{""World Cup"": 0, ""European Championship"": 0}",2026-05-11T06:18:05.358415+00:00
28,Sweden,Sweden,UEFA,1900,National Stadium of Sweden,The Sweden Team,https://upload.wikimedia.org/wikipedia/en/thumb/3/3f/Sweden_national_football_team_badge.svg/330px-Sweden_national_football_team_badge.svg.png,https://en.wikipedia.org/wiki/Sweden_women's_national_football_team,The Sweden national women's football team.,8,women,1,0,TBD,TBD,Neighboring Countries,"{""World Cup"": 0, ""European Championship"": 1}",2026-05-11T06:18:09.657367+00:00
29,Canada,Canada,CONCACAF,1900,National Stadium of Canada,The Canada Team,,https://en.wikipedia.org/wiki/Canada_women's_national_football_team,The Canada national women's football team.,9,women,0,0,TBD,TBD,Neighboring Countries,"{""World Cup"": 0, ""CONCACAF Gold Cup"": 0}",2026-05-11T06:18:19.287395+00:00
31,North Korea,North Korea,Unknown,1921,National Stadium of North Korea,The North Korea Team,,https://en.wikipedia.org/wiki/North_Korea_women's_national_football_team,No description available.,11,women,1,0,TBD,TBD,Neighboring Countries,"{""World Cup"": 0, ""Continental Cup"": 0}",2026-05-08T04:16:48.627016+00:00
36,China,China,Unknown,1913,National Stadium of China,The China Team,https://upload.wikimedia.org/wikipedia/en/thumb/0/03/China_national_football_team.svg/330px-China_national_football_team.svg.png,https://en.wikipedia.org/wiki/China_women's_national_football_team,China women's national football team represents the People's Republic of China in international women's football competitions and is governed by the Chinese Football Association.,16,women,2,0,TBD,TBD,Neighboring Countries,"{""World Cup"": 0, ""Continental Cup"": 0}",2026-05-08T04:17:10.806002+00:00
39,South Korea,South Korea,Unknown,1914,National Stadium of South Korea,The South Korea Team,,https://en.wikipedia.org/wiki/South_Korea_women's_national_football_team,"The South Korea women's national football team represents South Korea in international women's football competitions. The South Korean women's team has qualified for five FIFA World Cups in 2003, 2015, 2019, 2023 and 2027.",19,women,0,0,TBD,TBD,Neighboring Countries,"{""World Cup"": 0, ""Continental Cup"": 0}",2026-05-08T04:17:20.613902+00:00
38,Belgium,Belgium,UEFA,1900,National Stadium of Belgium,The Belgium Team,https://upload.wikimedia.org/wikipedia/en/thumb/f/f9/Royal_Belgian_FA_logo_2019.svg/330px-Royal_Belgian_FA_logo_2019.svg.png,https://en.wikipedia.org/wiki/Belgium_women's_national_football_team,The Belgium national women's football team.,18,women,0,0,TBD,TBD,Neighboring Countries,"{""World Cup"": 0, ""European Championship"": 0}",2026-05-11T06:19:03.366486+00:00
74,Peru,Peru,CONMEBOL,1900,National Stadium of Peru,The Peru Team,,https://en.wikipedia.org/wiki/Peru_national_football_team,The Peru national men's football team.,53,men,2,0,TBD,TBD,Neighboring Countries,"{""World Cup"": 0, ""Copa América"": 2}",2026-05-11T06:05:23.278479+00:00
75,Chile,Chile,CONMEBOL,1900,National Stadium of Chile,The Chile Team,,https://en.wikipedia.org/wiki/Chile_national_football_team,The Chile national men's football team.,54,men,2,0,TBD,TBD,Neighboring Countries,"{""World Cup"": 0, ""Copa América"": 2}",2026-05-11T06:05:27.525511+00:00
32,Denmark,Denmark,UEFA,1900,National Stadium of Denmark,The Denmark Team,https://upload.wikimedia.org/wikipedia/commons/thumb/9/9c/Flag_of_Denmark.svg/330px-Flag_of_Denmark.svg.png,https://en.wikipedia.org/wiki/Denmark_women's_national_football_team,The Denmark national women's football team.,12,women,0,0,TBD,TBD,Neighboring Countries,"{""World Cup"": 0, ""European Championship"": 0}",2026-05-11T06:18:35.231615+00:00
33,Norway,Norway,UEFA,1900,National Stadium of Norway,The Norway Team,https://upload.wikimedia.org/wikipedia/commons/thumb/d/d9/Flag_of_Norway.svg/330px-Flag_of_Norway.svg.png,https://en.wikipedia.org/wiki/Norway_women's_national_football_team,The Norway national women's football team.,13,women,3,1,TBD,TBD,Neighboring Countries,"{""World Cup"": 1, ""European Championship"": 2}",2026-05-11T06:18:41.559810+00:00
34,Italy,Italy,UEFA,1900,National Stadium of Italy,The Italy Team,https://upload.wikimedia.org/wikipedia/commons/thumb/1/1e/Logo_Italy_National_Womens_Football_Team_2023_%28no_stars%29.svg/330px-Logo_Italy_National_Womens_Football_Team_2023_%28no_stars%29.svg.png,https://en.wikipedia.org/wiki/Italy_women's_national_football_team,The Italy national women's football team.,14,women,0,0,TBD,TBD,Neighboring Countries,"{""World Cup"": 0, ""European Championship"": 0}",2026-05-11T06:18:46.491972+00:00
35,Australia,Australia,AFC,1900,National Stadium of Australia,The Australia Team,https://upload.wikimedia.org/wikipedia/commons/thumb/c/cf/Australia_national_football_team_badge.svg/330px-Australia_national_football_team_badge.svg.png,https://en.wikipedia.org/wiki/Australia_women's_national_football_team,The Australia national women's football team.,15,women,1,0,TBD,TBD,Neighboring Countries,"{""World Cup"": 0, ""AFC Asian Cup"": 1}",2026-05-11T06:18:50.349635+00:00
37,Iceland,Iceland,UEFA,1900,National Stadium of Iceland,The Iceland Team,https://upload.wikimedia.org/wikipedia/en/thumb/6/6d/Iceland_national_football_team_logo.svg/330px-Iceland_national_football_team_logo.svg.png,https://en.wikipedia.org/wiki/Iceland_women's_national_football_team,The Iceland national women's football team.,17,women,0,0,TBD,TBD,Neighboring Countries,"{""World Cup"": 0, ""European Championship"": 0}",2026-05-11T06:18:58.676889+00:00
1,France,France,UEFA,1900,National Stadium of France,The France Team,https://upload.wikimedia.org/wikipedia/en/thumb/1/12/France_national_football_team_seal.svg/330px-France_national_football_team_seal.svg.png,https://en.wikipedia.org/wiki/France_national_football_team,The France national men's football team.,1,men,4,2,TBD,TBD,Neighboring Countries,"{""World Cup"": 2, ""European Championship"": 2}",2026-05-11T05:55:31.736964+00:00
41,USA,USA,CONCACAF,1900,National Stadium of USA,The USA Team,,https://en.wikipedia.org/wiki/USA_national_football_team,The USA national men's football team.,16,men,0,0,TBD,TBD,Neighboring Countries,"{""World Cup"": 0, ""CONCACAF Gold Cup"": 0}",2026-05-11T05:56:42.927176+00:00
19,Switzerland,Switzerland,UEFA,1900,National Stadium of Switzerland,The Switzerland Team,https://upload.wikimedia.org/wikipedia/commons/thumb/9/92/Civil_Ensign_of_Switzerland_%28Pantone%29.svg/330px-Civil_Ensign_of_Switzerland_%28Pantone%29.svg.png,https://en.wikipedia.org/wiki/Switzerland_national_football_team,The Switzerland national men's football team.,19,men,0,0,TBD,TBD,Neighboring Countries,"{""World Cup"": 0, ""European Championship"": 0}",2026-05-11T05:56:55.814357+00:00
54,Panama,Panama,CONCACAF,1900,National Stadium of Panama,The Panama Team,,https://en.wikipedia.org/wiki/Panama_national_football_team,The Panama national men's football team.,33,men,0,0,TBD,TBD,Neighboring Countries,"{""World Cup"": 0, ""CONCACAF Gold Cup"": 0}",2026-05-11T06:03:54.437955+00:00
43,Türkiye,Türkiye,UEFA,1900,National Stadium of Türkiye,The Türkiye Team,,https://en.wikipedia.org/wiki/Türkiye_national_football_team,The Türkiye national men's football team.,22,men,0,0,TBD,TBD,Neighboring Countries,"{""World Cup"": 0, ""European Championship"": 0}",2026-05-11T05:57:11.715639+00:00
44,Ecuador,Ecuador,CONMEBOL,1900,National Stadium of Ecuador,The Ecuador Team,,https://en.wikipedia.org/wiki/Ecuador_national_football_team,The Ecuador national men's football team.,23,men,0,0,TBD,TBD,Neighboring Countries,"{""World Cup"": 0, ""Copa América"": 0}",2026-05-11T05:57:15.297846+00:00
45,Austria,Austria,UEFA,1900,National Stadium of Austria,The Austria Team,,https://en.wikipedia.org/wiki/Austria_national_football_team,The Austria national men's football team.,24,men,0,0,TBD,TBD,Neighboring Countries,"{""World Cup"": 0, ""European Championship"": 0}",2026-05-11T05:57:18.854725+00:00
47,Nigeria,Nigeria,CAF,1900,National Stadium of Nigeria,The Nigeria Team,,https://en.wikipedia.org/wiki/Nigeria_national_football_team,The Nigeria national men's football team.,26,men,3,0,TBD,TBD,Neighboring Countries,"{""World Cup"": 0, ""Africa Cup of Nations"": 3}",2026-05-11T06:01:17.587816+00:00
42,IR Iran,IR Iran,AFC,1900,National Stadium of IR Iran,The IR Iran Team,,https://en.wikipedia.org/wiki/IR_Iran_national_football_team,The IR Iran national men's football team.,21,men,3,0,TBD,TBD,Neighboring Countries,"{""World Cup"": 0, ""AFC Asian Cup"": 3}",2026-05-11T06:03:04.847688+00:00
48,Australia,Australia,AFC,1900,National Stadium of Australia,The Australia Team,,https://en.wikipedia.org/wiki/Australia_national_football_team,The Australia national men's football team.,27,men,0,0,TBD,TBD,Neighboring Countries,"{""World Cup"": 0, ""AFC Asian Cup"": 0}",2026-05-11T05:57:35.041924+00:00
49,Algeria,Algeria,CAF,1900,National Stadium of Algeria,The Algeria Team,,https://en.wikipedia.org/wiki/Algeria_national_football_team,The Algeria national men's football team.,28,men,2,0,TBD,TBD,Neighboring Countries,"{""World Cup"": 0, ""Africa Cup of Nations"": 2}",2026-05-11T05:57:38.900795+00:00
50,Egypt,Egypt,CAF,1900,National Stadium of Egypt,The Egypt Team,,https://en.wikipedia.org/wiki/Egypt_national_football_team,The Egypt national men's football team.,29,men,7,0,TBD,TBD,Neighboring Countries,"{""World Cup"": 0, ""Africa Cup of Nations"": 7}",2026-05-11T05:57:43.220419+00:00
51,Canada,Canada,CONCACAF,1900,National Stadium of Canada,The Canada Team,,https://en.wikipedia.org/wiki/Canada_national_football_team,The Canada national men's football team.,30,men,0,0,TBD,TBD,Neighboring Countries,"{""World Cup"": 0, ""CONCACAF Gold Cup"": 0}",2026-05-11T05:57:50.219775+00:00
52,Norway,Norway,UEFA,1900,National Stadium of Norway,The Norway Team,,https://en.wikipedia.org/wiki/Norway_national_football_team,The Norway national men's football team.,31,men,0,0,TBD,TBD,Neighboring Countries,"{""World Cup"": 0, ""European Championship"": 0}",2026-05-11T05:57:55.197376+00:00
53,Ukraine,Ukraine,UEFA,1900,National Stadium of Ukraine,The Ukraine Team,,https://en.wikipedia.org/wiki/Ukraine_national_football_team,The Ukraine national men's football team.,32,men,0,0,TBD,TBD,Neighboring Countries,"{""World Cup"": 0, ""European Championship"": 0}",2026-05-11T05:57:58.763119+00:00
55,Côte d'Ivoire,Côte d'Ivoire,CAF,1900,National Stadium of Côte d'Ivoire,The Côte d'Ivoire Team,,https://en.wikipedia.org/wiki/Côte_d'Ivoire_national_football_team,The Côte d'Ivoire national men's football team.,34,men,3,0,TBD,TBD,Neighboring Countries,"{""World Cup"": 0, ""Africa Cup of Nations"": 3}",2026-05-11T05:58:09.129365+00:00
56,Poland,Poland,UEFA,1900,National Stadium of Poland,The Poland Team,,https://en.wikipedia.org/wiki/Poland_national_football_team,The Poland national men's football team.,35,men,0,0,TBD,TBD,Neighboring Countries,"{""World Cup"": 0, ""European Championship"": 0}",2026-05-11T05:58:14.576640+00:00
57,Russia,Russia,UEFA,1900,National Stadium of Russia,The Russia Team,,https://en.wikipedia.org/wiki/Russia_national_football_team,The Russia national men's football team.,36,men,3,0,TBD,TBD,Neighboring Countries,"{""World Cup"": 0, ""European Championship"": 3}",2026-05-11T05:58:20.423328+00:00
58,Wales,Wales,UEFA,1900,National Stadium of Wales,The Wales Team,,https://en.wikipedia.org/wiki/Wales_national_football_team,The Wales national men's football team.,37,men,0,0,TBD,TBD,Neighboring Countries,"{""World Cup"": 0, ""European Championship"": 0}",2026-05-11T05:58:24.403380+00:00
59,Sweden,Sweden,UEFA,1900,National Stadium of Sweden,The Sweden Team,,https://en.wikipedia.org/wiki/Sweden_national_football_team,The Sweden national men's football team.,38,men,0,0,TBD,TBD,Neighboring Countries,"{""World Cup"": 0, ""European Championship"": 0}",2026-05-11T05:58:29.998596+00:00
60,Serbia,Serbia,UEFA,1900,National Stadium of Serbia,The Serbia Team,,https://en.wikipedia.org/wiki/Serbia_national_football_team,The Serbia national men's football team.,39,men,0,0,TBD,TBD,Neighboring Countries,"{""World Cup"": 0, ""European Championship"": 0}",2026-05-11T05:58:35.551978+00:00
46,Korea Republic,Korea Republic,AFC,1900,National Stadium of Korea Republic,The Korea Republic Team,,https://en.wikipedia.org/wiki/Korea_Republic_national_football_team,The Korea Republic national men's football team.,25,men,2,0,TBD,TBD,Neighboring Countries,"{""World Cup"": 0, ""AFC Asian Cup"": 2}",2026-05-11T06:03:19.770823+00:00
77,Romania,Romania,UEFA,1900,National Stadium of Romania,The Romania Team,,https://en.wikipedia.org/wiki/Romania_national_football_team,The Romania national men's football team.,56,men,0,0,TBD,TBD,Neighboring Countries,"{""World Cup"": 0, ""European Championship"": 0}",2026-05-11T06:05:36.203138+00:00
78,Iraq,Iraq,AFC,1900,National Stadium of Iraq,The Iraq Team,,https://en.wikipedia.org/wiki/Iraq_national_football_team,The Iraq national men's football team.,57,men,1,0,TBD,TBD,Neighboring Countries,"{""World Cup"": 0, ""AFC Asian Cup"": 1}",2026-05-11T06:05:42.268066+00:00
79,Slovenia,Slovenia,UEFA,1900,National Stadium of Slovenia,The Slovenia Team,,https://en.wikipedia.org/wiki/Slovenia_national_football_team,The Slovenia national men's football team.,58,men,0,0,TBD,TBD,Neighboring Countries,"{""World Cup"": 0, ""European Championship"": 0}",2026-05-11T06:05:47.184395+00:00
80,Republic of Ireland,Republic of Ireland,UEFA,1900,National Stadium of Republic of Ireland,The Republic of Ireland Team,,https://en.wikipedia.org/wiki/Republic_of_Ireland_national_football_team,The Republic of Ireland national men's football team.,59,men,0,0,TBD,TBD,Neighboring Countries,"{""World Cup"": 0, ""European Championship"": 0}",2026-05-11T06:05:50.973581+00:00
81,South Africa,South Africa,CAF,1900,National Stadium of South Africa,The South Africa Team,,https://en.wikipedia.org/wiki/South_Africa_national_football_team,The South Africa national men's football team.,60,men,1,0,TBD,TBD,Neighboring Countries,"{""World Cup"": 0, ""Africa Cup of Nations"": 1}",2026-05-11T06:05:55.348145+00:00
82,Saudi Arabia,Saudi Arabia,AFC,1900,National Stadium of Saudi Arabia,The Saudi Arabia Team,,https://en.wikipedia.org/wiki/Saudi_Arabia_national_football_team,The Saudi Arabia national men's football team.,61,men,3,0,TBD,TBD,Neighboring Countries,"{""World Cup"": 0, ""AFC Asian Cup"": 3}",2026-05-11T06:06:01.092197+00:00
83,Burkina Faso,Burkina Faso,CAF,1900,National Stadium of Burkina Faso,The Burkina Faso Team,,https://en.wikipedia.org/wiki/Burkina_Faso_national_football_team,The Burkina Faso national men's football team.,62,men,0,0,TBD,TBD,Neighboring Countries,"{""World Cup"": 0, ""Africa Cup of Nations"": 0}",2026-05-11T06:06:05.992747+00:00
84,Jordan,Jordan,AFC,1900,National Stadium of Jordan,The Jordan Team,,https://en.wikipedia.org/wiki/Jordan_national_football_team,The Jordan national men's football team.,63,men,0,0,TBD,TBD,Neighboring Countries,"{""World Cup"": 0, ""AFC Asian Cup"": 0}",2026-05-11T06:06:10.231262+00:00
85,Albania,Albania,UEFA,1900,National Stadium of Albania,The Albania Team,,https://en.wikipedia.org/wiki/Albania_national_football_team,The Albania national men's football team.,64,men,0,0,TBD,TBD,Neighboring Countries,"{""World Cup"": 0, ""European Championship"": 0}",2026-05-11T06:06:14.211304+00:00
86,Bosnia and Herzegovina,Bosnia and Herzegovina,UEFA,1900,National Stadium of Bosnia and Herzegovina,The Bosnia and Herzegovina Team,,https://en.wikipedia.org/wiki/Bosnia_and_Herzegovina_national_football_team,The Bosnia and Herzegovina national men's football team.,65,men,0,0,TBD,TBD,Neighboring Countries,"{""World Cup"": 0, ""European Championship"": 0}",2026-05-11T06:06:18.919085+00:00
87,Honduras,Honduras,CONCACAF,1900,National Stadium of Honduras,The Honduras Team,,https://en.wikipedia.org/wiki/Honduras_national_football_team,The Honduras national men's football team.,66,men,1,0,TBD,TBD,Neighboring Countries,"{""World Cup"": 0, ""CONCACAF Gold Cup"": 1}",2026-05-11T06:06:23.320286+00:00
88,North Macedonia,North Macedonia,UEFA,1900,National Stadium of North Macedonia,The North Macedonia Team,,https://en.wikipedia.org/wiki/North_Macedonia_national_football_team,The North Macedonia national men's football team.,67,men,0,0,TBD,TBD,Neighboring Countries,"{""World Cup"": 0, ""European Championship"": 0}",2026-05-11T06:06:28.861312+00:00
89,United Arab Emirates,United Arab Emirates,AFC,1900,National Stadium of United Arab Emirates,The United Arab Emirates Team,,https://en.wikipedia.org/wiki/United_Arab_Emirates_national_football_team,The United Arab Emirates national men's football team.,68,men,0,0,TBD,TBD,Neighboring Countries,"{""World Cup"": 0, ""AFC Asian Cup"": 0}",2026-05-11T06:06:33.079732+00:00
90,Cabo Verde,Cabo Verde,CAF,1900,National Stadium of Cabo Verde,The Cabo Verde Team,,https://en.wikipedia.org/wiki/Cabo_Verde_national_football_team,The Cabo Verde national men's football team.,69,men,0,0,TBD,TBD,Neighboring Countries,"{""World Cup"": 0, ""Africa Cup of Nations"": 0}",2026-05-11T06:06:37.713410+00:00
91,Northern Ireland,Northern Ireland,UEFA,1900,National Stadium of Northern Ireland,The Northern Ireland Team,,https://en.wikipedia.org/wiki/Northern_Ireland_national_football_team,The Northern Ireland national men's football team.,70,men,0,0,TBD,TBD,Neighboring Countries,"{""World Cup"": 0, ""European Championship"": 0}",2026-05-11T06:06:41.478912+00:00
92,Jamaica,Jamaica,CONCACAF,1900,National Stadium of Jamaica,The Jamaica Team,,https://en.wikipedia.org/wiki/Jamaica_national_football_team,The Jamaica national men's football team.,71,men,0,0,TBD,TBD,Neighboring Countries,"{""World Cup"": 0, ""CONCACAF Gold Cup"": 0}",2026-05-11T06:06:48.294608+00:00
93,Georgia,Georgia,UEFA,1900,National Stadium of Georgia,The Georgia Team,,https://en.wikipedia.org/wiki/Georgia_national_football_team,The Georgia national men's football team.,72,men,0,0,TBD,TBD,Neighboring Countries,"{""World Cup"": 0, ""European Championship"": 0}",2026-05-11T06:06:51.951569+00:00
94,Finland,Finland,UEFA,1900,National Stadium of Finland,The Finland Team,,https://en.wikipedia.org/wiki/Finland_national_football_team,The Finland national men's football team.,73,men,0,0,TBD,TBD,Neighboring Countries,"{""World Cup"": 0, ""European Championship"": 0}",2026-05-11T06:06:57.071552+00:00
95,Ghana,Ghana,CAF,1900,National Stadium of Ghana,The Ghana Team,,https://en.wikipedia.org/wiki/Ghana_national_football_team,The Ghana national men's football team.,74,men,4,0,TBD,TBD,Neighboring Countries,"{""World Cup"": 0, ""Africa Cup of Nations"": 4}",2026-05-11T06:07:00.926533+00:00
96,Iceland,Iceland,UEFA,1900,National Stadium of Iceland,The Iceland Team,,https://en.wikipedia.org/wiki/Iceland_national_football_team,The Iceland national men's football team.,75,men,0,0,TBD,TBD,Neighboring Countries,"{""World Cup"": 0, ""European Championship"": 0}",2026-05-11T06:07:04.339677+00:00
97,Bolivia,Bolivia,CONMEBOL,1900,National Stadium of Bolivia,The Bolivia Team,,https://en.wikipedia.org/wiki/Bolivia_national_football_team,The Bolivia national men's football team.,76,men,1,0,TBD,TBD,Neighboring Countries,"{""World Cup"": 0, ""Copa América"": 1}",2026-05-11T06:07:08.393176+00:00
98,Israel,Israel,UEFA,1900,National Stadium of Israel,The Israel Team,,https://en.wikipedia.org/wiki/Israel_national_football_team,The Israel national men's football team.,77,men,0,0,TBD,TBD,Neighboring Countries,"{""World Cup"": 0, ""European Championship"": 0}",2026-05-11T06:07:12.913511+00:00
99,Kosovo,Kosovo,UEFA,1900,National Stadium of Kosovo,The Kosovo Team,,https://en.wikipedia.org/wiki/Kosovo_national_football_team,The Kosovo national men's football team.,78,men,0,0,TBD,TBD,Neighboring Countries,"{""World Cup"": 0, ""European Championship"": 0}",2026-05-11T06:07:17.157133+00:00
101,Guinea,Guinea,CAF,1900,National Stadium of Guinea,The Guinea Team,,https://en.wikipedia.org/wiki/Guinea_national_football_team,The Guinea national men's football team.,80,men,0,0,TBD,TBD,Neighboring Countries,"{""World Cup"": 0, ""Africa Cup of Nations"": 0}",2026-05-11T06:07:24.648173+00:00
102,Montenegro,Montenegro,UEFA,1900,National Stadium of Montenegro,The Montenegro Team,,https://en.wikipedia.org/wiki/Montenegro_national_football_team,The Montenegro national men's football team.,81,men,0,0,TBD,TBD,Neighboring Countries,"{""World Cup"": 0, ""European Championship"": 0}",2026-05-11T06:07:28.933665+00:00
103,Curaçao,Curaçao,CONCACAF,1900,National Stadium of Curaçao,The Curaçao Team,,https://en.wikipedia.org/wiki/Curaçao_national_football_team,The Curaçao national men's football team.,82,men,0,0,TBD,TBD,Neighboring Countries,"{""World Cup"": 0, ""CONCACAF Gold Cup"": 0}",2026-05-11T06:07:33.534026+00:00
104,Haiti,Haiti,CONCACAF,1900,National Stadium of Haiti,The Haiti Team,,https://en.wikipedia.org/wiki/Haiti_national_football_team,The Haiti national men's football team.,83,men,1,0,TBD,TBD,Neighboring Countries,"{""World Cup"": 0, ""CONCACAF Gold Cup"": 1}",2026-05-11T06:07:37.582837+00:00
105,Syria,Syria,AFC,1900,National Stadium of Syria,The Syria Team,,https://en.wikipedia.org/wiki/Syria_national_football_team,The Syria national men's football team.,84,men,0,0,TBD,TBD,Neighboring Countries,"{""World Cup"": 0, ""AFC Asian Cup"": 0}",2026-05-11T06:07:41.879079+00:00
106,New Zealand,New Zealand,OFC,1900,National Stadium of New Zealand,The New Zealand Team,,https://en.wikipedia.org/wiki/New_Zealand_national_football_team,The New Zealand national men's football team.,85,men,6,0,TBD,TBD,Neighboring Countries,"{""World Cup"": 0, ""OFC Nations Cup"": 6}",2026-05-11T06:07:49.982648+00:00
107,Bulgaria,Bulgaria,UEFA,1900,National Stadium of Bulgaria,The Bulgaria Team,,https://en.wikipedia.org/wiki/Bulgaria_national_football_team,The Bulgaria national men's football team.,86,men,0,0,TBD,TBD,Neighboring Countries,"{""World Cup"": 0, ""European Championship"": 0}",2026-05-11T06:07:53.783007+00:00
108,Gabon,Gabon,CAF,1900,National Stadium of Gabon,The Gabon Team,,https://en.wikipedia.org/wiki/Gabon_national_football_team,The Gabon national men's football team.,87,men,0,0,TBD,TBD,Neighboring Countries,"{""World Cup"": 0, ""Africa Cup of Nations"": 0}",2026-05-11T06:07:57.115948+00:00
109,Uganda,Uganda,CAF,1900,National Stadium of Uganda,The Uganda Team,,https://en.wikipedia.org/wiki/Uganda_national_football_team,The Uganda national men's football team.,88,men,0,0,TBD,TBD,Neighboring Countries,"{""World Cup"": 0, ""Africa Cup of Nations"": 0}",2026-05-11T06:08:01.103935+00:00
110,Angola,Angola,CAF,1900,National Stadium of Angola,The Angola Team,,https://en.wikipedia.org/wiki/Angola_national_football_team,The Angola national men's football team.,89,men,0,0,TBD,TBD,Neighboring Countries,"{""World Cup"": 0, ""Africa Cup of Nations"": 0}",2026-05-11T06:08:06.470192+00:00
111,Benin,Benin,CAF,1900,National Stadium of Benin,The Benin Team,,https://en.wikipedia.org/wiki/Benin_national_football_team,The Benin national men's football team.,90,men,0,0,TBD,TBD,Neighboring Countries,"{""World Cup"": 0, ""Africa Cup of Nations"": 0}",2026-05-11T06:08:11.445718+00:00
112,Bahrain,Bahrain,AFC,1900,National Stadium of Bahrain,The Bahrain Team,,https://en.wikipedia.org/wiki/Bahrain_national_football_team,The Bahrain national men's football team.,91,men,0,0,TBD,TBD,Neighboring Countries,"{""World Cup"": 0, ""AFC Asian Cup"": 0}",2026-05-11T06:08:16.519570+00:00
113,Zambia,Zambia,CAF,1900,National Stadium of Zambia,The Zambia Team,,https://en.wikipedia.org/wiki/Zambia_national_football_team,The Zambia national men's football team.,92,men,1,0,TBD,TBD,Neighboring Countries,"{""World Cup"": 0, ""Africa Cup of Nations"": 1}",2026-05-11T06:08:21.282561+00:00
114,Thailand,Thailand,AFC,1900,National Stadium of Thailand,The Thailand Team,,https://en.wikipedia.org/wiki/Thailand_national_football_team,The Thailand national men's football team.,93,men,0,0,TBD,TBD,Neighboring Countries,"{""World Cup"": 0, ""AFC Asian Cup"": 0}",2026-05-11T06:08:25.270138+00:00
115,China PR,China PR,AFC,1900,National Stadium of China PR,The China PR Team,,https://en.wikipedia.org/wiki/China_PR_national_football_team,The China PR national men's football team.,94,men,0,0,TBD,TBD,Neighboring Countries,"{""World Cup"": 0, ""AFC Asian Cup"": 0}",2026-05-11T06:08:30.255873+00:00
116,Palestine,Palestine,AFC,1900,National Stadium of Palestine,The Palestine Team,,https://en.wikipedia.org/wiki/Palestine_national_football_team,The Palestine national men's football team.,95,men,0,0,TBD,TBD,Neighboring Countries,"{""World Cup"": 0, ""AFC Asian Cup"": 0}",2026-05-11T06:08:34.863785+00:00
117,Guatemala,Guatemala,CONCACAF,1900,National Stadium of Guatemala,The Guatemala Team,,https://en.wikipedia.org/wiki/Guatemala_national_football_team,The Guatemala national men's football team.,96,men,1,0,TBD,TBD,Neighboring Countries,"{""World Cup"": 0, ""CONCACAF Gold Cup"": 1}",2026-05-11T06:08:39.286562+00:00
118,Belarus,Belarus,UEFA,1900,National Stadium of Belarus,The Belarus Team,,https://en.wikipedia.org/wiki/Belarus_national_football_team,The Belarus national men's football team.,97,men,0,0,TBD,TBD,Neighboring Countries,"{""World Cup"": 0, ""European Championship"": 0}",2026-05-11T06:08:42.425543+00:00
119,Luxembourg,Luxembourg,UEFA,1900,National Stadium of Luxembourg,The Luxembourg Team,,https://en.wikipedia.org/wiki/Luxembourg_national_football_team,The Luxembourg national men's football team.,98,men,0,0,TBD,TBD,Neighboring Countries,"{""World Cup"": 0, ""European Championship"": 0}",2026-05-11T06:08:47.014208+00:00
120,Vietnam,Vietnam,AFC,1900,National Stadium of Vietnam,The Vietnam Team,,https://en.wikipedia.org/wiki/Vietnam_national_football_team,The Vietnam national men's football team.,99,men,0,0,TBD,TBD,Neighboring Countries,"{""World Cup"": 0, ""AFC Asian Cup"": 0}",2026-05-11T06:08:51.835504+00:00
121,El Salvador,El Salvador,CONCACAF,1900,National Stadium of El Salvador,The El Salvador Team,,https://en.wikipedia.org/wiki/El_Salvador_national_football_team,The El Salvador national men's football team.,100,men,0,0,TBD,TBD,Neighboring Countries,"{""World Cup"": 0, ""CONCACAF Gold Cup"": 0}",2026-05-11T06:08:57.683056+00:00
122,Mozambique,Mozambique,CAF,1900,National Stadium of Mozambique,The Mozambique Team,,https://en.wikipedia.org/wiki/Mozambique_national_football_team,The Mozambique national men's football team.,101,men,0,0,TBD,TBD,Neighboring Countries,"{""World Cup"": 0, ""Africa Cup of Nations"": 0}",2026-05-11T06:09:01.444266+00:00
123,Trinidad and Tobago,Trinidad and Tobago,CONCACAF,1900,National Stadium of Trinidad and Tobago,The Trinidad and Tobago Team,,https://en.wikipedia.org/wiki/Trinidad_and_Tobago_national_football_team,The Trinidad and Tobago national men's football team.,102,men,0,0,TBD,TBD,Neighboring Countries,"{""World Cup"": 0, ""CONCACAF Gold Cup"": 0}",2026-05-11T06:09:05.489120+00:00
124,Tajikistan,Tajikistan,AFC,1900,National Stadium of Tajikistan,The Tajikistan Team,,https://en.wikipedia.org/wiki/Tajikistan_national_football_team,The Tajikistan national men's football team.,103,men,0,0,TBD,TBD,Neighboring Countries,"{""World Cup"": 0, ""AFC Asian Cup"": 0}",2026-05-11T06:09:08.914810+00:00
126,Equatorial Guinea,Equatorial Guinea,CAF,1900,National Stadium of Equatorial Guinea,The Equatorial Guinea Team,,https://en.wikipedia.org/wiki/Equatorial_Guinea_national_football_team,The Equatorial Guinea national men's football team.,105,men,0,0,TBD,TBD,Neighboring Countries,"{""World Cup"": 0, ""Africa Cup of Nations"": 0}",2026-05-11T06:09:17.018288+00:00
127,Armenia,Armenia,UEFA,1900,National Stadium of Armenia,The Armenia Team,,https://en.wikipedia.org/wiki/Armenia_national_football_team,The Armenia national men's football team.,106,men,0,0,TBD,TBD,Neighboring Countries,"{""World Cup"": 0, ""European Championship"": 0}",2026-05-11T06:09:22.119342+00:00
128,Kyrgyz Republic,Kyrgyz Republic,AFC,1900,National Stadium of Kyrgyz Republic,The Kyrgyz Republic Team,,https://en.wikipedia.org/wiki/Kyrgyz_Republic_national_football_team,The Kyrgyz Republic national men's football team.,107,men,0,0,TBD,TBD,Neighboring Countries,"{""World Cup"": 0, ""AFC Asian Cup"": 0}",2026-05-11T06:09:26.511269+00:00
129,Lebanon,Lebanon,AFC,1900,National Stadium of Lebanon,The Lebanon Team,,https://en.wikipedia.org/wiki/Lebanon_national_football_team,The Lebanon national men's football team.,108,men,0,0,TBD,TBD,Neighboring Countries,"{""World Cup"": 0, ""AFC Asian Cup"": 0}",2026-05-11T06:09:31.924924+00:00
130,Comoros,Comoros,CAF,1900,National Stadium of Comoros,The Comoros Team,,https://en.wikipedia.org/wiki/Comoros_national_football_team,The Comoros national men's football team.,109,men,0,0,TBD,TBD,Neighboring Countries,"{""World Cup"": 0, ""Africa Cup of Nations"": 0}",2026-05-11T06:09:35.670976+00:00
131,Kazakhstan,Kazakhstan,UEFA,1900,National Stadium of Kazakhstan,The Kazakhstan Team,,https://en.wikipedia.org/wiki/Kazakhstan_national_football_team,The Kazakhstan national men's football team.,110,men,0,0,TBD,TBD,Neighboring Countries,"{""World Cup"": 0, ""European Championship"": 0}",2026-05-11T06:09:40.440448+00:00
132,Kenya,Kenya,CAF,1900,National Stadium of Kenya,The Kenya Team,,https://en.wikipedia.org/wiki/Kenya_national_football_team,The Kenya national men's football team.,111,men,0,0,TBD,TBD,Neighboring Countries,"{""World Cup"": 0, ""Africa Cup of Nations"": 0}",2026-05-11T06:09:46.106944+00:00
133,Libya,Libya,CAF,1900,National Stadium of Libya,The Libya Team,,https://en.wikipedia.org/wiki/Libya_national_football_team,The Libya national men's football team.,112,men,0,0,TBD,TBD,Neighboring Countries,"{""World Cup"": 0, ""Africa Cup of Nations"": 0}",2026-05-11T06:09:51.132773+00:00
134,Tanzania,Tanzania,CAF,1900,National Stadium of Tanzania,The Tanzania Team,,https://en.wikipedia.org/wiki/Tanzania_national_football_team,The Tanzania national men's football team.,113,men,0,0,TBD,TBD,Neighboring Countries,"{""World Cup"": 0, ""Africa Cup of Nations"": 0}",2026-05-11T06:09:54.671291+00:00
135,Niger,Niger,CAF,1900,National Stadium of Niger,The Niger Team,,https://en.wikipedia.org/wiki/Niger_national_football_team,The Niger national men's football team.,114,men,0,0,TBD,TBD,Neighboring Countries,"{""World Cup"": 0, ""Africa Cup of Nations"": 0}",2026-05-11T06:09:58.073802+00:00
136,Mauritania,Mauritania,CAF,1900,National Stadium of Mauritania,The Mauritania Team,,https://en.wikipedia.org/wiki/Mauritania_national_football_team,The Mauritania national men's football team.,115,men,0,0,TBD,TBD,Neighboring Countries,"{""World Cup"": 0, ""Africa Cup of Nations"": 0}",2026-05-11T06:10:02.217633+00:00
137,The Gambia,The Gambia,CAF,1900,National Stadium of The Gambia,The The Gambia Team,,https://en.wikipedia.org/wiki/The_Gambia_national_football_team,The The Gambia national men's football team.,116,men,0,0,TBD,TBD,Neighboring Countries,"{""World Cup"": 0, ""Africa Cup of Nations"": 0}",2026-05-11T06:10:07.210049+00:00
138,Sudan,Sudan,CAF,1900,National Stadium of Sudan,The Sudan Team,,https://en.wikipedia.org/wiki/Sudan_national_football_team,The Sudan national men's football team.,117,men,1,0,TBD,TBD,Neighboring Countries,"{""World Cup"": 0, ""Africa Cup of Nations"": 1}",2026-05-11T06:10:11.846398+00:00
139,Korea DPR,Korea DPR,AFC,1900,National Stadium of Korea DPR,The Korea DPR Team,,https://en.wikipedia.org/wiki/Korea_DPR_national_football_team,The Korea DPR national men's football team.,118,men,0,0,TBD,TBD,Neighboring Countries,"{""World Cup"": 0, ""AFC Asian Cup"": 0}",2026-05-11T06:10:16.182384+00:00
140,Sierra Leone,Sierra Leone,CAF,1900,National Stadium of Sierra Leone,The Sierra Leone Team,,https://en.wikipedia.org/wiki/Sierra_Leone_national_football_team,The Sierra Leone national men's football team.,119,men,0,0,TBD,TBD,Neighboring Countries,"{""World Cup"": 0, ""Africa Cup of Nations"": 0}",2026-05-11T06:10:20.231478+00:00
141,Namibia,Namibia,CAF,1900,National Stadium of Namibia,The Namibia Team,,https://en.wikipedia.org/wiki/Namibia_national_football_team,The Namibia national men's football team.,120,men,0,0,TBD,TBD,Neighboring Countries,"{""World Cup"": 0, ""Africa Cup of Nations"": 0}",2026-05-11T06:10:25.703107+00:00
142,Togo,Togo,CAF,1900,National Stadium of Togo,The Togo Team,,https://en.wikipedia.org/wiki/Togo_national_football_team,The Togo national men's football team.,121,men,0,0,TBD,TBD,Neighboring Countries,"{""World Cup"": 0, ""Africa Cup of Nations"": 0}",2026-05-11T06:10:31.176605+00:00
143,Indonesia,Indonesia,AFC,1900,National Stadium of Indonesia,The Indonesia Team,,https://en.wikipedia.org/wiki/Indonesia_national_football_team,The Indonesia national men's football team.,122,men,0,0,TBD,TBD,Neighboring Countries,"{""World Cup"": 0, ""AFC Asian Cup"": 0}",2026-05-11T06:10:36.136567+00:00
144,Faroe Islands,Faroe Islands,UEFA,1900,National Stadium of Faroe Islands,The Faroe Islands Team,,https://en.wikipedia.org/wiki/Faroe_Islands_national_football_team,The Faroe Islands national men's football team.,123,men,0,0,TBD,TBD,Neighboring Countries,"{""World Cup"": 0, ""European Championship"": 0}",2026-05-11T06:10:40.892901+00:00
145,Azerbaijan,Azerbaijan,UEFA,1900,National Stadium of Azerbaijan,The Azerbaijan Team,,https://en.wikipedia.org/wiki/Azerbaijan_national_football_team,The Azerbaijan national men's football team.,124,men,0,0,TBD,TBD,Neighboring Countries,"{""World Cup"": 0, ""European Championship"": 0}",2026-05-11T06:10:45.766053+00:00
146,Suriname,Suriname,CONCACAF,1900,National Stadium of Suriname,The Suriname Team,,https://en.wikipedia.org/wiki/Suriname_national_football_team,The Suriname national men's football team.,125,men,0,0,TBD,TBD,Neighboring Countries,"{""World Cup"": 0, ""CONCACAF Gold Cup"": 0}",2026-05-11T06:10:51.287011+00:00
147,Cyprus,Cyprus,UEFA,1900,National Stadium of Cyprus,The Cyprus Team,,https://en.wikipedia.org/wiki/Cyprus_national_football_team,The Cyprus national men's football team.,126,men,0,0,TBD,TBD,Neighboring Countries,"{""World Cup"": 0, ""European Championship"": 0}",2026-05-11T06:10:55.901587+00:00
148,Malawi,Malawi,CAF,1900,National Stadium of Malawi,The Malawi Team,,https://en.wikipedia.org/wiki/Malawi_national_football_team,The Malawi national men's football team.,127,men,0,0,TBD,TBD,Neighboring Countries,"{""World Cup"": 0, ""Africa Cup of Nations"": 0}",2026-05-11T06:10:59.286198+00:00
149,Rwanda,Rwanda,CAF,1900,National Stadium of Rwanda,The Rwanda Team,,https://en.wikipedia.org/wiki/Rwanda_national_football_team,The Rwanda national men's football team.,128,men,0,0,TBD,TBD,Neighboring Countries,"{""World Cup"": 0, ""Africa Cup of Nations"": 0}",2026-05-11T06:11:03.034582+00:00
150,Estonia,Estonia,UEFA,1900,National Stadium of Estonia,The Estonia Team,,https://en.wikipedia.org/wiki/Estonia_national_football_team,The Estonia national men's football team.,129,men,0,0,TBD,TBD,Neighboring Countries,"{""World Cup"": 0, ""European Championship"": 0}",2026-05-11T06:11:07.120306+00:00
152,Nicaragua,Nicaragua,CONCACAF,1900,National Stadium of Nicaragua,The Nicaragua Team,,https://en.wikipedia.org/wiki/Nicaragua_national_football_team,The Nicaragua national men's football team.,131,men,0,0,TBD,TBD,Neighboring Countries,"{""World Cup"": 0, ""CONCACAF Gold Cup"": 0}",2026-05-11T06:11:15.168271+00:00
153,Guinea-Bissau,Guinea-Bissau,CAF,1900,National Stadium of Guinea-Bissau,The Guinea-Bissau Team,,https://en.wikipedia.org/wiki/Guinea-Bissau_national_football_team,The Guinea-Bissau national men's football team.,132,men,0,0,TBD,TBD,Neighboring Countries,"{""World Cup"": 0, ""Africa Cup of Nations"": 0}",2026-05-11T06:11:19.582191+00:00
154,Congo,Congo,CAF,1900,National Stadium of Congo,The Congo Team,,https://en.wikipedia.org/wiki/Congo_national_football_team,The Congo national men's football team.,133,men,1,0,TBD,TBD,Neighboring Countries,"{""World Cup"": 0, ""Africa Cup of Nations"": 1}",2026-05-11T06:11:22.894516+00:00
155,Kuwait,Kuwait,AFC,1900,National Stadium of Kuwait,The Kuwait Team,,https://en.wikipedia.org/wiki/Kuwait_national_football_team,The Kuwait national men's football team.,134,men,1,0,TBD,TBD,Neighboring Countries,"{""World Cup"": 0, ""AFC Asian Cup"": 1}",2026-05-11T06:11:29.462270+00:00
156,Philippines,Philippines,AFC,1900,National Stadium of Philippines,The Philippines Team,,https://en.wikipedia.org/wiki/Philippines_national_football_team,The Philippines national men's football team.,135,men,0,0,TBD,TBD,Neighboring Countries,"{""World Cup"": 0, ""AFC Asian Cup"": 0}",2026-05-11T06:11:35.395287+00:00
157,India,India,AFC,1900,National Stadium of India,The India Team,,https://en.wikipedia.org/wiki/India_national_football_team,The India national men's football team.,136,men,0,0,TBD,TBD,Neighboring Countries,"{""World Cup"": 0, ""AFC Asian Cup"": 0}",2026-05-11T06:11:39.528429+00:00
158,Latvia,Latvia,UEFA,1900,National Stadium of Latvia,The Latvia Team,,https://en.wikipedia.org/wiki/Latvia_national_football_team,The Latvia national men's football team.,137,men,0,0,TBD,TBD,Neighboring Countries,"{""World Cup"": 0, ""European Championship"": 0}",2026-05-11T06:11:43.018751+00:00
159,Malaysia,Malaysia,AFC,1900,National Stadium of Malaysia,The Malaysia Team,,https://en.wikipedia.org/wiki/Malaysia_national_football_team,The Malaysia national men's football team.,138,men,0,0,TBD,TBD,Neighboring Countries,"{""World Cup"": 0, ""AFC Asian Cup"": 0}",2026-05-11T06:11:47.302750+00:00
160,Central African Republic,Central African Republic,CAF,1900,National Stadium of Central African Republic,The Central African Republic Team,,https://en.wikipedia.org/wiki/Central_African_Republic_national_football_team,The Central African Republic national men's football team.,139,men,0,0,TBD,TBD,Neighboring Countries,"{""World Cup"": 0, ""Africa Cup of Nations"": 0}",2026-05-11T06:11:52.453017+00:00
161,Liberia,Liberia,CAF,1900,National Stadium of Liberia,The Liberia Team,,https://en.wikipedia.org/wiki/Liberia_national_football_team,The Liberia national men's football team.,140,men,0,0,TBD,TBD,Neighboring Countries,"{""World Cup"": 0, ""Africa Cup of Nations"": 0}",2026-05-11T06:11:56.296662+00:00
162,Turkmenistan,Turkmenistan,AFC,1900,National Stadium of Turkmenistan,The Turkmenistan Team,,https://en.wikipedia.org/wiki/Turkmenistan_national_football_team,The Turkmenistan national men's football team.,141,men,0,0,TBD,TBD,Neighboring Countries,"{""World Cup"": 0, ""AFC Asian Cup"": 0}",2026-05-11T06:12:01.169799+00:00
163,Burundi,Burundi,CAF,1900,National Stadium of Burundi,The Burundi Team,,https://en.wikipedia.org/wiki/Burundi_national_football_team,The Burundi national men's football team.,142,men,0,0,TBD,TBD,Neighboring Countries,"{""World Cup"": 0, ""Africa Cup of Nations"": 0}",2026-05-11T06:12:06.203427+00:00
164,Dominican Republic,Dominican Republic,CONCACAF,1900,National Stadium of Dominican Republic,The Dominican Republic Team,,https://en.wikipedia.org/wiki/Dominican_Republic_national_football_team,The Dominican Republic national men's football team.,143,men,0,0,TBD,TBD,Neighboring Countries,"{""World Cup"": 0, ""CONCACAF Gold Cup"": 0}",2026-05-11T06:12:11.268488+00:00
165,Ethiopia,Ethiopia,CAF,1900,National Stadium of Ethiopia,The Ethiopia Team,,https://en.wikipedia.org/wiki/Ethiopia_national_football_team,The Ethiopia national men's football team.,144,men,1,0,TBD,TBD,Neighboring Countries,"{""World Cup"": 0, ""Africa Cup of Nations"": 1}",2026-05-11T06:12:16.441939+00:00
166,Lesotho,Lesotho,CAF,1900,National Stadium of Lesotho,The Lesotho Team,,https://en.wikipedia.org/wiki/Lesotho_national_football_team,The Lesotho national men's football team.,145,men,0,0,TBD,TBD,Neighboring Countries,"{""World Cup"": 0, ""Africa Cup of Nations"": 0}",2026-05-11T06:12:21.736932+00:00
167,Botswana,Botswana,CAF,1900,National Stadium of Botswana,The Botswana Team,,https://en.wikipedia.org/wiki/Botswana_national_football_team,The Botswana national men's football team.,146,men,0,0,TBD,TBD,Neighboring Countries,"{""World Cup"": 0, ""Africa Cup of Nations"": 0}",2026-05-11T06:12:25.487452+00:00
168,Singapore,Singapore,AFC,1900,National Stadium of Singapore,The Singapore Team,,https://en.wikipedia.org/wiki/Singapore_national_football_team,The Singapore national men's football team.,147,men,0,0,TBD,TBD,Neighboring Countries,"{""World Cup"": 0, ""AFC Asian Cup"": 0}",2026-05-11T06:12:29.538276+00:00
169,Lithuania,Lithuania,UEFA,1900,National Stadium of Lithuania,The Lithuania Team,,https://en.wikipedia.org/wiki/Lithuania_national_football_team,The Lithuania national men's football team.,148,men,0,0,TBD,TBD,Neighboring Countries,"{""World Cup"": 0, ""European Championship"": 0}",2026-05-11T06:12:33.528216+00:00
170,Yemen,Yemen,AFC,1900,National Stadium of Yemen,The Yemen Team,,https://en.wikipedia.org/wiki/Yemen_national_football_team,The Yemen national men's football team.,149,men,0,0,TBD,TBD,Neighboring Countries,"{""World Cup"": 0, ""AFC Asian Cup"": 0}",2026-05-11T06:12:37.329036+00:00
171,Guyana,Guyana,CONCACAF,1900,National Stadium of Guyana,The Guyana Team,,https://en.wikipedia.org/wiki/Guyana_national_football_team,The Guyana national men's football team.,150,men,0,0,TBD,TBD,Neighboring Countries,"{""World Cup"": 0, ""CONCACAF Gold Cup"": 0}",2026-05-11T06:12:42.337754+00:00
172,New Caledonia,New Caledonia,OFC,1900,National Stadium of New Caledonia,The New Caledonia Team,,https://en.wikipedia.org/wiki/New_Caledonia_national_football_team,The New Caledonia national men's football team.,151,men,0,0,TBD,TBD,Neighboring Countries,"{""World Cup"": 0, ""OFC Nations Cup"": 0}",2026-05-11T06:12:47.595193+00:00
173,St Kitts and Nevis,St Kitts and Nevis,CONCACAF,1900,National Stadium of St Kitts and Nevis,The St Kitts and Nevis Team,,https://en.wikipedia.org/wiki/St_Kitts_and_Nevis_national_football_team,The St Kitts and Nevis national men's football team.,152,men,0,0,TBD,TBD,Neighboring Countries,"{""World Cup"": 0, ""CONCACAF Gold Cup"": 0}",2026-05-11T06:12:51.745925+00:00
175,Fiji,Fiji,OFC,1900,National Stadium of Fiji,The Fiji Team,,https://en.wikipedia.org/wiki/Fiji_national_football_team,The Fiji national men's football team.,154,men,0,0,TBD,TBD,Neighboring Countries,"{""World Cup"": 0, ""OFC Nations Cup"": 0}",2026-05-11T06:13:01.694146+00:00
176,"Hong Kong, China","Hong Kong, China",AFC,1900,"National Stadium of Hong Kong, China","The Hong Kong, China Team",,"https://en.wikipedia.org/wiki/Hong_Kong,_China_national_football_team","The Hong Kong, China national men's football team.",155,men,0,0,TBD,TBD,Neighboring Countries,"{""World Cup"": 0, ""AFC Asian Cup"": 0}",2026-05-11T06:13:07.120241+00:00
177,Puerto Rico,Puerto Rico,CONCACAF,1900,National Stadium of Puerto Rico,The Puerto Rico Team,,https://en.wikipedia.org/wiki/Puerto_Rico_national_football_team,The Puerto Rico national men's football team.,156,men,0,0,TBD,TBD,Neighboring Countries,"{""World Cup"": 0, ""CONCACAF Gold Cup"": 0}",2026-05-11T06:13:11.827265+00:00
178,Tahiti,Tahiti,OFC,1900,National Stadium of Tahiti,The Tahiti Team,,https://en.wikipedia.org/wiki/Tahiti_national_football_team,The Tahiti national men's football team.,157,men,1,0,TBD,TBD,Neighboring Countries,"{""World Cup"": 0, ""OFC Nations Cup"": 1}",2026-05-11T06:13:16.140546+00:00
179,Myanmar,Myanmar,AFC,1900,National Stadium of Myanmar,The Myanmar Team,,https://en.wikipedia.org/wiki/Myanmar_national_football_team,The Myanmar national men's football team.,158,men,0,0,TBD,TBD,Neighboring Countries,"{""World Cup"": 0, ""AFC Asian Cup"": 0}",2026-05-11T06:13:20.336966+00:00
180,Moldova,Moldova,UEFA,1900,National Stadium of Moldova,The Moldova Team,,https://en.wikipedia.org/wiki/Moldova_national_football_team,The Moldova national men's football team.,159,men,0,0,TBD,TBD,Neighboring Countries,"{""World Cup"": 0, ""European Championship"": 0}",2026-05-11T06:13:23.993649+00:00
181,Vanuatu,Vanuatu,OFC,1900,National Stadium of Vanuatu,The Vanuatu Team,,https://en.wikipedia.org/wiki/Vanuatu_national_football_team,The Vanuatu national men's football team.,160,men,0,0,TBD,TBD,Neighboring Countries,"{""World Cup"": 0, ""OFC Nations Cup"": 0}",2026-05-11T06:13:28.901078+00:00
182,Malta,Malta,UEFA,1900,National Stadium of Malta,The Malta Team,,https://en.wikipedia.org/wiki/Malta_national_football_team,The Malta national men's football team.,161,men,0,0,TBD,TBD,Neighboring Countries,"{""World Cup"": 0, ""European Championship"": 0}",2026-05-11T06:13:34.031511+00:00
183,Antigua and Barbuda,Antigua and Barbuda,CONCACAF,1900,National Stadium of Antigua and Barbuda,The Antigua and Barbuda Team,,https://en.wikipedia.org/wiki/Antigua_and_Barbuda_national_football_team,The Antigua and Barbuda national men's football team.,162,men,0,0,TBD,TBD,Neighboring Countries,"{""World Cup"": 0, ""CONCACAF Gold Cup"": 0}",2026-05-11T06:13:37.836492+00:00
184,Grenada,Grenada,CONCACAF,1900,National Stadium of Grenada,The Grenada Team,,https://en.wikipedia.org/wiki/Grenada_national_football_team,The Grenada national men's football team.,163,men,0,0,TBD,TBD,Neighboring Countries,"{""World Cup"": 0, ""CONCACAF Gold Cup"": 0}",2026-05-11T06:13:41.142285+00:00
185,Cuba,Cuba,CONCACAF,1900,National Stadium of Cuba,The Cuba Team,,https://en.wikipedia.org/wiki/Cuba_national_football_team,The Cuba national men's football team.,164,men,0,0,TBD,TBD,Neighboring Countries,"{""World Cup"": 0, ""CONCACAF Gold Cup"": 0}",2026-05-11T06:13:44.511288+00:00
186,Eswatini,Eswatini,CAF,1900,National Stadium of Eswatini,The Eswatini Team,,https://en.wikipedia.org/wiki/Eswatini_national_football_team,The Eswatini national men's football team.,165,men,0,0,TBD,TBD,Neighboring Countries,"{""World Cup"": 0, ""Africa Cup of Nations"": 0}",2026-05-11T06:13:48.250474+00:00
187,Bermuda,Bermuda,CONCACAF,1900,National Stadium of Bermuda,The Bermuda Team,,https://en.wikipedia.org/wiki/Bermuda_national_football_team,The Bermuda national men's football team.,166,men,0,0,TBD,TBD,Neighboring Countries,"{""World Cup"": 0, ""CONCACAF Gold Cup"": 0}",2026-05-11T06:13:51.987757+00:00
188,St Lucia,St Lucia,CONCACAF,1900,National Stadium of St Lucia,The St Lucia Team,,https://en.wikipedia.org/wiki/St_Lucia_national_football_team,The St Lucia national men's football team.,167,men,0,0,TBD,TBD,Neighboring Countries,"{""World Cup"": 0, ""CONCACAF Gold Cup"": 0}",2026-05-11T06:13:57.306681+00:00
189,Papua New Guinea,Papua New Guinea,OFC,1900,National Stadium of Papua New Guinea,The Papua New Guinea Team,,https://en.wikipedia.org/wiki/Papua_New_Guinea_national_football_team,The Papua New Guinea national men's football team.,168,men,0,0,TBD,TBD,Neighboring Countries,"{""World Cup"": 0, ""OFC Nations Cup"": 0}",2026-05-11T06:14:04.420027+00:00
190,Afghanistan,Afghanistan,AFC,1900,National Stadium of Afghanistan,The Afghanistan Team,,https://en.wikipedia.org/wiki/Afghanistan_national_football_team,The Afghanistan national men's football team.,169,men,0,0,TBD,TBD,Neighboring Countries,"{""World Cup"": 0, ""AFC Asian Cup"": 0}",2026-05-11T06:14:08.799484+00:00
191,South Sudan,South Sudan,CAF,1900,National Stadium of South Sudan,The South Sudan Team,,https://en.wikipedia.org/wiki/South_Sudan_national_football_team,The South Sudan national men's football team.,170,men,0,0,TBD,TBD,Neighboring Countries,"{""World Cup"": 0, ""Africa Cup of Nations"": 0}",2026-05-11T06:14:14.267851+00:00
192,St Vincent and the Grenadines,St Vincent and the Grenadines,CONCACAF,1900,National Stadium of St Vincent and the Grenadines,The St Vincent and the Grenadines Team,,https://en.wikipedia.org/wiki/St_Vincent_and_the_Grenadines_national_football_team,The St Vincent and the Grenadines national men's football team.,171,men,0,0,TBD,TBD,Neighboring Countries,"{""World Cup"": 0, ""CONCACAF Gold Cup"": 0}",2026-05-11T06:14:19.638093+00:00
193,Maldives,Maldives,AFC,1900,National Stadium of Maldives,The Maldives Team,,https://en.wikipedia.org/wiki/Maldives_national_football_team,The Maldives national men's football team.,172,men,0,0,TBD,TBD,Neighboring Countries,"{""World Cup"": 0, ""AFC Asian Cup"": 0}",2026-05-11T06:14:25.711358+00:00
194,Andorra,Andorra,UEFA,1900,National Stadium of Andorra,The Andorra Team,,https://en.wikipedia.org/wiki/Andorra_national_football_team,The Andorra national men's football team.,173,men,0,0,TBD,TBD,Neighboring Countries,"{""World Cup"": 0, ""European Championship"": 0}",2026-05-11T06:14:30.429520+00:00
195,Chinese Taipei,Chinese Taipei,AFC,1900,National Stadium of Chinese Taipei,The Chinese Taipei Team,,https://en.wikipedia.org/wiki/Chinese_Taipei_national_football_team,The Chinese Taipei national men's football team.,174,men,0,0,TBD,TBD,Neighboring Countries,"{""World Cup"": 0, ""AFC Asian Cup"": 0}",2026-05-11T06:14:34.998413+00:00
196,Montserrat,Montserrat,CONCACAF,1900,National Stadium of Montserrat,The Montserrat Team,,https://en.wikipedia.org/wiki/Montserrat_national_football_team,The Montserrat national men's football team.,175,men,0,0,TBD,TBD,Neighboring Countries,"{""World Cup"": 0, ""CONCACAF Gold Cup"": 0}",2026-05-11T06:14:38.394594+00:00
197,Nepal,Nepal,AFC,1900,National Stadium of Nepal,The Nepal Team,,https://en.wikipedia.org/wiki/Nepal_national_football_team,The Nepal national men's football team.,176,men,0,0,TBD,TBD,Neighboring Countries,"{""World Cup"": 0, ""AFC Asian Cup"": 0}",2026-05-11T06:14:44.185395+00:00
199,Mauritius,Mauritius,CAF,1900,National Stadium of Mauritius,The Mauritius Team,,https://en.wikipedia.org/wiki/Mauritius_national_football_team,The Mauritius national men's football team.,178,men,0,0,TBD,TBD,Neighboring Countries,"{""World Cup"": 0, ""Africa Cup of Nations"": 0}",2026-05-11T06:14:52.775153+00:00
200,Barbados,Barbados,CONCACAF,1900,National Stadium of Barbados,The Barbados Team,,https://en.wikipedia.org/wiki/Barbados_national_football_team,The Barbados national men's football team.,179,men,0,0,TBD,TBD,Neighboring Countries,"{""World Cup"": 0, ""CONCACAF Gold Cup"": 0}",2026-05-11T06:14:57.721129+00:00
201,Belize,Belize,CONCACAF,1900,National Stadium of Belize,The Belize Team,,https://en.wikipedia.org/wiki/Belize_national_football_team,The Belize national men's football team.,180,men,0,0,TBD,TBD,Neighboring Countries,"{""World Cup"": 0, ""CONCACAF Gold Cup"": 0}",2026-05-11T06:15:01.696367+00:00
202,Bangladesh,Bangladesh,AFC,1900,National Stadium of Bangladesh,The Bangladesh Team,,https://en.wikipedia.org/wiki/Bangladesh_national_football_team,The Bangladesh national men's football team.,181,men,0,0,TBD,TBD,Neighboring Countries,"{""World Cup"": 0, ""AFC Asian Cup"": 0}",2026-05-11T06:15:06.664320+00:00
203,Dominica,Dominica,CONCACAF,1900,National Stadium of Dominica,The Dominica Team,,https://en.wikipedia.org/wiki/Dominica_national_football_team,The Dominica national men's football team.,182,men,0,0,TBD,TBD,Neighboring Countries,"{""World Cup"": 0, ""CONCACAF Gold Cup"": 0}",2026-05-11T06:15:10.028436+00:00
204,Chad,Chad,CAF,1900,National Stadium of Chad,The Chad Team,,https://en.wikipedia.org/wiki/Chad_national_football_team,The Chad national men's football team.,183,men,0,0,TBD,TBD,Neighboring Countries,"{""World Cup"": 0, ""Africa Cup of Nations"": 0}",2026-05-11T06:15:15.135494+00:00
205,Eritrea,Eritrea,CAF,1900,National Stadium of Eritrea,The Eritrea Team,,https://en.wikipedia.org/wiki/Eritrea_national_football_team,The Eritrea national men's football team.,184,men,0,0,TBD,TBD,Neighboring Countries,"{""World Cup"": 0, ""Africa Cup of Nations"": 0}",2026-05-11T06:15:19.971149+00:00
206,Laos,Laos,AFC,1900,National Stadium of Laos,The Laos Team,,https://en.wikipedia.org/wiki/Laos_national_football_team,The Laos national men's football team.,185,men,0,0,TBD,TBD,Neighboring Countries,"{""World Cup"": 0, ""AFC Asian Cup"": 0}",2026-05-11T06:15:25.964031+00:00
207,Bhutan,Bhutan,AFC,1900,National Stadium of Bhutan,The Bhutan Team,,https://en.wikipedia.org/wiki/Bhutan_national_football_team,The Bhutan national men's football team.,186,men,0,0,TBD,TBD,Neighboring Countries,"{""World Cup"": 0, ""AFC Asian Cup"": 0}",2026-05-11T06:15:30.423798+00:00
208,Mongolia,Mongolia,AFC,1900,National Stadium of Mongolia,The Mongolia Team,,https://en.wikipedia.org/wiki/Mongolia_national_football_team,The Mongolia national men's football team.,187,men,0,0,TBD,TBD,Neighboring Countries,"{""World Cup"": 0, ""AFC Asian Cup"": 0}",2026-05-11T06:15:34.599054+00:00
209,Cook Islands,Cook Islands,OFC,1900,National Stadium of Cook Islands,The Cook Islands Team,,https://en.wikipedia.org/wiki/Cook_Islands_national_football_team,The Cook Islands national men's football team.,188,men,0,0,TBD,TBD,Neighboring Countries,"{""World Cup"": 0, ""OFC Nations Cup"": 0}",2026-05-11T06:15:38.795415+00:00
210,Aruba,Aruba,CONCACAF,1900,National Stadium of Aruba,The Aruba Team,,https://en.wikipedia.org/wiki/Aruba_national_football_team,The Aruba national men's football team.,189,men,0,0,TBD,TBD,Neighboring Countries,"{""World Cup"": 0, ""CONCACAF Gold Cup"": 0}",2026-05-11T06:15:43.341621+00:00
211,Samoa,Samoa,OFC,1900,National Stadium of Samoa,The Samoa Team,,https://en.wikipedia.org/wiki/Samoa_national_football_team,The Samoa national men's football team.,190,men,0,0,TBD,TBD,Neighboring Countries,"{""World Cup"": 0, ""OFC Nations Cup"": 0}",2026-05-11T06:15:48.132864+00:00
212,Sri Lanka,Sri Lanka,AFC,1900,National Stadium of Sri Lanka,The Sri Lanka Team,,https://en.wikipedia.org/wiki/Sri_Lanka_national_football_team,The Sri Lanka national men's football team.,191,men,0,0,TBD,TBD,Neighboring Countries,"{""World Cup"": 0, ""AFC Asian Cup"": 0}",2026-05-11T06:15:53.118448+00:00
213,American Samoa,American Samoa,OFC,1900,National Stadium of American Samoa,The American Samoa Team,,https://en.wikipedia.org/wiki/American_Samoa_national_football_team,The American Samoa national men's football team.,192,men,0,0,TBD,TBD,Neighboring Countries,"{""World Cup"": 0, ""OFC Nations Cup"": 0}",2026-05-11T06:15:57.285284+00:00
214,Brunei Darussalam,Brunei Darussalam,AFC,1900,National Stadium of Brunei Darussalam,The Brunei Darussalam Team,,https://en.wikipedia.org/wiki/Brunei_Darussalam_national_football_team,The Brunei Darussalam national men's football team.,193,men,0,0,TBD,TBD,Neighboring Countries,"{""World Cup"": 0, ""AFC Asian Cup"": 0}",2026-05-11T06:16:01.598657+00:00
215,Macau,Macau,AFC,1900,National Stadium of Macau,The Macau Team,,https://en.wikipedia.org/wiki/Macau_national_football_team,The Macau national men's football team.,194,men,0,0,TBD,TBD,Neighboring Countries,"{""World Cup"": 0, ""AFC Asian Cup"": 0}",2026-05-11T06:16:07.026894+00:00
216,Cayman Islands,Cayman Islands,CONCACAF,1900,National Stadium of Cayman Islands,The Cayman Islands Team,,https://en.wikipedia.org/wiki/Cayman_Islands_national_football_team,The Cayman Islands national men's football team.,195,men,0,0,TBD,TBD,Neighboring Countries,"{""World Cup"": 0, ""CONCACAF Gold Cup"": 0}",2026-05-11T06:16:11.608267+00:00
218,Djibouti,Djibouti,CAF,1900,National Stadium of Djibouti,The Djibouti Team,,https://en.wikipedia.org/wiki/Djibouti_national_football_team,The Djibouti national men's football team.,197,men,0,0,TBD,TBD,Neighboring Countries,"{""World Cup"": 0, ""Africa Cup of Nations"": 0}",2026-05-11T06:16:20.002767+00:00
219,Somalia,Somalia,CAF,1900,National Stadium of Somalia,The Somalia Team,,https://en.wikipedia.org/wiki/Somalia_national_football_team,The Somalia national men's football team.,198,men,0,0,TBD,TBD,Neighboring Countries,"{""World Cup"": 0, ""Africa Cup of Nations"": 0}",2026-05-11T06:16:23.878324+00:00
220,Tonga,Tonga,OFC,1900,National Stadium of Tonga,The Tonga Team,,https://en.wikipedia.org/wiki/Tonga_national_football_team,The Tonga national men's football team.,199,men,0,0,TBD,TBD,Neighboring Countries,"{""World Cup"": 0, ""OFC Nations Cup"": 0}",2026-05-11T06:16:27.837019+00:00
221,Timor-Leste,Timor-Leste,AFC,1900,National Stadium of Timor-Leste,The Timor-Leste Team,,https://en.wikipedia.org/wiki/Timor-Leste_national_football_team,The Timor-Leste national men's football team.,200,men,0,0,TBD,TBD,Neighboring Countries,"{""World Cup"": 0, ""AFC Asian Cup"": 0}",2026-05-11T06:16:34.995015+00:00
222,Guam,Guam,AFC,1900,National Stadium of Guam,The Guam Team,,https://en.wikipedia.org/wiki/Guam_national_football_team,The Guam national men's football team.,201,men,0,0,TBD,TBD,Neighboring Countries,"{""World Cup"": 0, ""AFC Asian Cup"": 0}",2026-05-11T06:16:40.356628+00:00
224,Gibraltar,Gibraltar,UEFA,1900,National Stadium of Gibraltar,The Gibraltar Team,,https://en.wikipedia.org/wiki/Gibraltar_national_football_team,The Gibraltar national men's football team.,203,men,0,0,TBD,TBD,Neighboring Countries,"{""World Cup"": 0, ""European Championship"": 0}",2026-05-11T06:16:50.434609+00:00
226,Turks and Caicos Islands,Turks and Caicos Islands,CONCACAF,1900,National Stadium of Turks and Caicos Islands,The Turks and Caicos Islands Team,,https://en.wikipedia.org/wiki/Turks_and_Caicos_Islands_national_football_team,The Turks and Caicos Islands national men's football team.,205,men,0,0,TBD,TBD,Neighboring Countries,"{""World Cup"": 0, ""CONCACAF Gold Cup"": 0}",2026-05-11T06:16:57.528876+00:00
227,Liechtenstein,Liechtenstein,UEFA,1900,National Stadium of Liechtenstein,The Liechtenstein Team,,https://en.wikipedia.org/wiki/Liechtenstein_national_football_team,The Liechtenstein national men's football team.,206,men,0,0,TBD,TBD,Neighboring Countries,"{""World Cup"": 0, ""European Championship"": 0}",2026-05-11T06:17:02.662733+00:00
228,Bahamas,Bahamas,CONCACAF,1900,National Stadium of Bahamas,The Bahamas Team,,https://en.wikipedia.org/wiki/Bahamas_national_football_team,The Bahamas national men's football team.,207,men,0,0,TBD,TBD,Neighboring Countries,"{""World Cup"": 0, ""CONCACAF Gold Cup"": 0}",2026-05-11T06:17:07.506085+00:00
229,British Virgin Islands,British Virgin Islands,CONCACAF,1900,National Stadium of British Virgin Islands,The British Virgin Islands Team,,https://en.wikipedia.org/wiki/British_Virgin_Islands_national_football_team,The British Virgin Islands national men's football team.,208,men,0,0,TBD,TBD,Neighboring Countries,"{""World Cup"": 0, ""CONCACAF Gold Cup"": 0}",2026-05-11T06:17:11.819060+00:00
230,US Virgin Islands,US Virgin Islands,CONCACAF,1900,National Stadium of US Virgin Islands,The US Virgin Islands Team,,https://en.wikipedia.org/wiki/US_Virgin_Islands_national_football_team,The US Virgin Islands national men's football team.,209,men,0,0,TBD,TBD,Neighboring Countries,"{""World Cup"": 0, ""CONCACAF Gold Cup"": 0}",2026-05-11T06:17:17.906628+00:00
231,Anguilla,Anguilla,CONCACAF,1900,National Stadium of Anguilla,The Anguilla Team,,https://en.wikipedia.org/wiki/Anguilla_national_football_team,The Anguilla national men's football team.,210,men,0,0,TBD,TBD,Neighboring Countries,"{""World Cup"": 0, ""CONCACAF Gold Cup"": 0}",2026-05-11T06:17:22.912385+00:00
232,San Marino,San Marino,UEFA,1900,National Stadium of San Marino,The San Marino Team,,https://en.wikipedia.org/wiki/San_Marino_national_football_team,The San Marino national men's football team.,211,men,0,0,TBD,TBD,Neighboring Countries,"{""World Cup"": 0, ""European Championship"": 0}",2026-05-11T06:17:28.614038+00:00
233,USA,USA,CONCACAF,1900,National Stadium of USA,The USA Team,,https://en.wikipedia.org/wiki/USA_women's_national_football_team,The USA national women's football team.,2,women,4,4,TBD,TBD,Neighboring Countries,"{""World Cup"": 4, ""CONCACAF Gold Cup"": 0}",2026-05-11T06:17:42.000293+00:00
30,Netherlands,Netherlands,UEFA,1900,National Stadium of Netherlands,The Netherlands Team,https://upload.wikimedia.org/wikipedia/en/b/bd/Netherlands_women%27s_national_football_team_badge.png,https://en.wikipedia.org/wiki/Netherlands_women's_national_football_team,The Netherlands national women's football team.,10,women,1,0,TBD,TBD,Neighboring Countries,"{""World Cup"": 0, ""European Championship"": 1}",2026-05-11T06:18:23.849987+00:00
234,Korea DPR,Korea DPR,AFC,1900,National Stadium of Korea DPR,The Korea DPR Team,,https://en.wikipedia.org/wiki/Korea_DPR_women's_national_football_team,The Korea DPR national women's football team.,11,women,3,0,TBD,TBD,Neighboring Countries,"{""World Cup"": 0, ""AFC Asian Cup"": 3}",2026-05-11T06:18:29.406643+00:00
235,China PR,China PR,AFC,1900,National Stadium of China PR,The China PR Team,,https://en.wikipedia.org/wiki/China_PR_women's_national_football_team,The China PR national women's football team.,16,women,9,0,TBD,TBD,Neighboring Countries,"{""World Cup"": 0, ""AFC Asian Cup"": 9}",2026-05-11T06:18:55.200471+00:00
236,Korea Republic,Korea Republic,AFC,1900,National Stadium of Korea Republic,The Korea Republic Team,,https://en.wikipedia.org/wiki/Korea_Republic_women's_national_football_team,The Korea Republic national women's football team.,19,women,0,0,TBD,TBD,Neighboring Countries,"{""World Cup"": 0, ""AFC Asian Cup"": 0}",2026-05-11T06:19:07.616364+00:00
40,Colombia,Colombia,CONMEBOL,1900,National Stadium of Colombia,The Colombia Team,https://upload.wikimedia.org/wikipedia/commons/thumb/2/29/FCF-Logo-2023.svg/330px-FCF-Logo-2023.svg.png,https://en.wikipedia.org/wiki/Colombia_women's_national_football_team,The Colombia national women's football team.,20,women,0,0,TBD,TBD,Neighboring Countries,"{""World Cup"": 0, ""Copa América"": 0}",2026-05-11T06:19:12.307241+00:00
237,Portugal,Portugal,UEFA,1900,National Stadium of Portugal,The Portugal Team,,https://en.wikipedia.org/wiki/Portugal_women's_national_football_team,The Portugal national women's football team.,21,women,0,0,TBD,TBD,Neighboring Countries,"{""World Cup"": 0, ""European Championship"": 0}",2026-05-11T06:19:17.187977+00:00
238,Austria,Austria,UEFA,1900,National Stadium of Austria,The Austria Team,,https://en.wikipedia.org/wiki/Austria_women's_national_football_team,The Austria national women's football team.,22,women,0,0,TBD,TBD,Neighboring Countries,"{""World Cup"": 0, ""European Championship"": 0}",2026-05-11T06:19:21.776216+00:00
239,Republic of Ireland,Republic of Ireland,UEFA,1900,National Stadium of Republic of Ireland,The Republic of Ireland Team,,https://en.wikipedia.org/wiki/Republic_of_Ireland_women's_national_football_team,The Republic of Ireland national women's football team.,23,women,0,0,TBD,TBD,Neighboring Countries,"{""World Cup"": 0, ""European Championship"": 0}",2026-05-11T06:19:25.301861+00:00
240,Scotland,Scotland,UEFA,1900,National Stadium of Scotland,The Scotland Team,,https://en.wikipedia.org/wiki/Scotland_women's_national_football_team,The Scotland national women's football team.,24,women,0,0,TBD,TBD,Neighboring Countries,"{""World Cup"": 0, ""European Championship"": 0}",2026-05-11T06:19:30.096731+00:00
241,Switzerland,Switzerland,UEFA,1900,National Stadium of Switzerland,The Switzerland Team,,https://en.wikipedia.org/wiki/Switzerland_women's_national_football_team,The Switzerland national women's football team.,25,women,0,0,TBD,TBD,Neighboring Countries,"{""World Cup"": 0, ""European Championship"": 0}",2026-05-11T06:19:34.392795+00:00
242,Finland,Finland,UEFA,1900,National Stadium of Finland,The Finland Team,,https://en.wikipedia.org/wiki/Finland_women's_national_football_team,The Finland national women's football team.,26,women,0,0,TBD,TBD,Neighboring Countries,"{""World Cup"": 0, ""European Championship"": 0}",2026-05-11T06:19:41.371302+00:00
243,Mexico,Mexico,CONCACAF,1900,National Stadium of Mexico,The Mexico Team,,https://en.wikipedia.org/wiki/Mexico_women's_national_football_team,The Mexico national women's football team.,27,women,0,0,TBD,TBD,Neighboring Countries,"{""World Cup"": 0, ""CONCACAF Gold Cup"": 0}",2026-05-11T06:19:47.171860+00:00
245,Russia,Russia,UEFA,1900,National Stadium of Russia,The Russia Team,,https://en.wikipedia.org/wiki/Russia_women's_national_football_team,The Russia national women's football team.,29,women,0,0,TBD,TBD,Neighboring Countries,"{""World Cup"": 0, ""European Championship"": 0}",2026-05-11T06:19:56.657220+00:00
246,Argentina,Argentina,CONMEBOL,1900,National Stadium of Argentina,The Argentina Team,,https://en.wikipedia.org/wiki/Argentina_women's_national_football_team,The Argentina national women's football team.,30,women,1,0,TBD,TBD,Neighboring Countries,"{""World Cup"": 0, ""Copa América"": 1}",2026-05-11T06:20:01.702742+00:00
247,Wales,Wales,UEFA,1900,National Stadium of Wales,The Wales Team,,https://en.wikipedia.org/wiki/Wales_women's_national_football_team,The Wales national women's football team.,31,women,0,0,TBD,TBD,Neighboring Countries,"{""World Cup"": 0, ""European Championship"": 0}",2026-05-11T06:20:05.623162+00:00
248,Czechia,Czechia,UEFA,1900,National Stadium of Czechia,The Czechia Team,,https://en.wikipedia.org/wiki/Czechia_women's_national_football_team,The Czechia national women's football team.,32,women,0,0,TBD,TBD,Neighboring Countries,"{""World Cup"": 0, ""European Championship"": 0}",2026-05-11T06:20:10.899329+00:00
249,New Zealand,New Zealand,OFC,1900,National Stadium of New Zealand,The New Zealand Team,,https://en.wikipedia.org/wiki/New_Zealand_women's_national_football_team,The New Zealand national women's football team.,33,women,6,0,TBD,TBD,Neighboring Countries,"{""World Cup"": 0, ""OFC Nations Cup"": 6}",2026-05-11T06:20:15.040917+00:00
250,Serbia,Serbia,UEFA,1900,National Stadium of Serbia,The Serbia Team,,https://en.wikipedia.org/wiki/Serbia_women's_national_football_team,The Serbia national women's football team.,34,women,0,0,TBD,TBD,Neighboring Countries,"{""World Cup"": 0, ""European Championship"": 0}",2026-05-11T06:20:19.783109+00:00
251,Ukraine,Ukraine,UEFA,1900,National Stadium of Ukraine,The Ukraine Team,,https://en.wikipedia.org/wiki/Ukraine_women's_national_football_team,The Ukraine national women's football team.,35,women,0,0,TBD,TBD,Neighboring Countries,"{""World Cup"": 0, ""European Championship"": 0}",2026-05-11T06:20:24.184130+00:00
252,Nigeria,Nigeria,CAF,1900,National Stadium of Nigeria,The Nigeria Team,,https://en.wikipedia.org/wiki/Nigeria_women's_national_football_team,The Nigeria national women's football team.,36,women,10,0,TBD,TBD,Neighboring Countries,"{""World Cup"": 0, ""Africa Cup of Nations"": 10}",2026-05-11T06:20:29.375856+00:00
253,Vietnam,Vietnam,AFC,1900,National Stadium of Vietnam,The Vietnam Team,,https://en.wikipedia.org/wiki/Vietnam_women's_national_football_team,The Vietnam national women's football team.,37,women,0,0,TBD,TBD,Neighboring Countries,"{""World Cup"": 0, ""AFC Asian Cup"": 0}",2026-05-11T06:20:34.720720+00:00
254,Slovenia,Slovenia,UEFA,1900,National Stadium of Slovenia,The Slovenia Team,,https://en.wikipedia.org/wiki/Slovenia_women's_national_football_team,The Slovenia national women's football team.,38,women,0,0,TBD,TBD,Neighboring Countries,"{""World Cup"": 0, ""European Championship"": 0}",2026-05-11T06:20:38.625643+00:00
255,Philippines,Philippines,AFC,1900,National Stadium of Philippines,The Philippines Team,,https://en.wikipedia.org/wiki/Philippines_women's_national_football_team,The Philippines national women's football team.,39,women,0,0,TBD,TBD,Neighboring Countries,"{""World Cup"": 0, ""AFC Asian Cup"": 0}",2026-05-11T06:20:44.026497+00:00
257,Jamaica,Jamaica,CONCACAF,1900,National Stadium of Jamaica,The Jamaica Team,,https://en.wikipedia.org/wiki/Jamaica_women's_national_football_team,The Jamaica national women's football team.,41,women,0,0,TBD,TBD,Neighboring Countries,"{""World Cup"": 0, ""CONCACAF Gold Cup"": 0}",2026-05-11T06:20:54.830278+00:00
258,Costa Rica,Costa Rica,CONCACAF,1900,National Stadium of Costa Rica,The Costa Rica Team,,https://en.wikipedia.org/wiki/Costa_Rica_women's_national_football_team,The Costa Rica national women's football team.,42,women,0,0,TBD,TBD,Neighboring Countries,"{""World Cup"": 0, ""CONCACAF Gold Cup"": 0}",2026-05-11T06:21:00.025782+00:00
259,Venezuela,Venezuela,CONMEBOL,1900,National Stadium of Venezuela,The Venezuela Team,,https://en.wikipedia.org/wiki/Venezuela_women's_national_football_team,The Venezuela national women's football team.,43,women,0,0,TBD,TBD,Neighboring Countries,"{""World Cup"": 0, ""Copa América"": 0}",2026-05-11T06:21:05.848575+00:00
260,Chile,Chile,CONMEBOL,1900,National Stadium of Chile,The Chile Team,,https://en.wikipedia.org/wiki/Chile_women's_national_football_team,The Chile national women's football team.,44,women,0,0,TBD,TBD,Neighboring Countries,"{""World Cup"": 0, ""Copa América"": 0}",2026-05-11T06:21:10.560251+00:00
261,Paraguay,Paraguay,CONMEBOL,1900,National Stadium of Paraguay,The Paraguay Team,,https://en.wikipedia.org/wiki/Paraguay_women's_national_football_team,The Paraguay national women's football team.,45,women,0,0,TBD,TBD,Neighboring Countries,"{""World Cup"": 0, ""Copa América"": 0}",2026-05-11T06:21:14.904566+00:00
262,Northern Ireland,Northern Ireland,UEFA,1900,National Stadium of Northern Ireland,The Northern Ireland Team,,https://en.wikipedia.org/wiki/Northern_Ireland_women's_national_football_team,The Northern Ireland national women's football team.,46,women,0,0,TBD,TBD,Neighboring Countries,"{""World Cup"": 0, ""European Championship"": 0}",2026-05-11T06:21:19.833261+00:00
263,Hungary,Hungary,UEFA,1900,National Stadium of Hungary,The Hungary Team,,https://en.wikipedia.org/wiki/Hungary_women's_national_football_team,The Hungary national women's football team.,47,women,0,0,TBD,TBD,Neighboring Countries,"{""World Cup"": 0, ""European Championship"": 0}",2026-05-11T06:21:25.027438+00:00
264,Romania,Romania,UEFA,1900,National Stadium of Romania,The Romania Team,,https://en.wikipedia.org/wiki/Romania_women's_national_football_team,The Romania national women's football team.,48,women,0,0,TBD,TBD,Neighboring Countries,"{""World Cup"": 0, ""European Championship"": 0}",2026-05-11T06:21:29.664843+00:00
265,Haiti,Haiti,CONCACAF,1900,National Stadium of Haiti,The Haiti Team,,https://en.wikipedia.org/wiki/Haiti_women's_national_football_team,The Haiti national women's football team.,49,women,0,0,TBD,TBD,Neighboring Countries,"{""World Cup"": 0, ""CONCACAF Gold Cup"": 0}",2026-05-11T06:21:35.839508+00:00
266,Thailand,Thailand,AFC,1900,National Stadium of Thailand,The Thailand Team,,https://en.wikipedia.org/wiki/Thailand_women's_national_football_team,The Thailand national women's football team.,50,women,1,0,TBD,TBD,Neighboring Countries,"{""World Cup"": 0, ""AFC Asian Cup"": 1}",2026-05-11T06:21:39.610573+00:00
267,Türkiye,Türkiye,UEFA,1900,National Stadium of Türkiye,The Türkiye Team,,https://en.wikipedia.org/wiki/Türkiye_women's_national_football_team,The Türkiye national women's football team.,51,women,0,0,TBD,TBD,Neighboring Countries,"{""World Cup"": 0, ""European Championship"": 0}",2026-05-11T06:21:44.762974+00:00
269,Uzbekistan,Uzbekistan,AFC,1900,National Stadium of Uzbekistan,The Uzbekistan Team,,https://en.wikipedia.org/wiki/Uzbekistan_women's_national_football_team,The Uzbekistan national women's football team.,53,women,0,0,TBD,TBD,Neighboring Countries,"{""World Cup"": 0, ""AFC Asian Cup"": 0}",2026-05-11T06:21:54.844541+00:00
270,Belarus,Belarus,UEFA,1900,National Stadium of Belarus,The Belarus Team,,https://en.wikipedia.org/wiki/Belarus_women's_national_football_team,The Belarus national women's football team.,54,women,0,0,TBD,TBD,Neighboring Countries,"{""World Cup"": 0, ""European Championship"": 0}",2026-05-11T06:21:59.353906+00:00
271,Myanmar,Myanmar,AFC,1900,National Stadium of Myanmar,The Myanmar Team,,https://en.wikipedia.org/wiki/Myanmar_women's_national_football_team,The Myanmar national women's football team.,55,women,0,0,TBD,TBD,Neighboring Countries,"{""World Cup"": 0, ""AFC Asian Cup"": 0}",2026-05-11T06:22:03.235264+00:00
272,Panama,Panama,CONCACAF,1900,National Stadium of Panama,The Panama Team,,https://en.wikipedia.org/wiki/Panama_women's_national_football_team,The Panama national women's football team.,56,women,0,0,TBD,TBD,Neighboring Countries,"{""World Cup"": 0, ""CONCACAF Gold Cup"": 0}",2026-05-11T06:22:08.190896+00:00
273,Papua New Guinea,Papua New Guinea,OFC,1900,National Stadium of Papua New Guinea,The Papua New Guinea Team,,https://en.wikipedia.org/wiki/Papua_New_Guinea_women's_national_football_team,The Papua New Guinea national women's football team.,57,women,1,0,TBD,TBD,Neighboring Countries,"{""World Cup"": 0, ""OFC Nations Cup"": 1}",2026-05-11T06:22:14.033613+00:00
274,South Africa,South Africa,CAF,1900,National Stadium of South Africa,The South Africa Team,,https://en.wikipedia.org/wiki/South_Africa_women's_national_football_team,The South Africa national women's football team.,58,women,0,0,TBD,TBD,Neighboring Countries,"{""World Cup"": 0, ""Africa Cup of Nations"": 0}",2026-05-11T06:22:18.765737+00:00
275,Ghana,Ghana,CAF,1900,National Stadium of Ghana,The Ghana Team,,https://en.wikipedia.org/wiki/Ghana_women's_national_football_team,The Ghana national women's football team.,59,women,0,0,TBD,TBD,Neighboring Countries,"{""World Cup"": 0, ""Africa Cup of Nations"": 0}",2026-05-11T06:22:24.532754+00:00
276,Greece,Greece,UEFA,1900,National Stadium of Greece,The Greece Team,,https://en.wikipedia.org/wiki/Greece_women's_national_football_team,The Greece national women's football team.,60,women,0,0,TBD,TBD,Neighboring Countries,"{""World Cup"": 0, ""European Championship"": 0}",2026-05-11T06:22:29.480589+00:00
277,Uruguay,Uruguay,CONMEBOL,1900,National Stadium of Uruguay,The Uruguay Team,,https://en.wikipedia.org/wiki/Uruguay_women's_national_football_team,The Uruguay national women's football team.,61,women,0,0,TBD,TBD,Neighboring Countries,"{""World Cup"": 0, ""Copa América"": 0}",2026-05-11T06:22:37.223620+00:00
278,Morocco,Morocco,CAF,1900,National Stadium of Morocco,The Morocco Team,,https://en.wikipedia.org/wiki/Morocco_women's_national_football_team,The Morocco national women's football team.,62,women,0,0,TBD,TBD,Neighboring Countries,"{""World Cup"": 0, ""Africa Cup of Nations"": 0}",2026-05-11T06:22:41.197881+00:00
279,Ecuador,Ecuador,CONMEBOL,1900,National Stadium of Ecuador,The Ecuador Team,,https://en.wikipedia.org/wiki/Ecuador_women's_national_football_team,The Ecuador national women's football team.,63,women,0,0,TBD,TBD,Neighboring Countries,"{""World Cup"": 0, ""Copa América"": 0}",2026-05-11T06:22:45.378143+00:00
280,Zambia,Zambia,CAF,1900,National Stadium of Zambia,The Zambia Team,,https://en.wikipedia.org/wiki/Zambia_women's_national_football_team,The Zambia national women's football team.,64,women,0,0,TBD,TBD,Neighboring Countries,"{""World Cup"": 0, ""Africa Cup of Nations"": 0}",2026-05-11T06:22:51.031484+00:00
281,Israel,Israel,UEFA,1900,National Stadium of Israel,The Israel Team,,https://en.wikipedia.org/wiki/Israel_women's_national_football_team,The Israel national women's football team.,65,women,0,0,TBD,TBD,Neighboring Countries,"{""World Cup"": 0, ""European Championship"": 0}",2026-05-11T06:22:58.069073+00:00
282,Croatia,Croatia,UEFA,1900,National Stadium of Croatia,The Croatia Team,,https://en.wikipedia.org/wiki/Croatia_women's_national_football_team,The Croatia national women's football team.,66,women,0,0,TBD,TBD,Neighboring Countries,"{""World Cup"": 0, ""European Championship"": 0}",2026-05-11T06:23:03.418006+00:00
284,IR Iran,IR Iran,AFC,1900,National Stadium of IR Iran,The IR Iran Team,,https://en.wikipedia.org/wiki/IR_Iran_women's_national_football_team,The IR Iran national women's football team.,68,women,0,0,TBD,TBD,Neighboring Countries,"{""World Cup"": 0, ""AFC Asian Cup"": 0}",2026-05-11T06:23:12.461217+00:00
285,India,India,AFC,1900,National Stadium of India,The India Team,,https://en.wikipedia.org/wiki/India_women's_national_football_team,The India national women's football team.,69,women,0,0,TBD,TBD,Neighboring Countries,"{""World Cup"": 0, ""AFC Asian Cup"": 0}",2026-05-11T06:23:17.451673+00:00
286,Cameroon,Cameroon,CAF,1900,National Stadium of Cameroon,The Cameroon Team,,https://en.wikipedia.org/wiki/Cameroon_women's_national_football_team,The Cameroon national women's football team.,70,women,0,0,TBD,TBD,Neighboring Countries,"{""World Cup"": 0, ""Africa Cup of Nations"": 0}",2026-05-11T06:23:22.831829+00:00
287,Albania,Albania,UEFA,1900,National Stadium of Albania,The Albania Team,,https://en.wikipedia.org/wiki/Albania_women's_national_football_team,The Albania national women's football team.,71,women,0,0,TBD,TBD,Neighboring Countries,"{""World Cup"": 0, ""European Championship"": 0}",2026-05-11T06:23:27.924068+00:00
288,Côte d'Ivoire,Côte d'Ivoire,CAF,1900,National Stadium of Côte d'Ivoire,The Côte d'Ivoire Team,,https://en.wikipedia.org/wiki/Côte_d'Ivoire_women's_national_football_team,The Côte d'Ivoire national women's football team.,72,women,0,0,TBD,TBD,Neighboring Countries,"{""World Cup"": 0, ""Africa Cup of Nations"": 0}",2026-05-11T06:23:31.607483+00:00
289,Algeria,Algeria,CAF,1900,National Stadium of Algeria,The Algeria Team,,https://en.wikipedia.org/wiki/Algeria_women's_national_football_team,The Algeria national women's football team.,73,women,0,0,TBD,TBD,Neighboring Countries,"{""World Cup"": 0, ""Africa Cup of Nations"": 0}",2026-05-11T06:23:39.186804+00:00
290,Azerbaijan,Azerbaijan,UEFA,1900,National Stadium of Azerbaijan,The Azerbaijan Team,,https://en.wikipedia.org/wiki/Azerbaijan_women's_national_football_team,The Azerbaijan national women's football team.,74,women,0,0,TBD,TBD,Neighboring Countries,"{""World Cup"": 0, ""European Championship"": 0}",2026-05-11T06:23:43.983952+00:00
291,Peru,Peru,CONMEBOL,1900,National Stadium of Peru,The Peru Team,,https://en.wikipedia.org/wiki/Peru_women's_national_football_team,The Peru national women's football team.,75,women,0,0,TBD,TBD,Neighboring Countries,"{""World Cup"": 0, ""Copa América"": 0}",2026-05-11T06:23:49.259930+00:00
293,Puerto Rico,Puerto Rico,CONCACAF,1900,National Stadium of Puerto Rico,The Puerto Rico Team,,https://en.wikipedia.org/wiki/Puerto_Rico_women's_national_football_team,The Puerto Rico national women's football team.,77,women,0,0,TBD,TBD,Neighboring Countries,"{""World Cup"": 0, ""CONCACAF Gold Cup"": 0}",2026-05-11T06:23:58.283953+00:00
294,El Salvador,El Salvador,CONCACAF,1900,National Stadium of El Salvador,The El Salvador Team,,https://en.wikipedia.org/wiki/El_Salvador_women's_national_football_team,The El Salvador national women's football team.,78,women,0,0,TBD,TBD,Neighboring Countries,"{""World Cup"": 0, ""CONCACAF Gold Cup"": 0}",2026-05-11T06:24:02.881949+00:00
295,Fiji,Fiji,OFC,1900,National Stadium of Fiji,The Fiji Team,,https://en.wikipedia.org/wiki/Fiji_women's_national_football_team,The Fiji national women's football team.,79,women,0,0,TBD,TBD,Neighboring Countries,"{""World Cup"": 0, ""OFC Nations Cup"": 0}",2026-05-11T06:24:08.750822+00:00
296,Senegal,Senegal,CAF,1900,National Stadium of Senegal,The Senegal Team,,https://en.wikipedia.org/wiki/Senegal_women's_national_football_team,The Senegal national women's football team.,80,women,0,0,TBD,TBD,Neighboring Countries,"{""World Cup"": 0, ""Africa Cup of Nations"": 0}",2026-05-11T06:24:13.340674+00:00
297,Kosovo,Kosovo,UEFA,1900,National Stadium of Kosovo,The Kosovo Team,,https://en.wikipedia.org/wiki/Kosovo_women's_national_football_team,The Kosovo national women's football team.,81,women,0,0,TBD,TBD,Neighboring Countries,"{""World Cup"": 0, ""European Championship"": 0}",2026-05-11T06:24:17.840852+00:00
298,"Hong Kong, China","Hong Kong, China",AFC,1900,"National Stadium of Hong Kong, China","The Hong Kong, China Team",,"https://en.wikipedia.org/wiki/Hong_Kong,_China_women's_national_football_team","The Hong Kong, China national women's football team.",82,women,0,0,TBD,TBD,Neighboring Countries,"{""World Cup"": 0, ""AFC Asian Cup"": 0}",2026-05-11T06:24:24.491684+00:00
299,Trinidad and Tobago,Trinidad and Tobago,CONCACAF,1900,National Stadium of Trinidad and Tobago,The Trinidad and Tobago Team,,https://en.wikipedia.org/wiki/Trinidad_and_Tobago_women's_national_football_team,The Trinidad and Tobago national women's football team.,83,women,0,0,TBD,TBD,Neighboring Countries,"{""World Cup"": 0, ""CONCACAF Gold Cup"": 0}",2026-05-11T06:24:28.506683+00:00
300,Guatemala,Guatemala,CONCACAF,1900,National Stadium of Guatemala,The Guatemala Team,,https://en.wikipedia.org/wiki/Guatemala_women's_national_football_team,The Guatemala national women's football team.,84,women,0,0,TBD,TBD,Neighboring Countries,"{""World Cup"": 0, ""CONCACAF Gold Cup"": 0}",2026-05-11T06:24:33.002328+00:00
301,Mali,Mali,CAF,1900,National Stadium of Mali,The Mali Team,,https://en.wikipedia.org/wiki/Mali_women's_national_football_team,The Mali national women's football team.,85,women,0,0,TBD,TBD,Neighboring Countries,"{""World Cup"": 0, ""Africa Cup of Nations"": 0}",2026-05-11T06:24:37.534459+00:00
302,Samoa,Samoa,OFC,1900,National Stadium of Samoa,The Samoa Team,,https://en.wikipedia.org/wiki/Samoa_women's_national_football_team,The Samoa national women's football team.,86,women,0,0,TBD,TBD,Neighboring Countries,"{""World Cup"": 0, ""OFC Nations Cup"": 0}",2026-05-11T06:24:41.210567+00:00
303,Nepal,Nepal,AFC,1900,National Stadium of Nepal,The Nepal Team,,https://en.wikipedia.org/wiki/Nepal_women's_national_football_team,The Nepal national women's football team.,87,women,0,0,TBD,TBD,Neighboring Countries,"{""World Cup"": 0, ""AFC Asian Cup"": 0}",2026-05-11T06:24:45.617293+00:00
304,Montenegro,Montenegro,UEFA,1900,National Stadium of Montenegro,The Montenegro Team,,https://en.wikipedia.org/wiki/Montenegro_women's_national_football_team,The Montenegro national women's football team.,88,women,0,0,TBD,TBD,Neighboring Countries,"{""World Cup"": 0, ""European Championship"": 0}",2026-05-11T06:24:50.609556+00:00
305,Solomon Islands,Solomon Islands,OFC,1900,National Stadium of Solomon Islands,The Solomon Islands Team,,https://en.wikipedia.org/wiki/Solomon_Islands_women's_national_football_team,The Solomon Islands national women's football team.,89,women,1,0,TBD,TBD,Neighboring Countries,"{""World Cup"": 0, ""OFC Nations Cup"": 1}",2026-05-11T06:24:55.229399+00:00
306,Equatorial Guinea,Equatorial Guinea,CAF,1900,National Stadium of Equatorial Guinea,The Equatorial Guinea Team,,https://en.wikipedia.org/wiki/Equatorial_Guinea_women's_national_football_team,The Equatorial Guinea national women's football team.,90,women,0,0,TBD,TBD,Neighboring Countries,"{""World Cup"": 0, ""Africa Cup of Nations"": 0}",2026-05-11T06:24:59.977927+00:00
307,Malta,Malta,UEFA,1900,National Stadium of Malta,The Malta Team,,https://en.wikipedia.org/wiki/Malta_women's_national_football_team,The Malta national women's football team.,91,women,0,0,TBD,TBD,Neighboring Countries,"{""World Cup"": 0, ""European Championship"": 0}",2026-05-11T06:25:03.784236+00:00
308,Malaysia,Malaysia,AFC,1900,National Stadium of Malaysia,The Malaysia Team,,https://en.wikipedia.org/wiki/Malaysia_women's_national_football_team,The Malaysia national women's football team.,92,women,0,0,TBD,TBD,Neighboring Countries,"{""World Cup"": 0, ""AFC Asian Cup"": 0}",2026-05-11T06:25:08.528606+00:00
309,Guyana,Guyana,CONCACAF,1900,National Stadium of Guyana,The Guyana Team,,https://en.wikipedia.org/wiki/Guyana_women's_national_football_team,The Guyana national women's football team.,93,women,0,0,TBD,TBD,Neighboring Countries,"{""World Cup"": 0, ""CONCACAF Gold Cup"": 0}",2026-05-11T06:25:12.769354+00:00
310,Dominican Republic,Dominican Republic,CONCACAF,1900,National Stadium of Dominican Republic,The Dominican Republic Team,,https://en.wikipedia.org/wiki/Dominican_Republic_women's_national_football_team,The Dominican Republic national women's football team.,94,women,0,0,TBD,TBD,Neighboring Countries,"{""World Cup"": 0, ""CONCACAF Gold Cup"": 0}",2026-05-11T06:25:17.033719+00:00
311,Nicaragua,Nicaragua,CONCACAF,1900,National Stadium of Nicaragua,The Nicaragua Team,,https://en.wikipedia.org/wiki/Nicaragua_women's_national_football_team,The Nicaragua national women's football team.,95,women,0,0,TBD,TBD,Neighboring Countries,"{""World Cup"": 0, ""CONCACAF Gold Cup"": 0}",2026-05-11T06:25:21.374741+00:00
312,Cuba,Cuba,CONCACAF,1900,National Stadium of Cuba,The Cuba Team,,https://en.wikipedia.org/wiki/Cuba_women's_national_football_team,The Cuba national women's football team.,96,women,0,0,TBD,TBD,Neighboring Countries,"{""World Cup"": 0, ""CONCACAF Gold Cup"": 0}",2026-05-11T06:25:26.107244+00:00
313,Kazakhstan,Kazakhstan,UEFA,1900,National Stadium of Kazakhstan,The Kazakhstan Team,,https://en.wikipedia.org/wiki/Kazakhstan_women's_national_football_team,The Kazakhstan national women's football team.,97,women,0,0,TBD,TBD,Neighboring Countries,"{""World Cup"": 0, ""European Championship"": 0}",2026-05-11T06:25:30.574364+00:00
314,Guam,Guam,AFC,1900,National Stadium of Guam,The Guam Team,,https://en.wikipedia.org/wiki/Guam_women's_national_football_team,The Guam national women's football team.,98,women,0,0,TBD,TBD,Neighboring Countries,"{""World Cup"": 0, ""AFC Asian Cup"": 0}",2026-05-11T06:25:36.471474+00:00
316,Tunisia,Tunisia,CAF,1900,National Stadium of Tunisia,The Tunisia Team,,https://en.wikipedia.org/wiki/Tunisia_women's_national_football_team,The Tunisia national women's football team.,100,women,0,0,TBD,TBD,Neighboring Countries,"{""World Cup"": 0, ""Africa Cup of Nations"": 0}",2026-05-11T06:25:44.734065+00:00
317,Lithuania,Lithuania,UEFA,1900,National Stadium of Lithuania,The Lithuania Team,,https://en.wikipedia.org/wiki/Lithuania_women's_national_football_team,The Lithuania national women's football team.,101,women,0,0,TBD,TBD,Neighboring Countries,"{""World Cup"": 0, ""European Championship"": 0}",2026-05-11T06:25:49.655763+00:00
318,Estonia,Estonia,UEFA,1900,National Stadium of Estonia,The Estonia Team,,https://en.wikipedia.org/wiki/Estonia_women's_national_football_team,The Estonia national women's football team.,102,women,0,0,TBD,TBD,Neighboring Countries,"{""World Cup"": 0, ""European Championship"": 0}",2026-05-11T06:25:56.203740+00:00
319,Latvia,Latvia,UEFA,1900,National Stadium of Latvia,The Latvia Team,,https://en.wikipedia.org/wiki/Latvia_women's_national_football_team,The Latvia national women's football team.,103,women,0,0,TBD,TBD,Neighboring Countries,"{""World Cup"": 0, ""European Championship"": 0}",2026-05-11T06:25:59.399114+00:00
320,New Caledonia,New Caledonia,OFC,1900,National Stadium of New Caledonia,The New Caledonia Team,,https://en.wikipedia.org/wiki/New_Caledonia_women's_national_football_team,The New Caledonia national women's football team.,104,women,0,0,TBD,TBD,Neighboring Countries,"{""World Cup"": 0, ""OFC Nations Cup"": 0}",2026-05-11T06:26:03.601229+00:00
321,Congo DR,Congo DR,CAF,1900,National Stadium of Congo DR,The Congo DR Team,,https://en.wikipedia.org/wiki/Congo_DR_women's_national_football_team,The Congo DR national women's football team.,105,women,0,0,TBD,TBD,Neighboring Countries,"{""World Cup"": 0, ""Africa Cup of Nations"": 0}",2026-05-11T06:26:08.498980+00:00
322,Indonesia,Indonesia,AFC,1900,National Stadium of Indonesia,The Indonesia Team,,https://en.wikipedia.org/wiki/Indonesia_women's_national_football_team,The Indonesia national women's football team.,106,women,0,0,TBD,TBD,Neighboring Countries,"{""World Cup"": 0, ""AFC Asian Cup"": 0}",2026-05-11T06:26:12.193673+00:00
323,Bulgaria,Bulgaria,UEFA,1900,National Stadium of Bulgaria,The Bulgaria Team,,https://en.wikipedia.org/wiki/Bulgaria_women's_national_football_team,The Bulgaria national women's football team.,107,women,0,0,TBD,TBD,Neighboring Countries,"{""World Cup"": 0, ""European Championship"": 0}",2026-05-11T06:26:18.002467+00:00
324,Bahrain,Bahrain,AFC,1900,National Stadium of Bahrain,The Bahrain Team,,https://en.wikipedia.org/wiki/Bahrain_women's_national_football_team,The Bahrain national women's football team.,108,women,0,0,TBD,TBD,Neighboring Countries,"{""World Cup"": 0, ""AFC Asian Cup"": 0}",2026-05-11T06:26:23.411156+00:00
325,Bolivia,Bolivia,CONMEBOL,1900,National Stadium of Bolivia,The Bolivia Team,,https://en.wikipedia.org/wiki/Bolivia_women's_national_football_team,The Bolivia national women's football team.,109,women,0,0,TBD,TBD,Neighboring Countries,"{""World Cup"": 0, ""Copa América"": 0}",2026-05-11T06:26:30.047976+00:00
327,Vanuatu,Vanuatu,OFC,1900,National Stadium of Vanuatu,The Vanuatu Team,,https://en.wikipedia.org/wiki/Vanuatu_women's_national_football_team,The Vanuatu national women's football team.,111,women,0,0,TBD,TBD,Neighboring Countries,"{""World Cup"": 0, ""OFC Nations Cup"": 0}",2026-05-11T06:26:41.944364+00:00
328,Bangladesh,Bangladesh,AFC,1900,National Stadium of Bangladesh,The Bangladesh Team,,https://en.wikipedia.org/wiki/Bangladesh_women's_national_football_team,The Bangladesh national women's football team.,112,women,0,0,TBD,TBD,Neighboring Countries,"{""World Cup"": 0, ""AFC Asian Cup"": 0}",2026-05-11T06:26:46.588859+00:00
329,Laos,Laos,AFC,1900,National Stadium of Laos,The Laos Team,,https://en.wikipedia.org/wiki/Laos_women's_national_football_team,The Laos national women's football team.,113,women,0,0,TBD,TBD,Neighboring Countries,"{""World Cup"": 0, ""AFC Asian Cup"": 0}",2026-05-11T06:26:51.111611+00:00
330,Congo,Congo,CAF,1900,National Stadium of Congo,The Congo Team,,https://en.wikipedia.org/wiki/Congo_women's_national_football_team,The Congo national women's football team.,114,women,0,0,TBD,TBD,Neighboring Countries,"{""World Cup"": 0, ""Africa Cup of Nations"": 0}",2026-05-11T06:26:55.555073+00:00
331,Luxembourg,Luxembourg,UEFA,1900,National Stadium of Luxembourg,The Luxembourg Team,,https://en.wikipedia.org/wiki/Luxembourg_women's_national_football_team,The Luxembourg national women's football team.,115,women,0,0,TBD,TBD,Neighboring Countries,"{""World Cup"": 0, ""European Championship"": 0}",2026-05-11T06:26:58.951810+00:00
332,Tonga,Tonga,OFC,1900,National Stadium of Tonga,The Tonga Team,,https://en.wikipedia.org/wiki/Tonga_women's_national_football_team,The Tonga national women's football team.,116,women,0,0,TBD,TBD,Neighboring Countries,"{""World Cup"": 0, ""OFC Nations Cup"": 0}",2026-05-11T06:27:03.314542+00:00
333,Cambodia,Cambodia,AFC,1900,National Stadium of Cambodia,The Cambodia Team,,https://en.wikipedia.org/wiki/Cambodia_women's_national_football_team,The Cambodia national women's football team.,117,women,0,0,TBD,TBD,Neighboring Countries,"{""World Cup"": 0, ""AFC Asian Cup"": 0}",2026-05-11T06:27:06.914464+00:00
334,Burkina Faso,Burkina Faso,CAF,1900,National Stadium of Burkina Faso,The Burkina Faso Team,,https://en.wikipedia.org/wiki/Burkina_Faso_women's_national_football_team,The Burkina Faso national women's football team.,118,women,0,0,TBD,TBD,Neighboring Countries,"{""World Cup"": 0, ""Africa Cup of Nations"": 0}",2026-05-11T06:27:13.262093+00:00
335,Cabo Verde,Cabo Verde,CAF,1900,National Stadium of Cabo Verde,The Cabo Verde Team,,https://en.wikipedia.org/wiki/Cabo_Verde_women's_national_football_team,The Cabo Verde national women's football team.,119,women,0,0,TBD,TBD,Neighboring Countries,"{""World Cup"": 0, ""Africa Cup of Nations"": 0}",2026-05-11T06:27:17.942716+00:00
336,American Samoa,American Samoa,OFC,1900,National Stadium of American Samoa,The American Samoa Team,,https://en.wikipedia.org/wiki/American_Samoa_women's_national_football_team,The American Samoa national women's football team.,120,women,0,0,TBD,TBD,Neighboring Countries,"{""World Cup"": 0, ""OFC Nations Cup"": 0}",2026-05-11T06:27:23.205180+00:00
337,Tanzania,Tanzania,CAF,1900,National Stadium of Tanzania,The Tanzania Team,,https://en.wikipedia.org/wiki/Tanzania_women's_national_football_team,The Tanzania national women's football team.,121,women,0,0,TBD,TBD,Neighboring Countries,"{""World Cup"": 0, ""Africa Cup of Nations"": 0}",2026-05-11T06:27:28.339953+00:00
338,Tahiti,Tahiti,OFC,1900,National Stadium of Tahiti,The Tahiti Team,,https://en.wikipedia.org/wiki/Tahiti_women's_national_football_team,The Tahiti national women's football team.,122,women,0,0,TBD,TBD,Neighboring Countries,"{""World Cup"": 0, ""OFC Nations Cup"": 0}",2026-05-11T06:27:32.468126+00:00
340,Namibia,Namibia,CAF,1900,National Stadium of Namibia,The Namibia Team,,https://en.wikipedia.org/wiki/Namibia_women's_national_football_team,The Namibia national women's football team.,124,women,0,0,TBD,TBD,Neighboring Countries,"{""World Cup"": 0, ""Africa Cup of Nations"": 0}",2026-05-11T06:27:41.914289+00:00
341,Georgia,Georgia,UEFA,1900,National Stadium of Georgia,The Georgia Team,,https://en.wikipedia.org/wiki/Georgia_women's_national_football_team,The Georgia national women's football team.,125,women,0,0,TBD,TBD,Neighboring Countries,"{""World Cup"": 0, ""European Championship"": 0}",2026-05-11T06:27:47.428928+00:00
342,Honduras,Honduras,CONCACAF,1900,National Stadium of Honduras,The Honduras Team,,https://en.wikipedia.org/wiki/Honduras_women's_national_football_team,The Honduras national women's football team.,126,women,0,0,TBD,TBD,Neighboring Countries,"{""World Cup"": 0, ""CONCACAF Gold Cup"": 0}",2026-05-11T06:27:52.876464+00:00
343,Zimbabwe,Zimbabwe,CAF,1900,National Stadium of Zimbabwe,The Zimbabwe Team,,https://en.wikipedia.org/wiki/Zimbabwe_women's_national_football_team,The Zimbabwe national women's football team.,127,women,0,0,TBD,TBD,Neighboring Countries,"{""World Cup"": 0, ""Africa Cup of Nations"": 0}",2026-05-11T06:27:57.770612+00:00
344,Kenya,Kenya,CAF,1900,National Stadium of Kenya,The Kenya Team,,https://en.wikipedia.org/wiki/Kenya_women's_national_football_team,The Kenya national women's football team.,128,women,0,0,TBD,TBD,Neighboring Countries,"{""World Cup"": 0, ""Africa Cup of Nations"": 0}",2026-05-11T06:28:02.718216+00:00
345,Palestine,Palestine,AFC,1900,National Stadium of Palestine,The Palestine Team,,https://en.wikipedia.org/wiki/Palestine_women's_national_football_team,The Palestine national women's football team.,129,women,0,0,TBD,TBD,Neighboring Countries,"{""World Cup"": 0, ""AFC Asian Cup"": 0}",2026-05-11T06:28:06.538025+00:00
346,Lebanon,Lebanon,AFC,1900,National Stadium of Lebanon,The Lebanon Team,,https://en.wikipedia.org/wiki/Lebanon_women's_national_football_team,The Lebanon national women's football team.,130,women,0,0,TBD,TBD,Neighboring Countries,"{""World Cup"": 0, ""AFC Asian Cup"": 0}",2026-05-11T06:28:11.172101+00:00
347,Cyprus,Cyprus,UEFA,1900,National Stadium of Cyprus,The Cyprus Team,,https://en.wikipedia.org/wiki/Cyprus_women's_national_football_team,The Cyprus national women's football team.,131,women,0,0,TBD,TBD,Neighboring Countries,"{""World Cup"": 0, ""European Championship"": 0}",2026-05-11T06:28:16.361697+00:00
348,Cook Islands,Cook Islands,OFC,1900,National Stadium of Cook Islands,The Cook Islands Team,,https://en.wikipedia.org/wiki/Cook_Islands_women's_national_football_team,The Cook Islands national women's football team.,132,women,0,0,TBD,TBD,Neighboring Countries,"{""World Cup"": 0, ""OFC Nations Cup"": 0}",2026-05-11T06:28:20.236248+00:00
349,Moldova,Moldova,UEFA,1900,National Stadium of Moldova,The Moldova Team,,https://en.wikipedia.org/wiki/Moldova_women's_national_football_team,The Moldova national women's football team.,133,women,0,0,TBD,TBD,Neighboring Countries,"{""World Cup"": 0, ""European Championship"": 0}",2026-05-11T06:28:24.716604+00:00
350,Togo,Togo,CAF,1900,National Stadium of Togo,The Togo Team,,https://en.wikipedia.org/wiki/Togo_women's_national_football_team,The Togo national women's football team.,134,women,0,0,TBD,TBD,Neighboring Countries,"{""World Cup"": 0, ""Africa Cup of Nations"": 0}",2026-05-11T06:28:29.135514+00:00
351,The Gambia,The Gambia,CAF,1900,National Stadium of The Gambia,The The Gambia Team,,https://en.wikipedia.org/wiki/The_Gambia_women's_national_football_team,The The Gambia national women's football team.,135,women,0,0,TBD,TBD,Neighboring Countries,"{""World Cup"": 0, ""Africa Cup of Nations"": 0}",2026-05-11T06:28:36.357744+00:00
352,North Macedonia,North Macedonia,UEFA,1900,National Stadium of North Macedonia,The North Macedonia Team,,https://en.wikipedia.org/wiki/North_Macedonia_women's_national_football_team,The North Macedonia national women's football team.,136,women,0,0,TBD,TBD,Neighboring Countries,"{""World Cup"": 0, ""European Championship"": 0}",2026-05-11T06:28:41.728046+00:00
353,Ethiopia,Ethiopia,CAF,1900,National Stadium of Ethiopia,The Ethiopia Team,,https://en.wikipedia.org/wiki/Ethiopia_women's_national_football_team,The Ethiopia national women's football team.,137,women,0,0,TBD,TBD,Neighboring Countries,"{""World Cup"": 0, ""Africa Cup of Nations"": 0}",2026-05-11T06:28:46.104902+00:00
354,Benin,Benin,CAF,1900,National Stadium of Benin,The Benin Team,,https://en.wikipedia.org/wiki/Benin_women's_national_football_team,The Benin national women's football team.,138,women,0,0,TBD,TBD,Neighboring Countries,"{""World Cup"": 0, ""Africa Cup of Nations"": 0}",2026-05-11T06:28:51.479184+00:00
355,Suriname,Suriname,CONCACAF,1900,National Stadium of Suriname,The Suriname Team,,https://en.wikipedia.org/wiki/Suriname_women's_national_football_team,The Suriname national women's football team.,139,women,0,0,TBD,TBD,Neighboring Countries,"{""World Cup"": 0, ""CONCACAF Gold Cup"": 0}",2026-05-11T06:28:56.562459+00:00
356,Turkmenistan,Turkmenistan,AFC,1900,National Stadium of Turkmenistan,The Turkmenistan Team,,https://en.wikipedia.org/wiki/Turkmenistan_women's_national_football_team,The Turkmenistan national women's football team.,140,women,0,0,TBD,TBD,Neighboring Countries,"{""World Cup"": 0, ""AFC Asian Cup"": 0}",2026-05-11T06:29:03.714047+00:00
357,Bermuda,Bermuda,CONCACAF,1900,National Stadium of Bermuda,The Bermuda Team,,https://en.wikipedia.org/wiki/Bermuda_women's_national_football_team,The Bermuda national women's football team.,141,women,0,0,TBD,TBD,Neighboring Countries,"{""World Cup"": 0, ""CONCACAF Gold Cup"": 0}",2026-05-11T06:29:08.435057+00:00
358,Guinea,Guinea,CAF,1900,National Stadium of Guinea,The Guinea Team,,https://en.wikipedia.org/wiki/Guinea_women's_national_football_team,The Guinea national women's football team.,142,women,0,0,TBD,TBD,Neighboring Countries,"{""World Cup"": 0, ""Africa Cup of Nations"": 0}",2026-05-11T06:29:13.494593+00:00
359,Kyrgyz Republic,Kyrgyz Republic,AFC,1900,National Stadium of Kyrgyz Republic,The Kyrgyz Republic Team,,https://en.wikipedia.org/wiki/Kyrgyz_Republic_women's_national_football_team,The Kyrgyz Republic national women's football team.,143,women,0,0,TBD,TBD,Neighboring Countries,"{""World Cup"": 0, ""AFC Asian Cup"": 0}",2026-05-11T06:29:17.442585+00:00
360,Central African Republic,Central African Republic,CAF,1900,National Stadium of Central African Republic,The Central African Republic Team,,https://en.wikipedia.org/wiki/Central_African_Republic_women's_national_football_team,The Central African Republic national women's football team.,144,women,0,0,TBD,TBD,Neighboring Countries,"{""World Cup"": 0, ""Africa Cup of Nations"": 0}",2026-05-11T06:29:24.602787+00:00
361,Uganda,Uganda,CAF,1900,National Stadium of Uganda,The Uganda Team,,https://en.wikipedia.org/wiki/Uganda_women's_national_football_team,The Uganda national women's football team.,145,women,0,0,TBD,TBD,Neighboring Countries,"{""World Cup"": 0, ""Africa Cup of Nations"": 0}",2026-05-11T06:29:29.178800+00:00
364,Gabon,Gabon,CAF,1900,National Stadium of Gabon,The Gabon Team,,https://en.wikipedia.org/wiki/Gabon_women's_national_football_team,The Gabon national women's football team.,148,women,0,0,TBD,TBD,Neighboring Countries,"{""World Cup"": 0, ""Africa Cup of Nations"": 0}",2026-05-11T06:29:42.615839+00:00
365,Armenia,Armenia,UEFA,1900,National Stadium of Armenia,The Armenia Team,,https://en.wikipedia.org/wiki/Armenia_women's_national_football_team,The Armenia national women's football team.,149,women,0,0,TBD,TBD,Neighboring Countries,"{""World Cup"": 0, ""European Championship"": 0}",2026-05-11T06:29:47.170942+00:00
366,St Kitts and Nevis,St Kitts and Nevis,CONCACAF,1900,National Stadium of St Kitts and Nevis,The St Kitts and Nevis Team,,https://en.wikipedia.org/wiki/St_Kitts_and_Nevis_women's_national_football_team,The St Kitts and Nevis national women's football team.,150,women,0,0,TBD,TBD,Neighboring Countries,"{""World Cup"": 0, ""CONCACAF Gold Cup"": 0}",2026-05-11T06:29:54.505165+00:00
367,Sierra Leone,Sierra Leone,CAF,1900,National Stadium of Sierra Leone,The Sierra Leone Team,,https://en.wikipedia.org/wiki/Sierra_Leone_women's_national_football_team,The Sierra Leone national women's football team.,151,women,0,0,TBD,TBD,Neighboring Countries,"{""World Cup"": 0, ""Africa Cup of Nations"": 0}",2026-05-11T06:29:59.685296+00:00
368,Singapore,Singapore,AFC,1900,National Stadium of Singapore,The Singapore Team,,https://en.wikipedia.org/wiki/Singapore_women's_national_football_team,The Singapore national women's football team.,152,women,0,0,TBD,TBD,Neighboring Countries,"{""World Cup"": 0, ""AFC Asian Cup"": 0}",2026-05-11T06:30:03.839860+00:00
369,Malawi,Malawi,CAF,1900,National Stadium of Malawi,The Malawi Team,,https://en.wikipedia.org/wiki/Malawi_women's_national_football_team,The Malawi national women's football team.,153,women,0,0,TBD,TBD,Neighboring Countries,"{""World Cup"": 0, ""Africa Cup of Nations"": 0}",2026-05-11T06:30:08.759440+00:00
370,Pakistan,Pakistan,AFC,1900,National Stadium of Pakistan,The Pakistan Team,,https://en.wikipedia.org/wiki/Pakistan_women's_national_football_team,The Pakistan national women's football team.,154,women,0,0,TBD,TBD,Neighboring Countries,"{""World Cup"": 0, ""AFC Asian Cup"": 0}",2026-05-11T06:30:13.701195+00:00
371,Angola,Angola,CAF,1900,National Stadium of Angola,The Angola Team,,https://en.wikipedia.org/wiki/Angola_women's_national_football_team,The Angola national women's football team.,155,women,0,0,TBD,TBD,Neighboring Countries,"{""World Cup"": 0, ""Africa Cup of Nations"": 0}",2026-05-11T06:30:19.110942+00:00
372,Chad,Chad,CAF,1900,National Stadium of Chad,The Chad Team,,https://en.wikipedia.org/wiki/Chad_women's_national_football_team,The Chad national women's football team.,156,women,0,0,TBD,TBD,Neighboring Countries,"{""World Cup"": 0, ""Africa Cup of Nations"": 0}",2026-05-11T06:30:22.839315+00:00
373,Timor-Leste,Timor-Leste,AFC,1900,National Stadium of Timor-Leste,The Timor-Leste Team,,https://en.wikipedia.org/wiki/Timor-Leste_women's_national_football_team,The Timor-Leste national women's football team.,157,women,0,0,TBD,TBD,Neighboring Countries,"{""World Cup"": 0, ""AFC Asian Cup"": 0}",2026-05-11T06:30:28.854226+00:00
374,Tajikistan,Tajikistan,AFC,1900,National Stadium of Tajikistan,The Tajikistan Team,,https://en.wikipedia.org/wiki/Tajikistan_women's_national_football_team,The Tajikistan national women's football team.,158,women,0,0,TBD,TBD,Neighboring Countries,"{""World Cup"": 0, ""AFC Asian Cup"": 0}",2026-05-11T06:30:33.929012+00:00
375,St Vincent and the Grenadines,St Vincent and the Grenadines,CONCACAF,1900,National Stadium of St Vincent and the Grenadines,The St Vincent and the Grenadines Team,,https://en.wikipedia.org/wiki/St_Vincent_and_the_Grenadines_women's_national_football_team,The St Vincent and the Grenadines national women's football team.,159,women,0,0,TBD,TBD,Neighboring Countries,"{""World Cup"": 0, ""CONCACAF Gold Cup"": 0}",2026-05-11T06:30:41.323917+00:00
376,Saudi Arabia,Saudi Arabia,AFC,1900,National Stadium of Saudi Arabia,The Saudi Arabia Team,,https://en.wikipedia.org/wiki/Saudi_Arabia_women's_national_football_team,The Saudi Arabia national women's football team.,160,women,0,0,TBD,TBD,Neighboring Countries,"{""World Cup"": 0, ""AFC Asian Cup"": 0}",2026-05-11T06:30:45.224449+00:00
377,Syria,Syria,AFC,1900,National Stadium of Syria,The Syria Team,,https://en.wikipedia.org/wiki/Syria_women's_national_football_team,The Syria national women's football team.,161,women,0,0,TBD,TBD,Neighboring Countries,"{""World Cup"": 0, ""AFC Asian Cup"": 0}",2026-05-11T06:30:52.636648+00:00
378,Sri Lanka,Sri Lanka,AFC,1900,National Stadium of Sri Lanka,The Sri Lanka Team,,https://en.wikipedia.org/wiki/Sri_Lanka_women's_national_football_team,The Sri Lanka national women's football team.,162,women,0,0,TBD,TBD,Neighboring Countries,"{""World Cup"": 0, ""AFC Asian Cup"": 0}",2026-05-11T06:30:57.826845+00:00
379,Barbados,Barbados,CONCACAF,1900,National Stadium of Barbados,The Barbados Team,,https://en.wikipedia.org/wiki/Barbados_women's_national_football_team,The Barbados national women's football team.,163,women,0,0,TBD,TBD,Neighboring Countries,"{""World Cup"": 0, ""CONCACAF Gold Cup"": 0}",2026-05-11T06:31:02.208357+00:00
380,Bhutan,Bhutan,AFC,1900,National Stadium of Bhutan,The Bhutan Team,,https://en.wikipedia.org/wiki/Bhutan_women's_national_football_team,The Bhutan national women's football team.,164,women,0,0,TBD,TBD,Neighboring Countries,"{""World Cup"": 0, ""AFC Asian Cup"": 0}",2026-05-11T06:31:06.191443+00:00
381,St Lucia,St Lucia,CONCACAF,1900,National Stadium of St Lucia,The St Lucia Team,,https://en.wikipedia.org/wiki/St_Lucia_women's_national_football_team,The St Lucia national women's football team.,165,women,0,0,TBD,TBD,Neighboring Countries,"{""World Cup"": 0, ""CONCACAF Gold Cup"": 0}",2026-05-11T06:31:11.478090+00:00
382,Iraq,Iraq,AFC,1900,National Stadium of Iraq,The Iraq Team,,https://en.wikipedia.org/wiki/Iraq_women's_national_football_team,The Iraq national women's football team.,166,women,0,0,TBD,TBD,Neighboring Countries,"{""World Cup"": 0, ""AFC Asian Cup"": 0}",2026-05-11T06:31:16.584427+00:00
383,Maldives,Maldives,AFC,1900,National Stadium of Maldives,The Maldives Team,,https://en.wikipedia.org/wiki/Maldives_women's_national_football_team,The Maldives national women's football team.,167,women,0,0,TBD,TBD,Neighboring Countries,"{""World Cup"": 0, ""AFC Asian Cup"": 0}",2026-05-11T06:31:21.735163+00:00
384,Belize,Belize,CONCACAF,1900,National Stadium of Belize,The Belize Team,,https://en.wikipedia.org/wiki/Belize_women's_national_football_team,The Belize national women's football team.,168,women,0,0,TBD,TBD,Neighboring Countries,"{""World Cup"": 0, ""CONCACAF Gold Cup"": 0}",2026-05-11T06:31:25.595426+00:00
385,Rwanda,Rwanda,CAF,1900,National Stadium of Rwanda,The Rwanda Team,,https://en.wikipedia.org/wiki/Rwanda_women's_national_football_team,The Rwanda national women's football team.,169,women,0,0,TBD,TBD,Neighboring Countries,"{""World Cup"": 0, ""Africa Cup of Nations"": 0}",2026-05-11T06:31:31.850134+00:00
387,Liberia,Liberia,CAF,1900,National Stadium of Liberia,The Liberia Team,,https://en.wikipedia.org/wiki/Liberia_women's_national_football_team,The Liberia national women's football team.,171,women,0,0,TBD,TBD,Neighboring Countries,"{""World Cup"": 0, ""Africa Cup of Nations"": 0}",2026-05-11T06:31:43.490365+00:00
388,Grenada,Grenada,CONCACAF,1900,National Stadium of Grenada,The Grenada Team,,https://en.wikipedia.org/wiki/Grenada_women's_national_football_team,The Grenada national women's football team.,172,women,0,0,TBD,TBD,Neighboring Countries,"{""World Cup"": 0, ""CONCACAF Gold Cup"": 0}",2026-05-11T06:31:47.699344+00:00
389,Mozambique,Mozambique,CAF,1900,National Stadium of Mozambique,The Mozambique Team,,https://en.wikipedia.org/wiki/Mozambique_women's_national_football_team,The Mozambique national women's football team.,173,women,0,0,TBD,TBD,Neighboring Countries,"{""World Cup"": 0, ""Africa Cup of Nations"": 0}",2026-05-11T06:31:52.108116+00:00
390,Niger,Niger,CAF,1900,National Stadium of Niger,The Niger Team,,https://en.wikipedia.org/wiki/Niger_women's_national_football_team,The Niger national women's football team.,174,women,0,0,TBD,TBD,Neighboring Countries,"{""World Cup"": 0, ""Africa Cup of Nations"": 0}",2026-05-11T06:31:57.888762+00:00
391,Seychelles,Seychelles,CAF,1900,National Stadium of Seychelles,The Seychelles Team,,https://en.wikipedia.org/wiki/Seychelles_women's_national_football_team,The Seychelles national women's football team.,175,women,0,0,TBD,TBD,Neighboring Countries,"{""World Cup"": 0, ""Africa Cup of Nations"": 0}",2026-05-11T06:32:02.047568+00:00
392,Macau,Macau,AFC,1900,National Stadium of Macau,The Macau Team,,https://en.wikipedia.org/wiki/Macau_women's_national_football_team,The Macau national women's football team.,176,women,0,0,TBD,TBD,Neighboring Countries,"{""World Cup"": 0, ""AFC Asian Cup"": 0}",2026-05-11T06:32:05.952325+00:00
393,Lesotho,Lesotho,CAF,1900,National Stadium of Lesotho,The Lesotho Team,,https://en.wikipedia.org/wiki/Lesotho_women's_national_football_team,The Lesotho national women's football team.,177,women,0,0,TBD,TBD,Neighboring Countries,"{""World Cup"": 0, ""Africa Cup of Nations"": 0}",2026-05-11T06:32:11.446290+00:00
394,Guinea-Bissau,Guinea-Bissau,CAF,1900,National Stadium of Guinea-Bissau,The Guinea-Bissau Team,,https://en.wikipedia.org/wiki/Guinea-Bissau_women's_national_football_team,The Guinea-Bissau national women's football team.,178,women,0,0,TBD,TBD,Neighboring Countries,"{""World Cup"": 0, ""Africa Cup of Nations"": 0}",2026-05-11T06:32:15.632560+00:00
395,Andorra,Andorra,UEFA,1900,National Stadium of Andorra,The Andorra Team,,https://en.wikipedia.org/wiki/Andorra_women's_national_football_team,The Andorra national women's football team.,179,women,0,0,TBD,TBD,Neighboring Countries,"{""World Cup"": 0, ""European Championship"": 0}",2026-05-11T06:32:20.797662+00:00
396,Burundi,Burundi,CAF,1900,National Stadium of Burundi,The Burundi Team,,https://en.wikipedia.org/wiki/Burundi_women's_national_football_team,The Burundi national women's football team.,180,women,0,0,TBD,TBD,Neighboring Countries,"{""World Cup"": 0, ""Africa Cup of Nations"": 0}",2026-05-11T06:32:25.702752+00:00
397,Curaçao,Curaçao,CONCACAF,1900,National Stadium of Curaçao,The Curaçao Team,,https://en.wikipedia.org/wiki/Curaçao_women's_national_football_team,The Curaçao national women's football team.,181,women,0,0,TBD,TBD,Neighboring Countries,"{""World Cup"": 0, ""CONCACAF Gold Cup"": 0}",2026-05-11T06:32:32.665761+00:00
398,Antigua and Barbuda,Antigua and Barbuda,CONCACAF,1900,National Stadium of Antigua and Barbuda,The Antigua and Barbuda Team,,https://en.wikipedia.org/wiki/Antigua_and_Barbuda_women's_national_football_team,The Antigua and Barbuda national women's football team.,182,women,0,0,TBD,TBD,Neighboring Countries,"{""World Cup"": 0, ""CONCACAF Gold Cup"": 0}",2026-05-11T06:32:38.091222+00:00
399,Aruba,Aruba,CONCACAF,1900,National Stadium of Aruba,The Aruba Team,,https://en.wikipedia.org/wiki/Aruba_women's_national_football_team,The Aruba national women's football team.,183,women,0,0,TBD,TBD,Neighboring Countries,"{""World Cup"": 0, ""CONCACAF Gold Cup"": 0}",2026-05-11T06:32:43.932724+00:00
400,Eswatini,Eswatini,CAF,1900,National Stadium of Eswatini,The Eswatini Team,,https://en.wikipedia.org/wiki/Eswatini_women's_national_football_team,The Eswatini national women's football team.,184,women,0,0,TBD,TBD,Neighboring Countries,"{""World Cup"": 0, ""Africa Cup of Nations"": 0}",2026-05-11T06:32:47.884932+00:00
401,US Virgin Islands,US Virgin Islands,CONCACAF,1900,National Stadium of US Virgin Islands,The US Virgin Islands Team,,https://en.wikipedia.org/wiki/US_Virgin_Islands_women's_national_football_team,The US Virgin Islands national women's football team.,185,women,0,0,TBD,TBD,Neighboring Countries,"{""World Cup"": 0, ""CONCACAF Gold Cup"": 0}",2026-05-11T06:32:54.387893+00:00
402,Cayman Islands,Cayman Islands,CONCACAF,1900,National Stadium of Cayman Islands,The Cayman Islands Team,,https://en.wikipedia.org/wiki/Cayman_Islands_women's_national_football_team,The Cayman Islands national women's football team.,186,women,0,0,TBD,TBD,Neighboring Countries,"{""World Cup"": 0, ""CONCACAF Gold Cup"": 0}",2026-05-11T06:32:58.808728+00:00
403,Libya,Libya,CAF,1900,National Stadium of Libya,The Libya Team,,https://en.wikipedia.org/wiki/Libya_women's_national_football_team,The Libya national women's football team.,187,women,0,0,TBD,TBD,Neighboring Countries,"{""World Cup"": 0, ""Africa Cup of Nations"": 0}",2026-05-11T06:33:05.431547+00:00
404,Gibraltar,Gibraltar,UEFA,1900,National Stadium of Gibraltar,The Gibraltar Team,,https://en.wikipedia.org/wiki/Gibraltar_women's_national_football_team,The Gibraltar national women's football team.,188,women,0,0,TBD,TBD,Neighboring Countries,"{""World Cup"": 0, ""European Championship"": 0}",2026-05-11T06:33:09.931839+00:00
405,Comoros,Comoros,CAF,1900,National Stadium of Comoros,The Comoros Team,,https://en.wikipedia.org/wiki/Comoros_women's_national_football_team,The Comoros national women's football team.,189,women,0,0,TBD,TBD,Neighboring Countries,"{""World Cup"": 0, ""Africa Cup of Nations"": 0}",2026-05-11T06:33:13.507851+00:00
406,Liechtenstein,Liechtenstein,UEFA,1900,National Stadium of Liechtenstein,The Liechtenstein Team,,https://en.wikipedia.org/wiki/Liechtenstein_women's_national_football_team,The Liechtenstein national women's football team.,190,women,0,0,TBD,TBD,Neighboring Countries,"{""World Cup"": 0, ""European Championship"": 0}",2026-05-11T06:33:18.526224+00:00
407,Madagascar,Madagascar,CAF,1900,National Stadium of Madagascar,The Madagascar Team,,https://en.wikipedia.org/wiki/Madagascar_women's_national_football_team,The Madagascar national women's football team.,191,women,0,0,TBD,TBD,Neighboring Countries,"{""World Cup"": 0, ""Africa Cup of Nations"": 0}",2026-05-11T06:33:23.437572+00:00
408,Anguilla,Anguilla,CONCACAF,1900,National Stadium of Anguilla,The Anguilla Team,,https://en.wikipedia.org/wiki/Anguilla_women's_national_football_team,The Anguilla national women's football team.,192,women,0,0,TBD,TBD,Neighboring Countries,"{""World Cup"": 0, ""CONCACAF Gold Cup"": 0}",2026-05-11T06:33:28.276076+00:00
9,Belgium,Belgium,UEFA,1900,National Stadium of Belgium,The Belgium Team,https://upload.wikimedia.org/wikipedia/en/thumb/f/f9/Royal_Belgian_FA_logo_2019.svg/330px-Royal_Belgian_FA_logo_2019.svg.png,https://en.wikipedia.org/wiki/Belgium_national_football_team,The Belgium national men's football team.,9,men,0,0,TBD,TBD,Neighboring Countries,"{""World Cup"": 0, ""European Championship"": 0}",2026-05-11T05:56:06.531139+00:00
76,Qatar,Qatar,AFC,1900,National Stadium of Qatar,The Qatar Team,,https://en.wikipedia.org/wiki/Qatar_national_football_team,The Qatar national men's football team.,55,men,2,0,TBD,TBD,Neighboring Countries,"{""World Cup"": 0, ""AFC Asian Cup"": 2}",2026-05-11T06:05:30.999959+00:00
100,Oman,Oman,AFC,1900,National Stadium of Oman,The Oman Team,,https://en.wikipedia.org/wiki/Oman_national_football_team,The Oman national men's football team.,79,men,0,0,TBD,TBD,Neighboring Countries,"{""World Cup"": 0, ""AFC Asian Cup"": 0}",2026-05-11T06:07:20.997389+00:00
125,Madagascar,Madagascar,CAF,1900,National Stadium of Madagascar,The Madagascar Team,,https://en.wikipedia.org/wiki/Madagascar_national_football_team,The Madagascar national men's football team.,104,men,0,0,TBD,TBD,Neighboring Countries,"{""World Cup"": 0, ""Africa Cup of Nations"": 0}",2026-05-11T06:09:13.548285+00:00
151,Zimbabwe,Zimbabwe,CAF,1900,National Stadium of Zimbabwe,The Zimbabwe Team,,https://en.wikipedia.org/wiki/Zimbabwe_national_football_team,The Zimbabwe national men's football team.,130,men,0,0,TBD,TBD,Neighboring Countries,"{""World Cup"": 0, ""Africa Cup of Nations"": 0}",2026-05-11T06:11:11.330194+00:00
174,Solomon Islands,Solomon Islands,OFC,1900,National Stadium of Solomon Islands,The Solomon Islands Team,,https://en.wikipedia.org/wiki/Solomon_Islands_national_football_team,The Solomon Islands national men's football team.,153,men,0,0,TBD,TBD,Neighboring Countries,"{""World Cup"": 0, ""OFC Nations Cup"": 0}",2026-05-11T06:12:56.849188+00:00
198,Cambodia,Cambodia,AFC,1900,National Stadium of Cambodia,The Cambodia Team,,https://en.wikipedia.org/wiki/Cambodia_national_football_team,The Cambodia national men's football team.,177,men,0,0,TBD,TBD,Neighboring Countries,"{""World Cup"": 0, ""AFC Asian Cup"": 0}",2026-05-11T06:14:49.240476+00:00
217,São Tomé and Príncipe,São Tomé and Príncipe,CAF,1900,National Stadium of São Tomé and Príncipe,The São Tomé and Príncipe Team,,https://en.wikipedia.org/wiki/São_Tomé_and_Príncipe_national_football_team,The São Tomé and Príncipe national men's football team.,196,men,0,0,TBD,TBD,Neighboring Countries,"{""World Cup"": 0, ""Africa Cup of Nations"": 0}",2026-05-11T06:16:14.938341+00:00
223,Pakistan,Pakistan,AFC,1900,National Stadium of Pakistan,The Pakistan Team,,https://en.wikipedia.org/wiki/Pakistan_national_football_team,The Pakistan national men's football team.,202,men,0,0,TBD,TBD,Neighboring Countries,"{""World Cup"": 0, ""AFC Asian Cup"": 0}",2026-05-11T06:16:45.084205+00:00
225,Seychelles,Seychelles,CAF,1900,National Stadium of Seychelles,The Seychelles Team,,https://en.wikipedia.org/wiki/Seychelles_national_football_team,The Seychelles national men's football team.,204,men,0,0,TBD,TBD,Neighboring Countries,"{""World Cup"": 0, ""Africa Cup of Nations"": 0}",2026-05-11T06:16:54.033767+00:00
244,Poland,Poland,UEFA,1900,National Stadium of Poland,The Poland Team,,https://en.wikipedia.org/wiki/Poland_women's_national_football_team,The Poland national women's football team.,28,women,0,0,TBD,TBD,Neighboring Countries,"{""World Cup"": 0, ""European Championship"": 0}",2026-05-11T06:19:51.587013+00:00
410,South Sudan,South Sudan,CAF,1900,National Stadium of South Sudan,The South Sudan Team,,https://en.wikipedia.org/wiki/South_Sudan_women's_national_football_team,The South Sudan national women's football team.,194,women,0,0,TBD,TBD,Neighboring Countries,"{""World Cup"": 0, ""Africa Cup of Nations"": 0}",2026-05-11T06:33:39.873127+00:00
411,Turks and Caicos Islands,Turks and Caicos Islands,CONCACAF,1900,National Stadium of Turks and Caicos Islands,The Turks and Caicos Islands Team,,https://en.wikipedia.org/wiki/Turks_and_Caicos_Islands_women's_national_football_team,The Turks and Caicos Islands national women's football team.,195,women,0,0,TBD,TBD,Neighboring Countries,"{""World Cup"": 0, ""CONCACAF Gold Cup"": 0}",2026-05-11T06:33:44.833898+00:00
412,Djibouti,Djibouti,CAF,1900,National Stadium of Djibouti,The Djibouti Team,,https://en.wikipedia.org/wiki/Djibouti_women's_national_football_team,The Djibouti national women's football team.,196,women,0,0,TBD,TBD,Neighboring Countries,"{""World Cup"": 0, ""Africa Cup of Nations"": 0}",2026-05-11T06:33:50.798784+00:00
413,Mauritius,Mauritius,CAF,1900,National Stadium of Mauritius,The Mauritius Team,,https://en.wikipedia.org/wiki/Mauritius_women's_national_football_team,The Mauritius national women's football team.,197,women,0,0,TBD,TBD,Neighboring Countries,"{""World Cup"": 0, ""Africa Cup of Nations"": 0}",2026-05-11T06:33:55.961402+00:00
414,Mauritania,Mauritania,CAF,1900,National Stadium of Mauritania,The Mauritania Team,,https://en.wikipedia.org/wiki/Mauritania_women's_national_football_team,The Mauritania national women's football team.,999,women,0,0,TBD,TBD,Neighboring Countries,"{""World Cup"": 0, ""Africa Cup of Nations"": 0}",2026-05-11T06:33:59.808055+00:00
415,Sudan,Sudan,CAF,1900,National Stadium of Sudan,The Sudan Team,,https://en.wikipedia.org/wiki/Sudan_women's_national_football_team,The Sudan national women's football team.,999,women,0,0,TBD,TBD,Neighboring Countries,"{""World Cup"": 0, ""Africa Cup of Nations"": 0}",2026-05-11T06:34:05.342957+00:00
416,British Virgin Islands,British Virgin Islands,CONCACAF,1900,National Stadium of British Virgin Islands,The British Virgin Islands Team,,https://en.wikipedia.org/wiki/British_Virgin_Islands_women's_national_football_team,The British Virgin Islands national women's football team.,999,women,0,0,TBD,TBD,Neighboring Countries,"{""World Cup"": 0, ""CONCACAF Gold Cup"": 0}",2026-05-11T06:34:09.594893+00:00
417,Afghanistan,Afghanistan,AFC,1900,National Stadium of Afghanistan,The Afghanistan Team,,https://en.wikipedia.org/wiki/Afghanistan_women's_national_football_team,The Afghanistan national women's football team.,999,women,0,0,TBD,TBD,Neighboring Countries,"{""World Cup"": 0, ""AFC Asian Cup"": 0}",2026-05-11T06:34:15.475413+00:00
418,Qatar,Qatar,AFC,1900,National Stadium of Qatar,The Qatar Team,,https://en.wikipedia.org/wiki/Qatar_women's_national_football_team,The Qatar national women's football team.,999,women,0,0,TBD,TBD,Neighboring Countries,"{""World Cup"": 0, ""AFC Asian Cup"": 0}",2026-05-11T06:34:19.593801+00:00
419,Eritrea,Eritrea,CAF,1900,National Stadium of Eritrea,The Eritrea Team,,https://en.wikipedia.org/wiki/Eritrea_women's_national_football_team,The Eritrea national women's football team.,999,women,0,0,TBD,TBD,Neighboring Countries,"{""World Cup"": 0, ""Africa Cup of Nations"": 0}",2026-05-11T06:34:24.155077+00:00
420,Kuwait,Kuwait,AFC,1900,National Stadium of Kuwait,The Kuwait Team,,https://en.wikipedia.org/wiki/Kuwait_women's_national_football_team,The Kuwait national women's football team.,999,women,0,0,TBD,TBD,Neighboring Countries,"{""World Cup"": 0, ""AFC Asian Cup"": 0}",2026-05-11T06:34:29.754263+00:00
256,Chinese Taipei,Chinese Taipei,AFC,1900,National Stadium of Chinese Taipei,The Chinese Taipei Team,,https://en.wikipedia.org/wiki/Chinese_Taipei_women's_national_football_team,The Chinese Taipei national women's football team.,40,women,3,0,TBD,TBD,Neighboring Countries,"{""World Cup"": 0, ""AFC Asian Cup"": 3}",2026-05-11T06:20:49.814110+00:00
268,Slovakia,Slovakia,UEFA,1900,National Stadium of Slovakia,The Slovakia Team,,https://en.wikipedia.org/wiki/Slovakia_women's_national_football_team,The Slovakia national women's football team.,52,women,0,0,TBD,TBD,Neighboring Countries,"{""World Cup"": 0, ""European Championship"": 0}",2026-05-11T06:21:49.587408+00:00
283,Bosnia and Herzegovina,Bosnia and Herzegovina,UEFA,1900,National Stadium of Bosnia and Herzegovina,The Bosnia and Herzegovina Team,,https://en.wikipedia.org/wiki/Bosnia_and_Herzegovina_women's_national_football_team,The Bosnia and Herzegovina national women's football team.,67,women,0,0,TBD,TBD,Neighboring Countries,"{""World Cup"": 0, ""European Championship"": 0}",2026-05-11T06:23:07.996018+00:00
292,Jordan,Jordan,AFC,1900,National Stadium of Jordan,The Jordan Team,,https://en.wikipedia.org/wiki/Jordan_women's_national_football_team,The Jordan national women's football team.,76,women,0,0,TBD,TBD,Neighboring Countries,"{""World Cup"": 0, ""AFC Asian Cup"": 0}",2026-05-11T06:23:54.401039+00:00
315,Egypt,Egypt,CAF,1900,National Stadium of Egypt,The Egypt Team,,https://en.wikipedia.org/wiki/Egypt_women's_national_football_team,The Egypt national women's football team.,99,women,0,0,TBD,TBD,Neighboring Countries,"{""World Cup"": 0, ""Africa Cup of Nations"": 0}",2026-05-11T06:25:40.978642+00:00
326,Faroe Islands,Faroe Islands,UEFA,1900,National Stadium of Faroe Islands,The Faroe Islands Team,,https://en.wikipedia.org/wiki/Faroe_Islands_women's_national_football_team,The Faroe Islands national women's football team.,110,women,0,0,TBD,TBD,Neighboring Countries,"{""World Cup"": 0, ""European Championship"": 0}",2026-05-11T06:26:36.067411+00:00
339,United Arab Emirates,United Arab Emirates,AFC,1900,National Stadium of United Arab Emirates,The United Arab Emirates Team,,https://en.wikipedia.org/wiki/United_Arab_Emirates_women's_national_football_team,The United Arab Emirates national women's football team.,123,women,0,0,TBD,TBD,Neighboring Countries,"{""World Cup"": 0, ""AFC Asian Cup"": 0}",2026-05-11T06:27:37.105433+00:00
362,Mongolia,Mongolia,AFC,1900,National Stadium of Mongolia,The Mongolia Team,,https://en.wikipedia.org/wiki/Mongolia_women's_national_football_team,The Mongolia national women's football team.,146,women,0,0,TBD,TBD,Neighboring Countries,"{""World Cup"": 0, ""AFC Asian Cup"": 0}",2026-05-11T06:29:33.549568+00:00
363,Botswana,Botswana,CAF,1900,National Stadium of Botswana,The Botswana Team,,https://en.wikipedia.org/wiki/Botswana_women's_national_football_team,The Botswana national women's football team.,147,women,0,0,TBD,TBD,Neighboring Countries,"{""World Cup"": 0, ""Africa Cup of Nations"": 0}",2026-05-11T06:29:37.319606+00:00
386,Dominica,Dominica,CONCACAF,1900,National Stadium of Dominica,The Dominica Team,,https://en.wikipedia.org/wiki/Dominica_women's_national_football_team,The Dominica national women's football team.,170,women,0,0,TBD,TBD,Neighboring Countries,"{""World Cup"": 0, ""CONCACAF Gold Cup"": 0}",2026-05-11T06:31:38.945275+00:00
409,Bahamas,Bahamas,CONCACAF,1900,National Stadium of Bahamas,The Bahamas Team,,https://en.wikipedia.org/wiki/Bahamas_women's_national_football_team,The Bahamas national women's football team.,193,women,0,0,TBD,TBD,Neighboring Countries,"{""World Cup"": 0, ""CONCACAF Gold Cup"": 0}",2026-05-11T06:33:32.707157+00:00
