id,name,country,ranking,highest_ranking,highest_ranking_date,birth_date,height,weight,playing_style,wins,losses,turned_pro,prize_money,image_url,gender,source,last_updated
631,Alex De Minaur,AUS,7,6,2024-07-15,1999-02-17,"6'0"" (183cm)",152 lbs (69kg),"Right-Handed, Two-Handed Backhand",320,187,2015,"$24,631,895",https://upload.wikimedia.org/wikipedia/commons/thumb/1/13/Alex_de_Minaur_2024.jpg/330px-Alex_de_Minaur_2024.jpg,M,ATP Tour,2026-08-07T06:19:33.141654+00:00
648,Casper Ruud,NOR,14,2,2022-09-12,1998-12-22,"6'0"" (183cm)",178 lbs (81kg),"Right-Handed, Two-Handed Backhand",309,165,2015,"$28,216,069",https://upload.wikimedia.org/wikipedia/commons/thumb/2/26/Ruud_RG22_%2858%29_%2852144535415%29.jpg/330px-Ruud_RG22_%2858%29_%2852144535415%29.jpg?utm_source=en.wikipedia.org&utm_campaign=api&utm_content=thumbnail,M,ATP Tour,2026-08-07T06:19:33.141654+00:00
645,Frances Tiafoe,USA,20,10,2023-06-19,1998-01-20,"6'2"" (188cm)",190 lbs (86kg),"Right-Handed, Two-Handed Backhand",253,222,2015,"$16,752,425",https://upload.wikimedia.org/wikipedia/commons/thumb/a/a3/FrancesTiafo.jpg/330px-FrancesTiafo.jpg?utm_source=en.wikipedia.org&utm_campaign=api&utm_content=thumbnail,M,ATP Tour,2026-08-07T06:19:33.141654+00:00
889,Lois Boisson,FRA,,34,2026-02-02,2003-05-16,1.75m,,Right-handed (two-handed backhand),146,87,,"$1,191,713",https://upload.wikimedia.org/wikipedia/commons/thumb/c/c1/Boisson_BIA21_%2839%29_%2851377575387%29.jpg/330px-Boisson_BIA21_%2839%29_%2851377575387%29.jpg?utm_source=en.wikipedia.org&utm_campaign=api&utm_content=thumbnail,F,WTA Tour Official,2026-05-15T05:02:01.849812+00:00
647,Arthur Rinderknech,FRA,29,24,2026-05-04,1995-07-23,"6'5"" (196cm)",193 lbs (88kg),"Right-Handed, Two-Handed Backhand",109,120,2018,"$6,942,876",https://upload.wikimedia.org/wikipedia/commons/thumb/4/47/Rinderknech_MCM22_%2816%29_%2852036912945%29.jpg/330px-Rinderknech_MCM22_%2816%29_%2852036912945%29.jpg?utm_source=en.wikipedia.org&utm_campaign=api&utm_content=thumbnail,M,ATP Tour,2026-08-07T06:19:33.141654+00:00
652,Joao Fonseca,BRA,27,24,2025-11-03,2006-08-21,"6'2"" (188cm)",179 lbs (81kg),"Right-Handed, Two-Handed Backhand",48,32,,"$3,301,279",https://www.atptour.com/-/media/alias/player-gladiator-headshot/f0fv,M,ATP Tour,2026-07-30T05:01:15.710966+00:00
3399,Loan Lestir,FRA,,1696,,,,,,0,0,,,,M,ATP Tour,2026-05-07T09:40:29.892166+00:00
3401,Neo Niedner,GER,,1696,,,,,,0,0,,,,M,ATP Tour,2026-05-07T09:40:31.074802+00:00
3403,Jack Satterfield,USA,,1696,,,,,,0,0,,,,M,ATP Tour,2026-05-07T09:40:32.265283+00:00
674,Terence Atmane,FRA,46,41,2026-04-13,2002-01-09,"6'4"" (193cm)",176 lbs (80kg),"Left-Handed, Two-Handed Backhand",20,30,,"$1,957,871",https://upload.wikimedia.org/wikipedia/commons/thumb/1/1d/Terence_Atmane_%282024_DC_Open%29_01_%28cropped%29.jpg/330px-Terence_Atmane_%282024_DC_Open%29_01_%28cropped%29.jpg,M,ATP Tour,2026-08-07T06:19:33.141654+00:00
701,Marco Trungelliti,ARG,90,76,2026-04-06,1990-01-31,"5'10"" (178cm)",176 lbs (80kg),"Right-Handed, Two-Handed Backhand",21,30,2008,"$2,362,982",https://upload.wikimedia.org/wikipedia/commons/thumb/8/84/Trungelliti_RGQ22_%2822%29_%2852129538838%29.jpg/330px-Trungelliti_RGQ22_%2822%29_%2852129538838%29.jpg?utm_source=en.wikipedia.org&utm_campaign=api&utm_content=thumbnail,M,ATP Tour,2026-08-07T06:19:33.141654+00:00
3402,Meritxell Teixido Garcia,ESP,,1076,,2007-06-30,,,,0,0,,,,F,WTA Tour Official,2026-05-07T09:40:32.190282+00:00
3404,Ru Xi Wu,CHN,,1077,,2008-08-01,,,,0,0,,,,F,WTA Tour Official,2026-05-07T09:40:33.384673+00:00
733,Coleman Wong,HKG,92,110,2026-05-04,2004-06-06,"6'3"" (191cm)",176 lbs (80kg),"Right-Handed, Two-Handed Backhand",23,20,,"$1,078,863",https://upload.wikimedia.org/wikipedia/commons/thumb/d/df/Coleman_Wong_W22.jpg/330px-Coleman_Wong_W22.jpg,M,ATP Tour,2026-08-07T06:19:33.141654+00:00
913,Magda Linette,POL,68,19,2023-03-20,1992-02-12,1.71m,,Right (two-handed backhand),515,407,,"$8,580,318",https://upload.wikimedia.org/wikipedia/commons/thumb/2/2a/Magda_Linette_%282025_DC_Open%29_01_%28cropped%29.jpg/330px-Magda_Linette_%282025_DC_Open%29_01_%28cropped%29.jpg?utm_source=en.wikipedia.org&utm_campaign=api&utm_content=thumbnail,F,WTA Tour Official,2026-08-07T06:19:33.141654+00:00
917,Yuliia Starodubtseva,UKR,65,53,2026-04-06,2000-02-17,1.72m,,Right (two-handed backhand),155,112,,"$2,039,876",https://upload.wikimedia.org/wikipedia/commons/thumb/4/4e/Yuliia_Starodubtseva_%282023_US_Open%29_07_%28cropped%29.jpg/330px-Yuliia_Starodubtseva_%282023_US_Open%29_07_%28cropped%29.jpg,F,WTA Tour Official,2026-08-07T06:19:33.141654+00:00
752,Mackenzie Mcdonald,USA,,37,2023-10-16,1995-04-16,"5'10"" (178cm)",160 lbs (73kg),"Right-Handed, Two-Handed Backhand",117,146,2016,"$7,149,838",https://upload.wikimedia.org/wikipedia/commons/thumb/d/d7/Mackie_McDonald_%282023_DC_Open%29_01.jpg/330px-Mackie_McDonald_%282023_DC_Open%29_01.jpg,M,ATP Tour,2026-05-15T06:02:55.228107+00:00
1886,Rinko Matsuda,JPN,,531,,2005-04-10,,,,0,0,,,,F,WTA Tour Official,2026-05-07T09:05:47.670972+00:00
780,Arthur Fery,GBR,36,152,2026-02-02,2002-07-12,"5'9"" (175cm)",168 lbs (76kg),"Right-Handed, Two-Handed Backhand",3,6,,"$729,517",https://upload.wikimedia.org/wikipedia/commons/thumb/5/5a/Fery_WMQ22_%2813%29_%2852191184348%29.jpg/330px-Fery_WMQ22_%2813%29_%2852191184348%29.jpg,M,ATP Tour,2026-08-07T06:19:33.141654+00:00
1889,Marlon Vankan,GER,,411,2026-02-02,2000-08-27,"5'7"" (170cm)",154 lbs (70kg),"Right-Handed, Two-Handed Backhand",0,0,,"$61,358",https://www.atptour.com/-/media/alias/player-gladiator-headshot/v0bp,M,ATP Tour,2026-05-15T08:37:11.830533+00:00
1282,Hayu Kinoshita,JPN,,233,2026-05-04,2006-10-27,,,Right (two-handed backhand),109,73,,"$70,902",,F,WTA Tour Official,2026-05-15T06:08:48.964748+00:00
2137,Sander Jong,NED,,463,2024-06-10,2000-05-18,"5'11"" (180cm)",169 lbs (77kg),"Right-Handed, Two-Handed Backhand",0,0,,,https://www.atptour.com/-/media/alias/player-gladiator-headshot/j0cu,M,ATP Tour,2026-05-13T22:59:15.591274+00:00
945,Panna Udvardy,HUN,76,71,2026-04-06,1998-09-28,1.70m,,Right-handed (two-handed backhand),10,11,,"$184,055",https://upload.wikimedia.org/wikipedia/commons/thumb/f/f6/Winners_Open_WTA250_-_Day_3_%2851368518043%29_%28cropped%29.jpg/330px-Winners_Open_WTA250_-_Day_3_%2851368518043%29_%28cropped%29.jpg?utm_source=en.wikipedia.org&utm_campaign=api&utm_content=thumbnail,F,WTA Tour Official,2026-08-07T06:19:33.141654+00:00
2163,Andrew Johnson,USA,,875,2026-05-04,2009-08-23,"5'8"" (173cm)",145 lbs (66kg),"Right-Handed, Two-Handed Backhand",0,0,,,https://upload.wikimedia.org/wikipedia/commons/thumb/e/e6/Andrew_Johnson_photo_portrait_head_and_shoulders%2C_c1870-1880-Edit1.jpg/330px-Andrew_Johnson_photo_portrait_head_and_shoulders%2C_c1870-1880-Edit1.jpg,M,ATP Tour,2026-05-13T23:01:32.046277+00:00
4754,Yuki Bhambri,IND,,,,1992-07-04,,,,0,0,,,https://upload.wikimedia.org/wikipedia/commons/thumb/b/bf/Bhambri_RGQ22_%287%29_%2852129630086%29.jpg/330px-Bhambri_RGQ22_%287%29_%2852129630086%29.jpg,M,atp,2026-06-15T06:21:31.000249+00:00
3420,Riko Kikawada,JPN,,1089,,2006-10-16,,,,0,0,,,,F,WTA Tour Official,2026-05-07T09:40:49.224946+00:00
1190,Luisina Giovannini,ARG,,187,2026-04-13,2006-11-08,,,,144,58,,"$125,245",,F,WTA Tour Official,2026-05-15T05:32:59.709086+00:00
2324,Tomas Martinez,ARG,,623,2026-05-04,2003-08-24,"6'3"" (191cm)",171 lbs (78kg),"Right-Handed, Two-Handed Backhand",0,0,,,https://upload.wikimedia.org/wikipedia/commons/thumb/a/a1/Presidente_Tom%C3%A1s_Mart%C3%ADnez_Guerrero.png/330px-Presidente_Tom%C3%A1s_Mart%C3%ADnez_Guerrero.png,M,ATP Tour,2026-05-13T23:15:28.214236+00:00
629,Ben Shelton,USA,10,5,2025-11-10,2002-10-09,"6'4"" (193cm)",195 lbs (88kg),"Left-Handed, Two-Handed Backhand",128,83,2022,"$13,231,689",https://upload.wikimedia.org/wikipedia/commons/thumb/1/1b/Ben_Shelton%2C_media_conference%2C_Swiss_Indoors_Basel_2025_%28cropped%29.jpg/330px-Ben_Shelton%2C_media_conference%2C_Swiss_Indoors_Basel_2025_%28cropped%29.jpg?utm_source=en.wikipedia.org&utm_campaign=api&utm_content=thumbnail,M,ATP Tour,2026-08-07T06:19:33.141654+00:00
2336,Ricardas Berankis,LTU,,50,2016-05-23,1990-06-21,"5'9"" (175cm)",169 lbs (77kg),"Right-Handed, Two-Handed Backhand",135,153,2007,"US $4,863,335",https://upload.wikimedia.org/wikipedia/commons/thumb/3/35/Berankis_MLC21_%282%29_%2851601462247%29.jpg/330px-Berankis_MLC21_%282%29_%2851601462247%29.jpg,M,ATP Tour,2026-05-13T23:16:20.322597+00:00
1261,Ana Sofia Sánchez,MEX,,222,,1994-04-13,1.62 m,,Left (two-handed backhand),0,0,,"US$424,792",https://upload.wikimedia.org/wikipedia/commons/thumb/5/5d/Sanchez_BIA21_%2852%29_%2851379328720%29.jpg/330px-Sanchez_BIA21_%2852%29_%2851379328720%29.jpg?utm_source=en.wikipedia.org&utm_campaign=api&utm_content=thumbnail,F,WTA Tour Official,2026-05-15T06:06:49.290108+00:00
1263,Miriam Bulgaru,ROU,,168,2025-09-08,1998-10-08,,,Right (two-handed backhand),335,246,,"$516,622",https://upload.wikimedia.org/wikipedia/commons/thumb/0/0a/Winners_Open_WTA250_-_Day_2_%2851362387914%29_%28cropped%29.jpg/330px-Winners_Open_WTA250_-_Day_2_%2851362387914%29_%28cropped%29.jpg,F,WTA Tour Official,2026-05-15T06:07:08.321376+00:00
1291,Julie Belgraver,FRA,,231,2026-04-20,2002-07-04,,,Right-handed (two-handed backhand),178,141,,"$175,605",https://upload.wikimedia.org/wikipedia/commons/thumb/7/7e/Belgraver_RG19_%2811%29_%2848199407917%29.jpg/330px-Belgraver_RG19_%2811%29_%2848199407917%29.jpg,F,WTA Tour Official,2026-05-15T06:09:28.256289+00:00
877,Lautaro Midon,ARG,,215,2026-04-20,2004-03-29,"5'11"" (180cm)",157 lbs (71kg),"Right-Handed, Two-Handed Backhand",0,1,,"$162,152",https://www.atptour.com/-/media/alias/player-gladiator-headshot/m0oh,M,ATP Tour,2026-05-15T06:25:05.442711+00:00
1898,Katerina Tsygourova,SUI,,537,,2000-05-11,,,,0,0,,,,F,WTA Tour Official,2026-05-07T09:06:13.063080+00:00
2359,Egor Pleshivtsev,RUS,,957,2026-04-20,2007-02-11,"6'1"" (185cm)",176 lbs (80kg),"Right-Handed, Two-Handed Backhand",0,0,,,https://www.atptour.com/-/media/alias/player-gladiator-headshot/p0nd,M,ATP Tour,2026-05-13T23:18:29.278189+00:00
888,Alexandra Eala,PHI,20,29,2026-03-16,2005-05-23,1.75m,,Left-handed (two-handed backhand),210,128,,"$1,929,294",https://upload.wikimedia.org/wikipedia/commons/6/6e/Ealas_and_Patrick_Gregorio_%28cropped_Alexandra_Eala%29.jpg?utm_source=en.wikipedia.org&utm_campaign=api&utm_content=thumbnail_unscaled,F,WTA Tour Official,2026-08-07T06:19:33.141654+00:00
640,Arthur Fils,FRA,24,14,2025-04-14,2004-06-12,"6'1"" (185cm)",182 lbs (83kg),"Right-Handed, Two-Handed Backhand",105,64,2021,"$7,903,639",https://upload.wikimedia.org/wikipedia/commons/thumb/8/89/Fils_BOR22_%2852083970501%29.jpg/330px-Fils_BOR22_%2852083970501%29.jpg?utm_source=en.wikipedia.org&utm_campaign=api&utm_content=thumbnail,M,ATP Tour,2026-08-07T06:19:33.141654+00:00
1904,Tomas Farjat,ARG,,363,2023-08-28,2001-02-15,"6'2"" (188cm)",176 lbs (80kg),"Right-Handed, Two-Handed Backhand",0,0,,"$90,290",https://www.atptour.com/-/media/alias/player-gladiator-headshot/f0bv,M,ATP Tour,2026-05-15T08:39:15.253376+00:00
1352,Mia Ristic,SRB,,264,2026-04-06,2006-05-17,,,Right-handed (double handed backhand),142,95,,"$91,655",,F,WTA Tour Official,2026-05-15T06:14:35.454612+00:00
2150,Beatrice Ricci,ITA,,659,,2003-07-07,,,,0,0,,,,F,WTA Tour Official,2026-05-07T09:14:52.284047+00:00
4778,Vera Lapko,BLR,,,,1998-09-29,,,,0,0,,,,F,wta,2026-06-15T06:24:22.366461+00:00
643,Luciano Darderi,ITA,22,18,2026-03-16,2002-02-14,"6'0"" (183cm)",180 lbs (82kg),"Right-Handed, Two-Handed Backhand",68,65,,"$4,070,423",https://upload.wikimedia.org/wikipedia/commons/thumb/f/fb/Darderi_RGQ23_%2852944097003%29.jpg/330px-Darderi_RGQ23_%2852944097003%29.jpg?utm_source=en.wikipedia.org&utm_campaign=api&utm_content=thumbnail,M,ATP Tour,2026-08-07T06:19:33.141654+00:00
903,Pedro Boscardin Dias,BRA,,222,2026-04-20,2003-01-28,"5'11"" (180cm)",165 lbs (75kg),"Right-Handed, Two-Handed Backhand",0,0,,"$203,766",https://www.atptour.com/-/media/alias/player-gladiator-headshot/b0fi,M,ATP Tour,2026-05-15T06:28:15.186767+00:00
883,Tom Gentzsch,GER,,219,2026-05-04,2003-09-05,"6'3"" (191cm)",187 lbs (85kg),"Right-Handed, Two-Handed Backhand",0,0,,"$133,585",https://www.atptour.com/-/media/alias/player-gladiator-headshot/g0ib,M,ATP Tour,2026-05-15T06:25:49.311939+00:00
887,Luka Pavlovic,FRA,,184,2025-07-21,2000-03-30,"6'5"" (196cm)",193 lbs (88kg),"Right-Handed, Two-Handed Backhand",0,1,,"$343,820",https://www.atptour.com/-/media/alias/player-gladiator-headshot/p0ay,M,ATP Tour,2026-05-15T06:26:17.573775+00:00
1423,Alicia Dudeney,GBR,,216,2026-04-20,2003-05-28,,,,17,6,,"$46,043",,F,WTA Tour Official,2026-05-15T06:20:16.137955+00:00
1866,Ilya Ivashka,BLR,,40,2022-06-20,1994-02-24,"6'4"" (193cm)",191 lbs (87kg),"Right-Handed, Two-Handed Backhand",89,89,2013,"$3,395,777",https://upload.wikimedia.org/wikipedia/commons/thumb/3/34/Ivashka_MCM22_%281%29_%2852036455488%29.jpg/330px-Ivashka_MCM22_%281%29_%2852036455488%29.jpg,M,ATP Tour,2026-05-15T08:34:01.725391+00:00
895,Federico Cina,ITA,,183,2026-03-02,2007-03-30,"6'1"" (185cm)",162 lbs (73kg),"Right-Handed, Two-Handed Backhand",2,6,,"$344,819",https://www.atptour.com/-/media/alias/player-gladiator-headshot/c0nb,M,ATP Tour,2026-05-15T06:27:17.050003+00:00
901,Darwin Blanch,USA,,228,2026-05-04,2007-09-28,"6'4"" (193cm)",184 lbs (83kg),"Left-Handed, Two-Handed Backhand",2,5,,"$329,356",https://www.atptour.com/-/media/alias/player-gladiator-headshot/b0no,M,ATP Tour,2026-05-15T06:28:00.887582+00:00
905,Alvaro Guillen Meza,ECU,,175,2025-06-09,2003-01-02,"5'9"" (175cm)",162 lbs (73kg),"Right-Handed, Two-Handed Backhand",4,4,,"$318,847",https://www.atptour.com/-/media/alias/player-gladiator-headshot/g0dh,M,ATP Tour,2026-05-15T06:28:30.669553+00:00
1175,Carlo Alberto Caniato,ITA,,267,2025-09-22,2005-10-31,"6'2"" (188cm)",160 lbs (73kg),"Right-Handed, Two-Handed Backhand",1,1,,"$89,337",https://www.atptour.com/-/media/alias/player-gladiator-headshot/c0lk,M,ATP Tour,2026-05-15T07:04:12.557437+00:00
3398,Eva Marie Desvignes,FRA,,1074,,2008-04-28,,,,0,0,,,,F,WTA Tour Official,2026-05-07T09:40:29.772206+00:00
1184,Mika Brunold,SUI,,289,2025-08-18,2004-10-02,"6'3"" (191cm)",160 lbs (73kg),"Right-Handed, Two-Handed Backhand",1,0,,"$136,021",https://upload.wikimedia.org/wikipedia/commons/thumb/3/3d/Mika_Brunold_Basel_2024.jpg/330px-Mika_Brunold_Basel_2024.jpg,M,ATP Tour,2026-05-15T07:05:11.578218+00:00
4732,Shelby Rogers,USA,,,,1992-10-13,,,,0,0,,,,F,wta,2026-06-15T06:19:54.542748+00:00
3400,Liv Boulard,FRA,,1075,,2008-01-02,,,,0,0,,,,F,WTA Tour Official,2026-05-07T09:40:30.981416+00:00
4788,Kristie Ahn,USA,,,,1992-06-15,,,,0,0,,,,F,wta,2026-06-15T06:25:39.867212+00:00
1545,Kei Nishikori,JPN,,4,2015-03-02,1989-12-29,"5'10"" (178cm)",161 lbs (73kg),"Right-Handed, Two-Handed Backhand",451,231,2007,"$26,091,290",https://upload.wikimedia.org/wikipedia/commons/thumb/1/1b/Nishikori_RG18_%2856%29_%2842077294635%29.jpg/330px-Nishikori_RG18_%2856%29_%2842077294635%29.jpg,M,ATP Tour,2026-05-15T07:52:02.985985+00:00
4733,Nicole Gibbs,USA,,,,1993-03-03,,,,0,0,,,,F,wta,2026-06-15T06:19:58.815648+00:00
4734,Filip Krajinovic,SRB,,,,1992-02-27,,,,0,0,,,https://upload.wikimedia.org/wikipedia/commons/thumb/4/48/Krajinovic_MCM23_%2821%29_%2852882575282%29.jpg/330px-Krajinovic_MCM23_%2821%29_%2852882575282%29.jpg,M,atp,2026-06-15T06:20:01.002880+00:00
4735,Carina Witthoeft,GER,,,,1995-02-16,,,,0,0,,,,F,wta,2026-06-15T06:20:01.002880+00:00
4736,Qiang Wang,CHN,,,,1992-01-14,,,,0,0,,,,F,wta,2026-06-15T06:20:09.793812+00:00
4737,An-Sophie Mestach,BEL,,,,1994-03-07,,,,0,0,,,,F,wta,2026-06-15T06:20:12.732472+00:00
4738,Denisa Satralova,CZE,,,,1993-03-07,,,,0,0,,,,F,wta,2026-06-15T06:20:17.415242+00:00
4739,Grace Min,USA,,,,1994-05-06,,,,0,0,,,,F,wta,2026-06-15T06:20:17.415242+00:00
4740,Ruben Bemelmans,BEL,,,,1988-01-14,,,,0,0,,,https://upload.wikimedia.org/wikipedia/commons/thumb/b/b6/Bemelmans_MLC21_%2851602285796%29.jpg/330px-Bemelmans_MLC21_%2851602285796%29.jpg,M,atp,2026-06-15T06:20:25.594343+00:00
2262,Ivana Sebestova,CZE,,718,,2001-03-04,,,Right-handed (two-handed backhand),0,0,,"US $59,681",,F,WTA Tour Official,2026-05-11T11:33:17.134366+00:00
4741,Lucas Pouille,FRA,,,,1994-02-23,,,,0,0,,,https://upload.wikimedia.org/wikipedia/commons/thumb/3/31/Pouille_WMQ23_%2853061116442%29.jpg/330px-Pouille_WMQ23_%2853061116442%29.jpg,M,atp,2026-06-15T06:20:33.008928+00:00
4742,Andreea Mitu,ROU,,,,1991-09-22,,,,0,0,,,,F,wta,2026-06-15T06:20:33.008928+00:00
4743,Luca Vanni,ITA,,,,1985-06-04,,,,0,0,,,https://upload.wikimedia.org/wikipedia/commons/thumb/3/3b/Luca_Vanni_2%2C_2015_Wimbledon_Qualifying_-_Diliff.jpg/330px-Luca_Vanni_2%2C_2015_Wimbledon_Qualifying_-_Diliff.jpg,M,atp,2026-06-15T06:20:41.190545+00:00
1697,Jasmijn Gimbrere,NED,,186,2025-06-30,2001-03-06,,,,188,101,,"$95,355",,F,WTA Tour Official,2026-05-15T06:42:34.151126+00:00
1703,Ranah Stoiber,GBR,,421,2025-11-03,2005-05-25,,,,90,79,,"$94,696",,F,WTA Tour Official,2026-05-15T06:42:59.948469+00:00
891,Marketa Vondrousova,CZE,,6,2023-09-11,1999-06-28,1.72m,,Left-handed (two-handed backhand),295,132,,"$11,992,580",https://upload.wikimedia.org/wikipedia/commons/thumb/f/f3/Mark%C3%A9ta_Vondrou%C5%A1ov%C3%A1_%282023_US_Open%29_14.jpg/330px-Mark%C3%A9ta_Vondrou%C5%A1ov%C3%A1_%282023_US_Open%29_14.jpg,F,WTA Tour Official,2026-05-15T05:03:17.813118+00:00
650,Francisco Cerundolo,ARG,23,18,2025-05-05,1998-08-13,"6'1"" (185cm)",176 lbs (80kg),"Right-Handed, Two-Handed Backhand",159,123,2018,"$9,972,526",https://upload.wikimedia.org/wikipedia/commons/thumb/7/77/Cerundolo_MCM23_%2821%29_%2852883527185%29.jpg/330px-Cerundolo_MCM23_%2821%29_%2852883527185%29.jpg,M,ATP Tour,2026-08-07T06:19:33.141654+00:00
2265,Alice Robbe,FRA,,720,,2000-05-10,,,,0,0,,"US$229,136",https://upload.wikimedia.org/wikipedia/commons/thumb/2/2e/Robbe_WMQ23_%2853062186303%29.jpg/330px-Robbe_WMQ23_%2853062186303%29.jpg,F,WTA Tour Official,2026-05-11T11:33:29.348970+00:00
1522,Miho Kuramochi,JPN,,326,2026-03-16,1998-09-10,,,Right (two-handed backhand),169,118,,"$85,265",,F,WTA Tour Official,2026-05-15T06:28:08.103306+00:00
653,Corentin Moutet,FRA,59,30,2026-04-20,1999-04-19,"5'11"" (180cm)",156 lbs (71kg),"Left-Handed, Two-Handed Backhand",103,124,2016,"$6,180,258",https://upload.wikimedia.org/wikipedia/commons/thumb/6/6e/Corentin_Moutet_%282025_DC_Open%29_01_%28cropped%29.jpg/330px-Corentin_Moutet_%282025_DC_Open%29_01_%28cropped%29.jpg?utm_source=en.wikipedia.org&utm_campaign=api&utm_content=thumbnail,M,ATP Tour,2026-08-07T06:19:33.141654+00:00
1536,Georgii Kravchenko,UKR,,352,2022-10-03,2000-07-28,"5'11"" (180cm)",149 lbs (68kg),"Right-Handed, Two-Handed Backhand",0,0,,"$107,779",https://www.atptour.com/-/media/alias/player-gladiator-headshot/k0bj,M,ATP Tour,2026-05-15T07:51:07.112799+00:00
2433,Pieter De Lange,NED,,1008,,,,,,0,0,,,,M,ATP Tour,2026-05-07T09:24:23.445074+00:00
2447,Benjamin Winter Lopez,ESP,,1019,,,,,,0,0,,,,M,ATP Tour,2026-05-07T09:24:37.059478+00:00
660,Denis Shapovalov,CAN,43,10,2020-09-21,1999-04-15,"6'1"" (185cm)",165 lbs (75kg),"Left-Handed, One-Handed Backhand",241,203,2017,"$15,037,214",https://upload.wikimedia.org/wikipedia/commons/thumb/c/c9/Denis_Shapovalov%2C_Swiss_Indoors_Basel_2025_%28cropped%29.jpg/330px-Denis_Shapovalov%2C_Swiss_Indoors_Basel_2025_%28cropped%29.jpg?utm_source=en.wikipedia.org&utm_campaign=api&utm_content=thumbnail,M,ATP Tour,2026-08-07T06:19:33.141654+00:00
2448,Ryo Tabata,JPN,,1020,,,,,,0,0,,,,M,ATP Tour,2026-05-07T09:24:38.223005+00:00
2449,Herman Hoeyeraal,NOR,,1021,,,,,,0,0,,,,M,ATP Tour,2026-05-07T09:24:39.381689+00:00
2535,Zhe Li,CHN,,1087,,,,,,0,0,,,,M,ATP Tour,2026-05-07T09:26:00.578736+00:00
1546,Manuel Mazza,ITA,,509,2025-08-04,1999-04-16,"5'10"" (178cm)",156 lbs (71kg),"Right-Handed, Two-Handed Backhand",0,0,,"$48,521",https://www.atptour.com/-/media/alias/player-gladiator-headshot/m0en,M,ATP Tour,2026-05-15T07:52:16.526303+00:00
664,Tomas Machac,CZE,58,20,2025-03-03,2000-10-13,"6'0"" (183cm)",163 lbs (74kg),"Right-Handed, Two-Handed Backhand",84,68,2017,"$6,582,216",https://upload.wikimedia.org/wikipedia/commons/thumb/e/e4/Machac_WMQ23_%2853062093175%29.jpg/330px-Machac_WMQ23_%2853062093175%29.jpg,M,ATP Tour,2026-08-07T06:19:33.141654+00:00
1555,Stefan Popovic,SRB,,381,2026-04-20,2003-05-25,"5'10"" (178cm)",160 lbs (73kg),"Right-Handed, Two-Handed Backhand",0,0,,"$80,089",https://www.atptour.com/-/media/alias/player-gladiator-headshot/p0g5,M,ATP Tour,2026-05-15T07:53:31.562594+00:00
665,Alex Michelsen,USA,42,30,2025-07-14,2004-08-25,"6'4"" (193cm)",175 lbs (79kg),"Right-Handed, Two-Handed Backhand",80,75,2023,"$4,360,342",https://upload.wikimedia.org/wikipedia/commons/thumb/4/49/Alex_Michelsen_%282023_US_Open%29_25_%28cropped%29.jpg/330px-Alex_Michelsen_%282023_US_Open%29_25_%28cropped%29.jpg?utm_source=en.wikipedia.org&utm_campaign=api&utm_content=thumbnail,M,ATP Tour,2026-08-07T06:19:33.141654+00:00
2450,Maxwell Exsted,USA,,1022,,,,,,0,0,,,,M,ATP Tour,2026-05-07T09:24:40.547935+00:00
1550,Millen Hurrion,GBR,,561,2026-05-04,1999-06-22,"6'3"" (191cm)",198 lbs (90kg),"Right-Handed, Two-Handed Backhand",0,0,,"$50,650",https://www.atptour.com/-/media/alias/player-gladiator-headshot/h0ei,M,ATP Tour,2026-05-15T07:52:46.610998+00:00
2451,Tilwith Di Girolami,BEL,,806,,2003-09-29,,,,0,0,,,,F,WTA Tour Official,2026-05-07T09:24:41.556560+00:00
1561,Aidan Mayo,USA,,269,2024-05-20,2003-05-14,"6'0"" (183cm)",165 lbs (75kg),"Right-Handed, Unknown Backhand",0,0,,"$217,824",https://www.atptour.com/-/media/alias/player-gladiator-headshot/m0nb,M,ATP Tour,2026-05-15T07:54:16.209693+00:00
2452,Alexander Kotzen,USA,,1023,,,,,,0,0,,,,M,ATP Tour,2026-05-07T09:24:41.712291+00:00
775,Yunchaokete Bu,CHN,,64,2025-04-14,2002-01-19,"6'1"" (185cm)",181 lbs (82kg),"Right-Handed, Two-Handed Backhand",23,37,,"$1,841,952",https://upload.wikimedia.org/wikipedia/commons/thumb/6/6c/Bu_WMQ23_%2853062101020%29.jpg/330px-Bu_WMQ23_%2853062101020%29.jpg,M,ATP Tour,2026-05-15T06:08:43.846928+00:00
2453,Evgeny Philippov,RUS,,1024,,,,,,0,0,,,,M,ATP Tour,2026-05-07T09:24:42.889494+00:00
2454,Alexander Klintcharov,NZL,,1025,,,,,,0,0,,,,M,ATP Tour,2026-05-07T09:24:44.052070+00:00
671,Ethan Quinn,USA,51,48,2026-04-20,2004-03-12,"6'3"" (191cm)",180 lbs (82kg),"Right-Handed, Two-Handed Backhand",21,33,2023,"$1,866,107",https://upload.wikimedia.org/wikipedia/commons/thumb/f/fd/Ethan_Quinn_%282023_US_Open%29_02_%28cropped%29.jpg/330px-Ethan_Quinn_%282023_US_Open%29_02_%28cropped%29.jpg?utm_source=en.wikipedia.org&utm_campaign=api&utm_content=thumbnail,M,ATP Tour,2026-08-07T06:19:33.141654+00:00
1554,Constantin Bittoun Kouzmine,FRA,,462,2023-11-27,1999-01-04,"5'10"" (178cm)",160 lbs (73kg),"Left-Handed, Two-Handed Backhand",0,0,2018,"$131,148",https://www.atptour.com/-/media/alias/player-gladiator-headshot/bu53,M,ATP Tour,2026-05-15T07:53:15.680963+00:00
1506,Mae Malige,FRA,,418,2025-10-27,2006-03-29,"5'8"" (173cm)",140 lbs (64kg),"Right-Handed, Unknown Backhand",0,0,,"$114,522",https://www.atptour.com/-/media/alias/player-gladiator-headshot/m0to,M,ATP Tour,2026-05-15T07:47:19.604306+00:00
1926,John Sperle,GER,,461,2025-06-30,2002-01-30,"5'9"" (175cm)",160 lbs (73kg),"Left-Handed, Two-Handed Backhand",0,0,,"$48,038",https://www.atptour.com/-/media/alias/player-gladiator-headshot/s0lr,M,ATP Tour,2026-05-15T08:42:15.953774+00:00
4744,Danka Kovinic,MNE,,,,1994-11-18,,,,0,0,,,,F,wta,2026-06-15T06:20:41.190545+00:00
4745,James Ward,GBR,,,,,,,,0,0,,,,M,atp,2026-06-15T06:20:53.746147+00:00
2455,Joao Vitor Scramin Do Lago,BRA,,1026,,,,,,0,0,,,,M,ATP Tour,2026-05-07T09:24:45.337093+00:00
4746,John Millman,AUS,,,,1989-06-14,,,,0,0,,,https://upload.wikimedia.org/wikipedia/commons/thumb/8/88/Millman_WM19_%2817%29_%2848521959092%29.jpg/330px-Millman_WM19_%2817%29_%2848521959092%29.jpg,M,atp,2026-06-15T06:20:53.746147+00:00
1063,Emerson Jones,AUS,,129,2026-05-04,2008-07-07,,,Right-handed (two-handed backhand),88,43,,"$509,987",https://upload.wikimedia.org/wikipedia/commons/thumb/7/73/Emerson_Jones_Eddie_Herr_G14s_Final_2022_%281%29_%28cropped%29.png/330px-Emerson_Jones_Eddie_Herr_G14s_Final_2022_%281%29_%28cropped%29.png,F,WTA Tour Official,2026-05-15T05:20:36.673001+00:00
2456,Zura Tkemaladze,GEO,,1027,,,,,,0,0,,,,M,ATP Tour,2026-05-07T09:24:47.378165+00:00
2457,Carolina  Bohrer Martins,BRA,,807,,2007-09-15,,,,0,0,,,,F,WTA Tour Official,2026-05-07T09:24:48.416809+00:00
1070,Lin Zhu,CHN,,31,2023-09-18,1994-01-28,1.73m,,,443,315,,"$4,110,296",https://photoresources.wtatennis.com/photo-resources/2024/04/29/5728c58d-1661-4425-bb90-f90c9b8a32b9/Zhu-Torso_317306-WTA-Tennis.png?width=790&height=740,F,WTA Tour Official,2026-05-15T05:21:04.753126+00:00
672,Fabian Marozsan,HUN,61,36,2024-05-06,1999-10-08,"6'4"" (193cm)",165 lbs (75kg),"Right-Handed, Two-Handed Backhand",72,75,2017,"$4,417,325",https://upload.wikimedia.org/wikipedia/commons/thumb/b/b0/F%C3%A1bi%C3%A1n_Marozs%C3%A1n_%282025_DC_Open%29_01_%28cropped%29.jpg/330px-F%C3%A1bi%C3%A1n_Marozs%C3%A1n_%282025_DC_Open%29_01_%28cropped%29.jpg?utm_source=en.wikipedia.org&utm_campaign=api&utm_content=thumbnail,M,ATP Tour,2026-08-07T06:19:33.141654+00:00
3405,Max Sheldon,USA,,1696,,,,,,0,0,,,,M,ATP Tour,2026-05-07T09:40:33.431398+00:00
920,Pol Martin Tiffon,ESP,,197,2025-06-09,1999-07-30,"6'0"" (183cm)",160 lbs (73kg),"Right-Handed, Two-Handed Backhand",0,0,,"$356,775",https://www.atptour.com/-/media/alias/player-gladiator-headshot/m0ea,M,ATP Tour,2026-05-15T06:30:20.427060+00:00
922,Frederico Ferreira Silva,POR,,168,2021-05-24,1995-03-18,"5'10"" (178cm)",163 lbs (74kg),"Left-Handed, Two-Handed Backhand",5,8,2013,"$842,597",https://upload.wikimedia.org/wikipedia/commons/thumb/d/d1/Ferreira_Silva_WMQ23_%2853061896579%29.jpg/330px-Ferreira_Silva_WMQ23_%2853061896579%29.jpg?utm_source=en.wikipedia.org&utm_campaign=api&utm_content=thumbnail,M,ATP Tour,2026-05-15T06:30:34.177327+00:00
935,Ilia Simakin,RUS,,214,2026-02-02,2003-10-27,"6'4"" (193cm)",187 lbs (85kg),"Right-Handed, Two-Handed Backhand",0,0,,"$148,083",https://www.atptour.com/-/media/alias/player-gladiator-headshot/s0o6,M,ATP Tour,2026-05-15T06:32:19.543137+00:00
1088,Elvina Kalieva,USA,,134,2026-04-20,2003-07-27,,,Right-handed,199,171,,"$598,882",https://upload.wikimedia.org/wikipedia/commons/thumb/f/fd/Kalieva_WMQ22_%2821%29_%2852190140517%29.jpg/330px-Kalieva_WMQ22_%2821%29_%2852190140517%29.jpg,F,WTA Tour Official,2026-05-15T05:52:26.691065+00:00
1080,Bianca Andreescu,CAN,,137,2019-10-21,2000-06-16,1.70m,,Right-handed (two-handed backhand),20,8,,"$77,449",https://upload.wikimedia.org/wikipedia/commons/thumb/d/df/Bianca_Andreescu_%282023_DC_Open%29_04_%28cropped%29.jpg/330px-Bianca_Andreescu_%282023_DC_Open%29_04_%28cropped%29.jpg?utm_source=en.wikipedia.org&utm_campaign=api&utm_content=thumbnail,F,WTA Tour Official,2026-05-15T05:51:56.611143+00:00
916,Nerman Fatic,BIH,,191,2023-08-07,1994-10-24,"6'3"" (191cm)",193 lbs (88kg),"Right-Handed, Two-Handed Backhand",4,6,2014,"$448,814",https://upload.wikimedia.org/wikipedia/commons/thumb/f/fa/Nerman_Fati%C4%87_%282023_US_Open%29_02_%28cropped%29.jpg/330px-Nerman_Fati%C4%87_%282023_US_Open%29_02_%28cropped%29.jpg,M,ATP Tour,2026-05-15T06:29:48.575725+00:00
926,Raul Brancaccio,ITA,,121,2023-02-13,1997-05-04,"6'1"" (185cm)",162 lbs (73kg),"Right-Handed, Two-Handed Backhand",0,1,,"$573,216",https://upload.wikimedia.org/wikipedia/commons/thumb/0/0e/2023_Roland_Garros_Qualifying_Tournament_-_106_%28cropped%29.jpg/330px-2023_Roland_Garros_Qualifying_Tournament_-_106_%28cropped%29.jpg,M,ATP Tour,2026-05-15T06:31:05.812703+00:00
4100,Ana Zamburek,DOM,,1474,,2003-03-16,,,,0,0,,,,F,WTA Tour Official,2026-05-07T09:48:58.868290+00:00
928,Charles Broom,GBR,,235,2024-06-17,1998-04-24,"5'10"" (178cm)",180 lbs (82kg),"Right-Handed, Two-Handed Backhand",0,2,,"$384,983",https://upload.wikimedia.org/wikipedia/commons/thumb/b/b2/Broom_WMQ22_%2815%29_%2852190169737%29.jpg/330px-Broom_WMQ22_%2815%29_%2852190169737%29.jpg,M,ATP Tour,2026-05-15T06:31:19.687619+00:00
950,Soonwoo Kwon,KOR,,52,2021-11-01,1997-12-02,"5'11"" (180cm)",159 lbs (72kg),"Right-Handed, Two-Handed Backhand",70,73,2015,"$3,149,356",https://upload.wikimedia.org/wikipedia/commons/thumb/8/84/Kwon_RG22_%2821%29_%2852144070731%29.jpg/330px-Kwon_RG22_%2821%29_%2852144070731%29.jpg,M,ATP Tour,2026-05-15T06:34:08.231070+00:00
4103,Mika Buchnik,ISR,,1474,,2007-03-12,,,,0,0,,,,F,WTA Tour Official,2026-05-07T09:49:02.221044+00:00
4105,Paavanii Paathak,IND,,1474,,2003-12-12,,,,0,0,,,,F,WTA Tour Official,2026-05-07T09:49:04.939741+00:00
4107,Gloria Contrino,ITA,,1474,,2003-01-26,,,,0,0,,,,F,WTA Tour Official,2026-05-07T09:49:08.251548+00:00
941,Andrea Guerrieri,ITA,,248,2026-05-04,1998-12-03,"5'11"" (180cm)",166 lbs (75kg),"Left-Handed, Two-Handed Backhand",0,0,,"$121,668",https://www.atptour.com/-/media/alias/player-gladiator-headshot/g0a0,M,ATP Tour,2026-05-15T06:33:09.946866+00:00
952,Pavel Kotov,RUS,,50,2024-06-17,1998-11-18,"6'3"" (191cm)",196 lbs (89kg),"Right-Handed, Two-Handed Backhand",36,46,2016,"$2,254,185",https://upload.wikimedia.org/wikipedia/commons/thumb/5/59/Kotov_RGQ23_%2852942982357%29.jpg/330px-Kotov_RGQ23_%2852942982357%29.jpg?utm_source=en.wikipedia.org&utm_campaign=api&utm_content=thumbnail,M,ATP Tour,2026-05-15T06:34:22.930741+00:00
954,Florent Bax,FRA,,254,2026-05-04,1999-06-16,"6'1"" (185cm)",171 lbs (78kg),"Right-Handed, Two-Handed Backhand",0,0,,"$124,932",https://www.atptour.com/-/media/alias/player-gladiator-headshot/b0bu,M,ATP Tour,2026-05-15T06:34:37.025278+00:00
949,Marko Topo,GER,,235,2026-03-02,2003-09-13,"6'2"" (188cm)",187 lbs (85kg),"Right-Handed, Two-Handed Backhand",0,7,2021,"$228,111",https://www.atptour.com/-/media/alias/player-gladiator-headshot/t0fi,M,ATP Tour,2026-05-15T06:33:53.066782+00:00
968,Juncheng Shang,CHN,,47,2024-10-21,2005-02-02,"5'11"" (180cm)",162 lbs (73kg),"Left-Handed, Two-Handed Backhand",38,44,2021,"$2,496,311",https://upload.wikimedia.org/wikipedia/commons/thumb/e/ea/Shang_Juncheng_%282023_US_Open%29_03_%28cropped%29.jpg/330px-Shang_Juncheng_%282023_US_Open%29_03_%28cropped%29.jpg,M,ATP Tour,2026-05-15T06:36:22.493086+00:00
958,Edas Butvilas,LTU,,201,2025-03-17,2004-07-23,"6'3"" (191cm)",173 lbs (78kg),"Right-Handed, Two-Handed Backhand",4,4,,"$251,588",https://www.atptour.com/-/media/alias/player-gladiator-headshot/b0mm,M,ATP Tour,2026-05-15T06:35:07.300569+00:00
966,Miguel Damas,ESP,,260,2026-05-04,1999-12-21,"6'10"" (208cm)",185 lbs (84kg),"Right-Handed, Two-Handed Backhand",0,0,,"$144,636",https://www.atptour.com/-/media/alias/player-gladiator-headshot/d0cn,M,ATP Tour,2026-05-15T06:36:08.283090+00:00
1205,Daniel Dutra Da Silva,BRA,,207,2022-08-15,1988-07-05,"5'10"" (178cm)",158 lbs (72kg),"Left-Handed, Two-Handed Backhand",0,2,2007,"$465,089",https://upload.wikimedia.org/wikipedia/commons/thumb/a/af/Daniel_Dutra_Silva_Sao_Leo_Open_2026.jpg/330px-Daniel_Dutra_Silva_Sao_Leo_Open_2026.jpg?utm_source=en.wikipedia.org&utm_campaign=api&utm_content=thumbnail,M,ATP Tour,2026-05-15T07:07:57.578768+00:00
918,Max Houkes,NED,,233,2026-04-20,2000-07-03,"6'2"" (188cm)",171 lbs (78kg),"Left-Handed, Two-Handed Backhand",0,0,,"$224,619",https://www.atptour.com/-/media/alias/player-gladiator-headshot/h0cx,M,ATP Tour,2026-05-15T06:30:04.860375+00:00
1558,Nicolas Arseneault,CAN,,491,2025-08-04,2007-01-18,"6'0"" (183cm)",170 lbs (77kg),"Left-Handed, Two-Handed Backhand",1,1,,"$74,630",https://www.atptour.com/-/media/alias/player-gladiator-headshot/a0k3,M,ATP Tour,2026-05-15T07:53:45.722834+00:00
1589,Andrew Paulson,CZE,,112,2026-05-04,2001-11-16,"6'3"" (191cm)",187 lbs (85kg),"Right-Handed, Two-Handed Backhand",0,0,,"$191,722",https://upload.wikimedia.org/wikipedia/commons/thumb/2/21/Andrew_Paulson_of_SUP.jpg/330px-Andrew_Paulson_of_SUP.jpg?utm_source=en.wikipedia.org&utm_campaign=api&utm_content=thumbnail,M,ATP Tour,2026-05-15T07:57:52.661489+00:00
676,Hubert Hurkacz,POL,72,6,2024-08-05,1997-02-11,"6'5"" (196cm)",179 lbs (81kg),"Right-Handed, Two-Handed Backhand",234,162,2015,"$19,884,034",https://upload.wikimedia.org/wikipedia/commons/thumb/b/bd/Hubi_Hurkacz_%282023_DC_Open%29_01.jpg/330px-Hubi_Hurkacz_%282023_DC_Open%29_01.jpg?utm_source=en.wikipedia.org&utm_campaign=api&utm_content=thumbnail,M,ATP Tour,2026-08-07T06:19:33.141654+00:00
682,Yannick Hanfmann,GER,57,45,2023-07-03,1991-11-13,"6'4"" (193cm)",190 lbs (86kg),"Right-Handed, Two-Handed Backhand",96,97,2015,"$4,212,370",https://upload.wikimedia.org/wikipedia/commons/thumb/5/51/Hanfmann_RGQ23_%2852944097178%29.jpg/330px-Hanfmann_RGQ23_%2852944097178%29.jpg?utm_source=en.wikipedia.org&utm_campaign=api&utm_content=thumbnail,M,ATP Tour,2026-08-07T06:19:33.141654+00:00
684,Camilo Ugo Carabelli,ARG,76,43,2025-08-18,1999-06-17,"6'1"" (185cm)",182 lbs (83kg),"Right-Handed, Two-Handed Backhand",32,45,2016,"$2,478,974",https://upload.wikimedia.org/wikipedia/commons/thumb/0/05/Ugo_Carabelli_RGQ22_%282%29_%2852129754339%29.jpg/330px-Ugo_Carabelli_RGQ22_%282%29_%2852129754339%29.jpg?utm_source=en.wikipedia.org&utm_campaign=api&utm_content=thumbnail,M,ATP Tour,2026-08-07T06:19:33.141654+00:00
681,Giovanni Mpetshi Perricard,FRA,91,29,2025-02-24,2003-07-08,"6'7"" (201cm)",226 lbs (103kg),"Right-Handed, One-Handed Backhand",42,50,2021,"$3,289,321",https://upload.wikimedia.org/wikipedia/commons/thumb/f/fe/Giovanni_Mpetshi_Perricard_%282024_US_Open%29_01_%28cropped%29.jpg/330px-Giovanni_Mpetshi_Perricard_%282024_US_Open%29_01_%28cropped%29.jpg?utm_source=en.wikipedia.org&utm_campaign=api&utm_content=thumbnail,M,ATP Tour,2026-08-07T06:19:33.141654+00:00
678,Vit Kopriva,CZE,71,55,2026-05-04,1997-06-15,"5'10"" (178cm)",152 lbs (69kg),"Right-Handed, Two-Handed Backhand",28,32,2015,"$2,153,358",https://upload.wikimedia.org/wikipedia/commons/thumb/6/63/Kopriva_WMQ23_%2853061122317%29.jpg/330px-Kopriva_WMQ23_%2853061122317%29.jpg,M,ATP Tour,2026-08-07T06:19:33.141654+00:00
685,Ignacio Buse,PER,33,58,2026-04-20,2004-03-25,"6'0"" (183cm)",171 lbs (78kg),"Right-Handed, Two-Handed Backhand",14,13,,"$759,225",https://www.atptour.com/-/media/alias/player-gladiator-headshot/b0id,M,ATP Tour,2026-08-07T06:19:33.141654+00:00
1001,Hanne Vandewinkel,BEL,93,98,2026-04-20,2004-05-21,"5' 10"" (1.78 m)",,Right-handed (two-handed backhand),23,8,,"$88,700",https://photoresources.wtatennis.com/photo-resources/2024/04/19/3cf2e12f-b281-4a82-b797-657822e3a78b/331102.jpg?width=258&height=345,F,WTA Tour Official,2026-08-07T06:19:33.141654+00:00
686,Jenson Brooksby,USA,74,33,2022-06-13,2000-10-26,"6'4"" (193cm)",190 lbs (86kg),"Right-Handed, Two-Handed Backhand",70,57,2021,"$3,629,841",https://upload.wikimedia.org/wikipedia/commons/thumb/c/cd/Brooksby_RG21_%2842%29_%2851376192761%29.jpg/330px-Brooksby_RG21_%2842%29_%2851376192761%29.jpg,M,ATP Tour,2026-08-07T06:19:33.141654+00:00
688,Sebastian Baez,ARG,48,18,2024-06-24,2000-12-28,"5'7"" (170cm)",154 lbs (70kg),"Right-Handed, Two-Handed Backhand",124,122,2018,"$6,743,911",https://upload.wikimedia.org/wikipedia/commons/thumb/a/ac/Baez_RG22_%28cropped%29.jpg/330px-Baez_RG22_%28cropped%29.jpg,M,ATP Tour,2026-08-07T06:19:33.141654+00:00
4782,Prajnesh Gunneswaran,IND,,,,1989-11-12,,,,0,0,,,,M,atp,2026-06-15T06:24:53.357415+00:00
2458,Ruslan Tiukaev,RUS,,1028,,,,,,0,0,,,,M,ATP Tour,2026-05-07T09:24:48.610793+00:00
693,Miomir Kecmanovic,SRB,62,27,2023-01-16,1999-08-31,"6'0"" (183cm)",165 lbs (75kg),"Right-Handed, Two-Handed Backhand",176,188,2017,"$8,698,908",https://upload.wikimedia.org/wikipedia/commons/thumb/0/0e/Kecmanovic_RG21_%2811%29_%2851377164760%29.jpg/330px-Kecmanovic_RG21_%2811%29_%2851377164760%29.jpg?utm_source=en.wikipedia.org&utm_campaign=api&utm_content=thumbnail,M,ATP Tour,2026-08-07T06:19:33.141654+00:00
692,Thiago Agustin Tirante,ARG,65,69,2026-05-04,2001-04-10,"6'1"" (185cm)",178 lbs (81kg),"Right-Handed, Two-Handed Backhand",21,20,2016,"$1,693,584",https://upload.wikimedia.org/wikipedia/commons/thumb/f/f9/Tirante_RGQ22_%2860%29_%2852129513946%29.jpg/330px-Tirante_RGQ22_%2860%29_%2852129513946%29.jpg,M,ATP Tour,2026-08-07T06:19:33.141654+00:00
723,Matteo Berrettini,ITA,40,6,2022-01-31,1996-04-12,"6'5"" (196cm)",209 lbs (95kg),"Right-Handed, Two-Handed Backhand",218,123,2015,"$14,099,502",https://upload.wikimedia.org/wikipedia/commons/thumb/0/0d/Matteo_Berrettini_at_2025_Miami_Open_01_%28cropped%29_%28cropped%29.jpg/330px-Matteo_Berrettini_at_2025_Miami_Open_01_%28cropped%29_%28cropped%29.jpg,M,ATP Tour,2026-08-07T06:19:33.141654+00:00
4783,Pedro Sousa,POR,,,,1988-05-27,,,,0,0,,,https://upload.wikimedia.org/wikipedia/commons/thumb/2/2c/Sousa_P._BOR22_%2852083960741%29.jpg/330px-Sousa_P._BOR22_%2852083960741%29.jpg,M,atp,2026-06-15T06:25:05.991433+00:00
1529,Francesca Pace,ITA,,287,2026-01-19,2005-08-05,,,Right-handed,64,40,,"$47,829",,F,WTA Tour Official,2026-05-15T06:28:42.325114+00:00
2459,Billy Suarez,USA,,1029,,,,,,0,0,,,,M,ATP Tour,2026-05-07T09:24:49.812066+00:00
689,Lorenzo Sonego,ITA,88,21,2021-10-04,1995-05-11,"6'3"" (191cm)",168 lbs (76kg),"Right-Handed, Two-Handed Backhand",170,188,2013,"$9,595,916",https://upload.wikimedia.org/wikipedia/commons/thumb/7/70/Sonego_MCM22_%2822%29_%2852035355412%29.jpg/330px-Sonego_MCM22_%2822%29_%2852035355412%29.jpg,M,ATP Tour,2026-08-07T06:19:33.141654+00:00
1510,Hanna Chang,USA,,169,2024-11-25,1998-02-25,,,,348,252,,"$490,823",,F,WTA Tour Official,2026-05-15T06:27:22.582860+00:00
2460,Andrea De Marchi,ITA,,1030,,,,,,0,0,,,,M,ATP Tour,2026-05-07T09:24:50.975344+00:00
2479,Jangjun Kim,KOR,,1045,,,,,,0,0,,,,M,ATP Tour,2026-05-07T09:25:09.180637+00:00
713,Zachary Svajda,USA,87,82,2026-03-30,2002-11-29,"5'9"" (175cm)",155 lbs (70kg),"Right-Handed, Two-Handed Backhand",10,25,2019,"$1,543,786",https://upload.wikimedia.org/wikipedia/commons/thumb/6/6b/Zach_Svajda_%282023_DC_Open%29_05.jpg/330px-Zach_Svajda_%282023_DC_Open%29_05.jpg,M,ATP Tour,2026-08-07T06:19:33.141654+00:00
2461,Daphnee Mpetshi Perricard,FRA,,808,,2008-11-21,,,,0,0,,,,F,WTA Tour Official,2026-05-07T09:24:52.083223+00:00
683,Alexei Popyrin,AUS,,19,2025-08-04,1999-08-05,"6'5"" (196cm)",172 lbs (78kg),"Right-Handed, Two-Handed Backhand",114,146,2017,"$9,441,929",https://upload.wikimedia.org/wikipedia/commons/thumb/b/b3/Popyrin_RG19_%2846%29_%2848199101562%29.jpg/330px-Popyrin_RG19_%2846%29_%2848199101562%29.jpg?utm_source=en.wikipedia.org&utm_campaign=api&utm_content=thumbnail,M,ATP Tour,2026-05-15T05:46:36.938505+00:00
1320,Mingge Xu,GBR,,252,2026-01-05,2007-10-02,"5'9"" (175cm)",,,0,4,,"$29,435",https://upload.wikimedia.org/wikipedia/commons/thumb/f/f2/Xu_WMQ22_%2814%29_%2852191114756%29.jpg/330px-Xu_WMQ22_%2814%29_%2852191114756%29.jpg,F,WTA Tour Official,2026-05-15T06:12:12.497371+00:00
1106,Kayla Day,USA,,84,2024-04-01,1999-09-28,1.73m,,Left (two-handed backhand),288,209,,"$1,356,855",https://upload.wikimedia.org/wikipedia/commons/thumb/2/26/Day_RGQ23.jpg/330px-Day_RGQ23.jpg,F,WTA Tour Official,2026-05-15T05:23:30.823671+00:00
663,Holger Rune,DEN,99,4,2023-08-21,2003-04-29,"6'2"" (188cm)",169 lbs (77kg),"Right-Handed, Two-Handed Backhand",175,107,2020,"$15,739,774",https://upload.wikimedia.org/wikipedia/commons/thumb/3/3e/Rune_RG22_%284%29_%2852144534990%29.jpg/330px-Rune_RG22_%284%29_%2852144534990%29.jpg,M,ATP Tour,2026-08-07T06:19:33.141654+00:00
804,Facundo Diaz Acosta,ARG,84,47,2024-04-22,2000-12-15,"6'0"" (183cm)",165 lbs (75kg),"Left-Handed, Two-Handed Backhand",21,29,2018,"$1,545,618",https://upload.wikimedia.org/wikipedia/commons/thumb/6/6b/Road_2_Australia_-_Navone_V_Diaz_Acosta_semifinal_-_BugWarp_139_%28cropped%29.jpg/330px-Road_2_Australia_-_Navone_V_Diaz_Acosta_semifinal_-_BugWarp_139_%28cropped%29.jpg,M,ATP Tour,2026-08-07T06:19:33.141654+00:00
1110,Joanna Garland,TPE,,117,2026-01-12,2001-07-16,,,Right (two-handed backhand),274,128,,"$474,769",https://upload.wikimedia.org/wikipedia/commons/thumb/d/d0/Garland_RGQ23.jpg/330px-Garland_RGQ23.jpg,F,WTA Tour Official,2026-05-15T05:54:05.527537+00:00
882,Katerina Siniakova,CZE,37,1,2018-10-22,1996-05-10,1.74m,,Right-handed (two-handed backhand),429,164,,"$16,046,427",https://upload.wikimedia.org/wikipedia/commons/thumb/5/53/2023-06_Kate%C5%99ina_Siniakov%C3%A1_autograph_%28cropped%29.jpg/330px-2023-06_Kate%C5%99ina_Siniakov%C3%A1_autograph_%28cropped%29.jpg,F,WTA Tour Official,2026-08-07T06:19:33.141654+00:00
1119,Lucrezia Stefanini,ITA,,99,2023-08-07,1998-05-15,5' 5'' (1.64 m),,Right (two-handed both sides),351,278,,"$1,161,088",https://upload.wikimedia.org/wikipedia/commons/thumb/6/63/Stefanini_WMQ23_%2853061864014%29.jpg/330px-Stefanini_WMQ23_%2853061864014%29.jpg?utm_source=en.wikipedia.org&utm_campaign=api&utm_content=thumbnail,F,WTA Tour Official,2026-05-15T05:24:34.028589+00:00
1122,Laura Samson,CZE,,156,2026-05-04,2008-03-10,,,,78,38,,"$287,053",https://photoresources.wtatennis.com/photo-resources/2024/07/25/252688c0-7bdf-4890-8c97-3d4bfa591d8f/Samson-Torso_333944.png?width=790&height=740,F,WTA Tour Official,2026-05-15T05:24:54.660938+00:00
1132,Tatiana Prozorova,RUS,,140,2025-07-28,2003-10-10,,,Right-handed (two-handed backhand),175,96,,"$404,001",https://upload.wikimedia.org/wikipedia/commons/thumb/7/7a/Tatiana_Prozorova_%282023_US_Open%29_01_%28cropped%29.jpg/330px-Tatiana_Prozorova_%282023_US_Open%29_01_%28cropped%29.jpg,F,WTA Tour Official,2026-05-15T05:25:44.478792+00:00
1949,Ignacio Parisca Romera,VEN,,756,2025-07-14,2005-08-20,"5'10"" (178cm)",0 lbs (0kg),"Right-Handed, Two-Handed Backhand",0,2,,"$24,118",https://www.atptour.com/-/media/alias/player-gladiator-headshot/p0i5,M,ATP Tour,2026-05-15T08:45:17.425634+00:00
1670,Mate Valkusz,HUN,,204,2023-06-12,1998-08-13,"6'0"" (183cm)",165 lbs (75kg),"Right-Handed, Two-Handed Backhand",2,7,,"$304,762",https://upload.wikimedia.org/wikipedia/commons/thumb/c/ce/Valkusz_WMQ22_%285%29_%2852190097897%29.jpg/330px-Valkusz_WMQ22_%285%29_%2852190097897%29.jpg,M,ATP Tour,2026-05-15T08:08:52.942974+00:00
4747,Margarita Gasparyan,RUS,,,,1994-09-01,,,,0,0,,,,F,wta,2026-06-15T06:21:06.766825+00:00
2462,Diego Fernandez Flores,CHI,,1031,,,,,,0,0,,,,M,ATP Tour,2026-05-07T09:24:52.135348+00:00
1913,Sarah Van Emst,NED,,544,,2004-11-06,,,Right-handed,0,0,,"$39,891",https://upload.wikimedia.org/wikipedia/commons/thumb/2/28/Sarah_1590633_Reims.jpg/330px-Sarah_1590633_Reims.jpg,F,WTA Tour Official,2026-05-11T11:19:54.828470+00:00
1805,Gina Dittmann,GER,,490,2026-04-06,2002-09-10,,,,7,9,,"$4,573",,F,WTA Tour Official,2026-05-15T06:51:19.608285+00:00
855,Marie Bouzkova,CZE,25,26,2022-12-12,1998-07-21,1.80m,,Right-handed (two-handed backhand),11,10,,"$476,901",https://upload.wikimedia.org/wikipedia/commons/thumb/4/48/Marie_Bouzkov%C3%A1_%282023_US_Open%29_26_%28cropped2%29.jpg/330px-Marie_Bouzkov%C3%A1_%282023_US_Open%29_26_%28cropped2%29.jpg,F,WTA Tour Official,2026-08-07T06:19:33.141654+00:00
846,Liudmila Samsonova,RUS,55,12,2023-02-27,1998-11-11,1.82m,,Right-handed (two-handed backhand),341,228,,"$8,430,670",https://upload.wikimedia.org/wikipedia/commons/thumb/f/ff/Liudmila_Samsonova_%282023_DC_Open%29_01.jpg/330px-Liudmila_Samsonova_%282023_DC_Open%29_01.jpg,F,WTA Tour Official,2026-08-07T06:19:33.141654+00:00
869,Xinyu Wang,CHN,41,30,2026-02-23,2001-09-26,1.82m,,Right (two-handed backhand),269,192,,"$5,157,456",https://upload.wikimedia.org/wikipedia/commons/thumb/7/74/Wang_Xinyu_%282023_US_Open%29_12_%28cropped%29.jpg/330px-Wang_Xinyu_%282023_US_Open%29_12_%28cropped%29.jpg,F,WTA Tour Official,2026-08-07T06:19:33.141654+00:00
844,Diana Shnaider,RUS,17,11,2025-05-05,2004-04-02,1.70m,,Left-handed (two-handed backhand),189,102,,"$4,937,349",https://upload.wikimedia.org/wikipedia/commons/thumb/d/d4/Diana_Shnaider_%282023_US_Open%29_05_%28cropped%29.jpg/330px-Diana_Shnaider_%282023_US_Open%29_05_%28cropped%29.jpg,F,WTA Tour Official,2026-08-07T06:19:33.141654+00:00
959,Beatriz Haddad Maia,BRA,,10,2023-06-12,1996-05-30,1.85m,,Left-handed (two-handed backhand),483,282,,"$9,285,468",https://upload.wikimedia.org/wikipedia/commons/thumb/a/a8/Beatriz_Haddad_Maia%2C_Roma_2026_%28cropped%29.jpg/330px-Beatriz_Haddad_Maia%2C_Roma_2026_%28cropped%29.jpg?utm_source=en.wikipedia.org&utm_campaign=api&utm_content=thumbnail,F,WTA Tour Official,2026-05-15T05:12:56.052862+00:00
711,Yibing Wu,CHN,,54,2023-05-29,1999-10-14,"6'0"" (183cm)",176 lbs (80kg),"Right-Handed, Two-Handed Backhand",31,37,2017,"$1,780,102",https://upload.wikimedia.org/wikipedia/commons/thumb/b/b8/Wu_Yibing_%28Roland_Garros_2023%29_01_%28cropped_2%29.jpg/330px-Wu_Yibing_%28Roland_Garros_2023%29_01_%28cropped_2%29.jpg,M,ATP Tour,2026-05-15T05:52:36.732246+00:00
1335,Hina Inoue,USA,,203,2025-07-14,2003-06-01,,,Right (two-handed backhand),215,132,,"$295,432",https://upload.wikimedia.org/wikipedia/commons/thumb/8/80/Day_1_-_Qualifying_TransylvaniaOpen_Hina_Inoue_vs_Briana_Szabo_6-1%2C6-2_%2854320624386%29.jpg/330px-Day_1_-_Qualifying_TransylvaniaOpen_Hina_Inoue_vs_Briana_Szabo_6-1%2C6-2_%2854320624386%29.jpg,F,WTA Tour Official,2026-05-15T06:13:21.140926+00:00
3406,Katarzyna Piter,POL,,1078,,1991-02-16,,,,0,0,,,,F,WTA Tour Official,2026-05-07T09:40:34.589726+00:00
3410,Selina Atay,TUR,,1080,,2001-11-20,,,,0,0,,,,F,WTA Tour Official,2026-05-07T09:40:37.365208+00:00
702,Dino Prizmic,CRO,98,79,2026-05-04,2005-08-05,"6'2"" (188cm)",176 lbs (80kg),"Right-Handed, Two-Handed Backhand",15,20,,"$1,034,129",https://upload.wikimedia.org/wikipedia/commons/thumb/a/a9/Dino_Pri%C5%BEmi%C4%87_%282023_French_Open%29_06_%28cropped%29.jpg/330px-Dino_Pri%C5%BEmi%C4%87_%282023_French_Open%29_06_%28cropped%29.jpg,M,ATP Tour,2026-07-30T05:01:15.710966+00:00
884,Janice Tjen,INA,36,36,2026-02-23,2002-05-06,1.71m,,Right-handed (two-handed backhand),132,35,,"$814,958",https://photoresources.wtatennis.com/photo-resources/2026/04/08/93becd06-8ee0-42ff-9ec4-09d04d94fbd2/Tjen-Torso_328818.png?width=790&height=740,F,WTA Tour Official,2026-08-07T06:19:33.141654+00:00
1196,Jie Cui,CHN,,280,2025-01-27,1998-01-24,"6'0"" (183cm)",159 lbs (72kg),"Right-Handed, Two-Handed Backhand",1,2,,"$221,870",https://www.atptour.com/-/media/alias/player-gladiator-headshot/c0aj,M,ATP Tour,2026-05-15T07:06:42.061133+00:00
1226,Oriol Roca Batalla,ESP,,150,2024-08-19,1993-04-30,"5'9"" (175cm)",165 lbs (75kg),"Right-Handed, One-Handed Backhand",1,2,,"$697,827",https://upload.wikimedia.org/wikipedia/commons/thumb/5/55/Roca_Batalla_WMQ16_%2815%29_%2828133567631%29.jpg/330px-Roca_Batalla_WMQ16_%2815%29_%2828133567631%29.jpg?utm_source=en.wikipedia.org&utm_campaign=api&utm_content=thumbnail,M,ATP Tour,2026-05-15T07:10:44.073332+00:00
1619,Alberto Barroso Campos,ESP,,598,2024-08-05,1996-06-04,1.78 m,158 lbs (72kg),Right-handed (two-handed backhand),0,0,,,https://upload.wikimedia.org/wikipedia/commons/thumb/4/45/AlbertoFist.jpg/330px-AlbertoFist.jpg,M,ATP Tour,2026-05-15T08:02:09.960104+00:00
798,Nicolas Jarry,CHI,,16,2024-05-20,1995-10-11,"6'7"" (201cm)",198 lbs (90kg),"Right-Handed, Two-Handed Backhand",123,130,2014,"$7,920,619",https://upload.wikimedia.org/wikipedia/commons/thumb/7/78/Nicol%C3%A1s_Jarry_%282023_US_Open%29_05_%28cropped%29.jpg/330px-Nicol%C3%A1s_Jarry_%282023_US_Open%29_05_%28cropped%29.jpg?utm_source=en.wikipedia.org&utm_campaign=api&utm_content=thumbnail,M,ATP Tour,2026-05-15T06:13:58.250197+00:00
2463,Karim Ibrahim,EGY,,1032,,,,,,0,0,,,,M,ATP Tour,2026-05-07T09:24:53.292882+00:00
1131,Yanki Erel,TUR,,325,2024-01-15,2000-09-25,"5'10"" (178cm)",160 lbs (73kg),"Left-Handed, Two-Handed Backhand",3,3,,"$139,080",https://www.atptour.com/-/media/alias/player-gladiator-headshot/e0aa,M,ATP Tour,2026-05-15T06:58:09.016684+00:00
1953,Fausto Tabacco,ITA,,607,2023-04-17,2002-05-13,"6'0"" (183cm)",182 lbs (83kg),"Right-Handed, Two-Handed Backhand",0,0,,"$67,706",https://www.atptour.com/-/media/alias/player-gladiator-headshot/t0cu,M,ATP Tour,2026-05-15T08:45:48.639594+00:00
897,Harry Wendelken,GBR,,223,2026-04-13,2001-12-18,"5'10"" (178cm)",149 lbs (68kg),"Right-Handed, Two-Handed Backhand",0,0,,"$165,035",https://upload.wikimedia.org/wikipedia/commons/thumb/3/38/Wendelken_WMQ23_%2853061681206%29.jpg/330px-Wendelken_WMQ23_%2853061681206%29.jpg,M,ATP Tour,2026-05-15T06:27:32.015735+00:00
2464,David Pichler,AUT,,1033,,,,,,0,0,,,,M,ATP Tour,2026-05-07T09:24:54.491041+00:00
936,Daria Kasatkina,AUS,61,66,2022-10-24,1997-05-07,1.70m,,Right-handed (two-handed backhand),9,7,,"$275,650",https://upload.wikimedia.org/wikipedia/commons/thumb/d/dc/Daria_Kasatkina_%282024_DC_Open%29_07.jpg/330px-Daria_Kasatkina_%282024_DC_Open%29_07.jpg,F,WTA Tour Official,2026-07-30T05:00:38.386160+00:00
1879,Facundo Juarez,ITA,,321,2022-10-17,1997-09-23,"5'9"" (175cm)",171 lbs (78kg),"Right-Handed, Two-Handed Backhand",0,0,,"$116,700",https://upload.wikimedia.org/wikipedia/commons/thumb/9/9b/FACUNDOJZ.jpg/330px-FACUNDOJZ.jpg,M,ATP Tour,2026-05-15T08:35:55.440984+00:00
1145,Fabrizio Andaloro,ITA,,288,2026-02-09,2001-01-31,"6'1"" (185cm)",182 lbs (83kg),"Right-Handed, Two-Handed Backhand",0,0,,"$77,894",https://www.atptour.com/-/media/alias/player-gladiator-headshot/a0f3,M,ATP Tour,2026-05-15T07:00:11.693595+00:00
1233,Maria Lourdes Carle,ARG,,124,2024-11-11,2000-02-10,5' 5'' (1.66 m),,,126,79,,"$1,295,384",https://upload.wikimedia.org/wikipedia/commons/thumb/e/ed/Carle_WMQ23_%2853062200573%29.jpg/330px-Carle_WMQ23_%2853062200573%29.jpg,F,WTA Tour Official,2026-05-15T06:04:23.970253+00:00
1245,Victoria Azarenka,BLR,,1,2012-01-30,1989-07-31,1.83m,,Right-handed (two-handed backhand),640,272,,"$38,890,473",https://upload.wikimedia.org/wikipedia/commons/thumb/6/6c/Victoria_Azarenka_%282024_DC_Open%29_02_%28cropped%29.jpg/330px-Victoria_Azarenka_%282024_DC_Open%29_02_%28cropped%29.jpg,F,WTA Tour Official,2026-05-15T06:05:22.749690+00:00
1250,Samir Banerjee,USA,,347,2025-11-03,2003-10-02,"6'2"" (188cm)",170 lbs (77kg),"Right-Handed, Unknown Backhand",0,0,,"$71,368",https://upload.wikimedia.org/wikipedia/commons/thumb/6/65/Samir_Banerjee_UNC_Stanford_2026_%281%29.jpg/330px-Samir_Banerjee_UNC_Stanford_2026_%281%29.jpg,M,ATP Tour,2026-05-15T07:13:57.980377+00:00
951,Sofia Kenin,USA,,32,2025-01-27,1998-11-14,1.70m,,Right-handed (two-handed backhand),8,10,,"$417,324",https://upload.wikimedia.org/wikipedia/commons/thumb/7/7a/Sofia_Kenin_%282025_DC_Open%29_05_%28edited_and_cropped%29.jpg/330px-Sofia_Kenin_%282025_DC_Open%29_05_%28edited_and_cropped%29.jpg?utm_source=en.wikipedia.org&utm_campaign=api&utm_content=thumbnail,F,WTA Tour Official,2026-05-15T05:43:18.797292+00:00
3409,Freya Christie,GBR,,1079,,1997-11-08,,,,0,0,,,,F,WTA Tour Official,2026-05-07T09:40:36.009242+00:00
944,Veronika Kudermetova,RUS,,2,2022-06-06,1997-04-24,1.75m,,Right-handed (two-handed backhand),379,182,,"$10,680,692",https://upload.wikimedia.org/wikipedia/commons/thumb/4/41/Veronika_Kudermetova_%282023_US_Open%29_05_%28cropped%29.jpg/330px-Veronika_Kudermetova_%282023_US_Open%29_05_%28cropped%29.jpg?utm_source=en.wikipedia.org&utm_campaign=api&utm_content=thumbnail,F,WTA Tour Official,2026-05-15T05:11:41.847046+00:00
1141,Brandon Holt,USA,,99,2025-06-30,1998-04-06,"6'1"" (185cm)",180 lbs (82kg),"Right-Handed, Two-Handed Backhand",3,15,2020,"$1,159,551",https://upload.wikimedia.org/wikipedia/commons/thumb/1/10/Holt_RGQ23_%2852944097248%29.jpg/330px-Holt_RGQ23_%2852944097248%29.jpg,M,ATP Tour,2026-05-15T06:59:44.818458+00:00
4325,Jim Hendrikx,NED,,2184,,,,,,0,0,,,,M,ATP Tour,2026-05-07T12:09:29.565018+00:00
4327,Nicolas Hurtado Novoa,COL,,2184,,,,,,0,0,,,,M,ATP Tour,2026-05-07T12:09:31.976475+00:00
4329,Cian Maguire,IRL,,2184,,,,,,0,0,,,,M,ATP Tour,2026-05-07T12:09:34.400471+00:00
4331,Thomas Menzel,CHI,,2184,,,,,,0,0,,,,M,ATP Tour,2026-05-07T12:09:36.821579+00:00
911,Tatjana Maria,GER,80,36,2025-07-14,1987-08-08,1.72m,,Right-handed (one-handed backhand),711,578,,"$6,950,231",https://upload.wikimedia.org/wikipedia/commons/thumb/5/57/Maria_WM17_%289%29_%2836050715511%29.jpg/330px-Maria_WM17_%289%29_%2836050715511%29.jpg?utm_source=en.wikipedia.org&utm_campaign=api&utm_content=thumbnail,F,WTA Tour Official,2026-08-07T06:19:33.141654+00:00
894,Magdalena Frech,POL,45,22,2024-10-28,1997-12-15,1.71m,,Right-handed (two-handed backhand),437,320,,"$4,577,680",https://upload.wikimedia.org/wikipedia/commons/thumb/a/a8/Magda_Frech_2023_cropped.jpg/330px-Magda_Frech_2023_cropped.jpg?utm_source=en.wikipedia.org&utm_campaign=api&utm_content=thumbnail,F,WTA Tour Official,2026-08-07T06:19:33.141654+00:00
885,Elisabetta Cocciaretto,ITA,59,29,2023-08-21,2001-01-25,1.66m,,Right-handed (two-handed backhand),234,149,,"$3,633,132",https://upload.wikimedia.org/wikipedia/commons/thumb/a/a4/Cocciaretto_RGQ22_%2819%29_%2852130125890%29.jpg/330px-Cocciaretto_RGQ22_%2819%29_%2852130125890%29.jpg?utm_source=en.wikipedia.org&utm_campaign=api&utm_content=thumbnail,F,WTA Tour Official,2026-08-07T06:19:33.141654+00:00
906,Jessica Bouzas Maneiro,ESP,63,40,2025-08-18,2002-09-24,1.70m,,Right-handed (two-handed backhand),257,146,,"$2,658,701",https://upload.wikimedia.org/wikipedia/commons/thumb/c/c0/Bouzas_Maneiro_WMQ23_%2853061717336%29.jpg/330px-Bouzas_Maneiro_WMQ23_%2853061717336%29.jpg,F,WTA Tour Official,2026-08-07T06:19:33.141654+00:00
904,Mccartney Kessler,USA,48,30,2025-06-30,1999-07-08,1.75m,,,179,102,,"$2,210,206",https://upload.wikimedia.org/wikipedia/commons/thumb/1/10/McCartney_Kessler_%282024_DC_Open%29_04_%28cropped%29.jpg/330px-McCartney_Kessler_%282024_DC_Open%29_04_%28cropped%29.jpg,F,WTA Tour Official,2026-08-07T06:19:33.141654+00:00
728,Alexandre Muller,FRA,,38,2025-08-18,1997-02-01,"6'0"" (183cm)",165 lbs (75kg),"Right-Handed, Two-Handed Backhand",55,74,2014,"$4,182,976",https://upload.wikimedia.org/wikipedia/commons/thumb/4/48/Muller_RGQ22_%2837%29_%2852129571758%29.jpg/330px-Muller_RGQ22_%2837%29_%2852129571758%29.jpg?utm_source=en.wikipedia.org&utm_campaign=api&utm_content=thumbnail,M,ATP Tour,2026-05-15T05:56:38.640390+00:00
1369,Mika Stojsavljevic,GBR,,274,2026-02-02,2008-12-15,1.85m,,Right-handed (two-handed backhand),46,36,,"$182,572",https://photoresources.wtatennis.com/photo-resources/2025/01/02/9a279c32-2913-44a9-9346-36b6f0919bbd/333132.jpg?width=258&height=345,F,WTA Tour Official,2026-05-15T06:16:06.799328+00:00
1377,Katarina Zavatska,UKR,,103,2020-02-03,2000-02-05,"5' 8"" (1.73 m)",,Right (two-handed backhand),316,224,,"$1,016,814",https://upload.wikimedia.org/wikipedia/commons/thumb/2/27/Zavatska_WMQ23_%2853061098842%29.jpg/330px-Zavatska_WMQ23_%2853061098842%29.jpg?utm_source=en.wikipedia.org&utm_campaign=api&utm_content=thumbnail,F,WTA Tour Official,2026-05-15T06:16:40.204390+00:00
727,Cristian Garin,CHI,,17,2021-09-13,1996-05-30,"6'1"" (185cm)",187 lbs (85kg),"Right-Handed, Two-Handed Backhand",137,133,2011,"$6,879,391",https://upload.wikimedia.org/wikipedia/commons/thumb/e/e4/Garin_WM19_%281%29_%2848521991327%29.jpg/330px-Garin_WM19_%281%29_%2848521991327%29.jpg,M,ATP Tour,2026-05-15T05:56:25.804988+00:00
4326,Liam Hignett,GBR,,2184,,,,,,0,0,,,,M,ATP Tour,2026-05-07T12:09:30.766832+00:00
1231,Mai Hontama,JPN,,105,2024-08-05,1999-08-30,5' 4'' (1.64 m),,Right (two-handed backhand),290,218,,"$1,131,650",https://upload.wikimedia.org/wikipedia/commons/thumb/5/59/Hontama_WMQ23_%2853062191893%29.jpg/330px-Hontama_WMQ23_%2853062191893%29.jpg,F,WTA Tour Official,2026-05-15T06:04:16.067041+00:00
1138,Petr Brunclik,CZE,,276,2026-03-02,2006-07-17,"6'2"" (188cm)",154 lbs (70kg),"Left-Handed, Two-Handed Backhand",0,0,,"$76,651",https://www.atptour.com/-/media/alias/player-gladiator-headshot/b0ov,M,ATP Tour,2026-05-15T06:59:12.412595+00:00
1140,David Jorda Sanchis,ESP,,292,2024-05-06,1994-06-14,"6'6"" (198cm)",189 lbs (86kg),"Right-Handed, Two-Handed Backhand",1,1,,"$192,554",https://www.atptour.com/-/media/alias/player-gladiator-headshot/j476,M,ATP Tour,2026-05-15T06:59:28.825400+00:00
4328,Jack Karlsson Wistrand,SWE,,2184,,,,,,0,0,,,,M,ATP Tour,2026-05-07T12:09:33.206085+00:00
4330,Ryotero Matsumura,JPN,,2184,,,,,,0,0,,,,M,ATP Tour,2026-05-07T12:09:35.608587+00:00
4332,Andreas Messis,GRE,,2184,,,,,,0,0,,,,M,ATP Tour,2026-05-07T12:09:38.026623+00:00
4334,Nicaise Muamba,CAN,,2184,,,,,,0,0,,,,M,ATP Tour,2026-05-07T12:09:40.421782+00:00
4336,Lev Seidman,USA,,2184,,,,,,0,0,,,,M,ATP Tour,2026-05-07T12:09:42.805227+00:00
4338,Joe Tyler,GBR,,2184,,,,,,0,0,,,,M,ATP Tour,2026-05-07T12:09:45.186895+00:00
4340,Daiki Yoshimura,JPN,,2184,,,,,,0,0,,,,M,ATP Tour,2026-05-07T12:09:48.772741+00:00
1875,Ryan Fishback,USA,,629,2026-02-02,2002-04-27,"5'9"" (175cm)",185 lbs (84kg),"Right-Handed, Two-Handed Backhand",0,0,,"$31,478",https://www.atptour.com/-/media/alias/player-gladiator-headshot/f0hi,M,ATP Tour,2026-05-15T08:35:22.930307+00:00
1877,Damien Wenger,SUI,,235,2024-04-15,2000-03-17,"5'8"" (173cm)",149 lbs (68kg),"Right-Handed, Two-Handed Backhand",0,1,,"$134,774",https://www.atptour.com/-/media/alias/player-gladiator-headshot/w09b,M,ATP Tour,2026-05-15T08:35:40.074812+00:00
919,Anna Bondar,HUN,78,50,2022-07-18,1997-05-27,5' 9'' (1.75 m),,Right (two-handed backhand),450,263,,"$3,031,355",https://upload.wikimedia.org/wikipedia/commons/thumb/b/b1/Day_2_-_Qualifying_TransylvaniaOpen_Anna_Bondar_vs_Anastasia_Zakharova_6-4%2C6-2_%2854320809838%29_%28cropped%29.jpg/330px-Day_2_-_Qualifying_TransylvaniaOpen_Anna_Bondar_vs_Anastasia_Zakharova_6-4%2C6-2_%2854320809838%29_%28cropped%29.jpg,F,WTA Tour Official,2026-08-07T06:19:33.141654+00:00
921,Antonia Ruzic,CRO,56,51,2026-02-23,2003-01-20,1.66m,,Right-handed (two-handed backhand),221,114,,"$1,026,388",https://upload.wikimedia.org/wikipedia/commons/thumb/1/1c/Ruzic_RGQ23_%2852944045033%29.jpg/330px-Ruzic_RGQ23_%2852944045033%29.jpg,F,WTA Tour Official,2026-08-07T06:19:33.141654+00:00
739,Dalibor Svrcina,CZE,,86,2025-11-10,2002-10-02,"5'10"" (178cm)",149 lbs (68kg),"Right-Handed, Two-Handed Backhand",9,11,,"$1,205,862",https://upload.wikimedia.org/wikipedia/commons/thumb/f/fd/Svrcina_RGQ22_%2823%29_%2852129537653%29.jpg/330px-Svrcina_RGQ22_%2823%29_%2852129537653%29.jpg?utm_source=en.wikipedia.org&utm_campaign=api&utm_content=thumbnail,M,ATP Tour,2026-05-15T05:59:55.144844+00:00
1005,Ella Seidel,GER,,100,2026-01-12,2005-02-14,5' 8'' (1.76 m),,Right-handed,7,14,,"$206,769",https://upload.wikimedia.org/wikipedia/commons/thumb/b/b1/Ella_Seidel%2C_May_2026%2C_Roma_%28cropped%29.jpg/330px-Ella_Seidel%2C_May_2026%2C_Roma_%28cropped%29.jpg,F,WTA Tour Official,2026-07-22T08:54:19.858972+00:00
1767,Tristan Lamasine,FRA,,181,2015-08-03,1993-03-05,"6'0"" (183cm)",152 lbs (69kg),"Right-Handed, Two-Handed Backhand",3,6,2010,"$640,110",https://upload.wikimedia.org/wikipedia/commons/thumb/c/c5/Tristan_Lamasine_1%2C_2015_Wimbledon_Qualifying_-_Diliff.jpg/330px-Tristan_Lamasine_1%2C_2015_Wimbledon_Qualifying_-_Diliff.jpg?utm_source=en.wikipedia.org&utm_campaign=api&utm_content=thumbnail,M,ATP Tour,2026-05-15T08:21:43.648635+00:00
743,Henrique Rocha,POR,,118,2026-04-20,2004-04-06,"5'11"" (180cm)",184 lbs (83kg),"Right-Handed, Two-Handed Backhand",7,5,,"$791,952",https://www.atptour.com/-/media/alias/player-gladiator-headshot/r0go,M,ATP Tour,2026-05-15T06:00:51.627826+00:00
744,Vilius Gaubas,LTU,,101,2026-03-02,2004-12-29,"5'10"" (178cm)",158 lbs (72kg),"Right-Handed, Two-Handed Backhand",11,12,,"$642,442",https://www.atptour.com/-/media/alias/player-gladiator-headshot/g0fw,M,ATP Tour,2026-05-15T06:01:04.798260+00:00
680,Marton Fucsovics,HUN,83,31,2019-03-04,1992-02-08,"6'2"" (188cm)",181 lbs (82kg),"Right-Handed, Two-Handed Backhand",185,184,2010,"$8,493,967",https://upload.wikimedia.org/wikipedia/commons/thumb/3/3a/M%C3%A1rton_Fucsovics_%282023_US_Open%29_01_%28cropped%29.jpg/330px-M%C3%A1rton_Fucsovics_%282023_US_Open%29_01_%28cropped%29.jpg,M,ATP Tour,2026-08-07T06:19:33.141654+00:00
677,Botic Van De Zandschulp,NED,70,22,2022-08-29,1995-10-04,"6'3"" (191cm)",187 lbs (85kg),"Right-Handed, Two-Handed Backhand",121,120,2016,"$6,369,957",https://upload.wikimedia.org/wikipedia/commons/thumb/1/10/Van_de_Zandschulp_MCM22_%2811%29_%2852036444288%29.jpg/330px-Van_de_Zandschulp_MCM22_%2811%29_%2852036444288%29.jpg?utm_source=en.wikipedia.org&utm_campaign=api&utm_content=thumbnail,M,ATP Tour,2026-08-07T06:19:33.141654+00:00
929,Caty Mcnally,USA,70,52,2022-04-04,2001-11-20,1.81m,,Right-handed (two-handed backhand),8,5,,"$464,172",https://upload.wikimedia.org/wikipedia/commons/thumb/a/ad/McNally_RGQ22_%2813%29_%2852128520717%29.jpg/330px-McNally_RGQ22_%2813%29_%2852128520717%29.jpg?utm_source=en.wikipedia.org&utm_campaign=api&utm_content=thumbnail,F,WTA Tour Official,2026-08-07T06:19:33.141654+00:00
927,Talia Gibson,AUS,74,56,2026-03-30,2004-06-18,1.76m,,Right-handed,208,114,,"$1,392,776",https://upload.wikimedia.org/wikipedia/commons/thumb/e/e5/Talia_Gibson_%282024_Cary%29_01.jpg/330px-Talia_Gibson_%282024_Cary%29_01.jpg,F,WTA Tour Official,2026-08-07T06:19:33.141654+00:00
1519,Gabriela Lee,ROU,,136,2022-08-01,1995-08-23,1.72 m,,Left (one-handed backhand),297,253,,"$452,903",https://upload.wikimedia.org/wikipedia/commons/thumb/1/1e/Lee_RGQ22_%286%29_%2852129562391%29.jpg/330px-Lee_RGQ22_%286%29_%2852129562391%29.jpg,F,WTA Tour Official,2026-05-15T06:27:57.861463+00:00
805,Juan Carlos Prado Angelo,BOL,,180,2026-04-20,2005-03-06,"6'0"" (183cm)",170 lbs (77kg),"Right-Handed, Two-Handed Backhand",2,3,,"$213,356",https://upload.wikimedia.org/wikipedia/commons/thumb/7/76/Juan_Carlos_Prado_Angelo_%282023_French_Open%29_01.jpg/330px-Juan_Carlos_Prado_Angelo_%282023_French_Open%29_01.jpg?utm_source=en.wikipedia.org&utm_campaign=api&utm_content=thumbnail,M,ATP Tour,2026-05-15T06:16:06.716670+00:00
1523,Rada Zolotareva,RUS,,352,2026-05-04,2008-09-28,,,,82,38,,"$38,842",,F,WTA Tour Official,2026-05-15T06:28:16.801201+00:00
2465,Orlando Luz,BRA,,1034,,,,,,0,0,,,,M,ATP Tour,2026-05-07T09:24:55.658567+00:00
735,Francesco Maestrelli,ITA,,108,2026-02-09,2002-12-21,"6'5"" (196cm)",172 lbs (78kg),"Right-Handed, Two-Handed Backhand",1,4,2020,"$811,132",https://upload.wikimedia.org/wikipedia/commons/thumb/d/dd/Maestrelli_RGQ23_%2852944044613%29.jpg/330px-Maestrelli_RGQ23_%2852944044613%29.jpg,M,ATP Tour,2026-05-15T05:58:05.171793+00:00
2466,Oscar Otte,GER,,1035,,,,,,0,0,,,,M,ATP Tour,2026-05-07T09:24:56.892083+00:00
2467,Guto Miguel,BRA,,1036,,,,,,0,0,,,,M,ATP Tour,2026-05-07T09:24:58.069843+00:00
746,Jacob Fearnley,GBR,,49,2025-06-09,2001-07-15,"6'0"" (183cm)",176 lbs (80kg),"Right-Handed, Two-Handed Backhand",20,28,,"$1,623,541",https://upload.wikimedia.org/wikipedia/commons/thumb/6/69/Jacob_Fearnley.jpg/330px-Jacob_Fearnley.jpg,M,ATP Tour,2026-05-15T06:01:27.618349+00:00
1142,Polina Iatcenko,RUS,,153,2026-02-23,2003-12-10,,,Right-handed,185,99,,"$167,868",,F,WTA Tour Official,2026-05-15T05:56:22.779879+00:00
2468,Julian Cundom,ARG,,1037,,,,,,0,0,,,,M,ATP Tour,2026-05-07T09:24:59.264776+00:00
1008,Francesca Jones,GBR,,65,2026-02-09,2000-09-19,1.73m,,,254,142,,"$1,182,878",https://photoresources.wtatennis.com/photo-resources/2026/04/08/1b91f00c-13e9-440b-8610-568ae3bfde84/Jones-Torso_324479.png?width=790&height=740,F,WTA Tour Official,2026-05-15T05:16:14.632593+00:00
2480,Ryan Seggerman,USA,,1046,,,,,,0,0,,,,M,ATP Tour,2026-05-07T09:25:10.345196+00:00
742,Jaime Faria,POR,79,87,2025-02-24,2003-08-06,"6'2"" (188cm)",171 lbs (78kg),"Right-Handed, Unknown Backhand",8,17,,"$1,119,104",https://www.atptour.com/-/media/alias/player-gladiator-headshot/f0f2,M,ATP Tour,2026-07-30T05:01:15.710966+00:00
2438,Iveta Dapkute,LTU,,803,,1993-01-29,,,Right-handed (two-handed backhand),0,0,,"$31,179",,F,WTA Tour Official,2026-05-11T11:39:39.590102+00:00
766,Arthur Gea,FRA,82,137,2026-03-30,2005-01-02,"5'11"" (180cm)",158 lbs (72kg),"Right-Handed, Two-Handed Backhand",3,3,,"$463,767",https://upload.wikimedia.org/wikipedia/commons/thumb/a/a5/Gea_RGQ23_%2852944097158%29.jpg/330px-Gea_RGQ23_%2852944097158%29.jpg,M,ATP Tour,2026-08-07T06:19:33.141654+00:00
734,Filip Misolic,AUT,,76,2026-02-09,2001-08-08,"5'11"" (180cm)",165 lbs (75kg),"Right-Handed, Two-Handed Backhand",18,20,2019,"$1,216,398",https://upload.wikimedia.org/wikipedia/commons/thumb/e/e2/Misolic_WMQ22_%2810%29_%2852191620475%29.jpg/330px-Misolic_WMQ22_%2810%29_%2852191620475%29.jpg,M,ATP Tour,2026-05-15T05:57:53.117801+00:00
740,Nikoloz Basilashvili,GEO,,16,2019-05-27,1992-02-23,"6'1"" (185cm)",174 lbs (79kg),"Right-Handed, Two-Handed Backhand",153,186,2008,"$9,615,036",https://upload.wikimedia.org/wikipedia/commons/thumb/1/19/Basilashvili_RG18_%2828110477447%29.jpg/330px-Basilashvili_RG18_%2828110477447%29.jpg?utm_source=en.wikipedia.org&utm_campaign=api&utm_content=thumbnail,M,ATP Tour,2026-05-15T06:00:08.371361+00:00
1878,Ana Candiotto,BRA,,527,,2004-04-19,,,Right-handed (two-handed backhand),0,0,,"$73,854",,F,WTA Tour Official,2026-05-11T11:18:19.314065+00:00
753,Shintaro Mochizuki,JPN,,92,2025-11-10,2003-06-02,"5'9"" (175cm)",154 lbs (70kg),"Right-Handed, Two-Handed Backhand",7,31,2019,"$1,576,045",https://upload.wikimedia.org/wikipedia/commons/thumb/3/3b/Mochizuki_RGQ23_%2852942982782%29.jpg/330px-Mochizuki_RGQ23_%2852942982782%29.jpg,M,ATP Tour,2026-05-15T06:03:06.765762+00:00
754,Carlos Taberner,ESP,,83,2025-08-04,1997-08-08,"6'0"" (183cm)",172 lbs (78kg),"Right-Handed, Two-Handed Backhand",18,29,2015,"$1,586,378",https://upload.wikimedia.org/wikipedia/commons/thumb/6/6e/Taberner_BOR22_%2852084203644%29.jpg/330px-Taberner_BOR22_%2852084203644%29.jpg?utm_source=en.wikipedia.org&utm_campaign=api&utm_content=thumbnail,M,ATP Tour,2026-05-15T06:03:21.136047+00:00
757,Tomas Barrios Vera,CHI,,93,2024-01-15,1997-12-10,"6'3"" (191cm)",194 lbs (88kg),"Right-Handed, Two-Handed Backhand",11,26,2019,"$1,530,729",https://upload.wikimedia.org/wikipedia/commons/thumb/c/c6/Barrios_Vera_WMQ23_%2853061134977%29.jpg/330px-Barrios_Vera_WMQ23_%2853061134977%29.jpg,M,ATP Tour,2026-05-15T06:04:01.600221+00:00
755,Dusan Lajovic,SRB,,23,2019-04-29,1990-06-30,"6'0"" (183cm)",183 lbs (83kg),"Right-Handed, One-Handed Backhand",210,277,2007,"$10,567,457",https://upload.wikimedia.org/wikipedia/commons/thumb/e/e8/Lajovic_MCM22_%2824%29_%2852036456588%29.jpg/330px-Lajovic_MCM22_%2824%29_%2852036456588%29.jpg,M,ATP Tour,2026-05-15T06:03:34.117856+00:00
760,Jack Pinnington Jones,GBR,,133,2026-04-13,2003-03-30,"6'0"" (183cm)",180 lbs (82kg),"Right-Handed, Two-Handed Backhand",3,4,,"$483,564",https://upload.wikimedia.org/wikipedia/commons/thumb/2/23/Jack_Pinnington-Jones.png/330px-Jack_Pinnington-Jones.png,M,ATP Tour,2026-05-15T06:04:47.091286+00:00
762,Pablo Llamas Ruiz,ESP,,131,2023-10-16,2002-10-13,"6'2"" (188cm)",176 lbs (80kg),"Right-Handed, Two-Handed Backhand",6,7,,"$720,331",https://upload.wikimedia.org/wikipedia/commons/thumb/6/68/Llamas_Ruiz_WMQ23_%2853062192338%29.jpg/330px-Llamas_Ruiz_WMQ23_%2853062192338%29.jpg?utm_source=en.wikipedia.org&utm_campaign=api&utm_content=thumbnail,M,ATP Tour,2026-05-15T06:05:23.210116+00:00
758,Dane Sweeny,AUS,,131,2026-03-02,2001-02-12,"5'7"" (170cm)",138 lbs (63kg),"Right-Handed, Two-Handed Backhand",3,6,,"$810,114",https://upload.wikimedia.org/wikipedia/commons/thumb/b/b3/Sweeny_WMQ23_%2853062168553%29.jpg/330px-Sweeny_WMQ23_%2853062168553%29.jpg,M,ATP Tour,2026-05-15T06:04:17.467518+00:00
759,Pedro Martinez,ESP,,36,2025-02-24,1997-04-26,"6'1"" (185cm)",168 lbs (76kg),"Right-Handed, Two-Handed Backhand",86,125,2016,"$5,961,011",https://upload.wikimedia.org/wikipedia/commons/thumb/6/6a/Pedro%27s_return.jpg/330px-Pedro%27s_return.jpg,M,ATP Tour,2026-05-15T06:04:33.413536+00:00
764,Stefano Travaglia,ITA,,60,2021-02-08,1991-12-28,"6'1"" (185cm)",176 lbs (80kg),"Right-Handed, Two-Handed Backhand",30,56,2008,"$2,712,762",https://upload.wikimedia.org/wikipedia/commons/thumb/c/c7/Travaglia_WMQ18_%288%29_%2829680358098%29.jpg/330px-Travaglia_WMQ18_%288%29_%2829680358098%29.jpg?utm_source=en.wikipedia.org&utm_campaign=api&utm_content=thumbnail,M,ATP Tour,2026-05-15T06:05:49.625080+00:00
973,Guido Ivan Justo,ARG,,257,2026-04-20,1997-12-17,"5'10"" (178cm)",173 lbs (78kg),"Right-Handed, Two-Handed Backhand",0,0,,"$134,975",https://www.atptour.com/-/media/alias/player-gladiator-headshot/j0aw,M,ATP Tour,2026-05-15T06:36:47.680731+00:00
763,Moez Echargui,TUN,,134,2025-12-29,1993-01-10,"5'10"" (178cm)",158 lbs (72kg),"Right-Handed, Two-Handed Backhand",7,10,,"$427,859",https://www.atptour.com/-/media/alias/player-gladiator-headshot/ea13,M,ATP Tour,2026-05-13T07:35:15.830910+00:00
765,Jordan Thompson,AUS,,26,2024-11-04,1994-04-20,"6'0"" (183cm)",181 lbs (82kg),"Right-Handed, Two-Handed Backhand",154,176,2013,"$9,648,415",https://www.atptour.com/-/media/alias/player-gladiator-headshot/tc61,M,ATP Tour,2026-05-15T06:06:13.173966+00:00
769,Lloyd Harris,RSA,,31,2021-09-13,1997-02-24,"6'4"" (193cm)",176 lbs (80kg),"Right-Handed, Two-Handed Backhand",79,86,2015,"$4,692,549",https://www.atptour.com/-/media/alias/player-gladiator-headshot/hg86,M,ATP Tour,2026-05-15T06:07:13.933789+00:00
768,Francesco Passaro,ITA,,89,2025-02-17,2001-01-07,"5'11"" (180cm)",182 lbs (83kg),"Right-Handed, Two-Handed Backhand",12,23,2019,"$1,449,430",https://upload.wikimedia.org/wikipedia/commons/thumb/3/33/Passaro_RGQ23.jpg/330px-Passaro_RGQ23.jpg,M,ATP Tour,2026-05-15T06:06:57.352431+00:00
756,Hugo Dellien,BOL,,64,2022-08-01,1993-06-16,"5'11"" (180cm)",165 lbs (75kg),"Right-Handed, Two-Handed Backhand",43,73,2009,"$3,028,063",https://upload.wikimedia.org/wikipedia/commons/thumb/5/56/Dellien_WM19_%2838%29_%2848521982532%29.jpg/330px-Dellien_WM19_%2838%29_%2848521982532%29.jpg?utm_source=en.wikipedia.org&utm_campaign=api&utm_content=thumbnail,M,ATP Tour,2026-05-15T06:03:48.156867+00:00
770,Kyrian Jacquet,FRA,,102,2026-02-02,2001-05-11,"5'9"" (175cm)",156 lbs (71kg),"Right-Handed, Two-Handed Backhand",2,4,,"$887,841",https://upload.wikimedia.org/wikipedia/commons/thumb/7/78/RG_20250525.jpg/330px-RG_20250525.jpg,M,ATP Tour,2026-05-15T06:07:28.925665+00:00
4692,Annika Beck,GER,,,,1994-02-16,,,,0,0,,,,F,wta,2026-06-15T06:16:46.581713+00:00
655,Brandon Nakashima,USA,31,29,2025-05-05,2001-08-03,"6'2"" (188cm)",183 lbs (83kg),"Right-Handed, Two-Handed Backhand",139,119,2019,"$7,461,134",https://upload.wikimedia.org/wikipedia/commons/thumb/b/be/Brandon_Nakashima_%282024_DC_Open%29_01_%28cropped%29.jpg/330px-Brandon_Nakashima_%282024_DC_Open%29_01_%28cropped%29.jpg?utm_source=en.wikipedia.org&utm_campaign=api&utm_content=thumbnail,M,ATP Tour,2026-08-07T06:19:33.141654+00:00
654,Tallon Griekspoor,NED,69,21,2023-11-06,1996-07-02,"6'2"" (188cm)",187 lbs (85kg),"Right-Handed, Two-Handed Backhand",131,127,2015,"$7,888,002",https://upload.wikimedia.org/wikipedia/commons/thumb/0/03/Griekspoor_RG22_%281%29_%2852144112028%29.jpg/330px-Griekspoor_RG22_%281%29_%2852144112028%29.jpg?utm_source=en.wikipedia.org&utm_campaign=api&utm_content=thumbnail,M,ATP Tour,2026-08-07T06:19:33.141654+00:00
658,Alejandro Tabilo,CHI,26,19,2024-07-01,1997-06-02,"6'2"" (188cm)",165 lbs (75kg),"Left-Handed, Two-Handed Backhand",84,83,2015,"$5,350,075",https://upload.wikimedia.org/wikipedia/commons/thumb/4/48/Tabilo_RGQ23_%2852942983162%29.jpg/330px-Tabilo_RGQ23_%2852942983162%29.jpg?utm_source=en.wikipedia.org&utm_campaign=api&utm_content=thumbnail,M,ATP Tour,2026-08-07T06:19:33.141654+00:00
662,Zizou Bergs,BEL,34,39,2025-10-13,1999-06-03,"6'1"" (185cm)",193 lbs (88kg),"Right-Handed, Two-Handed Backhand",63,74,2018,"$3,806,255",https://upload.wikimedia.org/wikipedia/commons/thumb/c/c8/Zizou_Bergs_%282023_US_Open%29_03_%28cropped%29.jpg/330px-Zizou_Bergs_%282023_US_Open%29_03_%28cropped%29.jpg,M,ATP Tour,2026-08-07T06:19:33.141654+00:00
657,Rafael Jodar,ESP,15,34,2026-05-04,2006-09-17,"6'3"" (191cm)",154 lbs (70kg),"Right-Handed, Two-Handed Backhand",19,9,,"$1,150,759",https://upload.wikimedia.org/wikipedia/commons/thumb/8/8c/Rafa_J%C3%B3dar_Espinar_2025.jpg/330px-Rafa_J%C3%B3dar_Espinar_2025.jpg,M,ATP Tour,2026-08-07T06:19:33.141654+00:00
1851,Emil Ruusuvuori,FIN,,37,2023-04-03,1999-04-02,"6'2"" (188cm)",174 lbs (79kg),"Right-Handed, Two-Handed Backhand",112,105,2018,"$4,484,400",https://upload.wikimedia.org/wikipedia/commons/thumb/9/9f/Emil_Ruusuvuori_%282023_DC_Open%29_02_%28cropped%29.jpg/330px-Emil_Ruusuvuori_%282023_DC_Open%29_02_%28cropped%29.jpg,M,ATP Tour,2026-05-15T08:31:55.451350+00:00
771,Billy Harris,GBR,,101,2024-09-09,1995-01-25,"6'4"" (193cm)",196 lbs (89kg),"Right-Handed, Two-Handed Backhand",12,21,,"$1,462,737",https://www.atptour.com/-/media/alias/player-gladiator-headshot/hd68,M,ATP Tour,2026-05-15T06:07:43.014281+00:00
1374,Chloe Paquet,FRA,,277,2024-08-05,1994-07-01,"5' 10 1/2"" (1.79 m)",,Right (two-handed backhand),6,12,,"$2,071,023",https://upload.wikimedia.org/wikipedia/commons/thumb/a/a0/Paquet_WMQ23_%2853061698526%29.jpg/330px-Paquet_WMQ23_%2853061698526%29.jpg,F,WTA Tour Official,2026-05-15T06:16:21.179318+00:00
1882,Georgia Craciun,ROU,,529,,1999-07-14,1.80 m,,Right (two-handed backhand),0,0,,"$120,820",,F,WTA Tour Official,2026-05-11T11:18:30.273574+00:00
3407,Vito Tonejc,CRO,,1696,,,,,,0,0,,,,M,ATP Tour,2026-05-07T09:40:34.625526+00:00
1892,Maria Fernanda Navarro Oliva,MEX,,534,,1996-06-22,,,,0,0,,"$57,890",,F,WTA Tour Official,2026-05-11T11:19:00.813138+00:00
3408,Baltazar Wiger Nordas,NOR,,1696,,,,,,0,0,,,,M,ATP Tour,2026-05-07T09:40:36.009143+00:00
3419,Bastian Berenz,AUT,,1708,,,,,,0,0,,,,M,ATP Tour,2026-05-07T09:40:48.462423+00:00
4748,Daniel Munoz De La Nava,ESP,,,,1982-01-29,,,,0,0,,,https://upload.wikimedia.org/wikipedia/commons/thumb/b/b3/Munoz_de_la_Nava_WMQ15_%284%29_%2819944383272%29.jpg/330px-Munoz_de_la_Nava_WMQ15_%284%29_%2819944383272%29.jpg,M,atp,2026-06-15T06:21:08.494868+00:00
785,Ugo Blanchet,FRA,,139,2024-09-30,1999-01-05,"5'9"" (175cm)",157 lbs (71kg),"Right-Handed, Two-Handed Backhand",4,9,,"$942,745",https://www.atptour.com/-/media/alias/player-gladiator-headshot/bv16,M,ATP Tour,2026-05-15T06:11:11.845461+00:00
779,Rei Sakamoto,JPN,,156,2026-05-04,2006-06-24,"6'4"" (193cm)",176 lbs (80kg),"Right-Handed, Two-Handed Backhand",1,6,,"$452,568",https://www.atptour.com/-/media/alias/player-gladiator-headshot/s0uv,M,ATP Tour,2026-05-15T06:09:41.302459+00:00
687,Daniel Altmaier,GER,60,44,2026-01-05,1998-09-12,"6'2"" (188cm)",176 lbs (80kg),"Right-Handed, One-Handed Backhand",69,122,2014,"$5,200,371",https://upload.wikimedia.org/wikipedia/commons/thumb/9/9a/Altmaier_RG22_%2824%29_%2852144567090%29.jpg/330px-Altmaier_RG22_%2824%29_%2852144567090%29.jpg,M,ATP Tour,2026-08-07T06:19:33.141654+00:00
679,Roman Andres Burruchaga,ARG,56,56,2026-05-04,2002-01-23,"6'0"" (183cm)",176 lbs (80kg),"Right-Handed, Two-Handed Backhand",10,11,,"$1,026,773",https://upload.wikimedia.org/wikipedia/commons/thumb/5/5c/Road_2_Australia_-_Burruchaga_V_Olivieri_semifinal_-_BugWarp_001006_%28cropped%29.jpg/330px-Road_2_Australia_-_Burruchaga_V_Olivieri_semifinal_-_BugWarp_001006_%28cropped%29.jpg,M,ATP Tour,2026-08-07T06:19:33.141654+00:00
738,Martin Damm,USA,100,115,2026-05-04,2003-09-30,"6'8"" (203cm)",209 lbs (95kg),"Left-Handed, Two-Handed Backhand",8,8,,"$822,763",https://upload.wikimedia.org/wikipedia/commons/thumb/3/3c/Damm_and_Lindstedt_2009_US_Open_01.jpg/330px-Damm_and_Lindstedt_2009_US_Open_01.jpg,M,ATP Tour,2026-08-07T06:19:33.141654+00:00
781,Mark Lajal,EST,,145,2025-09-22,2003-05-12,"6'3"" (191cm)",187 lbs (85kg),"Right-Handed, Two-Handed Backhand",6,8,,"$603,062",https://upload.wikimedia.org/wikipedia/commons/thumb/2/25/Mark_Lajal_%282023_US_Open%29_08_%28cropped%29.jpg/330px-Mark_Lajal_%282023_US_Open%29_08_%28cropped%29.jpg,M,ATP Tour,2026-05-15T06:10:11.589696+00:00
782,Lukas Klein,SVK,,109,2024-08-05,1998-03-22,"6'4"" (193cm)",187 lbs (85kg),"Right-Handed, Unknown Backhand",11,22,,"$1,322,076",https://upload.wikimedia.org/wikipedia/commons/thumb/1/1a/Klein_WMQ23_%2853062192188%29.jpg/330px-Klein_WMQ23_%2853062192188%29.jpg,M,ATP Tour,2026-05-15T06:10:26.935189+00:00
776,Elmer Moller,DEN,,102,2025-07-14,2003-07-09,"6'0"" (183cm)",160 lbs (73kg),"Right-Handed, Two-Handed Backhand",11,14,,"$711,873",https://www.atptour.com/-/media/alias/player-gladiator-headshot/m0k4,M,ATP Tour,2026-05-15T06:08:57.144384+00:00
1628,Federico Iannaccone,ITA,,578,2026-05-04,1999-03-26,"6'0"" (183cm)",160 lbs (73kg),"Right-Handed, Two-Handed Backhand",0,0,,"$104,514",https://www.atptour.com/-/media/alias/player-gladiator-headshot/i09n,M,ATP Tour,2026-05-15T08:03:27.100553+00:00
788,Zdenek Kolar,CZE,,111,2022-06-13,1996-10-09,"6'0"" (183cm)",174 lbs (79kg),"Right-Handed, Two-Handed Backhand",1,3,2014,"$1,247,785",https://upload.wikimedia.org/wikipedia/commons/thumb/9/9b/Kolar_RGQ23_%2852944044333%29.jpg/330px-Kolar_RGQ23_%2852944044333%29.jpg,M,ATP Tour,2026-05-15T06:11:56.022159+00:00
786,Zsombor Piros,HUN,,106,2024-03-04,1999-10-13,"5'11"" (180cm)",150 lbs (68kg),"Right-Handed, Two-Handed Backhand",12,9,2016,"$929,107",https://upload.wikimedia.org/wikipedia/commons/thumb/6/67/Piros_WMQ23_%2853061881714%29.jpg/330px-Piros_WMQ23_%2853061881714%29.jpg,M,ATP Tour,2026-05-15T06:11:25.927986+00:00
789,Chris Rodesch,LUX,,137,2026-03-02,2001-07-18,"6'6"" (198cm)",204 lbs (93kg),"Right-Handed, Two-Handed Backhand",6,5,,"$381,597",https://upload.wikimedia.org/wikipedia/commons/thumb/d/d9/Chris_Rodesch_%28Mar_2024%29_01.jpg/330px-Chris_Rodesch_%28Mar_2024%29_01.jpg?utm_source=en.wikipedia.org&utm_campaign=api&utm_content=thumbnail,M,ATP Tour,2026-05-15T06:12:10.319707+00:00
777,Nishesh Basavareddy,USA,,99,2025-06-23,2005-05-02,"5'11"" (180cm)",160 lbs (73kg),"Right-Handed, Two-Handed Backhand",12,19,,"$1,325,804",https://upload.wikimedia.org/wikipedia/commons/thumb/2/26/Nishesh_Basavareddy_%282024_Cary%29_01.jpg/330px-Nishesh_Basavareddy_%282024_Cary%29_01.jpg?utm_source=en.wikipedia.org&utm_campaign=api&utm_content=thumbnail,M,ATP Tour,2026-05-15T06:09:11.568029+00:00
790,August Holmgren,DEN,,144,2025-07-28,1998-04-22,"6'2"" (188cm)",185 lbs (84kg),"Right-Handed, One-Handed Backhand",9,7,2022,"$572,571",https://www.atptour.com/-/media/alias/player-gladiator-headshot/h09n,M,ATP Tour,2026-05-15T06:12:25.601211+00:00
1150,Philip Sekulic,AUS,,225,2024-07-15,2003-09-05,"6'3"" (191cm)",180 lbs (82kg),"Right-Handed, Two-Handed Backhand",1,2,,"$290,044",https://www.atptour.com/-/media/alias/player-gladiator-headshot/s0ti,M,ATP Tour,2026-05-15T07:00:58.077584+00:00
791,Clement Tabur,FRA,,167,2026-04-20,2000-01-24,"5'8"" (173cm)",160 lbs (73kg),"Right-Handed, Two-Handed Backhand",2,2,,"$521,918",https://upload.wikimedia.org/wikipedia/commons/thumb/8/84/Tabur_BOR22_%2852084458910%29.jpg/330px-Tabur_BOR22_%2852084458910%29.jpg,M,ATP Tour,2026-05-15T06:12:41.735969+00:00
792,Chun Hsin Tseng,TPE,,83,2022-08-08,2001-08-08,"5'9"" (175cm)",143 lbs (65kg),"Right-Handed, Two-Handed Backhand",17,39,2019,"$1,674,093",https://upload.wikimedia.org/wikipedia/commons/thumb/a/ac/Tseng_WMQ23_%2853061681091%29.jpg/330px-Tseng_WMQ23_%2853061681091%29.jpg?utm_source=en.wikipedia.org&utm_campaign=api&utm_content=thumbnail,M,ATP Tour,2026-05-15T06:12:56.747776+00:00
1871,Tim Handel,GER,,414,2025-08-25,1996-10-18,"6'2"" (188cm)",182 lbs (83kg),"Right-Handed, One-Handed Backhand",0,0,,"$98,851",https://www.atptour.com/-/media/alias/player-gladiator-headshot/h0eh,M,ATP Tour,2026-05-15T08:34:48.043330+00:00
1883,Alec Beckley,RSA,,378,2025-08-18,2001-06-18,"6'0"" (183cm)",165 lbs (75kg),"Right-Handed, Two-Handed Backhand",4,0,,"$62,366",https://www.atptour.com/-/media/alias/player-gladiator-headshot/b0iy,M,ATP Tour,2026-05-15T08:36:24.290973+00:00
784,Toby Samuel,GBR,,161,2026-05-04,2002-09-06,"6'3"" (191cm)",176 lbs (80kg),"Right-Handed, Two-Handed Backhand",0,0,,"$157,326",https://upload.wikimedia.org/wikipedia/commons/thumb/0/0c/Samuel_WMQ23_%2853061881914%29.jpg/330px-Samuel_WMQ23_%2853061881914%29.jpg,M,ATP Tour,2026-05-15T06:10:57.842083+00:00
783,Jurij Rodionov,AUT,,87,2024-02-19,1999-05-16,"6'3"" (191cm)",184 lbs (83kg),"Left-Handed, Two-Handed Backhand",22,29,2017,"$1,608,193",https://upload.wikimedia.org/wikipedia/commons/thumb/c/ca/Rodionov_WMQ23_%2853061116527%29.jpg/330px-Rodionov_WMQ23_%2853061116527%29.jpg,M,ATP Tour,2026-05-15T06:10:43.005020+00:00
1885,Alejandro Turriziani Alvarez,ESP,,732,2026-05-04,2003-02-12,"6'3"" (191cm)",176 lbs (80kg),"Right-Handed, Two-Handed Backhand",0,0,,"$27,379",https://www.atptour.com/-/media/alias/player-gladiator-headshot/t0fh,M,ATP Tour,2026-05-15T08:36:40.126130+00:00
3411,Nadia Kulbiej,POL,,1081,,2007-04-26,,,,0,0,,,,F,WTA Tour Official,2026-05-07T09:40:38.559921+00:00
3413,Laetitia Sarrazin,FRA,,1082,,1993-03-08,,,,0,0,,,,F,WTA Tour Official,2026-05-07T09:40:41.144046+00:00
4749,Anett Kontaveit,EST,,,,1995-12-24,,,,0,0,,,,F,wta,2026-06-15T06:21:17.370482+00:00
4750,Kyle Edmund,GBR,,,,1995-01-08,,,,0,0,,,https://upload.wikimedia.org/wikipedia/commons/thumb/a/af/Edmund_RG18_%2812%29_%2842978900721%29.jpg/330px-Edmund_RG18_%2812%29_%2842978900721%29.jpg,M,atp,2026-06-15T06:21:19.187035+00:00
4751,Yingying Duan,CHN,,,,1989-07-03,,,,0,0,,,,F,wta,2026-06-15T06:21:19.187035+00:00
3412,Lea Tholey,FRA,,1082,,1995-09-03,,,,0,0,,,,F,WTA Tour Official,2026-05-07T09:40:39.952189+00:00
3415,Lani Chang,USA,,1085,,2010-12-09,,,,0,0,,,,F,WTA Tour Official,2026-05-07T09:40:44.177843+00:00
3417,Federica Bilardo,ITA,,1087,,1999-07-06,,,,0,0,,,,F,WTA Tour Official,2026-05-07T09:40:46.599327+00:00
1253,Matheus Pucinelli De Almeida,BRA,,190,2022-09-26,2001-04-01,"6'0"" (183cm)",171 lbs (78kg),"Right-Handed, Two-Handed Backhand",3,3,,"$338,207",https://upload.wikimedia.org/wikipedia/commons/thumb/4/44/Pucinelli_de_Almeida_BOR22_%2852082932692%29.jpg/330px-Pucinelli_de_Almeida_BOR22_%2852082932692%29.jpg,M,ATP Tour,2026-05-15T07:14:28.460806+00:00
1151,Jazmin Ortenzi,ARG,,164,2026-04-06,2001-11-20,,,Right (two-handed backhand),245,129,,"$223,694",https://upload.wikimedia.org/wikipedia/commons/thumb/9/92/Road_2_Australia_-_Victory_Ceremony_-_BugWarp_17_%28cropped_Jazm%C3%ADn_Ortenzi%29.jpg/330px-Road_2_Australia_-_Victory_Ceremony_-_BugWarp_17_%28cropped_Jazm%C3%ADn_Ortenzi%29.jpg?utm_source=en.wikipedia.org&utm_campaign=api&utm_content=thumbnail,F,WTA Tour Official,2026-05-15T05:27:05.108969+00:00
1156,Nuria Brancaccio,ITA,,150,2025-10-27,2000-06-24,,,Right-handed (two-handed backhand),308,213,,"$525,400",https://upload.wikimedia.org/wikipedia/commons/thumb/0/05/Brancaccio_N._RGQ23.jpg/330px-Brancaccio_N._RGQ23.jpg,F,WTA Tour Official,2026-05-15T05:27:30.008066+00:00
1246,Arthur Weber,FRA,,303,2023-10-16,1992-05-09,"6'1"" (185cm)",169 lbs (77kg),"Left-Handed, Two-Handed Backhand",0,0,,"$104,237",https://www.atptour.com/-/media/alias/player-gladiator-headshot/w0a4,M,ATP Tour,2026-05-15T07:13:29.801726+00:00
1392,Bernarda Pera,USA,,286,2023-06-12,1994-12-03,1.76m,,Left-handed (two-handed backhand),0,1,,"$26,220",https://upload.wikimedia.org/wikipedia/commons/thumb/5/56/Bernarda_Pera_%282023_US_Open%29_01_%28cropped%29.jpg/330px-Bernarda_Pera_%282023_US_Open%29_01_%28cropped%29.jpg?utm_source=en.wikipedia.org&utm_campaign=api&utm_content=thumbnail,F,WTA Tour Official,2026-05-15T06:17:49.946072+00:00
1884,Vitalia Diatchenko,RUS,,530,,1990-08-02,1.80 m,,Right (two-handed both sides),0,0,,"$1,800,746",https://upload.wikimedia.org/wikipedia/commons/thumb/e/e7/Diatchenko_RGQ22_%2819%29_%2852130127525%29.jpg/330px-Diatchenko_RGQ22_%2819%29_%2852130127525%29.jpg,F,WTA Tour Official,2026-05-11T11:18:36.869482+00:00
978,Andrej Nedic,BIH,,267,2026-05-04,2004-10-16,"6'1"" (185cm)",167 lbs (76kg),"Right-Handed, Two-Handed Backhand",1,5,,"$76,747",https://www.atptour.com/-/media/alias/player-gladiator-headshot/n0db,M,ATP Tour,2026-05-15T06:37:47.630220+00:00
990,Franco Agamenone,ITA,,108,2022-08-01,1993-04-15,"6'3"" (191cm)",178 lbs (81kg),"Right-Handed, Two-Handed Backhand",3,2,2010,"$669,851",https://upload.wikimedia.org/wikipedia/commons/thumb/5/5c/Agamenone_RGQ22_%2814%29_%2852128599922%29.jpg/330px-Agamenone_RGQ22_%2814%29_%2852128599922%29.jpg?utm_source=en.wikipedia.org&utm_campaign=api&utm_content=thumbnail,M,ATP Tour,2026-05-15T06:39:14.203835+00:00
1630,Imanol Lopez Morillo,ESP,,470,2024-02-05,1999-11-18,"6'0"" (183cm)",187 lbs (85kg),"Right-Handed, Two-Handed Backhand",0,0,,"$100,459",https://www.atptour.com/-/media/alias/player-gladiator-headshot/l0at,M,ATP Tour,2026-05-15T08:03:41.396042+00:00
996,Sumit Nagal,IND,,68,2024-07-15,1997-08-16,"5'10"" (178cm)",152 lbs (69kg),"Right-Handed, Two-Handed Backhand",17,41,2015,"$1,780,065",https://upload.wikimedia.org/wikipedia/commons/thumb/d/db/Nagal_RGQ22_%2814%29_%2852129786409%29.jpg/330px-Nagal_RGQ22_%2814%29_%2852129786409%29.jpg,M,ATP Tour,2026-05-15T06:39:57.739203+00:00
995,Paul Jubb,GBR,,180,2024-10-28,1999-10-31,"5'11"" (180cm)",158 lbs (72kg),"Right-Handed, Two-Handed Backhand",3,6,2020,"$639,340",https://upload.wikimedia.org/wikipedia/commons/thumb/f/fa/Jubb_RGQ22_%2836%29_%2852129582213%29.jpg/330px-Jubb_RGQ22_%2836%29_%2852129582213%29.jpg?utm_source=en.wikipedia.org&utm_campaign=api&utm_content=thumbnail,M,ATP Tour,2026-05-15T06:39:46.802720+00:00
998,Andres Martin,USA,,250,2026-03-30,2001-07-07,"6'0"" (183cm)",175 lbs (79kg),"Right-Handed, Two-Handed Backhand",1,3,,"$218,787",https://www.atptour.com/-/media/alias/player-gladiator-headshot/m0np,M,ATP Tour,2026-05-15T06:40:11.475302+00:00
1009,Diego Dedura,GER,,258,2026-04-06,2008-03-12,"5'11"" (180cm)",170 lbs (77kg),"Left-Handed, Two-Handed Backhand",1,3,,"$190,944",https://www.atptour.com/-/media/alias/player-gladiator-headshot/d0lj,M,ATP Tour,2026-05-15T06:41:39.404380+00:00
1000,Robin Bertrand,FRA,,260,2025-01-27,2003-03-15,"5'10"" (178cm)",154 lbs (70kg),"Right-Handed, Unknown Backhand",0,0,,"$226,462",https://www.atptour.com/-/media/alias/player-gladiator-headshot/b0jj,M,ATP Tour,2026-05-15T06:40:27.165462+00:00
1018,Duje Ajdukovic,CRO,,105,2024-09-09,2001-02-05,"6'2"" (188cm)",171 lbs (78kg),"Right-Handed, Two-Handed Backhand",7,10,2018,"$711,331",https://www.atptour.com/-/media/alias/player-gladiator-headshot/a0cj,M,ATP Tour,2026-05-15T06:42:56.166559+00:00
1004,Buvaysar Gadamauri,BEL,,280,2026-05-04,2000-07-10,"5'11"" (180cm)",180 lbs (82kg),"Right-Handed, One-Handed Backhand",0,0,,"$114,376",https://www.atptour.com/-/media/alias/player-gladiator-headshot/g0cv,M,ATP Tour,2026-05-15T06:40:54.065356+00:00
1007,Michele Ribecai,ITA,,281,2026-04-06,2003-02-04,"5'8"" (173cm)",165 lbs (75kg),"Right-Handed, Two-Handed Backhand",0,0,,"$65,766",https://www.atptour.com/-/media/alias/player-gladiator-headshot/r0jw,M,ATP Tour,2026-05-15T06:41:24.911421+00:00
1010,Johannus Monday,GBR,,212,2025-10-27,2002-01-22,"6'6"" (198cm)",190 lbs (86kg),"Left-Handed, Two-Handed Backhand",0,1,,"$326,275",https://upload.wikimedia.org/wikipedia/commons/thumb/5/53/Monday_WMQ23_%2853062186073%29.jpg/330px-Monday_WMQ23_%2853062186073%29.jpg,M,ATP Tour,2026-05-15T06:41:51.119371+00:00
1020,Keegan Smith,USA,,289,2026-05-04,1998-06-23,"6'7"" (201cm)",210 lbs (95kg),"Right-Handed, Two-Handed Backhand",0,0,,"$174,693",https://www.atptour.com/-/media/alias/player-gladiator-headshot/s0dq,M,ATP Tour,2026-05-15T06:43:10.639033+00:00
1024,Matias Soto,CHI,,240,2025-04-21,1999-04-27,"5'7"" (170cm)",165 lbs (75kg),"Right-Handed, Two-Handed Backhand",1,1,,"$274,635",https://www.atptour.com/-/media/alias/player-gladiator-headshot/s0ek,M,ATP Tour,2026-05-15T06:43:41.527251+00:00
1022,Sergey Fomin,UZB,,290,2026-05-04,2001-02-01,"0'0"" (0cm)",0 lbs (0kg),"Right-Handed, Two-Handed Backhand",2,8,,"$155,659",https://www.atptour.com/-/media/alias/player-gladiator-headshot/f0a3,M,ATP Tour,2026-05-15T06:43:26.649513+00:00
1237,Juan Estevez,ARG,,400,2026-04-20,2005-09-22,"5'7"" (170cm)",145 lbs (66kg),"Right-Handed, Two-Handed Backhand",0,0,,"$58,850",https://www.atptour.com/-/media/alias/player-gladiator-headshot/e0di,M,ATP Tour,2026-05-15T07:12:14.254868+00:00
1243,Raphael Perot,FRA,,365,2026-03-16,2001-06-30,"5'9"" (175cm)",175 lbs (79kg),"Right-Handed, Two-Handed Backhand",0,0,,"$40,059",https://www.atptour.com/-/media/alias/player-gladiator-headshot/p0mg,M,ATP Tour,2026-05-15T07:13:00.608471+00:00
1239,Patrick Zahraj,GER,,213,2025-11-17,1999-07-17,"6'3"" (191cm)",195 lbs (88kg),"Right-Handed, Two-Handed Backhand",0,1,,"$164,720",https://www.atptour.com/-/media/alias/player-gladiator-headshot/z09f,M,ATP Tour,2026-05-15T07:12:29.121436+00:00
1970,Kenny De Schepper,FRA,,62,2014-04-07,1987-05-29,"6'8"" (203cm)",220 lbs (100kg),"Left-Handed, One-Handed Backhand",26,61,2010,"$1,726,137",https://upload.wikimedia.org/wikipedia/commons/thumb/1/12/De_Schepper_MLC21_%2851603172660%29.jpg/330px-De_Schepper_MLC21_%2851603172660%29.jpg,M,ATP Tour,2026-05-15T08:48:04.987855+00:00
1972,Nicholas David Ionel,ROU,,184,2023-06-12,2002-10-12,"0'0"" (0cm)",165 lbs (75kg),"Right-Handed, Two-Handed Backhand",2,4,,"$276,692",https://upload.wikimedia.org/wikipedia/commons/thumb/f/fd/Ionel_RGQ23_%2852943034747%29.jpg/330px-Ionel_RGQ23_%2852943034747%29.jpg?utm_source=en.wikipedia.org&utm_campaign=api&utm_content=thumbnail,M,ATP Tour,2026-05-15T08:48:19.035446+00:00
1249,Irene Burillo,ESP,,109,2026-04-20,1997-07-23,,,Right (two-handed backhand),156,137,,"$566,434",https://upload.wikimedia.org/wikipedia/commons/thumb/7/7e/Burillo_Escorihuela_WMQ22_%2816%29_-_52191436799.jpg/330px-Burillo_Escorihuela_WMQ22_%2816%29_-_52191436799.jpg?utm_source=en.wikipedia.org&utm_campaign=api&utm_content=thumbnail,F,WTA Tour Official,2026-05-15T06:05:43.492015+00:00
1030,Victoria Jimenez Kasintseva,AND,,89,2026-03-16,2005-08-09,5' 11'' (1.80 m),,Left-handed (two-handed backhand),181,138,,"$987,619",https://upload.wikimedia.org/wikipedia/commons/thumb/1/15/Jimenez_Kasintseva_WMQ23_%2853061704296%29.jpg/330px-Jimenez_Kasintseva_WMQ23_%2853061704296%29.jpg,F,WTA Tour Official,2026-05-15T05:17:45.629748+00:00
3414,Kiara Zabkova,SVK,,1084,,2007-05-16,,,,0,0,,,,F,WTA Tour Official,2026-05-07T09:40:42.631298+00:00
3416,Daria Kuczer,POL,,1086,,1999-02-26,,,,0,0,,,,F,WTA Tour Official,2026-05-07T09:40:45.386970+00:00
1031,Darja Semenistaja,LAT,,87,2025-10-27,2002-09-16,1.69m,,Left-handed (two-handed backhand),245,146,,"$963,273",https://upload.wikimedia.org/wikipedia/commons/thumb/d/db/Semenistaja_RGQ23.jpg/330px-Semenistaja_RGQ23.jpg?utm_source=en.wikipedia.org&utm_campaign=api&utm_content=thumbnail,F,WTA Tour Official,2026-05-15T05:17:53.707441+00:00
1038,Yue Yuan,CHN,,36,2024-05-20,1998-09-25,5' 10'' (1.78 m),,,290,228,,"$2,820,115",https://upload.wikimedia.org/wikipedia/commons/thumb/9/97/Yue_Yuan_-_Incheon_AsianGames.jpg/330px-Yue_Yuan_-_Incheon_AsianGames.jpg,F,WTA Tour Official,2026-05-15T05:18:18.573415+00:00
1247,Celine Naef,SUI,,121,2023-10-16,2005-06-25,167cm,,Right (two-handed backhand),149,82,,"$576,559",https://upload.wikimedia.org/wikipedia/commons/thumb/7/71/Naef_RGQ23.jpg/330px-Naef_RGQ23.jpg,F,WTA Tour Official,2026-05-15T06:05:31.082196+00:00
1043,Rebecca Sramkova,SVK,,94,2026-01-12,1996-10-19,"5' 10"" (1.79 m)",,Right (two-handed backhand),54,54,,"$2,403,723",https://upload.wikimedia.org/wikipedia/commons/thumb/f/f1/Rebecca_%C5%A0ramkov%C3%A1_%282023_US_Open%29_%28cropped%29.jpg/330px-Rebecca_%C5%A0ramkov%C3%A1_%282023_US_Open%29_%28cropped%29.jpg,F,WTA Tour Official,2026-05-15T05:18:46.461353+00:00
1040,Kaja Juvan,SLO,,116,2022-06-06,2000-11-25,1.70m,,Right-handed (two-handed backhand),3,6,,"$117,783",https://upload.wikimedia.org/wikipedia/commons/thumb/1/12/Kaja_Juvan_%282023_US_Open%29_24_%28cropped%29.jpg/330px-Kaja_Juvan_%282023_US_Open%29_24_%28cropped%29.jpg?utm_source=en.wikipedia.org&utm_campaign=api&utm_content=thumbnail,F,WTA Tour Official,2026-05-15T05:48:48.480642+00:00
1569,Valentina Ryser,SUI,,374,2025-03-17,2001-03-22,,,Right (two-handed backhand),18,11,,"$246,362",,F,WTA Tour Official,2026-05-15T06:31:53.010024+00:00
1259,Xinyu Gao,CHN,,125,2025-02-24,1997-11-21,1.80 m,,Right (two-handed backhand),281,176,,"$590,825",https://photoresources.wtatennis.com/photo-resources/2019/10/08/eba35751-3ec3-4858-a3ec-7d7ef2a7cfe9/ZBxFeysJ.jpg?width=258&height=345,F,WTA Tour Official,2026-05-15T06:06:38.705438+00:00
3418,Mandegar Farzami,IRN,,1088,,2006-09-07,,,,0,0,,,,F,WTA Tour Official,2026-05-07T09:40:48.019415+00:00
3422,Alisa Vasileva,RUS,,1090,,2005-10-21,,,,0,0,,,,F,WTA Tour Official,2026-05-07T09:40:50.434518+00:00
3426,Sofia Suslova,RUS,,1092,,2004-08-09,,,,0,0,,,,F,WTA Tour Official,2026-05-07T09:40:52.901883+00:00
1974,Samir Hamza Reguig,ALG,,663,2025-02-17,2002-01-19,"6'0"" (183cm)",165 lbs (75kg),"Right-Handed, Two-Handed Backhand",0,0,,"$49,448",https://www.atptour.com/-/media/alias/player-gladiator-headshot/h0ez,M,ATP Tour,2026-05-15T08:48:32.416184+00:00
1251,Vendula Valdmannova,CZE,,146,2026-05-04,2007-12-10,,,Right-handed (two-handed backhand),41,15,,"$61,327",https://photoresources.wtatennis.com/photo-resources/2025/09/24/613b87ff-934a-4c91-9900-c1a64c576730/Valdmannova-Torso_331847.png?width=790&height=740,F,WTA Tour Official,2026-05-15T06:06:04.771082+00:00
4752,Elizaveta Kulichkova,RUS,,,,1996-04-12,,,,0,0,,,,F,wta,2026-06-15T06:21:28.786545+00:00
1255,Kasidit Samrej,THA,,346,2025-08-25,2001-01-20,"6'3"" (191cm)",200 lbs (91kg),"Right-Handed, Two-Handed Backhand",3,9,,"$185,931",https://www.atptour.com/-/media/alias/player-gladiator-headshot/s0hr,M,ATP Tour,2026-05-15T07:14:43.022371+00:00
1256,Harmony Tan,FRA,,220,2022-04-04,1997-09-11,5' 7'' (1.70 m),,Right-handed (two-handed backhand),13,8,,"$52,904",https://upload.wikimedia.org/wikipedia/commons/thumb/4/48/Tan_RGQ23.jpg/330px-Tan_RGQ23.jpg,F,WTA Tour Official,2026-05-15T06:06:24.926258+00:00
1267,Katherine Sebov,CAN,,225,2023-04-10,1999-01-05,1.73 m,,Right (two-handed backhand),13,10,,"$17,481",https://upload.wikimedia.org/wikipedia/commons/thumb/e/ee/Sebov_RGQ23.jpg/330px-Sebov_RGQ23.jpg,F,WTA Tour Official,2026-05-15T06:07:28.405413+00:00
1265,Elizara Yaneva,BUL,,224,2026-05-04,2007-03-21,,,Right-handed (two-handed backhand),64,35,,"$45,786",,F,WTA Tour Official,2026-05-15T06:07:18.776733+00:00
4753,Austin Krajicek,USA,,,,1990-06-16,,,,0,0,,,https://upload.wikimedia.org/wikipedia/commons/thumb/5/5f/Krajicek_RG19_%2810%29_%2848199188122%29.jpg/330px-Krajicek_RG19_%2810%29_%2848199188122%29.jpg,M,atp,2026-06-15T06:21:31.000249+00:00
1270,Polona Hercog,SLO,,35,2011-09-12,1991-01-20,"6' 0"" (1.85 m)",,Right (two-handed backhand),518,360,,"$4,515,207",https://upload.wikimedia.org/wikipedia/commons/thumb/a/af/Hercog_RGQ23.jpg/330px-Hercog_RGQ23.jpg,F,WTA Tour Official,2026-05-15T06:07:44.596459+00:00
1276,Anastasia Zolotareva,RUS,,168,2026-05-04,2002-01-18,,,Right (two-handed backhand),180,126,,"$159,413",,F,WTA Tour Official,2026-05-15T06:08:15.804614+00:00
1412,Alevtina Ibragimova,RUS,,296,2024-09-23,2005-01-19,,,Right-handed,11,10,,"$12,425",https://upload.wikimedia.org/wikipedia/commons/thumb/0/01/Alevtina_Ibragimova_%28born_2005%29_at_the_Rhine-Ruhr_2025_FISU_World_University_Games.png/330px-Alevtina_Ibragimova_%28born_2005%29_at_the_Rhine-Ruhr_2025_FISU_World_University_Games.png,F,WTA Tour Official,2026-05-15T06:19:23.645654+00:00
1424,Julie Struplova,CZE,,250,2024-08-26,2004-11-16,,,,170,86,,"$99,207",,F,WTA Tour Official,2026-05-15T06:20:24.947628+00:00
1211,Andrew Fenty,USA,,227,2025-11-03,2000-03-08,"6'4"" (193cm)",195 lbs (88kg),"Right-Handed, Two-Handed Backhand",0,0,,"$77,778",https://upload.wikimedia.org/wikipedia/commons/thumb/9/9f/Andrew_Fenty_%282025_DC_Open%29_01_%28cropped%29.jpg/330px-Andrew_Fenty_%282025_DC_Open%29_01_%28cropped%29.jpg,M,ATP Tour,2026-05-15T07:08:42.391470+00:00
1215,Braden Shick,USA,,390,2026-05-04,2003-10-24,"6'0"" (183cm)",155 lbs (70kg),"Right-Handed, Two-Handed Backhand",0,0,,"$38,735",https://www.atptour.com/-/media/alias/player-gladiator-headshot/s0s5,M,ATP Tour,2026-05-15T07:09:12.441449+00:00
1218,Marvin Moeller,GER,,287,2024-05-27,1999-01-18,"5'10"" (178cm)",152 lbs (69kg),"Right-Handed, Two-Handed Backhand",0,1,,"$168,991",https://www.atptour.com/-/media/alias/player-gladiator-headshot/m0bn,M,ATP Tour,2026-05-15T07:09:44.205488+00:00
1216,Sanhui Shin,KOR,,347,2026-02-23,1997-03-18,"5'10"" (178cm)",182 lbs (83kg),"Right-Handed, Two-Handed Backhand",0,1,,"$93,605",https://www.atptour.com/-/media/alias/player-gladiator-headshot/s09p,M,ATP Tour,2026-05-15T07:09:27.992731+00:00
1026,Moyuka Uchijima,JPN,,47,2025-05-05,2001-08-11,1.74m,,Right (two-handed backhand),276,193,,"$2,332,335",https://upload.wikimedia.org/wikipedia/commons/thumb/f/fd/Uchijima_WMQ23_%2853062168653%29.jpg/330px-Uchijima_WMQ23_%2853062168653%29.jpg?utm_source=en.wikipedia.org&utm_campaign=api&utm_content=thumbnail,F,WTA Tour Official,2026-05-15T05:17:28.307413+00:00
1028,Anastasia Pavlyuchenkova,RUS,,11,2021-11-08,1991-07-03,1.76m,,Right-handed (two-handed backhand),526,373,,"$16,108,092",https://upload.wikimedia.org/wikipedia/commons/thumb/b/b3/Nastia_Pavlyuchenkova_%282023_US_Open%29_19_%28cropped%29.jpg/330px-Nastia_Pavlyuchenkova_%282023_US_Open%29_19_%28cropped%29.jpg,F,WTA Tour Official,2026-05-15T05:17:36.946963+00:00
1163,Filippo Romano,ITA,,171,2026-03-02,2005-07-07,"6'2"" (188cm)",180 lbs (82kg),"Right-Handed, Two-Handed Backhand",0,1,,"$102,952",https://www.atptour.com/-/media/alias/player-gladiator-headshot/r0hk,M,ATP Tour,2026-05-15T07:02:44.225640+00:00
1187,Gonzalo Villanueva,ARG,,268,2022-10-10,1995-01-13,"5'9"" (175cm)",154 lbs (70kg),"Right-Handed, Two-Handed Backhand",0,1,,"$302,143",https://www.atptour.com/-/media/alias/player-gladiator-headshot/v821,M,ATP Tour,2026-05-15T07:05:41.912596+00:00
1171,Tom Paris,FRA,,252,2025-11-17,2002-09-02,"6'4"" (193cm)",191 lbs (87kg),"Right-Handed, One-Handed Backhand",0,0,,"$94,917",https://upload.wikimedia.org/wikipedia/en/8/8c/TomParis.jpg,M,ATP Tour,2026-05-15T07:03:43.286407+00:00
1173,Dali Blanch,USA,,346,2026-04-20,2003-03-05,"6'1"" (185cm)",176 lbs (80kg),"Right-Handed, Two-Handed Backhand",0,0,,"$97,635",https://www.atptour.com/-/media/alias/player-gladiator-headshot/b0jp,M,ATP Tour,2026-05-15T07:03:57.188594+00:00
955,Kamilla Rakhimova,UZB,83,59,2025-08-25,2001-08-28,1.70m,,Right (two-handed backhand),5,3,,"$278,125",https://upload.wikimedia.org/wikipedia/commons/thumb/c/cf/Kamilla_Rakhimova_%282024_DC_Open%29_05_%28cropped%29.jpg/330px-Kamilla_Rakhimova_%282024_DC_Open%29_05_%28cropped%29.jpg,F,WTA Tour Official,2026-08-07T06:19:33.141654+00:00
1182,Sean Cuenin,FRA,,333,2026-03-16,2004-02-16,"6'0"" (183cm)",176 lbs (80kg),"Right-Handed, Two-Handed Backhand",0,0,,"$88,079",https://www.atptour.com/-/media/alias/player-gladiator-headshot/c0jx,M,ATP Tour,2026-05-15T07:04:57.721118+00:00
1185,Thomas Faurel,FRA,,375,2026-05-04,2006-01-21,"5'10"" (178cm)",158 lbs (72kg),"Right-Handed, Two-Handed Backhand",0,0,,"$77,556",https://www.atptour.com/-/media/alias/player-gladiator-headshot/f0ho,M,ATP Tour,2026-05-15T07:05:26.229336+00:00
1194,Oleg Prihodko,UKR,,307,2025-08-18,1997-10-03,"5'11"" (180cm)",169 lbs (77kg),"Right-Handed, Two-Handed Backhand",0,0,,"$202,786",https://www.atptour.com/-/media/alias/player-gladiator-headshot/pl64,M,ATP Tour,2026-05-15T07:06:26.807805+00:00
1894,Natsuki Yoshimoto,JPN,,535,,2003-06-24,,,,0,0,,,,F,WTA Tour Official,2026-05-07T09:06:01.995770+00:00
1191,Florian Broska,GER,,344,2026-02-23,1998-01-01,"5'9"" (175cm)",165 lbs (75kg),"Right-Handed, Unknown Backhand",0,0,,"$71,981",https://www.atptour.com/-/media/alias/player-gladiator-headshot/b0c5,M,ATP Tour,2026-05-15T07:06:11.576246+00:00
1198,Henry Searle,GBR,,353,2026-01-05,2006-03-29,"6'4"" (193cm)",187 lbs (85kg),"Left-Handed, Two-Handed Backhand",0,3,,"$291,765",https://www.atptour.com/-/media/alias/player-gladiator-headshot/s0tx,M,ATP Tour,2026-05-15T07:06:57.026653+00:00
1207,Adria Soriano Barrera,COL,,261,2026-04-20,1999-06-02,"6'3"" (191cm)",180 lbs (82kg),"Right-Handed, Two-Handed Backhand",0,0,,"$111,462",https://www.atptour.com/-/media/alias/player-gladiator-headshot/s0bt,M,ATP Tour,2026-05-15T07:08:12.397228+00:00
1203,Manas Dhamne,IND,,384,2026-05-04,2007-12-29,"6'0"" (183cm)",169 lbs (77kg),"Right-Handed, Two-Handed Backhand",0,1,2023,"$83,061",https://www.atptour.com/-/media/alias/player-gladiator-headshot/d0ji,M,ATP Tour,2026-05-15T07:07:41.356315+00:00
1212,Trevor Svajda,USA,,358,2026-02-23,2006-04-20,"5'9"" (175cm)",152 lbs (69kg),"Right-Handed, Two-Handed Backhand",0,2,,"$134,848",https://upload.wikimedia.org/wikipedia/commons/thumb/4/47/Trevor_Svajda_%282023_US_Open%29_03.jpg/330px-Trevor_Svajda_%282023_US_Open%29_03.jpg,M,ATP Tour,2026-05-15T07:08:56.395244+00:00
1222,Christoph Negritu,GER,,263,2025-08-04,1994-03-21,"6'4"" (193cm)",183 lbs (83kg),"Right-Handed, Two-Handed Backhand",0,0,,"$232,463",https://www.atptour.com/-/media/alias/player-gladiator-headshot/n731,M,ATP Tour,2026-05-15T07:10:16.229567+00:00
1224,Ognjen Milic,SRB,,395,2026-05-04,2007-06-22,"5'11"" (180cm)",147 lbs (67kg),"Left-Handed, Two-Handed Backhand",0,1,,"$23,825",https://www.atptour.com/-/media/alias/player-gladiator-headshot/m0ur,M,ATP Tour,2026-05-15T07:10:29.795694+00:00
3424,Luana Plaza Araujo,BRA,,1091,,2005-08-14,,,,0,0,,,,F,WTA Tour Official,2026-05-07T09:40:51.634009+00:00
4755,Inigo Cervantes,ESP,,,,1989-11-30,,,,0,0,,,https://upload.wikimedia.org/wikipedia/commons/thumb/9/9e/%C3%8D%C3%B1igo_Cervantes_4%2C_2015_Wimbledon_Qualifying_-_Diliff.jpg/330px-%C3%8D%C3%B1igo_Cervantes_4%2C_2015_Wimbledon_Qualifying_-_Diliff.jpg,M,atp,2026-06-15T06:21:47.837477+00:00
1260,Francesco Forti,ITA,,303,2023-12-04,1999-07-26,"6'2"" (188cm)",180 lbs (82kg),"Right-Handed, Two-Handed Backhand",0,0,2018,"$197,685",https://www.atptour.com/-/media/alias/player-gladiator-headshot/f0a4,M,ATP Tour,2026-05-15T07:15:27.554580+00:00
1168,Carol Young Suh Lee,USA,,166,2026-02-23,2001-12-21,,,,112,42,,"$132,568",https://upload.wikimedia.org/wikipedia/commons/thumb/3/3f/Carol_Lee_%282023_Wolfpack_Invite%29_05.jpg/330px-Carol_Lee_%282023_Wolfpack_Invite%29_05.jpg,F,WTA Tour Official,2026-05-15T05:28:36.019041+00:00
724,Benjamin Bonzi,FRA,,42,2023-02-06,1996-06-09,"6'0"" (183cm)",180 lbs (82kg),"Right-Handed, Two-Handed Backhand",63,82,2015,"$4,422,855",https://upload.wikimedia.org/wikipedia/commons/thumb/7/77/Bonzi_MLC21_%282%29_%2851602502868%29.jpg/330px-Bonzi_MLC21_%282%29_%2851602502868%29.jpg,M,ATP Tour,2026-05-15T05:55:41.587469+00:00
799,Nicolas Mejia,COL,,150,2026-04-06,2000-02-11,"6'0"" (183cm)",175 lbs (79kg),"Right-Handed, Two-Handed Backhand",6,17,2019,"$489,162",https://upload.wikimedia.org/wikipedia/commons/thumb/e/e1/Mejia_RGQ23_%2852944044703%29.jpg/330px-Mejia_RGQ23_%2852944044703%29.jpg,M,ATP Tour,2026-05-15T06:14:12.875669+00:00
1274,Susan Bandecchi,SUI,,229,2022-03-07,1998-07-01,,,Right (two-handed backhand),13,11,,"$14,009",https://upload.wikimedia.org/wikipedia/commons/thumb/b/b0/Bandecchi_RGQ22_%2815%29_%2852129865439%29.jpg/330px-Bandecchi_RGQ22_%2815%29_%2852129865439%29.jpg,F,WTA Tour Official,2026-05-15T06:08:04.215933+00:00
1278,Aliona Falei,BLR,,231,2024-05-27,2004-03-29,,,Right (two-handed backhand),23,5,,"$207,921",,F,WTA Tour Official,2026-05-15T06:08:29.265293+00:00
1037,Tyler Zink,USA,,278,2025-10-13,2001-01-30,"6'1"" (185cm)",160 lbs (73kg),"Right-Handed, Two-Handed Backhand",0,0,,"$178,977",https://upload.wikimedia.org/wikipedia/commons/thumb/3/30/Tyler_Zink_%282025_DC_Open%29_03.jpg/330px-Tyler_Zink_%282025_DC_Open%29_03.jpg,M,ATP Tour,2026-05-15T06:45:29.574811+00:00
1029,Daniel Michalski,POL,,241,2026-02-09,2000-01-11,"5'11"" (180cm)",156 lbs (71kg),"Right-Handed, Two-Handed Backhand",1,4,2018,"$264,325",https://www.atptour.com/-/media/alias/player-gladiator-headshot/m0e1,M,ATP Tour,2026-05-15T06:44:25.982685+00:00
1032,Igor Marcondes,BRA,,258,2022-03-21,1997-06-16,"6'1"" (185cm)",171 lbs (78kg),"Left-Handed, Two-Handed Backhand",0,1,,"$125,697",https://www.atptour.com/-/media/alias/player-gladiator-headshot/rd48,M,ATP Tour,2026-05-15T06:44:42.155372+00:00
1036,Beibit Zhukayev,KAZ,,171,2024-05-20,2000-10-12,"6'6"" (198cm)",205 lbs (93kg),"Right-Handed, Two-Handed Backhand",5,8,,"$723,229",https://upload.wikimedia.org/wikipedia/commons/thumb/6/67/Beibit_Zhukayev_%282023_Cary%29_03_%28cropped%29.jpg/330px-Beibit_Zhukayev_%282023_Cary%29_03_%28cropped%29.jpg,M,ATP Tour,2026-05-15T06:45:13.082390+00:00
1041,Juan Pablo Varillas,PER,,60,2023-06-26,1995-10-06,"6'1"" (185cm)",170 lbs (77kg),"Right-Handed, Two-Handed Backhand",38,49,2013,"$1,858,445",https://upload.wikimedia.org/wikipedia/commons/thumb/d/dd/Varillas_WMQ22_%2810%29.jpg/330px-Varillas_WMQ22_%2810%29.jpg?utm_source=en.wikipedia.org&utm_campaign=api&utm_content=thumbnail,M,ATP Tour,2026-05-15T06:45:59.795689+00:00
1046,Marc Andrea Huesler,SUI,,47,2023-02-13,1996-06-24,"6'5"" (196cm)",189 lbs (86kg),"Left-Handed, Two-Handed Backhand",32,54,2016,"$2,131,588",https://upload.wikimedia.org/wikipedia/commons/thumb/3/33/Marc-Andrea_H%C3%BCsler.jpg/330px-Marc-Andrea_H%C3%BCsler.jpg,M,ATP Tour,2026-05-15T06:46:22.880385+00:00
1048,Mili Poljicak,CRO,,257,2025-06-30,2004-07-13,"6'1"" (185cm)",202 lbs (92kg),"Right-Handed, Two-Handed Backhand",0,3,,"$198,576",https://upload.wikimedia.org/wikipedia/commons/thumb/5/54/Poljicak_WMQ23_%2853062186203%29.jpg/330px-Poljicak_WMQ23_%2853062186203%29.jpg,M,ATP Tour,2026-05-15T06:46:37.257168+00:00
1200,Viacheslav Bielinskyi,UKR,,361,2026-03-02,2003-12-02,"5'10"" (178cm)",158 lbs (72kg),"Right-Handed, Two-Handed Backhand",2,1,,"$75,576",https://www.atptour.com/-/media/alias/player-gladiator-headshot/b0ll,M,ATP Tour,2026-05-15T07:07:11.900391+00:00
1052,Tiago Pereira,POR,,140,2026-03-30,2004-06-20,"0'0"" (0cm)",171 lbs (78kg),"Right-Handed, Two-Handed Backhand",0,0,,"$171,423",https://www.atptour.com/-/media/alias/player-gladiator-headshot/p0k4,M,ATP Tour,2026-05-15T06:47:10.168613+00:00
2038,Mikalai Haliak,BLR,,364,2024-04-22,1998-08-14,"6'0"" (183cm)",165 lbs (75kg),"Right-Handed, Two-Handed Backhand",0,0,,"$119,361",https://www.atptour.com/-/media/alias/player-gladiator-headshot/hh15,M,ATP Tour,2026-05-15T08:57:13.367207+00:00
1262,Cannon Kingsley,USA,,293,2024-07-22,2001-05-06,"6'3"" (191cm)",175 lbs (79kg),"Right-Handed, Two-Handed Backhand",0,0,,"$138,086",https://upload.wikimedia.org/wikipedia/commons/thumb/a/a9/Cannon_Kingsley_%282023_Cary_2%29_02.jpg/330px-Cannon_Kingsley_%282023_Cary_2%29_02.jpg,M,ATP Tour,2026-05-15T07:15:40.258145+00:00
1257,Federico Arnaboldi,ITA,,183,2025-06-09,2000-06-18,"6'1"" (185cm)",173 lbs (78kg),"Right-Handed, Two-Handed Backhand",0,0,,"$316,452",https://www.atptour.com/-/media/alias/player-gladiator-headshot/a0ba,M,ATP Tour,2026-05-15T07:14:59.066667+00:00
1271,Facundo Bagnis,ARG,,55,2016-11-14,1990-02-27,"6'0"" (183cm)",180 lbs (82kg),"Left-Handed, Two-Handed Backhand",45,89,2008,"$3,287,741",https://upload.wikimedia.org/wikipedia/commons/thumb/9/96/Bagnis_RGQ23_%2852943633766%29.jpg/330px-Bagnis_RGQ23_%2852943633766%29.jpg?utm_source=en.wikipedia.org&utm_campaign=api&utm_content=thumbnail,M,ATP Tour,2026-05-15T07:16:36.631143+00:00
1266,Lucas Poullain,FRA,,244,2024-02-26,1995-12-05,"5'9"" (175cm)",149 lbs (68kg),"Right-Handed, Two-Handed Backhand",0,0,,"$202,645",https://www.atptour.com/-/media/alias/player-gladiator-headshot/pj74,M,ATP Tour,2026-05-15T07:16:07.869794+00:00
1279,Andrej Martin,SVK,,93,2020-02-10,1989-09-20,"6'0"" (183cm)",183 lbs (83kg),"Right-Handed, Two-Handed Backhand",27,38,2007,"$1,661,522",https://upload.wikimedia.org/wikipedia/commons/thumb/0/05/Martin_A._RGQ22_%2825%29_%2852129782779%29.jpg/330px-Martin_A._RGQ22_%2825%29_%2852129782779%29.jpg?utm_source=en.wikipedia.org&utm_campaign=api&utm_content=thumbnail,M,ATP Tour,2026-05-15T07:17:35.770069+00:00
1896,Evan Zhu,USA,,271,2023-03-06,1998-08-15,"6'1"" (185cm)",170 lbs (77kg),"Right-Handed, Two-Handed Backhand",0,0,,"$167,396",https://www.atptour.com/-/media/alias/player-gladiator-headshot/z09k,M,ATP Tour,2026-05-15T08:38:12.493091+00:00
1283,Gabriele Piraino,ITA,,341,2026-01-12,2003-11-12,"6'2"" (188cm)",173 lbs (78kg),"Left-Handed, Unknown Backhand",0,0,,"$117,288",https://www.atptour.com/-/media/alias/player-gladiator-headshot/p0i6,M,ATP Tour,2026-05-15T07:18:02.339911+00:00
1893,Maxence Bertimon,FRA,,680,2025-04-21,1999-09-20,"6'0"" (183cm)",182 lbs (83kg),"Right-Handed, Two-Handed Backhand",0,0,,"$35,342",https://www.atptour.com/-/media/alias/player-gladiator-headshot/b0bz,M,ATP Tour,2026-05-15T08:37:39.130141+00:00
803,Daniil Glinka,EST,,167,2026-02-02,2000-05-12,"6'2"" (188cm)",183 lbs (83kg),"Left-Handed, One-Handed Backhand",1,2,,"$205,527",https://www.atptour.com/-/media/alias/player-gladiator-headshot/g0by,M,ATP Tour,2026-05-15T06:15:12.075858+00:00
837,Gianluca Cadenasso,ITA,,181,2026-03-30,2004-09-29,"5'9"" (175cm)",154 lbs (70kg),"Right-Handed, Two-Handed Backhand",0,0,,"$136,507",https://www.atptour.com/-/media/alias/player-gladiator-headshot/c0nn,M,ATP Tour,2026-05-15T06:20:02.783371+00:00
2199,Thanasi Kokkinakis,AUS,,65,2023-11-06,1996-04-10,"6'4"" (193cm)",185 lbs (84kg),"Right-Handed, Two-Handed Backhand",80,97,2013,,https://upload.wikimedia.org/wikipedia/commons/thumb/7/7b/Kokkinakis_WMQ23_%2853061887829%29.jpg/330px-Kokkinakis_WMQ23_%2853061887829%29.jpg,M,ATP Tour,2026-05-13T23:04:27.217476+00:00
811,Gauthier Onclin,BEL,,183,2026-05-04,2001-02-26,"5'11"" (180cm)",169 lbs (77kg),"Right-Handed, Two-Handed Backhand",0,1,,"$594,883",https://upload.wikimedia.org/wikipedia/commons/thumb/b/b5/Onclin_RGQ23_%2852943582556%29.jpg/330px-Onclin_RGQ23_%2852943582556%29.jpg,M,ATP Tour,2026-05-15T06:16:52.908053+00:00
801,Elias Ymer,SWE,,105,2018-06-11,1996-04-10,"6'1"" (185cm)",171 lbs (78kg),"Right-Handed, Two-Handed Backhand",47,85,2014,"$2,366,741",https://upload.wikimedia.org/wikipedia/commons/thumb/d/d8/Ymer_WMQ23_%2853062069610%29.jpg/330px-Ymer_WMQ23_%2853062069610%29.jpg,M,ATP Tour,2026-05-15T06:14:41.492532+00:00
2470,Hazem Naw,SYR,,1038,,,,,,0,0,,,,M,ATP Tour,2026-05-07T09:25:00.566568+00:00
2471,Finn Bass,GBR,,1039,,,,,,0,0,,,,M,ATP Tour,2026-05-07T09:25:02.120975+00:00
2472,Vladislav Melnic,ROU,,1040,,,,,,0,0,,,,M,ATP Tour,2026-05-07T09:25:03.279003+00:00
802,Borna Gojo,CRO,,72,2023-11-20,1998-02-27,"6'5"" (196cm)",198 lbs (90kg),"Right-Handed, Two-Handed Backhand",20,27,2020,"$1,494,354",https://upload.wikimedia.org/wikipedia/commons/thumb/1/1e/Gojo_MLC21.jpg/330px-Gojo_MLC21.jpg,M,ATP Tour,2026-05-15T06:14:56.026373+00:00
806,Clement Chidekh,FRA,,176,2026-04-13,2001-06-13,"5'11"" (180cm)",171 lbs (78kg),"Right-Handed, Two-Handed Backhand",0,2,2022,"$355,966",https://upload.wikimedia.org/wikipedia/commons/thumb/f/f8/Chidekh_REN21_%281%29_%2851601832766%29.jpg/330px-Chidekh_REN21_%281%29_%2851601832766%29.jpg?utm_source=en.wikipedia.org&utm_campaign=api&utm_content=thumbnail,M,ATP Tour,2026-05-15T06:16:21.091207+00:00
818,Federico Agustin Gomez,ARG,,133,2025-02-03,1996-11-26,"6'3"" (191cm)",210 lbs (95kg),"Right-Handed, Two-Handed Backhand",2,6,,"$678,123",https://upload.wikimedia.org/wikipedia/commons/thumb/4/42/Federico_Agust%C3%ADn_G%C3%B3mez_%282023_Cary_2%29_03_%28cropped%29.jpg/330px-Federico_Agust%C3%ADn_G%C3%B3mez_%282023_Cary_2%29_03_%28cropped%29.jpg,M,ATP Tour,2026-05-15T06:17:40.368724+00:00
813,Gonzalo Bueno,PER,,184,2026-04-20,2004-04-03,"5'8"" (173cm)",160 lbs (73kg),"Right-Handed, Two-Handed Backhand",3,4,,"$285,796",https://www.atptour.com/-/media/alias/player-gladiator-headshot/b0gr,M,ATP Tour,2026-05-15T06:17:11.301644+00:00
816,Justin Engel,GER,,180,2026-01-05,2007-10-01,"6'2"" (188cm)",173 lbs (78kg),"Right-Handed, Two-Handed Backhand",6,10,,"$528,283",https://www.atptour.com/-/media/alias/player-gladiator-headshot/e0dd,M,ATP Tour,2026-05-15T06:17:25.825241+00:00
821,Timofey Skatov,KAZ,,123,2023-09-11,2001-01-21,"5'8"" (173cm)",160 lbs (73kg),"Right-Handed, Two-Handed Backhand",8,12,2019,"$1,031,928",https://upload.wikimedia.org/wikipedia/commons/thumb/7/77/Skatov_WMQ23_%2853061098557%29.jpg/330px-Skatov_WMQ23_%2853061098557%29.jpg,M,ATP Tour,2026-05-15T06:18:08.956020+00:00
823,Alex Barrena,ARG,,167,2026-03-30,2002-10-10,"5'9"" (175cm)",149 lbs (68kg),"Right-Handed, Two-Handed Backhand",0,2,,"$230,750",https://www.atptour.com/-/media/alias/player-gladiator-headshot/b0gy,M,ATP Tour,2026-05-15T06:18:23.090260+00:00
825,Colton Smith,USA,,133,2025-08-25,2003-03-05,"6'0"" (183cm)",170 lbs (77kg),"Right-Handed, Two-Handed Backhand",3,7,,"$415,713",https://www.atptour.com/-/media/alias/player-gladiator-headshot/s0ze,M,ATP Tour,2026-05-15T06:18:35.869863+00:00
827,Lukas Neumayer,AUT,,157,2025-08-25,2002-09-06,"6'0"" (183cm)",154 lbs (70kg),"Right-Handed, Two-Handed Backhand",5,4,2021,"$510,923",https://www.atptour.com/-/media/alias/player-gladiator-headshot/n0cs,M,ATP Tour,2026-05-15T06:18:48.222647+00:00
829,Alexis Galarneau,CAN,,153,2024-05-20,1999-03-02,"5'11"" (180cm)",175 lbs (79kg),"Right-Handed, Two-Handed Backhand",3,7,,"$754,114",https://upload.wikimedia.org/wikipedia/commons/thumb/8/81/Galarneau_BLO22_%2843%29_%2852157039916%29.jpg/330px-Galarneau_BLO22_%2843%29_%2852157039916%29.jpg,M,ATP Tour,2026-05-15T06:19:03.858942+00:00
835,Guy Den Ouden,NED,,147,2025-09-08,2002-04-08,"6'0"" (183cm)",167 lbs (76kg),"Right-Handed, Two-Handed Backhand",2,2,,"$328,122",https://www.atptour.com/-/media/alias/player-gladiator-headshot/d0h9,M,ATP Tour,2026-05-15T06:19:47.599318+00:00
1525,Ons Jabeur,TUN,,2,2022-06-27,1994-08-28,1.67m,,Right-handed (two-handed backhand),460,261,,"$14,303,928",https://upload.wikimedia.org/wikipedia/commons/thumb/6/67/Ons_Jabeur_%282024_DC_Open%29_08_%28cropped%29.jpg/330px-Ons_Jabeur_%282024_DC_Open%29_08_%28cropped%29.jpg,F,WTA Tour Official,2026-05-15T06:28:24.892428+00:00
853,Juan Pablo Ficovich,ARG,,125,2022-07-25,1997-01-24,"6'2"" (188cm)",176 lbs (80kg),"Right-Handed, Two-Handed Backhand",4,5,2015,"$949,195",https://upload.wikimedia.org/wikipedia/commons/thumb/f/f4/Ficovich_WMQ23_%2853062200943%29.jpg/330px-Ficovich_WMQ23_%2853062200943%29.jpg?utm_source=en.wikipedia.org&utm_campaign=api&utm_content=thumbnail,M,ATP Tour,2026-05-15T06:21:52.283262+00:00
841,Luka Mikrut,CRO,,159,2025-10-13,2004-04-16,"6'2"" (188cm)",160 lbs (73kg),"Right-Handed, Two-Handed Backhand",0,1,,"$203,722",https://www.atptour.com/-/media/alias/player-gladiator-headshot/m0n1,M,ATP Tour,2026-05-15T06:20:30.310584+00:00
848,Matej Dodig,CRO,,199,2026-03-30,2005-07-19,"6'2"" (188cm)",178 lbs (81kg),"Right-Handed, Two-Handed Backhand",2,4,,"$238,472",https://www.atptour.com/-/media/alias/player-gladiator-headshot/d0l3,M,ATP Tour,2026-05-15T06:21:22.575368+00:00
859,Daniel Evans,GBR,,21,2023-08-07,1990-05-23,"5'9"" (175cm)",165 lbs (75kg),"Right-Handed, One-Handed Backhand",161,186,2006,"$9,315,854",https://www.atptour.com/-/media/alias/player-gladiator-headshot/e687,M,ATP Tour,2026-05-15T06:22:41.958378+00:00
854,Rio Noguchi,JPN,,196,2025-08-18,1998-12-28,"5'6"" (168cm)",138 lbs (63kg),"Right-Handed, Two-Handed Backhand",1,1,,"$479,948",https://upload.wikimedia.org/wikipedia/commons/thumb/d/d0/Noguchi_WMQ23_%2853061881644%29.jpg/330px-Noguchi_WMQ23_%2853061881644%29.jpg?utm_source=en.wikipedia.org&utm_campaign=api&utm_content=thumbnail,M,ATP Tour,2026-05-15T06:22:08.689035+00:00
861,Jay Clarke,GBR,,153,2019-07-22,1998-07-27,"6'0"" (183cm)",184 lbs (83kg),"Right-Handed, Two-Handed Backhand",2,12,2016,"$1,196,660",https://www.atptour.com/-/media/alias/player-gladiator-headshot/ci14,M,ATP Tour,2026-05-15T06:22:53.995073+00:00
4756,Yuichi Sugita,JPN,,,,1988-09-18,,,,0,0,,,https://upload.wikimedia.org/wikipedia/commons/thumb/9/94/Sugita_WM17_%289%29_%2836050660651%29.jpg/330px-Sugita_WM17_%289%29_%2836050660651%29.jpg,M,atp,2026-06-15T06:22:02.435270+00:00
868,Remy Bertola,SUI,,199,2026-04-13,1998-08-31,"5'9"" (175cm)",165 lbs (75kg),"Right-Handed, One-Handed Backhand",2,1,,"$282,170",https://www.atptour.com/-/media/alias/player-gladiator-headshot/bu70,M,ATP Tour,2026-05-15T06:23:51.938331+00:00
4757,Naomi Broady,GBR,,,,1990-02-28,,,,0,0,,,,F,wta,2026-06-15T06:22:02.435270+00:00
4758,Adam Pavlasek,CZE,,,,1994-10-08,,,,0,0,,,https://upload.wikimedia.org/wikipedia/commons/thumb/e/e5/Pavlasek_RG18_%2818%29_%2842978775651%29.jpg/330px-Pavlasek_RG18_%2818%29_%2842978775651%29.jpg,M,atp,2026-06-15T06:22:17.898399+00:00
4759,Kateryna Baindl,UKR,,,,1994-02-20,,,,0,0,,,,F,wta,2026-06-15T06:22:17.898399+00:00
2474,Marko Maksimovic,SRB,,1041,,,,,,0,0,,,,M,ATP Tour,2026-05-07T09:25:04.436139+00:00
2206,Mikael Ymer,SWE,,50,2023-04-17,1998-09-09,"6'1"" (185cm)",171 lbs (78kg),"Right-Handed, Two-Handed Backhand",74,84,2015,,https://upload.wikimedia.org/wikipedia/commons/thumb/3/3c/Ymer_M._RGQ19_%2821%29_%2848002588912%29.jpg/330px-Ymer_M._RGQ19_%2821%29_%2848002588912%29.jpg,M,ATP Tour,2026-05-13T23:05:11.098192+00:00
867,Qinwen Zheng,CHN,,4,2025-06-16,2002-10-08,1.78m,,Right-handed (two-handed backhand),250,110,,"$10,160,087",https://upload.wikimedia.org/wikipedia/commons/thumb/0/0d/Zheng_Qinwen_%282024_US_Open%29_01_%28cropped%29.jpg/330px-Zheng_Qinwen_%282024_US_Open%29_01_%28cropped%29.jpg,F,WTA Tour Official,2026-05-15T05:00:19.698997+00:00
1183,Nao Hibino,JPN,,56,2016-01-18,1994-11-28,"5' 4"" (1.63 m)",,Right-handed (two-handed backhand),414,341,,"$3,818,376",https://upload.wikimedia.org/wikipedia/commons/thumb/b/bd/Nao_Hibino_%282024_DC_Open%29_02_%28cropped%29.jpg/330px-Nao_Hibino_%282024_DC_Open%29_02_%28cropped%29.jpg,F,WTA Tour Official,2026-05-15T06:00:24.214644+00:00
1177,Ye-Xin Ma,CHN,,165,2026-03-30,1999-06-10,1.63 m,,Right (two-handed backhand),305,250,,"$401,580",,F,WTA Tour Official,2026-05-15T06:00:01.069329+00:00
1055,Alina Charaeva,RUS,,125,2026-05-04,2002-05-27,,,Right-handed,201,117,,"$353,617",,F,WTA Tour Official,2026-05-15T05:19:51.647772+00:00
2439,Pavlos Tsitsipas,GRE,,1013,,,,,,0,0,,,,M,ATP Tour,2026-05-07T09:24:29.273303+00:00
1057,Taylah Preston,AUS,,126,2026-05-04,2005-10-27,1.70 m,,Right (two-handed backhand),153,87,,"$782,867",https://upload.wikimedia.org/wikipedia/commons/thumb/5/5f/Taylah_Preston_%282024_DC_Open%29_02.jpg/330px-Taylah_Preston_%282024_DC_Open%29_02.jpg,F,WTA Tour Official,2026-05-15T05:20:07.502924+00:00
1172,Jeline Vandromme,BEL,,179,2026-05-04,2007-11-16,,,Right (two-handed backhand),84,32,,"$59,281",https://upload.wikimedia.org/wikipedia/commons/thumb/6/6b/Vandromme_Reims_1590277.jpg/330px-Vandromme_Reims_1590277.jpg?utm_source=en.wikipedia.org&utm_campaign=api&utm_content=thumbnail,F,WTA Tour Official,2026-05-15T05:29:00.487288+00:00
1199,Whitney Osuigwe,USA,,105,2019-08-12,2002-04-17,1.68 m,,Right-handed (two-handed backhand),234,206,,"$1,147,077",https://upload.wikimedia.org/wikipedia/commons/thumb/3/34/Osuigwe_WMQ19_%289%29.jpg/330px-Osuigwe_WMQ19_%289%29.jpg?utm_source=en.wikipedia.org&utm_campaign=api&utm_content=thumbnail,F,WTA Tour Official,2026-05-15T06:01:41.490451+00:00
1181,Irina-Camelia Begu,ROU,,22,2016-08-22,1990-08-26,1.81m,,Right-handed (two-handed backhand),523,364,,"$8,892,421",https://upload.wikimedia.org/wikipedia/commons/d/db/Day_7_Transilvania_Open_Jaqueline_Cristian_ROU_Angelica_Moratelli_ITA_vs_Irina-Camelia_Begu_ROU_Sorana_Cirstea_ROU_7-5%2C_6-4_%2854320776836%29_%28cropped_Irina-Camelia_Begu%29.jpg,F,WTA Tour Official,2026-05-15T05:31:31.059226+00:00
1280,Aoi Ito,JPN,,232,2025-08-18,2004-05-21,,,Right-handed,6,8,,"$11,554",,F,WTA Tour Official,2026-05-15T06:08:38.577869+00:00
1193,Angela Fita Boluda,ESP,,190,2026-05-04,1999-07-12,5' 9'' (1.76 m),,Left-handed,350,225,,"$230,697",,F,WTA Tour Official,2026-05-15T05:33:18.805619+00:00
850,Joao Lucas Reis Da Silva,BRA,,187,2025-11-10,2000-03-26,"5'10"" (178cm)",165 lbs (75kg),"Right-Handed, Two-Handed Backhand",0,2,,"$369,288",https://upload.wikimedia.org/wikipedia/commons/thumb/b/bc/Joao_Lucas_Reis_da_Silva_%28cropped%29.jpg/330px-Joao_Lucas_Reis_da_Silva_%28cropped%29.jpg,M,ATP Tour,2026-05-15T06:21:38.888481+00:00
864,Gustavo Heide,BRA,,142,2024-08-19,2002-02-28,"6'3"" (191cm)",183 lbs (83kg),"Right-Handed, Two-Handed Backhand",5,9,,"$530,662",https://upload.wikimedia.org/wikipedia/commons/thumb/c/c7/Gustavo_Heide_Sao_Leo_Open_2026.jpg/330px-Gustavo_Heide_Sao_Leo_Open_2026.jpg?utm_source=en.wikipedia.org&utm_campaign=api&utm_content=thumbnail,M,ATP Tour,2026-05-15T06:23:25.470627+00:00
1053,Suzan Lamens,NED,,124,2025-09-22,1999-07-05,1.68m,,Right (two-handed backhand),8,13,,"$195,351",https://upload.wikimedia.org/wikipedia/commons/thumb/d/d6/Lamens_RGQ22_%2822%29_%2852129561996%29.jpg/330px-Lamens_RGQ22_%2822%29_%2852129561996%29.jpg,F,WTA Tour Official,2026-05-15T05:50:00.010750+00:00
2663,Toby Martin,GBR,,1183,,,,,,0,0,,,,M,ATP Tour,2026-05-07T09:28:23.287655+00:00
1221,Yeonwoo Ku,KOR,,187,2026-01-12,2003-03-15,,,,222,120,,"$159,360",https://photoresources.wtatennis.com/photo-resources/2021/03/10/de462240-9d73-4fd4-9ecb-7fde3bfd1407/Ku_crop.jpg?width=258&height=345,F,WTA Tour Official,2026-05-15T06:03:26.597361+00:00
1192,Guiomar Maristany Zuleta De Reales,ESP,,165,2026-02-16,1999-02-19,170 cm,,Right (two-handed backhand),315,205,,"$458,520",https://upload.wikimedia.org/wikipedia/commons/thumb/d/de/Maristany_Zuleta_de_Reales_BIA21_%2821%29_%2851379103429%29.jpg/330px-Maristany_Zuleta_de_Reales_BIA21_%2821%29_%2851379103429%29.jpg?utm_source=en.wikipedia.org&utm_campaign=api&utm_content=thumbnail,F,WTA Tour Official,2026-05-15T06:00:55.962330+00:00
1186,Mona Barthel,GER,,23,2013-03-18,1990-07-11,"6' 1"" (1.85 m)",,Right-handed (two handed backhand),543,422,,"$4,449,846",https://upload.wikimedia.org/wikipedia/commons/thumb/3/31/Barthel_WM18_%2822%29_%2843027082155%29.jpg/330px-Barthel_WM18_%2822%29_%2843027082155%29.jpg,F,WTA Tour Official,2026-05-15T06:00:32.619205+00:00
1051,Polina Kudermetova,UZB,,54,2025-04-14,2003-06-04,1.72 m,,Right-handed,221,137,,"$1,495,331",https://upload.wikimedia.org/wikipedia/commons/thumb/c/c0/Polina_Kudermetova_%282025_DC_Open%29_02_%28cropped%29.jpg/330px-Polina_Kudermetova_%282025_DC_Open%29_02_%28cropped%29.jpg,F,WTA Tour Official,2026-05-15T05:19:33.909580+00:00
1188,Iryna Shymanovich,BLR,,63,2026-04-20,1997-06-30,1.71m,,,223,110,,"$876,881",https://upload.wikimedia.org/wikipedia/commons/thumb/5/59/Shymanovich_RGQ23.jpg/330px-Shymanovich_RGQ23.jpg,F,WTA Tour Official,2026-05-15T06:00:38.524988+00:00
1179,Akasha Urhobo,USA,,183,2026-05-04,2007-01-19,,,Right-handed,119,67,,"$188,849",,F,WTA Tour Official,2026-05-15T05:30:52.569707+00:00
1204,Fiona Crawley,USA,,182,2026-03-02,2002-02-07,5 ft 6 in,,Right-handed (two-handed backhand),96,46,,"$214,432",https://upload.wikimedia.org/wikipedia/commons/thumb/3/3d/Fiona_Crawley_%282023_US_Open%29_072_%28cropped%29.jpg/330px-Fiona_Crawley_%282023_US_Open%29_072_%28cropped%29.jpg,F,WTA Tour Official,2026-05-15T06:02:04.760075+00:00
1540,Aziz Ouakaa,TUN,,227,2024-05-06,1999-08-07,"6'1"" (185cm)",182 lbs (83kg),"Right-Handed, Two-Handed Backhand",4,1,,"$130,844",https://upload.wikimedia.org/wikipedia/commons/thumb/d/d1/Aziztennis.jpg/330px-Aziztennis.jpg,M,ATP Tour,2026-05-15T07:51:33.083089+00:00
1213,Storm Hunter,AUS,,1,2023-11-06,1994-08-11,1.66m,,Left (two-handed backhand),302,179,,"$4,017,902",https://upload.wikimedia.org/wikipedia/commons/thumb/6/6d/Sanders_WMQ22_%286%29_%2852191140653%29.jpg/330px-Sanders_WMQ22_%286%29_%2852191140653%29.jpg?utm_source=en.wikipedia.org&utm_campaign=api&utm_content=thumbnail,F,WTA Tour Official,2026-05-15T06:02:42.009138+00:00
1197,Alice Rame,FRA,,191,2026-01-05,1997-11-09,,,,383,265,,"$200,317",https://photoresources.wtatennis.com/photo-resources/2020/09/08/39e4bf64-0e16-4950-9de6-a84405d786a2/Rame_crop.jpg?width=258&height=345,F,WTA Tour Official,2026-05-15T05:33:40.697272+00:00
1225,Alexandra Shubladze,RUS,,205,2026-05-04,2005-09-06,,,Right-handed,31,8,,"$27,914",https://upload.wikimedia.org/wikipedia/commons/thumb/b/b0/Alexandra_Shubladze_1591148.jpg/330px-Alexandra_Shubladze_1591148.jpg,F,WTA Tour Official,2026-05-15T06:03:48.136326+00:00
1230,Julia Riera,ARG,,93,2024-05-20,2002-05-29,1.70 m,,Right (two-handed backhand),229,148,,"$857,881",https://upload.wikimedia.org/wikipedia/commons/thumb/d/d2/Road_2_Australia_-_Riera_V_Ortenzi_Final_-_BugWarp_259_%28cropped%29.jpg/330px-Road_2_Australia_-_Riera_V_Ortenzi_Final_-_BugWarp_259_%28cropped%29.jpg?utm_source=en.wikipedia.org&utm_campaign=api&utm_content=thumbnail,F,WTA Tour Official,2026-05-15T06:04:10.008745+00:00
862,Gilles Arnaud Bailly,BEL,,201,2025-11-10,2005-09-19,"5'11"" (180cm)",171 lbs (78kg),"Right-Handed, Two-Handed Backhand",1,3,,"$187,561",https://www.atptour.com/-/media/alias/player-gladiator-headshot/b0qc,M,ATP Tour,2026-05-15T06:23:10.888747+00:00
4760,Gerald Melzer,AUT,,,,1990-07-13,,,,0,0,,,https://upload.wikimedia.org/wikipedia/commons/thumb/d/d6/Gerald_Melzer_%E2%80%93_Wimbledon_Qualifying_2016_%E2%80%93_1.jpg/330px-Gerald_Melzer_%E2%80%93_Wimbledon_Qualifying_2016_%E2%80%93_1.jpg,M,atp,2026-06-15T06:22:29.263806+00:00
1074,Danielle Collins,USA,,7,2022-07-11,1993-12-13,1.78m,,Right-handed (two-handed backhand),283,170,,"$10,271,733",https://upload.wikimedia.org/wikipedia/commons/thumb/5/50/Danielle_Collins_%282025_DC_Open%29_02_%28cropped%29.jpg/330px-Danielle_Collins_%282025_DC_Open%29_02_%28cropped%29.jpg,F,WTA Tour Official,2026-05-15T05:21:19.828209+00:00
1099,Lola Radivojevic,SRB,,145,2026-01-05,2005-01-02,1.82 m,,Right-handed,6,10,,"$64,529",,F,WTA Tour Official,2026-05-15T05:53:13.082202+00:00
1101,Sofia Costoulas,BEL,,146,2026-03-30,2005-04-02,,,Right-handed (two-handed backhand),19,11,,"$66,292",,F,WTA Tour Official,2026-05-15T05:53:23.480354+00:00
1208,Fiona Ferro,FRA,,39,2021-03-08,1997-03-12,"5' 7"" (1.70 m)",,Right-handed (two-handed backhand),332,265,,"$2,622,441",https://upload.wikimedia.org/wikipedia/commons/thumb/0/06/Ferro_RG19_%2810%29_%2848199369072%29.jpg/330px-Ferro_RG19_%2810%29_%2848199369072%29.jpg,F,WTA Tour Official,2026-05-15T06:02:24.232082+00:00
1114,Veronika Podrez,UKR,,147,2026-04-20,2007-01-11,,,Right-handed,165,70,,"$99,456",https://upload.wikimedia.org/wikipedia/commons/thumb/1/16/Veronika_Podrez_1591309.jpg/330px-Veronika_Podrez_1591309.jpg?utm_source=en.wikipedia.org&utm_campaign=api&utm_content=thumbnail,F,WTA Tour Official,2026-05-15T05:24:18.565351+00:00
1128,Tiantsoa Rakotomanga Rajaonah,FRA,,149,2026-04-20,2005-12-15,,,Left (two-handed backhand),70,61,,"$418,379",,F,WTA Tour Official,2026-05-15T05:25:22.237986+00:00
1134,Varvara Lepchenko,USA,,19,2012-10-01,1986-05-21,"5' 11"" (1.80 m)",,Left-handed (two-handed backhand),719,544,,"$5,699,580",https://upload.wikimedia.org/wikipedia/commons/thumb/e/e3/Lepchenko_EBN17_%285%29_%2835754326261%29.jpg/330px-Lepchenko_EBN17_%285%29_%2835754326261%29.jpg,F,WTA Tour Official,2026-05-15T05:25:52.428276+00:00
1136,Anouk Koevermans,NED,,154,2026-03-02,2004-01-02,,,Right handed (two-handed backhand),187,121,,"$296,004",https://upload.wikimedia.org/wikipedia/commons/thumb/3/33/Anouk_Koevermans_%282024%29.jpg/330px-Anouk_Koevermans_%282024%29.jpg,F,WTA Tour Official,2026-05-15T05:26:04.380799+00:00
1139,Leyre Romero Gormaz,ESP,,123,2025-08-25,2002-04-06,,,Left (two-handed backhand),241,176,,"$664,308",https://upload.wikimedia.org/wikipedia/commons/thumb/9/9e/Romero_Gormaz_WMQ23_%2853062087240%29.jpg/330px-Romero_Gormaz_WMQ23_%2853062087240%29.jpg,F,WTA Tour Official,2026-05-15T05:26:16.020296+00:00
3421,Benjamin Chelía,ARG,,1708,,,,,,0,0,,,,M,ATP Tour,2026-05-07T09:40:49.629572+00:00
3423,Ignacio De Armas,VEN,,1708,,,,,,0,0,,,,M,ATP Tour,2026-05-07T09:40:50.803636+00:00
3425,Diego Duran,ESA,,1708,,,,,,0,0,,,,M,ATP Tour,2026-05-07T09:40:52.011784+00:00
1144,Noma Noha Akugue,GER,,142,2023-07-31,2003-12-02,5' 7'' (1.70 m),,Left-handed (two-handed backhand),187,135,,"$443,195",https://upload.wikimedia.org/wikipedia/commons/thumb/7/74/Noha_Akugue_RGQ23.jpg/330px-Noha_Akugue_RGQ23.jpg,F,WTA Tour Official,2026-05-15T05:26:34.106940+00:00
1146,Hanyu Guo,CHN,,18,2026-04-06,1998-05-18,1.70m,,Right-handed (two-handed backhand),205,114,,"$871,105",https://photoresources.wtatennis.com/photo-resources/2025/05/08/8f0608e4-c5f1-4988-ae0b-072fc682ae6f/Guo-Torso_323087.png?width=790&height=740,F,WTA Tour Official,2026-05-15T05:26:44.014237+00:00
1235,Claire Liu,USA,,52,2023-01-30,2000-05-25,1.70m,,Right-handed (two-handed backhand),269,194,,"$2,404,270",https://upload.wikimedia.org/wikipedia/commons/thumb/0/01/Claire_Liu_%282023_US_Open%29_14_%28cropped%29.jpg/330px-Claire_Liu_%282023_US_Open%29_14_%28cropped%29.jpg?utm_source=en.wikipedia.org&utm_campaign=api&utm_content=thumbnail,F,WTA Tour Official,2026-05-15T06:04:33.698324+00:00
1236,Anna-Lena Friedsam,GER,,45,2016-08-15,1994-02-01,1.74m,,Right-handed (two-handed backhand),402,277,,"$2,798,446",https://upload.wikimedia.org/wikipedia/commons/thumb/2/2d/Friedsam_WM19_%284%29_%2848521987637%29.jpg/330px-Friedsam_WM19_%284%29_%2848521987637%29.jpg?utm_source=en.wikipedia.org&utm_campaign=api&utm_content=thumbnail,F,WTA Tour Official,2026-05-15T06:04:42.869222+00:00
1154,Despina Papamichail,GRE,,143,2022-10-17,1993-02-09,1.78m,,Right (two handed backhand),597,465,,"$942,504",https://upload.wikimedia.org/wikipedia/commons/thumb/c/c0/Papamichail_WMQ23_%2853062087105%29.jpg/330px-Papamichail_WMQ23_%2853062087105%29.jpg?utm_source=en.wikipedia.org&utm_campaign=api&utm_content=thumbnail,F,WTA Tour Official,2026-05-15T05:57:03.657585+00:00
1082,Katarzyna Kawa,POL,,138,2020-11-09,1992-11-17,1.76 m,,Right (two-handed backhand),13,10,,"$77,547",https://upload.wikimedia.org/wikipedia/commons/thumb/8/87/Kawa_RGQ22_%284%29_%2852129558436%29.jpg/330px-Kawa_RGQ22_%284%29_%2852129558436%29.jpg?utm_source=en.wikipedia.org&utm_campaign=api&utm_content=thumbnail,F,WTA Tour Official,2026-05-15T05:52:09.053250+00:00
1210,Kayla Cross,CAN,,127,2026-02-02,2005-03-21,1.76 m,,Left (two-handed backhand),121,70,,"$256,631",,F,WTA Tour Official,2026-05-15T06:02:34.376728+00:00
2440,Daniil Sarksian,ARM,,1014,,,,,,0,0,,,,M,ATP Tour,2026-05-07T09:24:30.549217+00:00
704,James Duckworth,AUS,86,46,2022-01-31,1992-01-21,"6'0"" (183cm)",181 lbs (82kg),"Right-Handed, Two-Handed Backhand",74,128,2010,"$5,197,637",https://www.atptour.com/-/media/alias/player-gladiator-headshot/d994,M,ATP Tour,2026-08-07T06:19:33.141654+00:00
1085,Kaitlin Quevedo,ESP,94,127,2026-04-06,2006-02-13,1.67m,,Right-handed (two-handed backhand),137,67,,"$202,335",,F,WTA Tour Official,2026-08-07T06:19:33.141654+00:00
1227,Gabriela Knutson,CZE,,197,2026-04-20,1997-04-21,,,Right-handed,60,43,,"$396,740",https://upload.wikimedia.org/wikipedia/commons/thumb/a/a0/Gabriela_Knutson_Wimbledon_qualifying_2024_%28cropped%29.jpg/330px-Gabriela_Knutson_Wimbledon_qualifying_2024_%28cropped%29.jpg,F,WTA Tour Official,2026-05-15T06:03:58.171106+00:00
1217,Cadence Brace,CAN,,201,2025-10-20,2005-02-25,1.75 m,,Right-handed,4,6,,"$194,635",https://upload.wikimedia.org/wikipedia/commons/thumb/1/12/Brace-cary-classic.jpg/330px-Brace-cary-classic.jpg,F,WTA Tour Official,2026-05-15T06:03:06.409328+00:00
1223,Francisca Jorge,POR,,97,2025-05-19,2000-04-21,,,Right-handed,283,126,,"$387,195",,F,WTA Tour Official,2026-05-15T06:03:38.452228+00:00
1897,Isis Louise Van Den Broek,NED,,536,,2005-12-28,,,Right-handed,0,0,,"$29,723",,F,WTA Tour Official,2026-05-11T11:19:09.896931+00:00
872,Pierre Hugues Herbert,FRA,,36,2019-02-11,1991-03-18,"6'2"" (188cm)",165 lbs (75kg),"Right-Handed, Two-Handed Backhand",105,135,2010,"$10,301,735",https://www.atptour.com/-/media/alias/player-gladiator-headshot/h996,M,ATP Tour,2026-05-15T06:24:21.945109+00:00
3427,Christoph Gayk,GER,,1708,,,,,,0,0,,,,M,ATP Tour,2026-05-07T09:40:53.218237+00:00
3429,Petar Jovanovic,MNE,,1708,,,,,,0,0,,,,M,ATP Tour,2026-05-07T09:40:54.396828+00:00
1440,Clervie Ngounoue,USA,,169,2025-11-10,2006-07-19,,,Right (two-handed backhand),101,55,,"$551,897",https://upload.wikimedia.org/wikipedia/commons/thumb/1/10/Clervie_Ngounoue_%282023_French_Open%29_02_%28cropped%29.jpg/330px-Clervie_Ngounoue_%282023_French_Open%29_02_%28cropped%29.jpg,F,WTA Tour Official,2026-05-15T06:21:58.148470+00:00
1064,Martin Krumich,CZE,,309,2026-04-06,2002-12-26,"6'2"" (188cm)",180 lbs (82kg),"Right-Handed, Unknown Backhand",0,0,,"$126,453",https://www.atptour.com/-/media/alias/player-gladiator-headshot/k0fy,M,ATP Tour,2026-05-15T06:48:54.720225+00:00
1061,Maks Kasnikowski,POL,,168,2024-10-21,2003-07-06,"5'11"" (180cm)",172 lbs (78kg),"Right-Handed, Two-Handed Backhand",3,3,,"$349,364",https://upload.wikimedia.org/wikipedia/commons/thumb/d/d6/Maks_Ka%C5%9Bnikowski_%282024_US_Open%29_03.jpg/330px-Maks_Ka%C5%9Bnikowski_%282024_US_Open%29_03.jpg,M,ATP Tour,2026-05-15T06:48:25.265917+00:00
1079,Alex Martinez,ESP,,305,2026-04-06,2001-03-19,"6'1"" (185cm)",178 lbs (81kg),"Right-Handed, Two-Handed Backhand",0,0,,"$92,753",https://www.atptour.com/-/media/alias/player-gladiator-headshot/m0gb,M,ATP Tour,2026-05-15T06:50:59.474698+00:00
1068,Maxim Mrva,CZE,,271,2026-03-16,2007-08-02,"5'11"" (180cm)",149 lbs (68kg),"Right-Handed, Two-Handed Backhand",1,1,,"$85,913",https://www.atptour.com/-/media/alias/player-gladiator-headshot/m0se,M,ATP Tour,2026-05-15T06:49:28.360666+00:00
1076,Murkel Dellien,BOL,,168,2024-07-15,1997-09-16,"6'4"" (193cm)",185 lbs (84kg),"Right-Handed, Two-Handed Backhand",3,6,,"$424,160",https://www.atptour.com/-/media/alias/player-gladiator-headshot/dc48,M,ATP Tour,2026-05-15T06:50:44.320610+00:00
1081,Eliakim Coulibaly,CIV,,263,2025-07-14,2002-05-05,"5'11"" (180cm)",187 lbs (85kg),"Left-Handed, Two-Handed Backhand",0,1,,"$149,993",https://upload.wikimedia.org/wikipedia/commons/thumb/2/2e/Eliakim_Coulibaly.jpg/330px-Eliakim_Coulibaly.jpg,M,ATP Tour,2026-05-15T06:51:15.940836+00:00
1091,Juan Bautista Torres,ARG,,226,2022-08-01,2002-04-02,"5'10"" (178cm)",162 lbs (73kg),"Right-Handed, Two-Handed Backhand",0,0,,"$222,856",https://upload.wikimedia.org/wikipedia/commons/thumb/3/30/Torres_BLO22_%2820%29_%2852156025547%29.jpg/330px-Torres_BLO22_%2820%29_%2852156025547%29.jpg?utm_source=en.wikipedia.org&utm_campaign=api&utm_content=thumbnail,M,ATP Tour,2026-05-15T06:52:53.685552+00:00
1084,Max Basing,GBR,,311,2026-03-02,2002-10-02,"5'11"" (180cm)",154 lbs (70kg),"Right-Handed, Two-Handed Backhand",0,0,,"$47,860",https://www.atptour.com/-/media/alias/player-gladiator-headshot/b0je,M,ATP Tour,2026-05-15T06:51:51.116669+00:00
1089,Mert Alkaya,TUR,,324,2026-05-04,2000-06-14,"5'10"" (178cm)",158 lbs (72kg),"Right-Handed, Two-Handed Backhand",1,0,,"$66,982",https://www.atptour.com/-/media/alias/player-gladiator-headshot/a09q,M,ATP Tour,2026-05-15T06:52:39.445642+00:00
1094,Matteo Martineau,FRA,,170,2024-07-01,1999-01-16,"6'0"" (183cm)",173 lbs (78kg),"Right-Handed, One-Handed Backhand",0,2,,"$533,071",https://upload.wikimedia.org/wikipedia/commons/thumb/0/08/Martineau_BOR22_%2852083964201%29.jpg/330px-Martineau_BOR22_%2852083964201%29.jpg,M,ATP Tour,2026-05-15T06:53:26.398257+00:00
1900,Camilla Zanolini,ITA,,538,,2003-03-26,,,,0,0,,,,F,WTA Tour Official,2026-05-07T09:06:16.267698+00:00
1096,Hamish Stewart,GBR,,246,2025-11-24,1999-07-30,"6'4"" (193cm)",178 lbs (81kg),"Right-Handed, Two-Handed Backhand",0,0,,"$146,799",https://upload.wikimedia.org/wikipedia/commons/thumb/f/ff/Hamish_Stewart_NRC_2017_%28cropped%29.jpg/330px-Hamish_Stewart_NRC_2017_%28cropped%29.jpg,M,ATP Tour,2026-05-15T06:53:41.330551+00:00
1102,Sandro Kopp,AUT,,299,2026-01-05,2000-05-26,"6'1"" (185cm)",171 lbs (78kg),"Right-Handed, Two-Handed Backhand",0,0,,"$181,087",https://www.atptour.com/-/media/alias/player-gladiator-headshot/k0cj,M,ATP Tour,2026-05-15T06:54:23.390412+00:00
1112,Petr Bar Biryukov,RUS,,293,2026-02-16,2002-02-28,"6'5"" (196cm)",187 lbs (85kg),"Left-Handed, Two-Handed Backhand",0,0,,"$113,679",https://www.atptour.com/-/media/alias/player-gladiator-headshot/b0lq,M,ATP Tour,2026-05-15T06:55:50.401273+00:00
1105,Cedrik Marcel Stebe,GER,,71,2012-02-13,1990-10-09,"5'11"" (180cm)",154 lbs (70kg),"Left-Handed, Two-Handed Backhand",32,50,2010,"$1,619,228",https://www.atptour.com/-/media/alias/player-gladiator-headshot/sk94,M,ATP Tour,2026-05-15T06:54:51.944792+00:00
1117,Benjamin Hassan,LBN,,143,2024-06-17,1995-02-04,"6'0"" (183cm)",187 lbs (85kg),"Right-Handed, Two-Handed Backhand",18,15,,"$819,857",https://www.atptour.com/-/media/alias/player-gladiator-headshot/hg94,M,ATP Tour,2026-05-15T06:56:25.111955+00:00
915,Sonay Kartal,GBR,,56,2025-07-14,2001-10-28,"5'4"" (163cm)",,Right (two-handed backhand),12,6,,"$264,433",https://upload.wikimedia.org/wikipedia/commons/thumb/d/d4/Kartal_RGQ23.jpg/330px-Kartal_RGQ23.jpg,F,WTA Tour Official,2026-07-22T08:51:47.758376+00:00
1908,Yanaki Milev,BUL,,343,2024-11-04,2004-04-15,"5'11"" (180cm)",176 lbs (80kg),"Right-Handed, Two-Handed Backhand",2,2,,"$79,587",https://www.atptour.com/-/media/alias/player-gladiator-headshot/m0ka,M,ATP Tour,2026-05-15T08:39:45.108690+00:00
1914,Pavel Lagutin,RUS,,747,2026-05-04,2005-03-06,"6'1"" (185cm)",160 lbs (73kg),"Right-Handed, Unknown Backhand",0,0,,"$11,488",https://upload.wikimedia.org/wikipedia/en/b/b5/Major_General_Pavel_Lagutin_ca._1943-44.jpg,M,ATP Tour,2026-05-15T08:40:34.955096+00:00
1922,Ben Jones,GBR,,620,2025-05-19,1998-05-19,"6'4"" (193cm)",187 lbs (85kg),"Right-Handed, Two-Handed Backhand",0,0,,"$112,560",https://www.atptour.com/-/media/alias/player-gladiator-headshot/j732,M,ATP Tour,2026-05-15T08:41:41.514150+00:00
1918,Maximilian Neuchrist,AUT,,182,2023-04-17,1991-07-22,(cm),lbs (kg),"Right-Handed, Two-Handed Backhand",0,0,,"$416,107",https://upload.wikimedia.org/wikipedia/commons/thumb/5/59/Neuchrist_RGQ23_%2852942982847%29.jpg/330px-Neuchrist_RGQ23_%2852942982847%29.jpg?utm_source=en.wikipedia.org&utm_campaign=api&utm_content=thumbnail,M,ATP Tour,2026-05-15T08:41:10.331363+00:00
1934,Ye Cong Mo,CHN,,527,2025-05-05,2000-06-26,"6'0"" (183cm)",171 lbs (78kg),"Right-Handed, Two-Handed Backhand",0,1,,"$79,572",https://www.atptour.com/-/media/alias/player-gladiator-headshot/m0bw,M,ATP Tour,2026-05-15T08:43:22.253082+00:00
2585,Daniil Kakhniuk,USA,,1123,,,,,,0,0,,,,M,ATP Tour,2026-05-07T09:26:57.582590+00:00
1933,Jisung Nam,KOR,,236,2019-08-12,1993-08-15,"6'0"" (183cm)",176 lbs (80kg),"Right-Handed, Two-Handed Backhand",3,6,,"$366,259",https://www.atptour.com/-/media/alias/player-gladiator-headshot/n652,M,ATP Tour,2026-05-15T08:43:04.678649+00:00
1939,Alejandro Manzanera Pertusa,ESP,,614,2025-09-15,2003-04-08,"5'11"" (180cm)",187 lbs (85kg),"Left-Handed, Two-Handed Backhand",0,0,,"$51,913",https://www.atptour.com/-/media/alias/player-gladiator-headshot/m0l2,M,ATP Tour,2026-05-15T08:43:54.675014+00:00
1955,Romain Faucon,BEL,,596,2026-01-05,2002-09-04,"6'2"" (188cm)",171 lbs (78kg),"Right-Handed, Two-Handed Backhand",0,0,,"$31,061",https://www.atptour.com/-/media/alias/player-gladiator-headshot/f0f0,M,ATP Tour,2026-05-15T08:46:07.200030+00:00
1941,Gian Luca Tanner,SUI,,760,2026-05-04,2001-01-12,"6'3"" (191cm)",176 lbs (80kg),"Right-Handed, Unknown Backhand",0,0,,"$17,093",https://www.atptour.com/-/media/alias/player-gladiator-headshot/t0e0,M,ATP Tour,2026-05-15T08:44:10.654859+00:00
1945,Matyas Fuele,HUN,,649,2026-02-23,1998-12-22,"5'11"" (180cm)",178 lbs (81kg),"Right-Handed, Two-Handed Backhand",0,0,,"$48,471",https://www.atptour.com/-/media/alias/player-gladiator-headshot/f09u,M,ATP Tour,2026-05-15T08:44:45.535404+00:00
1902,Alexis Gautier,FRA,,326,2022-03-21,1997-04-07,"6'6"" (198cm)",165 lbs (75kg),"Right-Handed, Unknown Backhand",0,0,,"$118,813",https://www.atptour.com/-/media/alias/player-gladiator-headshot/gj05,M,ATP Tour,2026-05-15T08:39:00.162827+00:00
1025,Thiago Monteiro,BRA,,61,2022-10-17,1994-05-31,"6'0"" (183cm)",172 lbs (78kg),"Left-Handed, Two-Handed Backhand",94,138,2011,"$4,434,239",https://www.atptour.com/-/media/alias/player-gladiator-headshot/mj08,M,ATP Tour,2026-05-15T06:43:55.250789+00:00
1901,Govind Nanda,USA,,339,2022-10-03,2001-02-17,"5'10"" (178cm)",155 lbs (70kg),"Right-Handed, Two-Handed Backhand",1,1,,"$204,087",https://upload.wikimedia.org/wikipedia/commons/thumb/7/7d/Govind_Nanda_%282025_DC_Open%29_04_%28cropped%29.jpg/330px-Govind_Nanda_%282025_DC_Open%29_04_%28cropped%29.jpg,M,ATP Tour,2026-05-15T08:38:44.649552+00:00
2138,Jessica Hinojosa Gomez,MEX,,653,,1997-09-18,,,,0,0,,,,F,WTA Tour Official,2026-05-07T09:14:30.230002+00:00
2314,Sae Noguchi,JPN,,745,,2007-03-26,,,,0,0,,,,F,WTA Tour Official,2026-05-07T09:20:29.292910+00:00
2321,Indianna Spink,GBR,,748,,2002-10-07,,,,0,0,,,,F,WTA Tour Official,2026-05-07T09:20:40.214441+00:00
2325,Laura Svatikova,SVK,,750,,1994-04-29,,,,0,0,,,,F,WTA Tour Official,2026-05-07T09:20:47.066535+00:00
2335,Laima Vladson,UZB,,756,,2007-09-18,,,,0,0,,,,F,WTA Tour Official,2026-05-07T09:21:05.901869+00:00
2344,Mia Horvit,USA,,760,,1997-07-23,,,,0,0,,,,F,WTA Tour Official,2026-05-07T09:21:27.428308+00:00
2348,Marie Mettraux,SUI,,762,,2000-04-07,,,,0,0,,,,F,WTA Tour Official,2026-05-07T09:21:34.952933+00:00
2354,Yasmin Ezzat,EGY,,765,,2003-08-27,,,,0,0,,,,F,WTA Tour Official,2026-05-07T09:21:45.631178+00:00
2365,Kailey Evans,USA,,771,,2003-01-14,,,,0,0,,,,F,WTA Tour Official,2026-05-07T09:22:08.119757+00:00
2371,Madelief Hageman,NED,,774,,2003-01-28,,,,0,0,,,,F,WTA Tour Official,2026-05-07T09:22:23.412152+00:00
2372,Lavinia Tanasie,ROU,,775,,2003-12-12,,,,0,0,,,,F,WTA Tour Official,2026-05-07T09:22:26.981176+00:00
2377,Yujin Kim,KOR,,777,,2005-06-10,,,,0,0,,,,F,WTA Tour Official,2026-05-07T09:22:35.497620+00:00
2385,Chloe Noel,FRA,,781,,2004-03-22,,,,0,0,,,,F,WTA Tour Official,2026-05-07T09:22:50.356382+00:00
2398,Victoria Gomez,ESP,,787,,2003-11-13,,,,0,0,,,,F,WTA Tour Official,2026-05-07T09:23:16.476172+00:00
1951,Josip Simundza,CRO,,722,2026-04-13,2004-12-20,"6'5"" (196cm)",187 lbs (85kg),"Left-Handed, Two-Handed Backhand",0,0,,"$28,730",https://www.atptour.com/-/media/alias/player-gladiator-headshot/s0um,M,ATP Tour,2026-05-15T08:45:34.154904+00:00
2401,Maria Lazarenko,UKR,,789,,2008-12-12,,,,0,0,,,,F,WTA Tour Official,2026-05-07T09:23:24.697635+00:00
2330,Sarah Iliev,FRA,,753,,2006-10-03,,,Right-handed (two-handed backhand),0,0,,"$71,291",,F,WTA Tour Official,2026-05-11T11:35:53.133521+00:00
2342,Carson Tanguilig,USA,,759,,2003-07-31,5 ft 10 in,,,0,0,,"$17,457",https://upload.wikimedia.org/wikipedia/commons/thumb/7/78/Carson_Tanguilig_%28May_2024%29_02.jpg/330px-Carson_Tanguilig_%28May_2024%29_02.jpg,F,WTA Tour Official,2026-05-11T11:36:21.287224+00:00
2367,Chelsea Fontenel,SUI,,772,,2004-06-25,,,Right-handed,0,0,,"$25,151",,F,WTA Tour Official,2026-05-11T11:37:13.885214+00:00
2383,Monique Barry,NZL,,780,,2002-06-21,,,,0,0,,"$56,208",,F,WTA Tour Official,2026-05-11T11:37:53.181640+00:00
2389,Ya-Hsuan Lee,TPE,,783,,1995-07-20,,,Right (two-handed backhand),0,0,,"US$ 231,300",,F,WTA Tour Official,2026-05-11T11:38:05.300027+00:00
2396,Luna Vujovic,SRB,,786,,2009-07-24,,,Right-handed (two-handed backhand),0,0,,"US $6,828",,F,WTA Tour Official,2026-05-11T11:38:22.113782+00:00
2327,Zoziya Kardava,GEO,,751,,2001-07-15,,,Right-handed,0,0,,"$38,114",,F,WTA Tour Official,2026-05-11T11:35:46.262818+00:00
2360,Maria Portillo Ramirez,MEX,,768,,1999-05-08,,,Right (two-handed backhand),0,0,,"$81,422",,F,WTA Tour Official,2026-05-11T11:36:54.566327+00:00
2379,Nagi Hanatani,JPN,,778,,1995-03-07,,,Right-handed (two-handed backhand),0,0,,"$128,290",,F,WTA Tour Official,2026-05-11T11:37:41.832237+00:00
2139,Juan Carlos Aguilar,CAN,,219,2025-06-09,1998-11-20,"5'7"" (170cm)",140 lbs (64kg),"Right-Handed, Two-Handed Backhand",0,1,,,https://www.atptour.com/-/media/alias/player-gladiator-headshot/a09w,M,ATP Tour,2026-05-13T22:59:24.863433+00:00
2143,Jacob Brumm,USA,,607,2025-05-19,1998-11-30,"5'11"" (180cm)",162 lbs (73kg),"Right-Handed, Two-Handed Backhand",0,0,,,https://www.atptour.com/-/media/alias/player-gladiator-headshot/b0d8,M,ATP Tour,2026-05-13T22:59:48.061287+00:00
2145,Michel Hopp,GER,,820,2025-12-22,1998-12-21,"6'1"" (185cm)",176 lbs (80kg),"Right-Handed, Two-Handed Backhand",0,0,,,https://www.atptour.com/-/media/alias/player-gladiator-headshot/h0gw,M,ATP Tour,2026-05-13T22:59:59.697129+00:00
1905,Verena Meliss,ITA,,540,,1997-07-21,,,,0,0,,,,F,WTA Tour Official,2026-05-07T09:06:29.059544+00:00
2149,Francisco Rocha,POR,,268,2026-03-16,1999-10-04,"6'1"" (185cm)",176 lbs (80kg),"Right-Handed, Two-Handed Backhand",0,0,,,https://www.atptour.com/-/media/alias/player-gladiator-headshot/r0f6,M,ATP Tour,2026-05-13T23:00:19.601937+00:00
1915,Julia Adams,USA,,545,,1999-09-23,,,,0,0,,,,F,WTA Tour Official,2026-05-07T09:06:45.980488+00:00
1919,Ayumi Koshiishi,JPN,,547,,2000-07-28,,,,0,0,,,,F,WTA Tour Official,2026-05-07T09:06:51.664771+00:00
1930,Mayu Crossley,JPN,,553,,2006-06-15,,,,0,0,,,,F,WTA Tour Official,2026-05-07T09:07:14.919828+00:00
1932,Maria Golovina,RUS,,554,,2007-08-05,,,,0,0,,,,F,WTA Tour Official,2026-05-07T09:07:20.442326+00:00
2152,Taisei Ichikawa,JPN,,265,2026-03-02,2000-12-21,"5'11"" (180cm)",169 lbs (77kg),"Left-Handed, Two-Handed Backhand",0,1,,,https://www.atptour.com/-/media/alias/player-gladiator-headshot/i0a6,M,ATP Tour,2026-05-13T23:00:40.680196+00:00
1942,Mayuka Aikawa,JPN,,559,,1998-04-02,,,,0,0,,,,F,WTA Tour Official,2026-05-07T09:07:36.424531+00:00
1946,Esther Adeshina,GBR,,561,,2001-10-04,,,,0,0,,,,F,WTA Tour Official,2026-05-07T09:07:43.163547+00:00
2157,Thomas Fancutt,AUS,,382,2023-05-22,1995-02-25,"6'2"" (188cm)",182 lbs (83kg),"Right-Handed, One-Handed Backhand",0,1,,"US $184,454",https://www.atptour.com/-/media/alias/player-gladiator-headshot/fa50,M,ATP Tour,2026-05-13T23:01:01.898656+00:00
1964,Angelica Raggi,ITA,,570,,1998-11-14,,,,0,0,,,,F,WTA Tour Official,2026-05-07T09:08:18.486718+00:00
1969,Elina Nepliy,RUS,,573,,1997-10-23,,,,0,0,,,,F,WTA Tour Official,2026-05-07T09:08:28.403232+00:00
3527,Admir Kalender,CRO,,1755,,,,,,0,0,,,,M,ATP Tour,2026-05-07T09:41:57.408205+00:00
2161,Gustavo Ribeiro De Almeida,BRA,,673,2025-09-08,2006-04-19,"5'11"" (180cm)",167 lbs (76kg),"Right-Handed, Two-Handed Backhand",0,0,,,https://www.atptour.com/-/media/alias/player-gladiator-headshot/d0ip,M,ATP Tour,2026-05-13T23:01:22.929190+00:00
2165,Luca Pow,GBR,,443,2025-08-04,2005-02-01,"5'9"" (175cm)",165 lbs (75kg),"Left-Handed, Two-Handed Backhand",2,2,,"$33,909",https://upload.wikimedia.org/wikipedia/commons/thumb/b/b6/Pow_WMQ23_%2853061116482%29.jpg/330px-Pow_WMQ23_%2853061116482%29.jpg,M,ATP Tour,2026-05-13T23:01:42.468794+00:00
2174,Duckhee Lee,KOR,,130,2017-04-10,1998-05-29,"5'7"" (170cm)",160 lbs (73kg),"Right-Handed, Two-Handed Backhand",3,3,2013,,https://www.atptour.com/-/media/alias/player-gladiator-headshot/le01,M,ATP Tour,2026-05-13T23:02:23.282048+00:00
2178,Miles Jones,USA,,527,2026-05-04,2000-12-26,"6'0"" (183cm)",170 lbs (77kg),"Right-Handed, One-Handed Backhand",0,0,,,https://www.atptour.com/-/media/alias/player-gladiator-headshot/j0ai,M,ATP Tour,2026-05-13T23:02:43.424642+00:00
2182,Benjamin Pietri,FRA,,653,2026-05-04,1996-07-31,"6'0"" (183cm)",171 lbs (78kg),"Right-Handed, One-Handed Backhand",0,0,,,https://www.atptour.com/-/media/alias/player-gladiator-headshot/p09s,M,ATP Tour,2026-05-13T23:03:04.064393+00:00
2188,Blu Baker,GBR,,608,2022-11-28,2001-08-28,"6'3"" (191cm)",180 lbs (82kg),"Right-Handed, Two-Handed Backhand",0,0,,,https://www.atptour.com/-/media/alias/player-gladiator-headshot/b0if,M,ATP Tour,2026-05-13T23:03:35.097263+00:00
2193,Evan Bynoe,USA,,876,2026-03-16,1999-05-27,"6'1"" (185cm)",160 lbs (73kg),"Right-Handed, Two-Handed Backhand",0,0,,,https://www.atptour.com/-/media/alias/player-gladiator-headshot/b0mr,M,ATP Tour,2026-05-13T23:03:55.822028+00:00
2200,Manuel Plunger,ITA,,858,2025-11-24,2002-07-13,"6'1"" (185cm)",158 lbs (72kg),"Right-Handed, Two-Handed Backhand",0,0,,,https://www.atptour.com/-/media/alias/player-gladiator-headshot/p0ln,M,ATP Tour,2026-05-13T23:04:39.182295+00:00
2208,Patrick Brady,GBR,,728,2024-02-12,2004-11-14,"6'2"" (188cm)",167 lbs (76kg),"Right-Handed, Two-Handed Backhand",0,0,,,https://www.atptour.com/-/media/alias/player-gladiator-headshot/b0nv,M,ATP Tour,2026-05-13T23:05:20.678972+00:00
2212,Noah Zamora,USA,,455,2026-01-19,2003-03-13,"6'3"" (191cm)",190 lbs (86kg),"Right-Handed, One-Handed Backhand",0,0,,,https://www.atptour.com/-/media/alias/player-gladiator-headshot/z0ce,M,ATP Tour,2026-05-13T23:05:43.140031+00:00
2214,Ivan Nedelko,RUS,,235,2018-07-23,1986-05-12,"6'1"" (185cm)",176 lbs (80kg),"Right-Handed, Two-Handed Backhand",0,2,2006,,https://www.atptour.com/-/media/alias/player-gladiator-headshot/n561,M,ATP Tour,2026-05-13T23:05:52.176186+00:00
1293,Anna Siskova,CZE,,52,2025-10-06,2001-07-01,,,,274,144,,"$461,838",,F,WTA Tour Official,2026-05-15T06:09:37.134706+00:00
4761,Konstantin Kravchuk,RUS,,,,1985-02-23,,,,0,0,,,https://upload.wikimedia.org/wikipedia/commons/thumb/c/c4/Konstantin_Kravchuk_1%2C_2015_Wimbledon_Qualifying_-_Diliff.jpg/330px-Konstantin_Kravchuk_1%2C_2015_Wimbledon_Qualifying_-_Diliff.jpg,M,atp,2026-06-15T06:22:29.263806+00:00
4762,Kristina Kucova,SVK,,,,1990-05-23,,,,0,0,,,,F,wta,2026-06-15T06:22:29.263806+00:00
4763,Samantha Crawford,USA,,,,1995-02-18,,,,0,0,,,,F,wta,2026-06-15T06:22:43.860541+00:00
4764,Jared Donaldson,USA,,,,1996-10-09,,,,0,0,,,https://upload.wikimedia.org/wikipedia/commons/thumb/8/84/Donaldson_WM18_%289%29_%2842123369690%29.jpg/330px-Donaldson_WM18_%289%29_%2842123369690%29.jpg,M,atp,2026-06-15T06:22:47.306689+00:00
4765,Irina Khromacheva,RUS,,,,1995-05-12,,,,0,0,,,,F,wta,2026-06-15T06:22:54.012754+00:00
1924,Hannah Klugman,GBR,,550,,2009-02-18,,,Right-handed,0,0,,"$177,785",https://upload.wikimedia.org/wikipedia/commons/thumb/6/6a/Klugman_WMQ23_%2853061704366%29.jpg/330px-Klugman_WMQ23_%2853061704366%29.jpg,F,WTA Tour Official,2026-05-11T11:20:18.124563+00:00
1958,Marie Weckerle,LUX,,567,,2003-05-04,,,,0,0,,"$40,530",,F,WTA Tour Official,2026-05-11T11:21:38.894210+00:00
2167,Anton Arzhankin,RUS,,877,2026-05-04,2003-05-04,(cm),lbs (kg),"Unknown, Unknown Backhand",0,0,,,https://www.atptour.com/-/media/alias/player-gladiator-headshot/a0o2,M,ATP Tour,2026-05-11T11:56:20.709548+00:00
2169,Tristan Stringer,USA,,878,2026-05-04,2005-10-18,"6'3"" (191cm)",161 lbs (73kg),"Right-Handed, Two-Handed Backhand",0,0,,,https://www.atptour.com/-/media/alias/player-gladiator-headshot/s1ap,M,ATP Tour,2026-05-11T11:56:32.335185+00:00
1903,Malaika Rapolu,USA,,539,,2003-04-18,,,Right-handed (two-handed backhand),0,0,,"US$33,208",,F,WTA Tour Official,2026-05-11T11:19:24.470556+00:00
1909,Petra Martic,CRO,,542,,1991-01-19,1.81 m,,Right-handed (two-handed backhand),0,0,,"US$9,220,466",https://upload.wikimedia.org/wikipedia/commons/thumb/a/ac/Petra_Marti%C4%87_%282023_DC_Open%29_04_%28cropped%29.jpg/330px-Petra_Marti%C4%87_%282023_DC_Open%29_04_%28cropped%29.jpg,F,WTA Tour Official,2026-05-11T11:19:42.507835+00:00
1937,Ashley Lahey,USA,,556,,1999-10-26,,,Right-handed,0,0,,"$96,374",,F,WTA Tour Official,2026-05-11T11:20:43.579688+00:00
1295,Eva Guerrero Alvarez,ESP,,221,2019-11-25,1999-09-04,,,,293,166,,"$228,672",,F,WTA Tour Official,2026-05-15T06:09:47.618313+00:00
1300,Laura Pigossi,BRA,,80,2025-12-01,1994-08-02,1.64m,,Right (two-handed backhand),421,243,,"$1,231,907",https://upload.wikimedia.org/wikipedia/commons/thumb/b/b4/Pigossi_WMQ23_%2853062087135%29.jpg/330px-Pigossi_WMQ23_%2853062087135%29.jpg?utm_source=en.wikipedia.org&utm_campaign=api&utm_content=thumbnail,F,WTA Tour Official,2026-05-15T06:10:14.261606+00:00
1310,Caroline Werner,GER,,222,2025-09-15,1996-04-08,,,,286,216,,"$125,545",,F,WTA Tour Official,2026-05-15T06:11:01.656980+00:00
1303,Tara Wuerth,CRO,,243,2023-04-17,2002-09-30,,,,8,3,,"$32,710",,F,WTA Tour Official,2026-05-15T06:10:26.235722+00:00
1305,Martina Capurro Taborda,ARG,,244,2024-01-15,1997-12-04,,,Left (two-handed backhand),19,7,,"$231,397",,F,WTA Tour Official,2026-05-15T06:10:41.953961+00:00
1307,Eva Vedder,NED,,209,2025-07-28,1999-11-23,,,Right (two-handed backhand),273,197,,"$310,536",,F,WTA Tour Official,2026-05-15T06:10:52.325842+00:00
1311,Fangran Tian,CHN,,247,2026-04-20,2003-08-10,5 ft 5 in,,Right (two-handed backhand),11,10,,"$15,225",https://photoresources.wtatennis.com/photo-resources/2026/03/16/be54768d-c0eb-48d6-98fa-f218ab4c1cc4/Tian-Torso_329397.png?width=790&height=740,F,WTA Tour Official,2026-05-15T06:11:14.890266+00:00
1324,Tessa Johanna Brockmann,GER,,254,2026-05-04,2005-11-21,,,Right-handed (two-handed backhand)[1],106,71,,"$63,957",,F,WTA Tour Official,2026-05-15T06:12:32.582827+00:00
1318,Ane Mintegi Del Olmo,ESP,,241,2026-04-20,2003-10-24,,,Right-handed,113,65,,"$74,480",,F,WTA Tour Official,2026-05-15T06:11:59.833077+00:00
1322,Jessica Pieri,ITA,,253,2018-05-28,1997-04-24,,,Right (two-handed backhand),4,9,,"$331,583",https://upload.wikimedia.org/wikipedia/commons/thumb/3/36/Pieri_WMQ22_%2822%29_%2852191119776%29.jpg/330px-Pieri_WMQ22_%2822%29_%2852191119776%29.jpg,F,WTA Tour Official,2026-05-15T06:12:21.882517+00:00
1326,Vivian Wolff,USA,,255,2026-05-04,1998-10-08,,,,201,148,,"$89,938",,F,WTA Tour Official,2026-05-15T06:12:39.856351+00:00
1329,Alice Tubello,FRA,,219,2024-08-26,2001-01-30,,,,238,115,,"$218,536",https://upload.wikimedia.org/wikipedia/commons/thumb/7/71/Tubello_RGQ23.jpg/330px-Tubello_RGQ23.jpg,F,WTA Tour Official,2026-05-15T06:12:50.649747+00:00
1331,Samira De Stefano,ITA,,257,2026-05-04,2004-05-06,,,,141,98,,"$76,490",,F,WTA Tour Official,2026-05-15T06:12:59.182635+00:00
1337,Barbora Palicova,CZE,,171,2025-06-16,2004-03-11,"5' 6"" (168 cm)",,Right-handed,193,145,,"$435,773",https://upload.wikimedia.org/wikipedia/commons/thumb/2/29/Palicova_WMQ23_%2853061881694%29.jpg/330px-Palicova_WMQ23_%2853061881694%29.jpg,F,WTA Tour Official,2026-05-15T06:13:27.037796+00:00
1343,Aliona Bolsova,ESP,,54,2022-12-05,1997-11-06,1.72m,,Right-handed (two-handed backhand),173,106,,"$1,728,655",https://upload.wikimedia.org/wikipedia/commons/thumb/e/e9/Aliona_Bolsova_%282023_US_Open%29_08_%28cropped%29.jpg/330px-Aliona_Bolsova_%282023_US_Open%29_08_%28cropped%29.jpg?utm_source=en.wikipedia.org&utm_campaign=api&utm_content=thumbnail,F,WTA Tour Official,2026-05-15T06:13:58.963424+00:00
1459,Vera Zvonareva,RUS,,7,2024-02-19,1984-09-07,"5' 7 3/4"" (1.72 m)",,Right-handed (two-handed backhand),333,202,,"$16,854,675",https://upload.wikimedia.org/wikipedia/commons/thumb/c/c7/Vera_Zvonareva_%282023_US_Open%29_06_%28cropped%29.jpg/330px-Vera_Zvonareva_%282023_US_Open%29_06_%28cropped%29.jpg,F,WTA Tour Official,2026-05-15T06:23:28.735803+00:00
1306,Laurent Lokoli,FRA,,167,2023-02-27,1994-10-18,"6'2"" (188cm)",171 lbs (78kg),"Right-Handed, Two-Handed Backhand",0,8,,"$690,213",https://upload.wikimedia.org/wikipedia/commons/thumb/2/2c/Lokoli_RGQ22_%2816%29_%2852130055990%29.jpg/330px-Lokoli_RGQ22_%2816%29_%2852130055990%29.jpg?utm_source=en.wikipedia.org&utm_campaign=api&utm_content=thumbnail,M,ATP Tour,2026-05-15T07:21:23.857514+00:00
1302,Andrea Picchione,ITA,,331,2024-11-04,1998-06-07,"6'0"" (183cm)",176 lbs (80kg),"Right-Handed, Two-Handed Backhand",0,0,,"$128,589",https://www.atptour.com/-/media/alias/player-gladiator-headshot/p0dr,M,ATP Tour,2026-05-15T07:20:45.424765+00:00
1309,Sebastian Sorger,AUT,,432,2026-04-13,2005-12-19,"5'10"" (178cm)",162 lbs (73kg),"Right-Handed, Unknown Backhand",0,0,,"$62,734",https://www.atptour.com/-/media/alias/player-gladiator-headshot/s0qz,M,ATP Tour,2026-05-15T07:21:51.461142+00:00
1308,Sergio Callejon Hernando,ESP,,438,2026-05-04,2004-09-16,"5'9"" (175cm)",143 lbs (65kg),"Right-Handed, Two-Handed Backhand",0,0,,"$44,871",https://www.atptour.com/-/media/alias/player-gladiator-headshot/c0p0,M,ATP Tour,2026-05-15T07:21:37.308641+00:00
1315,Dan  Martin,CAN,,378,2026-04-06,1999-05-09,"5'9"" (175cm)",155 lbs (70kg),"Right-Handed, One-Handed Backhand",0,1,,"$101,570",https://www.atptour.com/-/media/alias/player-gladiator-headshot/m0c2,M,ATP Tour,2026-05-15T07:22:21.273319+00:00
1319,Bor Artnak,SLO,,373,2024-09-09,2004-06-04,"6'4"" (193cm)",178 lbs (81kg),"Right-Handed, Two-Handed Backhand",4,5,,"$81,841",https://www.atptour.com/-/media/alias/player-gladiator-headshot/a0i1,M,ATP Tour,2026-05-15T07:22:49.405510+00:00
1325,Saba Purtseladze,GEO,,237,2025-06-09,2001-08-20,"6'3"" (191cm)",200 lbs (91kg),"Right-Handed, Two-Handed Backhand",4,4,2019,"$171,592",https://www.atptour.com/-/media/alias/player-gladiator-headshot/p0ea,M,ATP Tour,2026-05-15T07:23:30.136430+00:00
1330,Luca Potenza,ITA,,357,2025-10-20,2000-07-28,"5'9"" (175cm)",145 lbs (66kg),"Right-Handed, Two-Handed Backhand",0,0,,"$119,751",https://www.atptour.com/-/media/alias/player-gladiator-headshot/p0b2,M,ATP Tour,2026-05-15T07:24:18.079871+00:00
1328,Joao Eduardo Schiessl,BRA,,441,2026-04-13,2004-08-19,"5'11"" (180cm)",158 lbs (72kg),"Left-Handed, Two-Handed Backhand",0,0,2021,"$73,225",https://www.atptour.com/-/media/alias/player-gladiator-headshot/s0t1,M,ATP Tour,2026-05-15T07:24:04.564453+00:00
1334,Alexander Binda,ITA,,368,2025-08-04,2001-09-22,"5'11"" (180cm)",151 lbs (68kg),"Right-Handed, Two-Handed Backhand",0,0,,"$81,267",https://www.atptour.com/-/media/alias/player-gladiator-headshot/b0gi,M,ATP Tour,2026-05-15T07:24:44.259376+00:00
1340,Edward Winter,AUS,,446,2026-04-20,2004-09-15,"5'10"" (178cm)",162 lbs (73kg),"Right-Handed, Two-Handed Backhand",0,0,,"$212,154",https://www.atptour.com/-/media/alias/player-gladiator-headshot/w0c4,M,ATP Tour,2026-05-15T07:25:27.107115+00:00
1338,Moerani Bouzige,AUS,,314,2025-11-10,1999-07-13,"5'11"" (180cm)",176 lbs (80kg),"Right-Handed, Two-Handed Backhand",0,0,,"$150,358",https://upload.wikimedia.org/wikipedia/commons/thumb/8/88/Moerani_Bouzige_%282025_DC_Open%29_01.jpg/330px-Moerani_Bouzige_%282025_DC_Open%29_01.jpg,M,ATP Tour,2026-05-15T07:25:13.717227+00:00
4766,Catherine Bellis,USA,,,,1999-04-08,,,,0,0,,,,F,wta,2026-06-15T06:22:58.104661+00:00
4767,Risa Ozaki,JPN,,,,1994-04-10,,,,0,0,,,,F,wta,2026-06-15T06:22:58.104661+00:00
4768,Natalia Vikhlyantseva,RUS,,,,1997-02-16,,,,0,0,,,,F,wta,2026-06-15T06:23:07.287461+00:00
4769,Julia Boserup,USA,,,,1991-09-09,,,,0,0,,,,F,wta,2026-06-15T06:23:07.287461+00:00
4770,Ernesto Escobedo,MEX,,,,1996-07-04,,,,0,0,,,https://upload.wikimedia.org/wikipedia/commons/thumb/4/4c/Escobedo_RGQ22_%2829%29_%2852130108675%29.jpg/330px-Escobedo_RGQ22_%2829%29_%2852130108675%29.jpg,M,atp,2026-06-15T06:23:14.865236+00:00
4771,Marius Copil,ROU,,,,1990-10-17,,,,0,0,,,https://upload.wikimedia.org/wikipedia/commons/thumb/7/7c/Copil_WMQ16_%28cropped%29.jpg/330px-Copil_WMQ16_%28cropped%29.jpg,M,atp,2026-06-15T06:23:24.349206+00:00
4772,Veronica Cepede Royg,PAR,,,,1992-01-21,,,,0,0,,,,F,wta,2026-06-15T06:23:24.349206+00:00
1387,Raluka Serban,CYP,,152,2023-07-24,1997-06-17,1.85 m,,Right (two-handed backhand),393,230,,"$661,397",https://upload.wikimedia.org/wikipedia/commons/thumb/f/fd/Serban_WMQ23_%2853061098477%29.jpg/330px-Serban_WMQ23_%2853061098477%29.jpg,F,WTA Tour Official,2026-05-15T06:17:15.259167+00:00
1359,Martyna Kubka,POL,,147,2025-04-21,2001-04-19,,,,15,6,,"$18,203",,F,WTA Tour Official,2026-05-15T06:15:13.196963+00:00
1911,Ying Zhang,CHN,,543,,1996-04-15,,,,0,0,,,,F,WTA Tour Official,2026-05-07T09:06:38.756343+00:00
1365,Mia Pohankova,SVK,,273,2026-05-04,2008-10-21,,,Right-handed (two-handed backhand),15,5,,"$20,448",,F,WTA Tour Official,2026-05-15T06:15:49.111786+00:00
1917,Julie Pastikova,CZE,,546,,2008-05-31,,,,0,0,,,,F,WTA Tour Official,2026-05-07T09:06:48.914386+00:00
1921,Enola Chiesa,ITA,,548,,2000-07-16,,,,0,0,,,,F,WTA Tour Official,2026-05-07T09:06:54.670909+00:00
1923,Draginja Vukovic,SRB,,549,,2000-04-27,,,,0,0,,,,F,WTA Tour Official,2026-05-07T09:06:57.396207+00:00
1367,Dalila Spiteri,ITA,,265,2026-03-16,1997-04-24,,,Right-handed,316,234,,"$159,224",,F,WTA Tour Official,2026-05-15T06:15:58.520184+00:00
1928,Carmen Andreea  Herea,ROU,,552,,2005-11-28,,,,0,0,,,,F,WTA Tour Official,2026-05-07T09:07:10.909920+00:00
1935,Lucie Nguyen Tan,FRA,,555,,2003-05-30,,,,0,0,,,,F,WTA Tour Official,2026-05-07T09:07:24.326191+00:00
1938,Beatrise Zeltina,LAT,,557,,2007-03-18,,,,0,0,,,,F,WTA Tour Official,2026-05-07T09:07:31.213843+00:00
1944,Arina Bulatova,RUS,,560,,2006-04-18,,,,0,0,,,,F,WTA Tour Official,2026-05-07T09:07:39.799586+00:00
1371,Katrina Scott,USA,,276,2022-10-10,2004-06-11,6' 0'' (1.83 m),,Right (two-handed backhand),6,7,,"$13,454",https://upload.wikimedia.org/wikipedia/commons/thumb/1/18/Scott_RGQ23.jpg/330px-Scott_RGQ23.jpg,F,WTA Tour Official,2026-05-15T06:16:12.339650+00:00
1956,Reina Goto,JPN,,566,,2007-09-11,,,,0,0,,,,F,WTA Tour Official,2026-05-07T09:08:01.102822+00:00
1960,Lan Mi,CHN,,568,,2004-11-15,,,,0,0,,,,F,WTA Tour Official,2026-05-07T09:08:10.760516+00:00
1962,Ruth Roura Llaverias,ESP,,569,,2006-02-08,,,,0,0,,,,F,WTA Tour Official,2026-05-07T09:08:14.400629+00:00
1013,Sinja Kraus,AUT,81,103,2026-02-23,2002-04-29,175cm,,Right-handed,20,12,,"$139,464",https://upload.wikimedia.org/wikipedia/commons/thumb/d/d2/Kraus_RGQ23.jpg/330px-Kraus_RGQ23.jpg,F,WTA Tour Official,2026-08-07T06:19:33.141654+00:00
1967,Daria Zelinskaya,RUS,,572,,2004-08-26,,,,0,0,,,,F,WTA Tour Official,2026-05-07T09:08:24.208208+00:00
4773,Thomas Fabbiano,ITA,,,,1989-05-26,,,,0,0,,,https://upload.wikimedia.org/wikipedia/commons/thumb/3/3e/Fabbiano_WM17_%286%29_%2836143141476%29.jpg/330px-Fabbiano_WM17_%286%29_%2836143141476%29.jpg,M,atp,2026-06-15T06:23:31.737190+00:00
4774,Alessandro Giannessi,ITA,,,,1990-05-30,,,,0,0,,,https://upload.wikimedia.org/wikipedia/commons/thumb/f/f6/Giannessi_BOR22_%2852083970806%29.jpg/330px-Giannessi_BOR22_%2852083970806%29.jpg,M,atp,2026-06-15T06:23:31.737190+00:00
2148,Anna Petkovic,GER,,658,,2005-06-02,,,,0,0,,,,F,WTA Tour Official,2026-05-07T09:14:48.739636+00:00
2154,Elena Korokozidi,GRE,,661,,2003-06-27,,,,0,0,,,,F,WTA Tour Official,2026-05-07T09:14:58.565416+00:00
626,Alexander Zverev,GER,3,2,2022-06-13,1997-04-20,"6'6"" (198cm)",198 lbs (90kg),"Right-Handed, Two-Handed Backhand",546,231,2013,"$62,477,189",https://upload.wikimedia.org/wikipedia/commons/thumb/2/2f/Alexander_Zverev.jpg/330px-Alexander_Zverev.jpg?utm_source=en.wikipedia.org&utm_campaign=api&utm_content=thumbnail,M,ATP Tour,2026-08-07T06:19:33.141654+00:00
638,Karen Khachanov,RUS,39,8,2019-07-15,1996-05-21,"6'6"" (198cm)",192 lbs (87kg),"Right-Handed, Two-Handed Backhand",321,235,2013,"$22,646,557",https://upload.wikimedia.org/wikipedia/commons/thumb/d/df/Karen_Khachanov_%282024_DC_Open%29_02.jpg/330px-Karen_Khachanov_%282024_DC_Open%29_02.jpg,M,ATP Tour,2026-08-07T06:19:33.141654+00:00
628,Felix Auger Aliassime,CAN,4,5,2025-11-17,2000-08-08,"6'4"" (193cm)",194 lbs (88kg),"Right-Handed, Two-Handed Backhand",283,179,2017,"$21,985,243",https://upload.wikimedia.org/wikipedia/commons/thumb/2/2c/F%C3%A9lix_Auger-Aliassime_%282023_DC_Open%29_01_%28cropped%29.jpg/330px-F%C3%A9lix_Auger-Aliassime_%282023_DC_Open%29_01_%28cropped%29.jpg?utm_source=en.wikipedia.org&utm_campaign=api&utm_content=thumbnail,M,ATP Tour,2026-07-22T08:57:30.899008+00:00
630,Taylor Fritz,USA,8,4,2024-11-18,1997-10-28,"6'5"" (196cm)",190 lbs (86kg),"Right-Handed, Two-Handed Backhand",349,221,2015,"$30,424,899",https://upload.wikimedia.org/wikipedia/commons/thumb/6/61/Taylor_Fritz_-_Delray_Beach_Open_Final_Round_%28cropped%29.jpg/330px-Taylor_Fritz_-_Delray_Beach_Open_Final_Round_%28cropped%29.jpg?utm_source=en.wikipedia.org&utm_campaign=api&utm_content=thumbnail,M,ATP Tour,2026-08-07T06:19:33.141654+00:00
634,Alexander Bublik,KAZ,11,10,2026-01-12,1997-06-17,"6'5"" (196cm)",180 lbs (82kg),"Right-Handed, Two-Handed Backhand",204,181,2016,"$11,889,006",https://upload.wikimedia.org/wikipedia/commons/thumb/c/c7/Sascha_Bublik_%282023_DC_Open%29_05_%28cropped%29.jpg/330px-Sascha_Bublik_%282023_DC_Open%29_05_%28cropped%29.jpg?utm_source=en.wikipedia.org&utm_campaign=api&utm_content=thumbnail,M,ATP Tour,2026-07-22T08:57:30.899008+00:00
636,Jiri Lehecka,CZE,12,13,2026-04-06,2001-11-08,"6'1"" (185cm)",179 lbs (81kg),"Right-Handed, Two-Handed Backhand",134,97,2020,"$8,622,792",https://upload.wikimedia.org/wikipedia/commons/thumb/6/62/Lehecka_MCM23_%285%29_%2852883527310%29.jpg/330px-Lehecka_MCM23_%285%29_%2852883527310%29.jpg,M,ATP Tour,2026-07-22T08:57:30.899008+00:00
635,Flavio Cobolli,ITA,9,12,2026-05-04,2002-05-06,"6'0"" (183cm)",163 lbs (74kg),"Right-Handed, Two-Handed Backhand",92,75,2020,"$6,667,130",https://upload.wikimedia.org/wikipedia/commons/thumb/5/53/Cobolli_RGQ23_%2852944096963%29.jpg/330px-Cobolli_RGQ23_%2852944096963%29.jpg?utm_source=en.wikipedia.org&utm_campaign=api&utm_content=thumbnail,M,ATP Tour,2026-07-22T08:57:30.899008+00:00
2158,Daria Yesypchuk,UKR,,663,,2005-10-04,,,,0,0,,,,F,WTA Tour Official,2026-05-07T09:15:05.979849+00:00
2166,Eliska Tichackova,CZE,,667,,2006-12-14,,,,0,0,,,,F,WTA Tour Official,2026-05-07T09:15:28.196212+00:00
2168,Sofia Johnson,GBR,,668,,2004-06-16,,,,0,0,,,,F,WTA Tour Official,2026-05-07T09:15:31.100459+00:00
2171,Ann Akasha Ceuca,GER,,670,,2006-11-08,,,,0,0,,,,F,WTA Tour Official,2026-05-07T09:15:37.669740+00:00
2177,Mary Lewis,USA,,673,,1998-10-25,,,,0,0,,,,F,WTA Tour Official,2026-05-07T09:15:46.901199+00:00
2183,Demi Tran,NED,,676,,2000-11-26,,,,0,0,,,,F,WTA Tour Official,2026-05-07T09:15:57.680790+00:00
2187,Junhan Zhang,CHN,,678,,2007-04-16,,,,0,0,,,,F,WTA Tour Official,2026-05-07T09:16:04.835028+00:00
2189,Nina Vargova,SVK,,679,,2005-09-09,,,,0,0,,,,F,WTA Tour Official,2026-05-07T09:16:08.301448+00:00
2192,Alyssa Reguer,FRA,,681,,2006-05-04,,,,0,0,,,,F,WTA Tour Official,2026-05-07T09:16:16.400891+00:00
2194,Stefani Webb,AUS,,682,,2005-03-20,,,,0,0,,,,F,WTA Tour Official,2026-05-07T09:16:19.697606+00:00
2207,Bella Payne,USA,,688,,2007-09-15,,,,0,0,,,,F,WTA Tour Official,2026-05-07T09:16:43.971681+00:00
2211,Rebecca Munk Mortensen,DEN,,690,,2005-11-01,,,,0,0,,,,F,WTA Tour Official,2026-05-07T09:16:50.623952+00:00
2213,Cheuk Ying Shek,HKG,,691,,2005-04-05,,,,0,0,,,,F,WTA Tour Official,2026-05-07T09:16:54.730235+00:00
2217,Irina Balus,SVK,,694,,2005-09-12,,,,0,0,,,,F,WTA Tour Official,2026-05-07T09:17:08.376680+00:00
1940,Jaeda Daniel,USA,,558,,1999-07-28,,,Left-handed,0,0,,"$66,513",,F,WTA Tour Official,2026-05-11T11:20:50.121556+00:00
1948,Patricia Maria Tig,ROU,,562,,1994-07-27,1.80 m,,Right-handed (two-handed backhand),0,0,,"US$1,674,940",https://upload.wikimedia.org/wikipedia/commons/thumb/d/dc/Patricia_%C8%9Aig_%282023_US_Open%29_02_%28cropped%29.jpg/330px-Patricia_%C8%9Aig_%282023_US_Open%29_02_%28cropped%29.jpg,F,WTA Tour Official,2026-05-11T11:21:07.981559+00:00
1966,Valentina  Steiner,GER,,571,,2006-07-19,,,Right-handed[2],0,0,,"$16,649",,F,WTA Tour Official,2026-05-11T11:21:58.124170+00:00
2140,Pia Lovric,SLO,,654,,2002-04-23,,,Right-handed (two-handed backhand),0,0,,"$82,420",,F,WTA Tour Official,2026-05-11T11:28:31.016926+00:00
2160,Noelia Zeballos,BOL,,664,,1994-05-02,1.68 m,,Right (two-handed backhand),0,0,,"$129,337",,F,WTA Tour Official,2026-05-11T11:29:19.224777+00:00
2201,Daria Saville,AUS,,685,,1994-03-05,1.66 m,,Right (two-handed backhand),0,0,,"US$ 6,213,083",https://upload.wikimedia.org/wikipedia/commons/thumb/0/02/Dasha_Saville_%282023_US_Open%29_02_%28cropped%29.jpg/330px-Dasha_Saville_%282023_US_Open%29_02_%28cropped%29.jpg,F,WTA Tour Official,2026-05-11T11:30:52.153046+00:00
1907,Julia Stusek,GER,,541,,2008-06-30,,,Right-handed,0,0,,"US$29,233",,F,WTA Tour Official,2026-05-11T11:19:34.440088+00:00
1954,Zeel Desai,IND,,565,,1999-02-18,,,Right-handed (two-handed backhand),0,0,,"US$78,965",,F,WTA Tour Official,2026-05-11T11:21:29.373329+00:00
2162,Hiroko Kuwata,JPN,,665,,1990-12-18,,,Right (two-handed backhand),0,0,,"US$403,685",https://upload.wikimedia.org/wikipedia/commons/thumb/8/85/Kuwata_WMQ16_%288%29_%2828211057475%29.jpg/330px-Kuwata_WMQ16_%288%29_%2828211057475%29.jpg,F,WTA Tour Official,2026-05-11T11:29:26.352914+00:00
2198,Valeria Bhunu,ZIM,,684,,1995-04-03,,,Right-handed (two-handed backhand),0,0,,"US$44,592",,F,WTA Tour Official,2026-05-11T11:30:46.250702+00:00
2216,Urszula Radwanska,POL,,693,,1990-12-07,1.77 m,,Right-handed (two-handed backhand),0,0,,"$2,143,245",https://upload.wikimedia.org/wikipedia/commons/c/c7/Ula_Radwanska_%2840089904552%29_%28cropped%29.jpg,F,WTA Tour Official,2026-05-11T11:31:21.015285+00:00
1361,Anca Todoni,ROU,,83,2025-03-31,2004-10-10,,,Right (two-handed backhand),154,70,,"$663,482",https://upload.wikimedia.org/wikipedia/commons/thumb/1/1c/Day_2_-_Qualifying_TransylvaniaOpen_Daria_Snigur_vs_Anca_Alexia_Todoni_7-6%283%29%2C6-4_%2854320802059%29_%28cropped%29.jpg/330px-Day_2_-_Qualifying_TransylvaniaOpen_Daria_Snigur_vs_Anca_Alexia_Todoni_7-6%283%29%2C6-4_%2854320802059%29_%28cropped%29.jpg,F,WTA Tour Official,2026-05-13T07:45:33.777560+00:00
1963,Shintaro Imai,JPN,,290,2020-01-06,1993-09-07,"5'10"" (178cm)",163 lbs (74kg),"Right-Handed, Unknown Backhand",0,0,,"$169,784",https://www.atptour.com/-/media/alias/player-gladiator-headshot/i330,M,ATP Tour,2026-05-15T08:47:19.322678+00:00
4775,Tennys Sandgren,USA,,,,1991-07-22,,,,0,0,,,https://upload.wikimedia.org/wikipedia/commons/thumb/e/eb/Tennys_Sandgren_%282023_Cary%29_01_%28cropped%29.jpg/330px-Tennys_Sandgren_%282023_Cary%29_01_%28cropped%29.jpg,M,atp,2026-06-15T06:23:43.464480+00:00
1965,Jacob Bradshaw,AUS,,479,2024-10-21,2002-10-23,"6'2"" (188cm)",180 lbs (82kg),"Right-Handed, Two-Handed Backhand",0,0,,"$52,253",https://www.atptour.com/-/media/alias/player-gladiator-headshot/b0ot,M,ATP Tour,2026-05-15T08:47:34.479792+00:00
1351,Masamichi Imamura,JPN,,331,2025-03-03,1998-11-23,"5'10"" (178cm)",162 lbs (73kg),"Right-Handed, Two-Handed Backhand",0,0,,"$116,163",https://www.atptour.com/-/media/alias/player-gladiator-headshot/i426,M,ATP Tour,2026-05-15T07:26:57.176435+00:00
977,Stefan Dostanic,USA,,266,2026-05-04,2001-11-04,"6'2"" (188cm)",175 lbs (79kg),"Right-Handed, Two-Handed Backhand",1,2,,"$214,276",https://upload.wikimedia.org/wikipedia/commons/thumb/5/52/Stefan_Dostanic_%282023_Cary%29_07.jpg/330px-Stefan_Dostanic_%282023_Cary%29_07.jpg,M,ATP Tour,2026-05-15T06:37:33.269522+00:00
2441,Maia Ilinca Burcescu,ROU,,804,,2009-11-26,,,,0,0,,,,F,WTA Tour Official,2026-05-07T09:24:31.184182+00:00
670,Marin Cilic,CRO,85,3,2018-01-29,1988-09-28,"6'6"" (198cm)",196 lbs (89kg),"Right-Handed, Two-Handed Backhand",606,358,2005,"$33,169,440",https://upload.wikimedia.org/wikipedia/commons/thumb/b/bd/Cilic_MCM22_%2822%29_%2852036669749%29.jpg/330px-Cilic_MCM22_%2822%29_%2852036669749%29.jpg,M,ATP Tour,2026-08-07T06:19:33.141654+00:00
661,Jaume Munar,ESP,45,33,2025-12-29,1997-05-05,"6'0"" (183cm)",168 lbs (76kg),"Right-Handed, Two-Handed Backhand",127,168,2014,"$7,160,391",https://upload.wikimedia.org/wikipedia/commons/thumb/9/97/Munar_RG19_%2828%29_%2848199153407%29.jpg/330px-Munar_RG19_%2828%29_%2848199153407%29.jpg?utm_source=en.wikipedia.org&utm_campaign=api&utm_content=thumbnail,M,ATP Tour,2026-08-07T06:19:33.141654+00:00
649,Tomas Martin Etcheverry,ARG,30,26,2026-05-04,1999-07-18,"6'5"" (196cm)",180 lbs (82kg),"Right-Handed, Two-Handed Backhand",111,112,2017,"$6,625,652",https://upload.wikimedia.org/wikipedia/commons/thumb/8/8a/Tom%C3%A1s_Martin_Etcheverry_-_2024_Olympics_%28cropped%29.jpg/330px-Tom%C3%A1s_Martin_Etcheverry_-_2024_Olympics_%28cropped%29.jpg,M,ATP Tour,2026-08-07T06:19:33.141654+00:00
1347,Niels Visker,NED,,190,2026-05-04,2001-10-05,"6'3"" (191cm)",191 lbs (87kg),"Right-Handed, One-Handed Backhand",0,0,,"$88,454",https://www.atptour.com/-/media/alias/player-gladiator-headshot/v0d0,M,ATP Tour,2026-05-15T07:26:26.247566+00:00
1360,Hady Habib,LBN,,159,2025-05-05,1998-08-21,"6'2"" (188cm)",195 lbs (88kg),"Right-Handed, Two-Handed Backhand",11,15,,"$549,111",https://www.atptour.com/-/media/alias/player-gladiator-headshot/hf80,M,ATP Tour,2026-05-15T07:28:07.456154+00:00
1353,Alex Marti Pujolras,ESP,,318,2025-07-14,1999-02-10,"6'1"" (185cm)",162 lbs (73kg),"Right-Handed, Two-Handed Backhand",0,0,,"$142,830",https://www.atptour.com/-/media/alias/player-gladiator-headshot/m0ey,M,ATP Tour,2026-05-15T07:27:11.255601+00:00
1362,Johan Nikles,SUI,,256,2022-07-11,1997-03-23,"5'8"" (173cm)",149 lbs (68kg),"Right-Handed, Two-Handed Backhand",1,3,,"$184,128",https://upload.wikimedia.org/wikipedia/commons/thumb/2/2c/Johan_Nikles_Sao_Leo_Open_2026.jpg/330px-Johan_Nikles_Sao_Leo_Open_2026.jpg,M,ATP Tour,2026-05-15T07:28:22.301471+00:00
1372,Christian Langmo,USA,,319,2025-03-31,1996-06-01,"6'3"" (191cm)",200 lbs (91kg),"Right-Handed, Two-Handed Backhand",0,0,,"$165,818",https://www.atptour.com/-/media/alias/player-gladiator-headshot/li10,M,ATP Tour,2026-05-15T07:29:28.303917+00:00
1364,Arthur Nagel,FRA,,376,2026-04-20,2003-04-14,"6'0"" (183cm)",176 lbs (80kg),"Right-Handed, Two-Handed Backhand",0,0,,"$45,462",https://www.atptour.com/-/media/alias/player-gladiator-headshot/n0eg,M,ATP Tour,2026-05-15T07:28:36.580368+00:00
1373,Max Schoenhaus,GER,,470,2026-04-20,2007-08-01,"5'11"" (180cm)",176 lbs (80kg),"Right-Handed, One-Handed Backhand",0,0,,"$46,036",https://www.atptour.com/-/media/alias/player-gladiator-headshot/s0vu,M,ATP Tour,2026-05-15T07:29:40.944375+00:00
1959,Oscar Jose Gutierrez,ESP,,363,2019-11-04,1993-04-25,"5'7"" (170cm)",148 lbs (67kg),"Right-Handed, Two-Handed Backhand",0,0,,"$171,598",https://www.atptour.com/-/media/alias/player-gladiator-headshot/gc17,M,ATP Tour,2026-05-15T08:46:50.589820+00:00
1381,Vadym Ursu,UKR,,299,2024-09-09,1997-01-01,"6'0"" (183cm)",156 lbs (71kg),"Right-Handed, Two-Handed Backhand",0,0,,"$145,779",https://www.atptour.com/-/media/alias/player-gladiator-headshot/u176,M,ATP Tour,2026-05-15T07:30:46.655165+00:00
1383,Koki Matsuda,JPN,,477,2026-05-04,2000-10-31,"6'0"" (183cm)",162 lbs (73kg),"Right-Handed, Two-Handed Backhand",0,0,,"$40,873",https://www.atptour.com/-/media/alias/player-gladiator-headshot/m0sb,M,ATP Tour,2026-05-15T07:31:02.506788+00:00
2153,Rachel Gailis,USA,,660,,2004-08-30,,,,0,0,,,,F,WTA Tour Official,2026-05-07T09:14:55.722604+00:00
2156,Noelia Bouzo Zanotti,ESP,,662,,1999-09-06,,,,0,0,,,,F,WTA Tour Official,2026-05-07T09:15:01.531213+00:00
4776,Richel Hogenkamp,NED,,,,1992-04-16,,,,0,0,,,,F,wta,2026-06-15T06:23:43.464480+00:00
2164,Loes Ebeling Koning,NED,,666,,2006-02-20,,,,0,0,,,,F,WTA Tour Official,2026-05-07T09:15:24.205361+00:00
2170,Valeriia Iushchenko,RUS,,669,,1999-06-26,,,,0,0,,,,F,WTA Tour Official,2026-05-07T09:15:34.879127+00:00
2175,Chenting Zhu,CHN,,672,,2007-09-13,,,,0,0,,,,F,WTA Tour Official,2026-05-07T09:15:43.164462+00:00
2179,Yujia Huang,CHN,,674,,2002-11-18,,,,0,0,,,,F,WTA Tour Official,2026-05-07T09:15:50.534609+00:00
2181,Nauhany Vitoria Leme Da Silva,BRA,,675,,2010-03-13,,,,0,0,,,,F,WTA Tour Official,2026-05-07T09:15:54.734258+00:00
2185,Raphaelle Lacasse,CAN,,677,,2000-08-16,,,,0,0,,,,F,WTA Tour Official,2026-05-07T09:16:01.434613+00:00
2191,Honoka Kobayashi,JPN,,680,,2000-04-23,1.45 m,46 kg,,0,0,,,,F,WTA Tour Official,2026-05-07T09:16:13.322762+00:00
2209,Anamaria Oana,ROU,,689,,2007-07-18,,,,0,0,,,,F,WTA Tour Official,2026-05-07T09:16:47.909973+00:00
2215,Jiayi Wang,CHN,,692,,2007-09-08,,,,0,0,,,,F,WTA Tour Official,2026-05-07T09:16:57.219386+00:00
2219,Alexis Nguyen,USA,,695,,2007-12-02,,,,0,0,,,,F,WTA Tour Official,2026-05-07T09:17:12.025358+00:00
2223,Salma Ewing,USA,,698,,2000-08-28,,,,0,0,,,,F,WTA Tour Official,2026-05-07T09:17:23.773857+00:00
2232,Anita Sahdiieva,UKR,,702,,2004-01-21,,,,0,0,,,,F,WTA Tour Official,2026-05-07T09:17:40.067586+00:00
2237,Carmen Lopez Martinez,ESP,,704,,2005-04-23,,,,0,0,,,,F,WTA Tour Official,2026-05-07T09:17:48.054879+00:00
2239,Polina Kuharenko,BLR,,705,,2008-06-09,,,,0,0,,,,F,WTA Tour Official,2026-05-07T09:17:51.652081+00:00
2244,Maria Garcia Cid,ESP,,708,,2005-04-05,,,,0,0,,,,F,WTA Tour Official,2026-05-07T09:18:03.153344+00:00
2249,Federica Sacco,ITA,,711,,2002-04-20,,,,0,0,,,,F,WTA Tour Official,2026-05-07T09:18:17.007710+00:00
2252,Franziska Sziedat,GER,,713,,2000-08-06,,,,0,0,,,,F,WTA Tour Official,2026-05-07T09:18:23.639660+00:00
2144,Petra Kvitova,CZE,,656,,1990-03-08,1.82 m,,Left-handed (two-handed backhand),0,0,,"US $37,653,615[2]
8th in all-time rankings",https://upload.wikimedia.org/wikipedia/commons/thumb/d/d1/Petra_Kvitov%C3%A1_Maud_Watson_trophy_2018.jpg/330px-Petra_Kvitov%C3%A1_Maud_Watson_trophy_2018.jpg,F,WTA Tour Official,2026-05-11T11:28:46.011748+00:00
2196,Hong Yi Cody Wong,HKG,,683,,2002-03-14,,,Right-handed (two-handed backhand),0,0,,"US$ 121,858",,F,WTA Tour Official,2026-05-11T11:30:43.077143+00:00
698,Stefanos Tsitsipas,GRE,53,3,2021-08-09,1998-08-12,"6'4"" (193cm)",198 lbs (90kg),"Right-Handed, One-Handed Backhand",381,193,2016,"$37,661,729",https://upload.wikimedia.org/wikipedia/commons/thumb/a/a2/Tsitsipas_S._MCM22_%28cropped%29.jpg/330px-Tsitsipas_S._MCM22_%28cropped%29.jpg?utm_source=en.wikipedia.org&utm_campaign=api&utm_content=thumbnail,M,ATP Tour,2026-08-07T06:19:33.141654+00:00
700,Marcos Giron,USA,81,37,2024-08-05,1993-07-24,"5'11"" (180cm)",170 lbs (77kg),"Right-Handed, Two-Handed Backhand",135,154,2014,"$6,725,152",https://upload.wikimedia.org/wikipedia/commons/thumb/e/e8/Giron_RGQ19_%2842%29_%2848002686247%29.jpg/330px-Giron_RGQ19_%2842%29_%2848002686247%29.jpg?utm_source=en.wikipedia.org&utm_campaign=api&utm_content=thumbnail,M,ATP Tour,2026-08-07T06:19:33.141654+00:00
695,Juan Manuel Cerundolo,ARG,52,67,2026-04-20,2001-11-15,"6'0"" (183cm)",165 lbs (75kg),"Left-Handed, Two-Handed Backhand",30,41,2018,"$1,994,965",https://upload.wikimedia.org/wikipedia/commons/thumb/6/64/Cerundolo_JM._RGQ22_%283%29_%2852128606242%29.jpg/330px-Cerundolo_JM._RGQ22_%283%29_%2852128606242%29.jpg,M,ATP Tour,2026-08-07T06:19:33.141654+00:00
2203,Ekaterina Makarova,RUS,,686,,1996-02-15,1.80 m,,Left-handed (two-handed backhand),0,0,,"US$ 13,229,362",https://upload.wikimedia.org/wikipedia/commons/thumb/d/de/Makarova_WM18_%281%29_%2828995076217%29.jpg/330px-Makarova_WM18_%281%29_%2828995076217%29.jpg,F,WTA Tour Official,2026-05-11T11:30:54.640931+00:00
2242,Su Jeong Jang,KOR,,707,,1995-03-13,,,Right (two-handed backhand),0,0,,"$887,832",https://upload.wikimedia.org/wikipedia/commons/thumb/9/97/Jang_Su-jeong_%282023_US_Open%29_02_%28cropped%29.jpg/330px-Jang_Su-jeong_%282023_US_Open%29_02_%28cropped%29.jpg,F,WTA Tour Official,2026-05-11T11:32:21.372181+00:00
2258,Kristina Novak,SLO,,716,,2000-08-03,1.73 m,,,0,0,,,,F,WTA Tour Official,2026-05-11T11:33:04.283014+00:00
747,Nicolai Budkov Kjaer,NOR,,124,2026-05-04,2006-09-01,"6'3"" (191cm)",173 lbs (78kg),"Right-Handed, Two-Handed Backhand",9,14,,"$682,897",https://www.atptour.com/-/media/alias/player-gladiator-headshot/b0u4,M,ATP Tour,2026-05-15T06:01:38.075367+00:00
1348,Jennifer Ruggeri,ITA,,265,2026-04-06,2003-07-23,,,,143,107,,"$75,623",,F,WTA Tour Official,2026-05-15T06:14:16.079939+00:00
1354,Sofya Lansere,RUS,,119,2023-08-14,2000-09-29,,,,185,112,,"$246,743",,F,WTA Tour Official,2026-05-15T06:14:46.491584+00:00
1379,Silvia Ambrosio,ITA,,280,2025-10-27,1997-01-24,,,Right-handed (two-handed backhand),1,1,,"$36,903",,F,WTA Tour Official,2026-05-15T06:16:49.655585+00:00
1590,Eri Shimizu,JPN,,191,2026-05-04,1998-05-28,,,Right (two-handed backhand),11,6,,"$12,091",,F,WTA Tour Official,2026-05-15T06:33:38.416884+00:00
1357,Katie Swan,GBR,,9999,2022-10-10,1999-03-24,1.74 m,,Right-handed (two-handed backhand),0,0,,$0,https://upload.wikimedia.org/wikipedia/commons/thumb/e/ee/Swan_RGQ23.jpg/330px-Swan_RGQ23.jpg?utm_source=en.wikipedia.org&utm_campaign=api&utm_content=thumbnail,F,WTA Tour Official,2026-05-15T06:15:00.824172+00:00
1382,Ena Shibahara,JPN,,4,2022-03-21,1998-02-12,1.70m,,Right-handed (two-handed backhand),230,134,,"$2,579,952",https://upload.wikimedia.org/wikipedia/commons/thumb/c/c3/Ena_Shibahara_%282024_US_Open%29_01.jpg/330px-Ena_Shibahara_%282024_US_Open%29_01.jpg?utm_source=en.wikipedia.org&utm_campaign=api&utm_content=thumbnail,F,WTA Tour Official,2026-05-15T06:16:56.835387+00:00
1394,Elena Ruxandra Bertea,ROU,,286,2026-04-20,2006-05-06,,,,103,54,,"$51,558",,F,WTA Tour Official,2026-05-15T06:17:50.890557+00:00
1384,Rebecca Marino,CAN,,282,2011-07-11,1990-12-16,1.83m,,Right-handed (two-handed backhand),0,0,,$0,https://upload.wikimedia.org/wikipedia/commons/thumb/8/86/Marino_RGQ22_%286%29_%2852129543491%29.jpg/330px-Marino_RGQ22_%286%29_%2852129543491%29.jpg,F,WTA Tour Official,2026-05-15T06:17:09.841799+00:00
1388,Carolina Alves,BRA,,165,2022-09-12,1996-04-23,"5' 7"" (1.70 m)",,,449,334,,"$448,795",https://photoresources.wtatennis.com/photo-resources/2023/12/06/ae53ae23-784b-4dfa-8904-5f350feafa9a/Carolina-Alves.png?width=258&height=345,F,WTA Tour Official,2026-05-15T06:17:26.904621+00:00
1390,Kyoka Okamura,JPN,,178,2025-02-17,1995-10-06,1.65 m,,Right (two-handed backhand),380,325,,"$473,666",https://upload.wikimedia.org/wikipedia/commons/thumb/3/32/Kyoka_Okamura.jpg/330px-Kyoka_Okamura.jpg,F,WTA Tour Official,2026-05-15T06:17:35.504382+00:00
1405,Sohyun Park,KOR,,200,2026-02-16,2002-07-02,,,,3,6,,"$9,071",https://photoresources.wtatennis.com/photo-resources/2025/10/29/291bfef2-250e-49d6-8225-b7a9465b7330/Park-Torso_326561.png?width=790&height=740,F,WTA Tour Official,2026-05-15T06:18:39.331938+00:00
1399,Anna Rogers,USA,,124,2026-05-04,1998-03-21,,,,199,114,,"$188,089",,F,WTA Tour Official,2026-05-15T06:18:12.666336+00:00
1407,Mei Yamaguchi,JPN,,242,2025-05-05,1999-06-14,5 ft 0 in,114 lb,,229,179,,"$128,890",,F,WTA Tour Official,2026-05-15T06:18:48.483138+00:00
1409,Carson Branstine,CAN,,172,2025-10-06,2000-09-09,1.80 m,,Right-handed (two-handed backhand),146,82,,"$330,555",https://upload.wikimedia.org/wikipedia/commons/thumb/9/92/Texas_A%26M_%28May_2024%29_01_%28Branstine%29.jpg/330px-Texas_A%26M_%28May_2024%29_01_%28Branstine%29.jpg,F,WTA Tour Official,2026-05-15T06:18:59.931017+00:00
1398,Alejo Sanchez Quilez,ESP,,476,2026-04-06,2005-06-25,"5'11"" (180cm)",151 lbs (68kg),"Right-Handed, Two-Handed Backhand",0,0,,"$64,919",https://www.atptour.com/-/media/alias/player-gladiator-headshot/s0xe,M,ATP Tour,2026-05-15T07:33:00.843196+00:00
1401,Alafia Ayeni,USA,,243,2026-03-02,1999-08-10,"6'3"" (191cm)",185 lbs (84kg),"Right-Handed, Unknown Backhand",0,0,,"$131,899",https://www.atptour.com/-/media/alias/player-gladiator-headshot/a09p,M,ATP Tour,2026-05-15T07:33:16.456503+00:00
1404,Leo Borg,SWE,,334,2023-09-11,2003-05-15,"6'0"" (183cm)",169 lbs (77kg),"Right-Handed, Two-Handed Backhand",5,12,,"$170,892",https://www.atptour.com/-/media/alias/player-gladiator-headshot/b0jg,M,ATP Tour,2026-05-15T07:33:47.196929+00:00
1422,Tomasz Berkieta,POL,,479,2026-04-20,2006-07-21,"6'3"" (191cm)",198 lbs (90kg),"Right-Handed, Two-Handed Backhand",1,1,,"$44,328",https://www.atptour.com/-/media/alias/player-gladiator-headshot/b0p4,M,ATP Tour,2026-05-15T07:36:22.057428+00:00
1414,Pietro Fellin,ITA,,453,2026-03-16,2001-08-02,"6'4"" (193cm)",173 lbs (78kg),"Right-Handed, Two-Handed Backhand",0,0,,"$39,732",https://www.atptour.com/-/media/alias/player-gladiator-headshot/f0bp,M,ATP Tour,2026-05-15T07:35:22.876181+00:00
1416,Valerio Aboian,ARG,,378,2024-10-21,2002-06-14,"6'0"" (183cm)",160 lbs (73kg),"Left-Handed, Two-Handed Backhand",0,0,,"$133,756",https://www.atptour.com/-/media/alias/player-gladiator-headshot/a0g7,M,ATP Tour,2026-05-15T07:35:36.511011+00:00
4777,Henri Laaksonen,SUI,,,,1992-03-31,,,,0,0,,,https://upload.wikimedia.org/wikipedia/commons/thumb/6/6f/Laaksonen_RG22_%285%29_%2852144554585%29.jpg/330px-Laaksonen_RG22_%285%29_%2852144554585%29.jpg,M,atp,2026-06-15T06:23:50.057409+00:00
1419,Alisa Oktiabreva,RUS,,280,2026-04-06,2008-07-26,,,,63,18,,"$44,571",,F,WTA Tour Official,2026-05-15T06:19:53.104331+00:00
1411,Elena Malygina,EST,,260,2022-11-07,2000-05-27,,,Right (two-handed backhand),13,9,,"$147,091",,F,WTA Tour Official,2026-05-15T06:19:11.736285+00:00
1415,Amandine Monnot,FRA,,297,2026-05-04,2002-02-06,,,,18,9,,"$65,563",,F,WTA Tour Official,2026-05-15T06:19:32.237279+00:00
1417,Zhuoxuan Bai,CHN,,83,2024-03-04,2002-11-16,1.75 m,,Right-handed,142,65,,"$742,820",https://upload.wikimedia.org/wikipedia/commons/thumb/7/7a/Bai_WMQ23_%2853061717101%29.jpg/330px-Bai_WMQ23_%2853061717101%29.jpg,F,WTA Tour Official,2026-05-15T06:19:43.705027+00:00
879,Kimmer Coppejans,BEL,,97,2015-06-22,1994-02-07,"5'10"" (178cm)",156 lbs (71kg),"Right-Handed, Two-Handed Backhand",4,18,2012,"$1,498,645",https://upload.wikimedia.org/wikipedia/commons/thumb/6/6e/Coppejans_RGQ19_%2827%29_%2848002721088%29.jpg/330px-Coppejans_RGQ19_%2827%29_%2848002721088%29.jpg?utm_source=en.wikipedia.org&utm_campaign=api&utm_content=thumbnail,M,ATP Tour,2026-05-15T06:25:20.677120+00:00
1594,Victoria Rodriguez,MEX,,113,2018-06-18,1995-04-22,,,,293,204,,"$300,770",,F,WTA Tour Official,2026-05-15T06:33:56.469457+00:00
2442,Vignesh Gogineni,USA,,1015,,,,,,0,0,,,,M,ATP Tour,2026-05-07T09:24:31.711418+00:00
851,Anna Kalinskaya,RUS,21,9999,2024-10-28,1998-12-02,1.75 m,,Right-handed (two-handed backhand),0,0,,$0,https://upload.wikimedia.org/wikipedia/commons/thumb/8/8f/Anna_Kalinskaya_%282025_DC_Open%29_01_%28cropped%29.jpg/330px-Anna_Kalinskaya_%282025_DC_Open%29_01_%28cropped%29.jpg,F,WTA Tour Official,2026-08-07T06:19:33.141654+00:00
902,Peyton Stearns,USA,57,28,2025-05-19,2001-10-08,1.73m,,Right-handed (two-handed backhand),191,138,,"$3,739,714",https://upload.wikimedia.org/wikipedia/commons/thumb/0/00/Peyton_Stearns_%282024_DC_Open%29_03_%28cropped%29.jpg/330px-Peyton_Stearns_%282024_DC_Open%29_03_%28cropped%29.jpg,F,WTA Tour Official,2026-08-07T06:19:33.141654+00:00
900,Tereza Valentova,CZE,67,43,2026-02-16,2007-02-20,1.74m,,Right (two-handed backhand),110,35,,"$876,266",https://upload.wikimedia.org/wikipedia/commons/thumb/6/6b/Tereza_Valentov%C3%A1_-_tenistka_%28cropped%293.jpg/330px-Tereza_Valentov%C3%A1_-_tenistka_%28cropped%293.jpg,F,WTA Tour Official,2026-08-07T06:19:33.141654+00:00
886,Yi Zhou,CHN,,219,2026-04-20,2005-03-14,"6'4"" (193cm)",187 lbs (85kg),"Right-Handed, Two-Handed Backhand",7,9,,"$358,147",https://upload.wikimedia.org/wikipedia/commons/thumb/c/c0/Yi_Zhou_2017.jpg/330px-Yi_Zhou_2017.jpg?utm_source=en.wikipedia.org&utm_campaign=api&utm_content=thumbnail,M,ATP Tour,2026-05-15T06:26:03.920805+00:00
1395,Dusan Obradovic,SRB,,476,2026-02-09,2001-03-23,"6'1"" (185cm)",187 lbs (85kg),"Left-Handed, Two-Handed Backhand",0,0,,"$65,694",https://www.atptour.com/-/media/alias/player-gladiator-headshot/o0ai,M,ATP Tour,2026-05-15T07:32:29.875491+00:00
1393,Gianmarco Ferrari,ITA,,387,2023-05-22,2000-10-04,"6'3"" (191cm)",195 lbs (88kg),"Left-Handed, Two-Handed Backhand",0,0,,"$132,936",https://www.atptour.com/-/media/alias/player-gladiator-headshot/f0cj,M,ATP Tour,2026-05-15T07:32:14.745314+00:00
1410,Blake Ellis,AUS,,271,2025-04-07,1999-01-06,"6'3"" (191cm)",187 lbs (85kg),"Right-Handed, Two-Handed Backhand",0,0,,"$340,056",https://www.atptour.com/-/media/alias/player-gladiator-headshot/ea27,M,ATP Tour,2026-05-15T07:34:33.271156+00:00
4779,Rebecca Peterson,SWE,,,,1995-08-06,,,,0,0,,,,F,wta,2026-06-15T06:24:22.366461+00:00
1998,Lucas Andrade Da Silva,BRA,,748,2025-08-04,2005-01-25,(cm),lbs (kg),"Unknown, Unknown Backhand",0,0,,"$9,181",https://www.atptour.com/-/media/alias/player-gladiator-headshot/a0l6,M,ATP Tour,2026-05-15T08:52:00.399469+00:00
1977,Hunter Heck,USA,,778,2026-05-04,2002-05-15,"5'8"" (173cm)",160 lbs (73kg),"Right-Handed, Two-Handed Backhand",0,0,,"$19,189",https://www.atptour.com/-/media/alias/player-gladiator-headshot/h0eb,M,ATP Tour,2026-05-15T08:49:03.909861+00:00
1981,Nikita Belozertsev,UZB,,776,2026-04-13,2008-11-28,"0'0"" (0cm)",160 lbs (73kg),"Left-Handed, Two-Handed Backhand",0,0,,"$11,577",https://www.atptour.com/-/media/alias/player-gladiator-headshot/b0v0,M,ATP Tour,2026-05-15T08:49:35.654595+00:00
1983,Joao Domingues,POR,,150,2020-02-24,1993-10-05,(cm),154 lbs (70kg),"Right-Handed, Two-Handed Backhand",9,7,2013,"$557,434",https://upload.wikimedia.org/wikipedia/commons/thumb/f/f5/Domingues_RGQ19_%2812%29_%2848002736306%29.jpg/330px-Domingues_RGQ19_%2812%29_%2848002736306%29.jpg,M,ATP Tour,2026-05-15T08:49:50.435923+00:00
1989,Yannik Kelm,GER,,784,2026-04-13,2005-02-17,"6'0"" (183cm)",176 lbs (80kg),"Right-Handed, Two-Handed Backhand",0,0,,"$18,456",https://www.atptour.com/-/media/alias/player-gladiator-headshot/k0j9,M,ATP Tour,2026-05-15T08:50:47.463626+00:00
2005,Scott Jones,AUS,,792,2026-04-06,1998-01-14,"5'7"" (170cm)",143 lbs (65kg),"Right-Handed, Two-Handed Backhand",0,0,,"$23,425",https://www.atptour.com/-/media/alias/player-gladiator-headshot/j0a6,M,ATP Tour,2026-05-15T08:52:58.457030+00:00
2000,Michael Antonius,USA,,790,2026-05-04,2010-01-01,"6'3"" (191cm)",175 lbs (79kg),"Right-Handed, Two-Handed Backhand",0,0,,"$9,086",https://www.atptour.com/-/media/alias/player-gladiator-headshot/a0o1,M,ATP Tour,2026-05-15T08:52:16.778502+00:00
2011,Felix Corwin,USA,,479,2021-10-04,1996-05-26,"6'2"" (188cm)",180 lbs (82kg),"Right-Handed, Two-Handed Backhand",0,0,,"$112,121",https://www.atptour.com/-/media/alias/player-gladiator-headshot/cn15,M,ATP Tour,2026-05-15T08:53:43.932141+00:00
2016,Amit Vales,ISR,,785,2024-08-05,2005-06-07,"5'8"" (173cm)",154 lbs (70kg),"Right-Handed, Two-Handed Backhand",0,2,,"$24,665",https://www.atptour.com/-/media/alias/player-gladiator-headshot/v0g2,M,ATP Tour,2026-05-15T08:54:30.617411+00:00
2015,Tianhui Zhang,CHN,,549,2025-09-22,2006-02-19,"5'11"" (180cm)",162 lbs (73kg),"Right-Handed, Two-Handed Backhand",0,0,,"$28,512",https://www.atptour.com/-/media/alias/player-gladiator-headshot/z0d1,M,ATP Tour,2026-05-15T08:54:16.130310+00:00
1425,Anastasiia Sobolieva,UKR,,197,2025-03-17,2004-04-23,,,Right (two-handed backhand),210,132,,"$320,109",,F,WTA Tour Official,2026-05-15T06:20:35.289173+00:00
1455,Arina Rodionova,AUS,,97,2024-02-05,1989-12-15,"5' 6"" (1.68 m)",,Right (two-handed backhand),583,497,,"$2,647,727",https://upload.wikimedia.org/wikipedia/commons/thumb/2/25/Arina_Rodionova_%282024_DC_Open%29_01.jpg/330px-Arina_Rodionova_%282024_DC_Open%29_01.jpg?utm_source=en.wikipedia.org&utm_campaign=api&utm_content=thumbnail,F,WTA Tour Official,2026-05-15T06:23:11.357232+00:00
1427,Amarissa Toth,HUN,,304,2026-03-02,2003-02-10,,,Right-handed,11,9,,"$120,331",,F,WTA Tour Official,2026-05-15T06:20:46.344509+00:00
1435,Lia Karatancheva,BUL,,169,2026-03-16,2003-09-08,,,Right-handed (two-handed backhand),9,9,,"$142,387",,F,WTA Tour Official,2026-05-15T06:21:36.517642+00:00
1438,Hiromi Abe,JPN,,226,2025-11-24,2000-05-02,,,Right (two-handed backhand),124,35,,"$79,535",,F,WTA Tour Official,2026-05-15T06:21:45.273674+00:00
1447,Hibah Shaikh,USA,,293,2026-05-04,2002-09-25,,,,16,6,,"$11,897",,F,WTA Tour Official,2026-05-15T06:22:35.554345+00:00
1453,Zarina Diyas,KAZ,,318,2015-01-12,1993-10-18,"5' 8"" (1.72 m)",,Right (two-handed backhand),0,1,,"$97,113",https://upload.wikimedia.org/wikipedia/commons/thumb/a/a4/Diyas_RGQ22_%2823%29_%2852129636728%29.jpg/330px-Diyas_RGQ22_%2823%29_%2852129636728%29.jpg,F,WTA Tour Official,2026-05-15T06:23:09.960820+00:00
1468,Sara Saito,JPN,,215,2026-04-20,2006-10-03,,,Right-handed,29,32,,"$297,308",https://upload.wikimedia.org/wikipedia/commons/thumb/c/c6/Sara_Saito_%282023_French_Open%29_01.jpg/330px-Sara_Saito_%282023_French_Open%29_01.jpg,F,WTA Tour Official,2026-05-15T06:24:11.568107+00:00
2781,Darian King,BAR,,1273,,,,,,0,0,,,,M,ATP Tour,2026-05-07T09:30:29.770441+00:00
1462,Giorgia Pedone,ITA,,183,2024-10-07,2004-08-31,,,Right-handed,149,109,,"$206,204",,F,WTA Tour Official,2026-05-15T06:23:40.902548+00:00
1484,Yufei Ren,CHN,,333,2026-05-04,2006-04-11,,,,128,74,,"$112,010",,F,WTA Tour Official,2026-05-15T06:25:22.961526+00:00
1491,Eva Bennemann,GER,,335,2026-04-06,2007-10-05,,,Right-handed (two-handed backhand),46,26,,"$44,498",,F,WTA Tour Official,2026-05-15T06:25:52.762333+00:00
1493,Yidi Yang,CHN,,309,2026-04-20,1999-12-21,,,,229,190,,"$107,897",,F,WTA Tour Official,2026-05-15T06:26:02.979416+00:00
1258,Karan Singh,IND,,388,2025-08-04,2003-06-30,"6'1"" (185cm)",178 lbs (81kg),"Right-Handed, Two-Handed Backhand",1,0,,"$93,799",https://upload.wikimedia.org/wikipedia/commons/thumb/d/d5/Dr._Karan_Singh_-_Jaipur_Literature_Festival_2026.jpg/330px-Dr._Karan_Singh_-_Jaipur_Literature_Festival_2026.jpg?utm_source=en.wikipedia.org&utm_campaign=api&utm_content=thumbnail,M,ATP Tour,2026-05-15T07:15:14.623830+00:00
1472,Haley Giavara,USA,,189,2024-11-18,2000-10-16,,,Right-handed,127,92,,"$136,374",,F,WTA Tour Official,2026-05-15T06:24:33.914098+00:00
1497,Robin Montgomery,USA,,95,2025-06-09,2004-09-05,5' 10'' (1.78 m),,Left-handed (two-handed backhand),136,92,,"$1,319,046",https://upload.wikimedia.org/wikipedia/commons/thumb/6/6c/Montgomery_WMQ23_%2853062086975%29.jpg/330px-Montgomery_WMQ23_%2853062086975%29.jpg,F,WTA Tour Official,2026-05-15T06:26:17.036322+00:00
1600,Aurora Zantedeschi,ITA,,102,2025-01-27,2000-11-02,,,Right (two-handed backhand),199,107,,"$149,930",,F,WTA Tour Official,2026-05-15T06:34:19.675366+00:00
923,Katie Boulter,GBR,72,23,2024-11-04,1996-08-01,1.82m,,Right-handed (two-handed backhand),359,233,,"$4,267,137",https://upload.wikimedia.org/wikipedia/commons/thumb/e/ec/Boulter_RGQ23.jpg/330px-Boulter_RGQ23.jpg,F,WTA Tour Official,2026-08-07T06:19:33.141654+00:00
1986,Joshua Charlton,AUS,,183,2025-06-09,1999-07-29,"6'3"" (191cm)",184 lbs (83kg),"Left-Handed, Two-Handed Backhand",0,0,,"$58,853",https://www.atptour.com/-/media/alias/player-gladiator-headshot/c09y,M,ATP Tour,2026-05-15T08:50:16.819933+00:00
890,Gael Monfils,FRA,,6,2016-11-07,1986-09-01,"6'4"" (193cm)",187 lbs (85kg),"Right-Handed, Two-Handed Backhand",586,356,2004,"$24,906,060",https://upload.wikimedia.org/wikipedia/commons/thumb/9/9b/Gael_Monfils_%282025_DC_Open%29_01_%28cropped%29.jpg/330px-Gael_Monfils_%282025_DC_Open%29_01_%28cropped%29.jpg,M,ATP Tour,2026-05-15T06:26:31.448513+00:00
1514,Natalija Senic,SRB,,324,2026-04-06,2003-01-02,,,,6,3,,"$5,141",,F,WTA Tour Official,2026-05-15T06:27:40.159647+00:00
1508,Elena Micic,AUS,,265,2025-12-01,2004-07-13,,,Right-handed,4,4,,"$46,640",,F,WTA Tour Official,2026-05-15T06:27:13.394113+00:00
1512,Tiphanie Lemaitre,FRA,,199,2026-04-20,2000-05-17,,,,159,114,,"$127,956",,F,WTA Tour Official,2026-05-15T06:27:31.966505+00:00
1433,Katarina Kuzmova,SVK,,217,2025-10-06,2001-08-07,,,,208,92,,"$144,350",,F,WTA Tour Official,2026-05-15T06:21:24.171035+00:00
1432,Victoria Bosio,ARG,,307,2026-05-04,1994-10-03,,,,407,223,,"$143,127",,F,WTA Tour Official,2026-05-15T06:21:16.384116+00:00
1451,Anouck Vrancken Peeters,NED,,288,2026-01-19,2003-02-13,,,,151,102,,"$59,529",,F,WTA Tour Official,2026-05-15T06:22:56.490479+00:00
1457,Viktoria Morvayova,SVK,,309,2026-04-06,2001-03-10,,,,261,241,,"$111,845",,F,WTA Tour Official,2026-05-15T06:23:19.963786+00:00
1464,Alina Granwehr,SUI,,323,2026-05-04,2003-07-13,,,,10,8,,"$7,281",,F,WTA Tour Official,2026-05-15T06:23:47.966021+00:00
1476,Han Shi,CHN,,253,2026-05-04,2005-05-30,,,,59,67,,"$209,277",,F,WTA Tour Official,2026-05-15T06:24:51.430297+00:00
1489,Gabriela Ce,BRA,,221,2019-09-09,1993-03-03,1.64 m,,,487,381,,"$381,797",https://upload.wikimedia.org/wikipedia/commons/thumb/7/74/Ce_WMQ22_%2816%29_%2852191184051%29.jpg/330px-Ce_WMQ22_%2816%29_%2852191184051%29.jpg,F,WTA Tour Official,2026-05-15T06:25:44.602027+00:00
1480,Yasmine Kabbaj,MAR,,331,2026-05-04,2004-01-15,,,Right-handed (two-handed backhand),11,13,,"$11,952",https://upload.wikimedia.org/wikipedia/commons/thumb/2/2f/Yasmine_Kabbaj.jpg/330px-Yasmine_Kabbaj.jpg,F,WTA Tour Official,2026-05-15T06:25:08.396076+00:00
1482,Dayeon Back,KOR,,275,2026-03-30,2002-01-24,,,,117,79,,"$132,043",,F,WTA Tour Official,2026-05-15T06:25:14.385040+00:00
1501,Ekaterina Reyngold,RUS,,196,2023-01-30,2001-04-07,,,Right (two-handed backhand),139,59,,"$138,328",,F,WTA Tour Official,2026-05-15T06:26:37.669230+00:00
1503,Eunhye Lee,KOR,,299,2025-10-06,2000-05-10,,,,227,140,,"$102,461",,F,WTA Tour Official,2026-05-15T06:26:47.232924+00:00
1437,Carlos Lopez Montagud,ESP,,331,2023-01-30,2000-07-06,"5'11"" (180cm)",169 lbs (77kg),"Right-Handed, Two-Handed Backhand",0,0,,"$133,581",https://www.atptour.com/-/media/alias/player-gladiator-headshot/l0c1,M,ATP Tour,2026-05-15T07:38:22.938270+00:00
1505,Darya Khamutsianskaya,BLR,,343,2026-02-02,2004-02-15,,,,4,3,,"$2,283",,F,WTA Tour Official,2026-05-15T06:26:56.072896+00:00
1436,Filippo Moroni,ITA,,470,2025-11-24,2001-02-01,"5'9"" (175cm)",160 lbs (73kg),"Right-Handed, Two-Handed Backhand",0,0,,"$39,050",https://www.atptour.com/-/media/alias/player-gladiator-headshot/m0gp,M,ATP Tour,2026-05-15T07:38:09.609565+00:00
1444,Semen Pankin,RUS,,476,2025-11-17,1999-09-04,"6'0"" (183cm)",187 lbs (85kg),"Right-Handed, Unknown Backhand",0,0,,"$28,290",https://www.atptour.com/-/media/alias/player-gladiator-headshot/p0ka,M,ATP Tour,2026-05-15T07:39:06.069135+00:00
1442,Vladyslav Orlov,UKR,,350,2021-01-04,1995-05-17,"6'2"" (188cm)",173 lbs (78kg),"Right-Handed, Two-Handed Backhand",3,4,,"$212,548",https://www.atptour.com/-/media/alias/player-gladiator-headshot/o659,M,ATP Tour,2026-05-15T07:38:52.783494+00:00
1458,Juan Cruz Martin Manzano,ITA,,514,2026-05-04,2004-12-15,"5'11"" (180cm)",165 lbs (75kg),"Left-Handed, Two-Handed Backhand",0,0,,"$27,382",https://www.atptour.com/-/media/alias/player-gladiator-headshot/m0r4,M,ATP Tour,2026-05-15T07:40:56.892061+00:00
1446,Ryan Nijboer,NED,,371,2024-08-26,1999-07-28,"5'11"" (180cm)",169 lbs (77kg),"Right-Handed, Two-Handed Backhand",0,0,,"$178,284",https://www.atptour.com/-/media/alias/player-gladiator-headshot/n0b4,M,ATP Tour,2026-05-15T07:39:21.339983+00:00
1448,Sebastian Gima,ROU,,436,2023-08-21,2002-05-17,"0'0"" (0cm)",165 lbs (75kg),"Left-Handed, Two-Handed Backhand",0,0,,"$99,445",https://www.atptour.com/-/media/alias/player-gladiator-headshot/g0eq,M,ATP Tour,2026-05-15T07:39:41.330587+00:00
1450,Karim Bennani,MAR,,510,2026-05-04,2007-09-03,"6'0"" (183cm)",169 lbs (77kg),"Right-Handed, Two-Handed Backhand",3,1,,"$35,884",https://www.atptour.com/-/media/alias/player-gladiator-headshot/b0qq,M,ATP Tour,2026-05-15T07:39:57.337949+00:00
1471,Alexey Vatutin,RUS,,136,2018-07-02,1992-10-27,"5'10"" (178cm)",152 lbs (69kg),"Right-Handed, Two-Handed Backhand",2,7,,"$677,400",https://upload.wikimedia.org/wikipedia/commons/thumb/a/a6/2018_Roland_Garros_Qualifying_Tournament_-_12.jpg/330px-2018_Roland_Garros_Qualifying_Tournament_-_12.jpg?utm_source=en.wikipedia.org&utm_campaign=api&utm_content=thumbnail,M,ATP Tour,2026-05-15T07:42:41.692921+00:00
1066,Karolina Pliskova,CZE,66,1,2017-07-17,1992-03-21,1.86m,,Right-handed (two-handed backhand),652,379,,"$26,609,412",https://upload.wikimedia.org/wikipedia/commons/thumb/2/2a/Karol%C3%ADna_Pl%C3%AD%C5%A1kov%C3%A1_%282024_DC_Open%29_07_%28cropped%29.jpg/330px-Karol%C3%ADna_Pl%C3%AD%C5%A1kov%C3%A1_%282024_DC_Open%29_07_%28cropped%29.jpg,F,WTA Tour Official,2026-08-07T06:19:33.141654+00:00
842,Madison Keys,USA,23,5,2025-02-24,1995-02-17,1.78m,,Right-handed (two-handed backhand),432,240,,"$23,889,041",https://upload.wikimedia.org/wikipedia/commons/thumb/7/7e/Madison_Keys_%282023_DC_Open%29_01a_%28cropped2%29.jpg/330px-Madison_Keys_%282023_DC_Open%29_01a_%28cropped2%29.jpg,F,WTA Tour Official,2026-08-07T06:19:33.141654+00:00
847,Elise Mertens,BEL,24,3,2021-05-10,1995-11-17,1.79m,,Right-handed (two-handed backhand),10,4,,"$1,269,910",https://upload.wikimedia.org/wikipedia/commons/thumb/2/2c/Elise_Mertens_%282024_DC_Open%29_06_%28cropped%29.jpg/330px-Elise_Mertens_%282024_DC_Open%29_06_%28cropped%29.jpg?utm_source=en.wikipedia.org&utm_campaign=api&utm_content=thumbnail,F,WTA Tour Official,2026-08-07T06:19:33.141654+00:00
907,Dayana Yastremska,UKR,87,52,2020-01-20,2000-05-15,1.75m,,Right (two-handed backhand),8,12,,"$341,335",https://upload.wikimedia.org/wikipedia/commons/thumb/6/6d/Yastremska_RGQ23.jpg/330px-Yastremska_RGQ23.jpg?utm_source=en.wikipedia.org&utm_campaign=api&utm_content=thumbnail,F,WTA Tour Official,2026-07-30T05:00:38.386160+00:00
876,Jelena Ostapenko,LAT,29,14,2025-07-14,1997-06-08,1.77m,,Right-handed (two-handed backhand),15,7,,"$875,335",https://upload.wikimedia.org/wikipedia/commons/thumb/f/f2/Jelena_Ostapenko_%28Roland_Garros_2023%29_11.jpg/330px-Jelena_Ostapenko_%28Roland_Garros_2023%29_11.jpg,F,WTA Tour Official,2026-07-30T05:00:38.386160+00:00
896,Laura Siegemund,GER,88,4,2024-01-29,1988-03-04,1.68m,,Right-handed (two-handed backhand),383,217,,"$8,513,524",https://upload.wikimedia.org/wikipedia/commons/thumb/b/be/Siegemund_WMQ23_%28cropped%29.jpg/330px-Siegemund_WMQ23_%28cropped%29.jpg,F,WTA Tour Official,2026-07-30T05:00:38.386160+00:00
2317,Xinran Sun,CHN,,746,,2010-07-23,,,,0,0,,,,F,WTA Tour Official,2026-05-07T09:20:33.592582+00:00
2319,Dunja Maric,SRB,,747,,2006-06-13,,,,0,0,,,,F,WTA Tour Official,2026-05-07T09:20:37.706436+00:00
2323,Vlada Mincheva,RUS,,749,,2007-02-03,,,,0,0,,,,F,WTA Tour Official,2026-05-07T09:20:44.010030+00:00
2329,Maya Iyengar,USA,,752,,2007-06-10,,,,0,0,,,,F,WTA Tour Official,2026-05-07T09:20:53.088978+00:00
2332,Yiming Dang,CHN,,754,,2004-08-30,,,,0,0,,,,F,WTA Tour Official,2026-05-07T09:20:59.476035+00:00
2334,Belle Thompson,AUS,,755,,1999-11-19,,,,0,0,,,,F,WTA Tour Official,2026-05-07T09:21:02.492449+00:00
2339,Brooke Black,GBR,,758,,2007-11-20,,,,0,0,,,,F,WTA Tour Official,2026-05-07T09:21:16.451613+00:00
2346,Meng-Yi Chen,CHN,,761,,2003-01-19,,,,0,0,,,,F,WTA Tour Official,2026-05-07T09:21:31.732969+00:00
2352,Ava Hrastar,USA,,764,,2002-02-27,,,,0,0,,,,F,WTA Tour Official,2026-05-07T09:21:41.912082+00:00
2356,Noemi Maines,ITA,,766,,2006-07-17,,,,0,0,,,,F,WTA Tour Official,2026-05-07T09:21:49.181329+00:00
2358,Christasha Mcneil,USA,,767,,2006-10-03,,,,0,0,,,,F,WTA Tour Official,2026-05-07T09:21:52.060849+00:00
1637,Sapfo Sakellaridi,GRE,,138,2026-01-12,2003-04-01,1.83m,,Right-handed,24,11,,"$14,202",https://photoresources.wtatennis.com/photo-resources/2023/01/19/574e718f-69f3-4e4a-a191-6bc553fe7ce2/327193.jpg?width=258&height=345,F,WTA Tour Official,2026-05-15T06:37:29.947061+00:00
1618,Vaishnavi Adkar,IND,,383,2026-04-06,2004-12-14,,,Right-handed (two-handed backhand),81,58,,"$53,124",,F,WTA Tour Official,2026-05-15T06:35:46.802631+00:00
1625,Antonia Vergara Rivera,CHI,,401,2025-11-10,2006-11-24,,,,9,7,,"$4,379",,F,WTA Tour Official,2026-05-15T06:36:30.586289+00:00
1635,Zuzanna Pawlikowska,POL,,245,2026-04-20,2005-02-27,,,,102,46,,"$52,419",,F,WTA Tour Official,2026-05-15T06:37:19.534820+00:00
1643,Federica Urgesi,ITA,,287,2025-10-20,2005-01-29,,,Right-handed,4,7,,"$5,724",,F,WTA Tour Official,2026-05-15T06:38:02.488282+00:00
1641,Alexis Blokhina,USA,,9999,2025-10-20,2004-08-17,1.68 m,,Left-handed,0,0,,$0,,F,WTA Tour Official,2026-05-15T06:37:51.436266+00:00
1973,Dana Guzman,PER,,575,,2003-03-22,,,Right-handed (two-handed backhand),0,0,,"$15,233",https://upload.wikimedia.org/wikipedia/commons/thumb/e/e9/Dana_Guzman_%282023_Wolfpack_Invite%29_01.jpg/330px-Dana_Guzman_%282023_Wolfpack_Invite%29_01.jpg,F,WTA Tour Official,2026-05-11T11:22:21.019092+00:00
1990,Sara Daavettila,USA,,582,,1997-12-17,5 ft 6 in,,Right-handed (two-handed backhand),0,0,,"$54,620",,F,WTA Tour Official,2026-05-11T11:22:53.056422+00:00
2337,Alyssa Ahn,USA,,757,,2006-12-27,,,,0,0,,"$131,924",,F,WTA Tour Official,2026-05-11T11:36:10.999995+00:00
2350,Camila Romero,ECU,,763,,1998-10-05,1.75 m,,Right (two-handed backhand),0,0,,"$51,284",,F,WTA Tour Official,2026-05-11T11:36:37.019075+00:00
1581,Maxime Janvier,FRA,,170,2019-09-30,1996-10-18,"6'5"" (196cm)",187 lbs (85kg),"Right-Handed, Two-Handed Backhand",0,6,2014,"$1,010,175",https://upload.wikimedia.org/wikipedia/commons/thumb/8/8a/Janvier_BOR22_%2852084206464%29.jpg/330px-Janvier_BOR22_%2852084206464%29.jpg?utm_source=en.wikipedia.org&utm_campaign=api&utm_content=thumbnail,M,ATP Tour,2026-05-15T07:56:51.691555+00:00
1577,Joaquin Aguilar Cardozo,URU,,370,2026-03-02,2005-04-08,"5'6"" (168cm)",158 lbs (72kg),"Right-Handed, Two-Handed Backhand",0,0,,"$44,905",https://www.atptour.com/-/media/alias/player-gladiator-headshot/a0jw,M,ATP Tour,2026-05-15T07:56:23.725900+00:00
1580,Anton Shepp,NZL,,461,2026-04-13,2002-10-30,"6'1"" (185cm)",176 lbs (80kg),"Right-Handed, Two-Handed Backhand",0,0,,"$22,441",https://www.atptour.com/-/media/alias/player-gladiator-headshot/s0nt,M,ATP Tour,2026-05-15T07:56:38.278737+00:00
1603,Jakub Nicod,CZE,,590,2024-09-23,2004-07-21,"6'0"" (183cm)",182 lbs (83kg),"Right-Handed, Two-Handed Backhand",0,0,,,https://www.atptour.com/-/media/alias/player-gladiator-headshot/n0d9,M,ATP Tour,2026-05-15T07:59:58.986244+00:00
1587,Erik Arutiunian,BLR,,430,2026-01-12,2004-10-19,"6'3"" (191cm)",195 lbs (88kg),"Right-Handed, Two-Handed Backhand",0,1,,"$59,471",https://www.atptour.com/-/media/alias/player-gladiator-headshot/a0ia,M,ATP Tour,2026-05-15T07:57:38.940919+00:00
1591,Roberto Cid Subervi,DOM,,211,2020-09-14,1993-08-30,"6'4"" (193cm)",180 lbs (82kg),"Right-Handed, Two-Handed Backhand",9,14,,"$315,893",https://upload.wikimedia.org/wikipedia/commons/thumb/0/0f/Roberto_Cid_Subervi.png/330px-Roberto_Cid_Subervi.png,M,ATP Tour,2026-05-15T07:58:07.669828+00:00
1599,Igor Gimenez,BRA,,552,2025-10-27,2000-02-20,"5'11"" (180cm)",167 lbs (76kg),"Right-Handed, Two-Handed Backhand",0,0,,"$62,485",https://www.atptour.com/-/media/alias/player-gladiator-headshot/g0d9,M,ATP Tour,2026-05-15T07:59:19.996274+00:00
1613,Joshua Sheehy,USA,,177,2025-10-27,1997-01-28,"6'2"" (188cm)",195 lbs (88kg),"Left-Handed, Two-Handed Backhand",0,0,,"$86,238",https://www.atptour.com/-/media/alias/player-gladiator-headshot/s0nn,M,ATP Tour,2026-05-15T08:01:25.819062+00:00
1607,Yusuke Takahashi,JPN,,238,2017-08-07,1997-10-17,"5'7"" (170cm)",150 lbs (68kg),"Right-Handed, Two-Handed Backhand",0,1,2016,"$213,518",https://upload.wikimedia.org/wikipedia/commons/thumb/f/fe/Yusuke_Takahashi_%28JPN%29_%2821310881308%29.jpg/330px-Yusuke_Takahashi_%28JPN%29_%2821310881308%29.jpg,M,ATP Tour,2026-05-15T08:00:26.123639+00:00
1609,Cesar Bouchelaghem,FRA,,568,2026-05-04,2004-06-28,"6'1"" (185cm)",176 lbs (80kg),"Right-Handed, Two-Handed Backhand",0,0,,"$27,856",https://www.atptour.com/-/media/alias/player-gladiator-headshot/b0me,M,ATP Tour,2026-05-15T08:00:52.315523+00:00
1617,Ivan Ivanov,BUL,,597,2026-05-04,2008-10-30,"5'11"" (180cm)",176 lbs (80kg),"Right-Handed, Two-Handed Backhand",0,3,,"$30,662",https://www.atptour.com/-/media/alias/player-gladiator-headshot/i0bf,M,ATP Tour,2026-05-15T08:01:50.735616+00:00
3529,Jakub Kroslak,SVK,,1755,,,,,,0,0,,,,M,ATP Tour,2026-05-07T09:41:58.591104+00:00
3530,Espen Lagarde,FRA,,1755,,,,,,0,0,,,,M,ATP Tour,2026-05-07T09:41:59.765586+00:00
3532,Simone Massellani,ITA,,1755,,,,,,0,0,,,,M,ATP Tour,2026-05-07T09:42:01.013181+00:00
3534,Cing Yang Meng,TPE,,1755,,,,,,0,0,,,,M,ATP Tour,2026-05-07T09:42:02.936398+00:00
3536,Aleksandar Mihailovic,SRB,,1755,,,,,,0,0,,,,M,ATP Tour,2026-05-07T09:42:04.141789+00:00
3538,Minjong Park,KOR,,1755,,,,,,0,0,,,,M,ATP Tour,2026-05-07T09:42:05.342185+00:00
3540,Noah Schlagenhauf,GER,,1755,,,,,,0,0,,,,M,ATP Tour,2026-05-07T09:42:06.522445+00:00
3542,Nicola Senn,SUI,,1755,,,,,,0,0,,,,M,ATP Tour,2026-05-07T09:42:07.701777+00:00
3544,Dmytro Shirokyi,UKR,,1755,,,,,,0,0,,,,M,ATP Tour,2026-05-07T09:42:08.888349+00:00
3546,Yua Taka,JPN,,1755,,,,,,0,0,,,,M,ATP Tour,2026-05-07T09:42:10.079946+00:00
3548,Yu Tanaka,JPN,,1755,,,,,,0,0,,,,M,ATP Tour,2026-05-07T09:42:11.259476+00:00
3550,Justas Trainauskas,LTU,,1755,,,,,,0,0,,,,M,ATP Tour,2026-05-07T09:42:12.442928+00:00
3552,Kian Vakili,USA,,1755,,,,,,0,0,,,,M,ATP Tour,2026-05-07T09:42:14.306857+00:00
3554,Valentin Vanta,ROU,,1755,,,,,,0,0,,,,M,ATP Tour,2026-05-07T09:42:15.545398+00:00
3556,Konstantin Zhzhenov,RUS,,1778,,,,,,0,0,,,,M,ATP Tour,2026-05-07T09:42:16.747066+00:00
3558,Mohamed Ali Abibsi,ALG,,1779,,,,,,0,0,,,,M,ATP Tour,2026-05-07T09:42:17.942777+00:00
3560,Daniel Aleksandar Amarandei,ITA,,1779,,,,,,0,0,,,,M,ATP Tour,2026-05-07T09:42:19.112524+00:00
3562,Leonardo Angeloni,ITA,,1779,,,,,,0,0,,,,M,ATP Tour,2026-05-07T09:42:20.307167+00:00
3564,Pedro Andre De Almeida Santos,BRA,,1779,,,,,,0,0,,,,M,ATP Tour,2026-05-07T09:42:21.508749+00:00
3566,Ivan Dreycopp,ARG,,1779,,,,,,0,0,,,,M,ATP Tour,2026-05-07T09:42:22.690659+00:00
3568,Hamza El Amine,MAR,,1779,,,,,,0,0,,,,M,ATP Tour,2026-05-07T09:42:23.881091+00:00
3570,Juan Carlos Fuentes Vasquez,ESA,,1779,,,,,,0,0,,,,M,ATP Tour,2026-05-07T09:42:25.077472+00:00
3572,Shanker Heisnam,IND,,1779,,,,,,0,0,,,,M,ATP Tour,2026-05-07T09:42:26.312878+00:00
3574,Patrik Homola,CZE,,1779,,,,,,0,0,,,,M,ATP Tour,2026-05-07T09:42:27.818040+00:00
3576,Matteo Lavizzari,SUI,,1779,,,,,,0,0,,,,M,ATP Tour,2026-05-07T09:42:29.133272+00:00
3578,Jules Leroux,FRA,,1779,,,,,,0,0,,,,M,ATP Tour,2026-05-07T09:42:30.310551+00:00
3580,Diego Ortiz Gamonsl,CHI,,1779,,,,,,0,0,,,,M,ATP Tour,2026-05-07T09:42:31.518627+00:00
3582,Hugo Ouzilou,SUI,,1779,,,,,,0,0,,,,M,ATP Tour,2026-05-07T09:42:32.691327+00:00
3584,Ilija Palavestra,USA,,1779,,,,,,0,0,,,,M,ATP Tour,2026-05-07T09:42:33.870153+00:00
3586,Juan Pablo Paz,ARG,,1779,,,,,,0,0,,,,M,ATP Tour,2026-05-07T09:42:35.047770+00:00
3588,Julien Penzlin,GER,,1779,,,,,,0,0,,,,M,ATP Tour,2026-05-07T09:42:36.234303+00:00
3590,Stefan Ilie Bogdan Petre,ROU,,1779,,,,,,0,0,,,,M,ATP Tour,2026-05-07T09:42:37.432732+00:00
3591,David Petrovic,BIH,,1779,,,,,,0,0,,,,M,ATP Tour,2026-05-07T09:42:38.703619+00:00
3593,Roman Postolka,CZE,,1779,,,,,,0,0,,,,M,ATP Tour,2026-05-07T09:42:40.076526+00:00
3595,Gunawan Trismuwantara,INA,,1779,,,,,,0,0,,,,M,ATP Tour,2026-05-07T09:42:41.246189+00:00
3597,Ilias Zimmermann,SUI,,1779,,,,,,0,0,,,,M,ATP Tour,2026-05-07T09:42:42.419072+00:00
3599,Mikel Martinez,ESP,,1800,,,,,,0,0,,,,M,ATP Tour,2026-05-07T09:42:43.609498+00:00
3601,Mak Mikovic,SLO,,1800,,,,,,0,0,,,,M,ATP Tour,2026-05-07T09:42:44.785380+00:00
3603,Javier Molino,ESP,,1800,,,,,,0,0,,,,M,ATP Tour,2026-05-07T09:42:45.957459+00:00
2737,Maria Torres Murcia,COL,,876,,2002-11-10,,,Left-handed (two-handed backhand),0,0,,"US$28,657",,F,WTA Tour Official,2026-05-11T11:44:42.215038+00:00
2752,Gabriel Schenekenberg,BRA,,1249,,,,,,0,0,,,,M,ATP Tour,2026-05-07T09:30:02.201229+00:00
1460,Pavle Marinkov,AUS,,508,2026-04-13,2006-02-04,"6'2"" (188cm)",182 lbs (83kg),"Right-Handed, Two-Handed Backhand",0,0,,"$116,902",https://www.atptour.com/-/media/alias/player-gladiator-headshot/m0te,M,ATP Tour,2026-05-15T07:41:12.391536+00:00
1461,Aryan Shah,IND,,385,2025-11-03,2005-11-21,"6'0"" (183cm)",162 lbs (73kg),"Right-Handed, Two-Handed Backhand",0,0,,"$74,229",https://www.atptour.com/-/media/alias/player-gladiator-headshot/s0w8,M,ATP Tour,2026-05-15T07:41:26.406680+00:00
1463,Giuseppe La Vela,ITA,,517,2026-05-04,2000-10-16,"5'11"" (180cm)",176 lbs (80kg),"Right-Handed, One-Handed Backhand",0,0,,"$45,727",https://www.atptour.com/-/media/alias/player-gladiator-headshot/l0db,M,ATP Tour,2026-05-15T07:41:41.171404+00:00
1469,Shunsuke Mitsui,JPN,,517,2026-04-20,2002-05-20,"5'10"" (178cm)",159 lbs (72kg),"Right-Handed, Unknown Backhand",0,0,,"$42,506",https://www.atptour.com/-/media/alias/player-gladiator-headshot/m0na,M,ATP Tour,2026-05-15T07:42:26.299379+00:00
1479,Maxwell Mckennon,USA,,458,2025-08-04,2002-05-17,"6'4"" (193cm)",175 lbs (79kg),"Left-Handed, Two-Handed Backhand",0,0,,"$45,310",https://www.atptour.com/-/media/alias/player-gladiator-headshot/m0i0,M,ATP Tour,2026-05-15T07:43:41.228395+00:00
1483,Filip Jeff Planinsek,SLO,,527,2026-05-04,2001-06-29,"6'2"" (188cm)",171 lbs (78kg),"Right-Handed, Two-Handed Backhand",3,0,,"$34,405",https://www.atptour.com/-/media/alias/player-gladiator-headshot/p0fv,M,ATP Tour,2026-05-15T07:44:13.119439+00:00
1488,Takuya Kumasaka,JPN,,449,2025-09-15,1998-10-12,"5'9"" (175cm)",160 lbs (73kg),"Right-Handed, Two-Handed Backhand",0,0,,"$62,271",https://www.atptour.com/-/media/alias/player-gladiator-headshot/k0de,M,ATP Tour,2026-05-15T07:45:00.863491+00:00
1490,Amr Elsayed,EGY,,519,2023-05-08,1999-03-04,"6'1"" (185cm)",169 lbs (77kg),"Right-Handed, Two-Handed Backhand",3,6,,"$69,800",https://www.atptour.com/-/media/alias/player-gladiator-headshot/a0g8,M,ATP Tour,2026-05-15T07:45:19.593118+00:00
1502,Sidharth Rawat,IND,,430,2019-01-07,1993-04-21,"5'9"" (175cm)",154 lbs (70kg),"Right-Handed, Two-Handed Backhand",0,0,,"$127,922",https://www.atptour.com/-/media/alias/player-gladiator-headshot/rb86,M,ATP Tour,2026-05-15T07:46:49.755427+00:00
1499,Renata Jamrichova,SVK,,217,2025-10-06,2007-06-20,1.80 m,,Left (two-handed backhand),68,44,,"$147,608",,F,WTA Tour Official,2026-05-13T07:57:21.770706+00:00
2316,Zoran Ludoski,SRB,,898,2025-10-20,2005-06-16,"6'1"" (185cm)",180 lbs (82kg),"Right-Handed, Two-Handed Backhand",0,0,,,https://www.atptour.com/-/media/alias/player-gladiator-headshot/l0jo,M,ATP Tour,2026-05-13T23:14:45.537145+00:00
2320,Stefano D'Agostino,ITA,,782,2025-05-05,2003-11-03,"6'0"" (183cm)",184 lbs (83kg),"Right-Handed, Two-Handed Backhand",0,0,,,https://www.atptour.com/-/media/alias/player-gladiator-headshot/d0d9,M,ATP Tour,2026-05-13T23:15:06.677695+00:00
2322,Pedro Araujo,POR,,390,2025-02-03,2002-03-26,"6'0"" (183cm)",161 lbs (73kg),"Right-Handed, Two-Handed Backhand",0,0,2020,,https://www.atptour.com/-/media/alias/player-gladiator-headshot/a0es,M,ATP Tour,2026-05-13T23:15:17.973819+00:00
2333,Julio Cesar Porras,ARG,,533,2024-12-09,1998-02-25,"5'6"" (168cm)",147 lbs (67kg),"Right-Handed, One-Handed Backhand",0,0,,,https://www.atptour.com/-/media/alias/player-gladiator-headshot/c0kh,M,ATP Tour,2026-05-13T23:16:09.173434+00:00
2338,Spencer Johnson,USA,,780,2025-10-27,2003-01-15,"6'3"" (191cm)",185 lbs (84kg),"Right-Handed, Two-Handed Backhand",0,0,,,https://www.atptour.com/-/media/alias/player-gladiator-headshot/j0f2,M,ATP Tour,2026-05-13T23:16:30.663916+00:00
2341,Dominique Rolland,USA,,948,2026-03-30,2004-10-18,"6'7"" (201cm)",165 lbs (75kg),"Right-Handed, Two-Handed Backhand",0,0,,,https://www.atptour.com/-/media/alias/player-gladiator-headshot/r0ki,M,ATP Tour,2026-05-13T23:16:50.511721+00:00
1984,Michika Ozeki,JPN,,580,,1992-03-17,,,,0,0,,,,F,WTA Tour Official,2026-05-07T09:08:55.704048+00:00
2220,Olivia Lincer,USA,,696,,2004-12-17,,,,0,0,,,,F,WTA Tour Official,2026-05-07T09:17:15.108239+00:00
2221,Sofia Rocchetti,ITA,,697,,2002-08-23,,,,0,0,,,,F,WTA Tour Official,2026-05-07T09:17:18.886086+00:00
2226,Merel Hoedt,NED,,699,,1999-08-20,,,,0,0,,,,F,WTA Tour Official,2026-05-07T09:17:27.387759+00:00
2234,Dune Vaissaud,FRA,,703,,2007-02-15,,,,0,0,,,,F,WTA Tour Official,2026-05-07T09:17:43.825882+00:00
2240,Ruien Zhang,CHN,,706,,2008-04-27,,,,0,0,,,,F,WTA Tour Official,2026-05-07T09:17:55.633777+00:00
2248,Aruzhan Sagandykova,KAZ,,710,,2004-12-21,,,,0,0,,,,F,WTA Tour Official,2026-05-07T09:18:12.725065+00:00
2251,Laia Petretic,FRA,,712,,2004-04-07,,,,0,0,,,,F,WTA Tour Official,2026-05-07T09:18:20.799086+00:00
2255,Julia Konishi Camargo Silva,BRA,,715,,2000-01-26,,,,0,0,,,,F,WTA Tour Official,2026-05-07T09:18:29.243703+00:00
2343,Yun Seong Chung,KOR,,233,2019-07-22,1998-03-27,"5'10"" (178cm)",171 lbs (78kg),"Right-Handed, Two-Handed Backhand",0,3,2017,,https://www.atptour.com/-/media/alias/player-gladiator-headshot/ch90,M,ATP Tour,2026-05-13T23:16:59.726732+00:00
2271,Sophia Biolay,FRA,,723,,2001-07-03,,,,0,0,,,,F,WTA Tour Official,2026-05-07T09:18:54.882565+00:00
2273,Stefania Bojica,ROU,,724,,2005-03-10,,,,0,0,,,,F,WTA Tour Official,2026-05-07T09:18:58.488202+00:00
2349,Arthur Reymond,FRA,,460,2025-06-23,1999-04-02,"5'11"" (180cm)",162 lbs (73kg),"Left-Handed, One-Handed Backhand",0,0,,,https://www.atptour.com/-/media/alias/player-gladiator-headshot/rh50,M,ATP Tour,2026-05-13T23:17:31.961147+00:00
2351,Tom Zeuch,GER,,408,2026-04-20,2000-02-17,"6'4"" (193cm)",191 lbs (87kg),"Right-Handed, One-Handed Backhand",0,0,,,https://www.atptour.com/-/media/alias/player-gladiator-headshot/z09g,M,ATP Tour,2026-05-13T23:17:43.748610+00:00
2355,Louis Larue,FRA,,954,2026-04-20,2004-05-29,(cm),lbs (kg),"Unknown, Unknown Backhand",0,0,,,https://www.atptour.com/-/media/alias/player-gladiator-headshot/l0io,M,ATP Tour,2026-05-13T23:18:05.843304+00:00
2361,Adan Freire Da Silva,FRA,,603,2025-11-03,1999-05-05,"6'0"" (183cm)",171 lbs (78kg),"Right-Handed, Two-Handed Backhand",0,0,,,https://www.atptour.com/-/media/alias/player-gladiator-headshot/f0bj,M,ATP Tour,2026-05-13T23:18:39.683256+00:00
2366,Taym Al Azmeh,GER,,946,2025-11-17,2004-03-31,"5'11"" (180cm)",158 lbs (72kg),"Right-Handed, Two-Handed Backhand",1,1,,,https://www.atptour.com/-/media/alias/player-gladiator-headshot/a0hm,M,ATP Tour,2026-05-13T23:19:00.327376+00:00
2373,Justin Roberts,BAH,,753,2019-09-16,1996-12-04,"6'0"" (183cm)",188 lbs (85kg),"Right-Handed, One-Handed Backhand",0,0,,,https://upload.wikimedia.org/wikipedia/commons/thumb/0/0a/Alex_Abrahantes_and_Justin_Roberts_with_a_fan_Sep_2024_%28cropped%29.jpg/330px-Alex_Abrahantes_and_Justin_Roberts_with_a_fan_Sep_2024_%28cropped%29.jpg,M,ATP Tour,2026-05-13T23:19:32.457698+00:00
2374,Kacper Szymkowiak,POL,,548,2026-02-02,2004-12-10,"6'2"" (188cm)",176 lbs (80kg),"Right-Handed, Unknown Backhand",0,0,,,https://www.atptour.com/-/media/alias/player-gladiator-headshot/s0zf,M,ATP Tour,2026-05-13T23:19:44.282782+00:00
2376,Lucas Bouquet,FRA,,478,2025-02-03,1997-08-05,"6'1"" (185cm)",189 lbs (86kg),"Right-Handed, Two-Handed Backhand",0,0,,,https://www.atptour.com/-/media/alias/player-gladiator-headshot/bu32,M,ATP Tour,2026-05-13T23:19:55.012804+00:00
1507,Kira Pavlova,RUS,,344,2026-05-04,2004-04-29,,,,148,113,,"$70,852",,F,WTA Tour Official,2026-05-15T06:27:02.986848+00:00
1518,Olaf Pieczkowski,POL,,455,2025-11-24,2004-04-01,"6'0"" (183cm)",171 lbs (78kg),"Right-Handed, Two-Handed Backhand",3,2,,"$68,564",https://www.atptour.com/-/media/alias/player-gladiator-headshot/p0it,M,ATP Tour,2026-05-15T07:48:48.937561+00:00
1513,Oleksandr Ovcharenko,UKR,,296,2025-02-10,2001-10-17,"6'1"" (185cm)",180 lbs (82kg),"Right-Handed, Two-Handed Backhand",1,2,,"$120,968",https://www.atptour.com/-/media/alias/player-gladiator-headshot/o0be,M,ATP Tour,2026-05-15T07:48:05.505008+00:00
1515,Kokoro Isomura,JPN,,213,2025-11-24,2003-01-22,"5'9"" (175cm)",158 lbs (72kg),"Right-Handed, Two-Handed Backhand",0,0,,"$89,539",https://www.atptour.com/-/media/alias/player-gladiator-headshot/i0ax,M,ATP Tour,2026-05-15T07:48:18.938832+00:00
4780,Guido Andreozzi,ARG,,,,1991-08-05,,,,0,0,,,https://upload.wikimedia.org/wikipedia/commons/thumb/a/ae/Andreozzi_WM19_%2819%29_%2848521860296%29.jpg/330px-Andreozzi_WM19_%2819%29_%2848521860296%29.jpg,M,atp,2026-06-15T06:24:34.933544+00:00
4781,Juan Ignacio Londero,ARG,,,,1993-08-15,,,,0,0,,,https://upload.wikimedia.org/wikipedia/commons/thumb/9/9f/Londero_RG19_%2828%29_%2848199195187%29.jpg/330px-Londero_RG19_%2828%29_%2848199195187%29.jpg,M,atp,2026-06-15T06:24:53.357415+00:00
1971,Aneta Laboutkova,CZE,,574,,2000-05-10,,,Right-handed,0,0,,"$83,015",https://upload.wikimedia.org/wikipedia/commons/thumb/a/a3/Aneta_Laboutkov%C3%A1_Transylvania_Open_2026_%28cropped%29.jpg/330px-Aneta_Laboutkov%C3%A1_Transylvania_Open_2026_%28cropped%29.jpg,F,WTA Tour Official,2026-05-11T11:22:14.447607+00:00
1978,Lina Glushko,ISR,,577,,2000-01-12,,,Right-handed,0,0,,"US$ 228,864",,F,WTA Tour Official,2026-05-11T11:22:29.110271+00:00
2228,Naho Sato,JPN,,700,,2001-01-23,,,Right-Handed,0,0,,"$96,751",https://upload.wikimedia.org/wikipedia/commons/thumb/2/22/Naho_Sato_%28cropped%29.jpg/330px-Naho_Sato_%28cropped%29.jpg,F,WTA Tour Official,2026-05-11T11:31:49.651514+00:00
2246,Rose Marie Nijkamp,NED,,709,,2006-02-03,1.69 m,,Right-handed,0,0,,"$14,336",,F,WTA Tour Official,2026-05-11T11:32:31.757002+00:00
1531,Tina Smith,AUS,,266,2024-12-23,2002-06-12,,,,205,161,,"$183,508",https://upload.wikimedia.org/wikipedia/commons/thumb/f/ff/Tina_Smith%2C_official_portrait%2C_116th_congress.jpg/330px-Tina_Smith%2C_official_portrait%2C_116th_congress.jpg,F,WTA Tour Official,2026-05-15T06:28:53.465749+00:00
1533,Diletta Cherubini,ITA,,357,2026-05-04,2002-05-09,,,Right-handed (two-handed backhand),179,162,,"$100,269",,F,WTA Tour Official,2026-05-15T06:29:04.642286+00:00
912,James Mccabe,AUS,,164,2025-07-14,2003-07-05,"6'2"" (188cm)",180 lbs (82kg),"Right-Handed, Two-Handed Backhand",1,7,,"$784,014",https://www.atptour.com/-/media/alias/player-gladiator-headshot/m0oq,M,ATP Tour,2026-05-15T06:29:16.892827+00:00
1539,Misaki Matsuda,JPN,,210,2022-11-21,1998-08-21,,,Right (two-handed backhand),145,93,,"$106,523",,F,WTA Tour Official,2026-05-15T06:29:38.067170+00:00
1541,Martha Matoula,GRE,,228,2026-02-02,1997-04-26,1.70 m,,Right (two-handed backhand),4,6,,"$9,636",,F,WTA Tour Official,2026-05-15T06:29:50.214966+00:00
1560,Etienne Donnet,FRA,,416,2025-11-03,2001-02-16,"5'10"" (178cm)",165 lbs (75kg),"Right-Handed, Two-Handed Backhand",0,0,,"$40,668",https://www.atptour.com/-/media/alias/player-gladiator-headshot/d0dc,M,ATP Tour,2026-05-15T07:54:00.645486+00:00
1544,Astra Sharma,AUS,,84,2022-02-21,1995-09-11,"5' 10"" (1.78 m)",,Right (two-handed backhand),265,199,,"$2,146,318",https://upload.wikimedia.org/wikipedia/commons/thumb/f/f0/Sharma_WMQ22_%2818%29_%2852191610935%29.jpg/330px-Sharma_WMQ22_%2818%29_%2852191610935%29.jpg?utm_source=en.wikipedia.org&utm_campaign=api&utm_content=thumbnail,F,WTA Tour Official,2026-05-15T06:30:07.317070+00:00
1547,Varvara Panshina,RUS,,236,2026-04-20,2006-02-11,,,Right-handed,65,31,,"$38,447",,F,WTA Tour Official,2026-05-15T06:30:18.108917+00:00
1549,Lisa Zaar,SWE,,168,2025-11-24,2000-04-30,,,Right-handed (two-handed backhand),122,55,,"$79,961",,F,WTA Tour Official,2026-05-15T06:30:28.652184+00:00
1551,Julieta Pareja,USA,,269,2026-03-30,2009-02-18,,,Right-handed (two-handed backhand),44,23,,"$237,282",https://upload.wikimedia.org/wikipedia/commons/thumb/4/43/2025_ITF_J300_Indian_Wells_Girls_Final_2_%28cropped%29.png/330px-2025_ITF_J300_Indian_Wells_Girls_Final_2_%28cropped%29.png,F,WTA Tour Official,2026-05-15T06:30:40.937812+00:00
1553,Alicia Herrero Linana,ESP,,100,2026-02-02,1998-12-29,,,Right (two-handed backhand),10,5,,"$11,320",,F,WTA Tour Official,2026-05-15T06:30:53.037489+00:00
1528,Sergi Perez Contri,ESP,,486,2023-07-31,1998-01-20,"5'9"" (175cm)",149 lbs (68kg),"Left-Handed, Two-Handed Backhand",0,0,,"$99,016",https://www.atptour.com/-/media/alias/player-gladiator-headshot/pi96,M,ATP Tour,2026-05-15T07:50:07.883077+00:00
1557,Stephanie Visscher,NED,,361,2025-07-28,2000-01-25,,,,280,210,,"$128,298",,F,WTA Tour Official,2026-05-15T06:31:11.549894+00:00
1559,Amarni Banks,GBR,,370,2024-09-16,2002-10-08,,,,0,2,,$627,,F,WTA Tour Official,2026-05-15T06:31:21.142179+00:00
1562,Lamis Alhussein Abdel Aziz,EGY,,371,2026-05-04,1998-04-24,,,,28,10,,"$12,206",,F,WTA Tour Official,2026-05-15T06:31:31.620915+00:00
1564,Angelina Voloshchuk,POR,,372,2026-03-30,2007-04-29,,,,8,9,,"$11,563",,F,WTA Tour Official,2026-05-15T06:31:39.080520+00:00
1532,Lukas Pokorny,SVK,,141,2025-08-04,2002-02-28,"6'3"" (191cm)",182 lbs (83kg),"Right-Handed, Two-Handed Backhand",0,0,,"$130,052",https://upload.wikimedia.org/wikipedia/commons/thumb/1/1e/Pokorny_MHSC.jpg/330px-Pokorny_MHSC.jpg,M,ATP Tour,2026-05-15T07:50:36.090732+00:00
1548,Kuan Yi Lee,TPE,,447,2017-01-30,1996-09-09,"5'10"" (178cm)",152 lbs (69kg),"Right-Handed, Unknown Backhand",2,2,,"$87,638",https://www.atptour.com/-/media/alias/player-gladiator-headshot/lh70,M,ATP Tour,2026-05-15T07:52:31.961318+00:00
4784,Ivana Jorovic,SRB,,,,1997-05-03,,,,0,0,,,,F,wta,2026-06-15T06:25:15.262819+00:00
4785,Yannick Maden,GER,,,,1989-10-28,,,,0,0,,,https://upload.wikimedia.org/wikipedia/commons/thumb/b/b9/Maden_WMQ18_%2837%29_%2828664775537%29.jpg/330px-Maden_WMQ18_%2837%29_%2828664775537%29.jpg,M,atp,2026-06-15T06:25:20.079782+00:00
4786,Brayden Schnur,CAN,,,,1995-07-04,,,,0,0,,,https://upload.wikimedia.org/wikipedia/commons/thumb/6/6b/Schnur_WMQ18_%284%29_%2841743594180%29.jpg/330px-Schnur_WMQ18_%284%29_%2841743594180%29.jpg,M,atp,2026-06-15T06:25:27.640895+00:00
2224,Bekkhan Atlangeriev,RUS,,639,2022-11-28,2001-03-12,"6'1"" (185cm)",171 lbs (78kg),"Right-Handed, Unknown Backhand",0,0,,,https://www.atptour.com/-/media/alias/player-gladiator-headshot/a0e6,M,ATP Tour,2026-05-13T23:06:36.760117+00:00
2225,Luca Preda,ROU,,748,2025-10-27,2006-03-19,"6'7"" (201cm)",171 lbs (78kg),"Right-Handed, Unknown Backhand",0,1,,,https://upload.wikimedia.org/wikipedia/commons/thumb/6/6c/Preda_OB_ITF_final_2023_3_%28cropped%29_%28cropped%29.png/330px-Preda_OB_ITF_final_2023_3_%28cropped%29_%28cropped%29.png,M,ATP Tour,2026-05-13T23:06:45.052001+00:00
2229,Lautaro Agustin Falabella,ARG,,331,2025-07-21,1998-01-19,"5'9"" (175cm)",154 lbs (70kg),"Left-Handed, Two-Handed Backhand",0,0,,,https://www.atptour.com/-/media/alias/player-gladiator-headshot/f0af,M,ATP Tour,2026-05-13T23:07:06.797483+00:00
2231,Carles Cordoba,ESP,,902,2026-04-13,2006-01-18,"5'10"" (178cm)",165 lbs (75kg),"Right-Handed, Two-Handed Backhand",0,0,,,https://www.atptour.com/-/media/alias/player-gladiator-headshot/c0oi,M,ATP Tour,2026-05-13T23:07:16.391527+00:00
2238,Marcus Walters,GBR,,882,2026-03-30,1998-04-03,"6'0"" (183cm)",191 lbs (87kg),"Right-Handed, One-Handed Backhand",0,0,,,https://www.atptour.com/-/media/alias/player-gladiator-headshot/w719,M,ATP Tour,2026-05-13T23:08:01.691398+00:00
2241,Jesse Delaney,AUS,,245,2025-02-10,1998-11-14,"5'8"" (173cm)",160 lbs (73kg),"Right-Handed, Two-Handed Backhand",0,0,,,https://www.atptour.com/-/media/alias/player-gladiator-headshot/d0be,M,ATP Tour,2026-05-13T23:08:12.074926+00:00
1975,Tamila Gadamauri,BEL,,576,,2005-02-21,,,,0,0,,,,F,WTA Tour Official,2026-05-07T09:08:39.871424+00:00
1980,Daria Egorova,RUS,,578,,2007-06-22,,,,0,0,,,,F,WTA Tour Official,2026-05-07T09:08:47.942823+00:00
1982,Ekaterina Maklakova,RUS,,579,,2004-03-18,,,,0,0,,,,F,WTA Tour Official,2026-05-07T09:08:52.038681+00:00
1991,Sarah Rokusek,AUS,,583,,2006-04-11,,,,0,0,,,,F,WTA Tour Official,2026-05-07T09:09:11.811940+00:00
1997,Mariella Thamm,GER,,586,,2009-08-21,,,,0,0,,,,F,WTA Tour Official,2026-05-07T09:09:28.670110+00:00
1597,Jia-Jing Lu,CHN,,387,2019-03-18,1989-11-18,1.73 m,,,13,8,,"$6,378",https://upload.wikimedia.org/wikipedia/commons/thumb/c/c5/Lu%2C_Jia-Jing_WMQ18_%2813%29_%2829680902228%29.jpg/330px-Lu%2C_Jia-Jing_WMQ18_%2813%29_%2829680902228%29.jpg?utm_source=en.wikipedia.org&utm_campaign=api&utm_content=thumbnail,F,WTA Tour Official,2026-05-15T06:34:09.430647+00:00
1582,Kristiana Sidorova,RUS,,380,2026-03-30,2006-05-30,,,,16,10,,"$10,410",,F,WTA Tour Official,2026-05-15T06:32:53.957423+00:00
1584,Naiktha Bains,GBR,,290,2023-10-09,1997-12-17,,,Right-handed,0,1,,"$7,588",https://upload.wikimedia.org/wikipedia/commons/thumb/b/bc/Bains_WMQ23_%2853061900419%29.jpg/330px-Bains_WMQ23_%2853061900419%29.jpg?utm_source=en.wikipedia.org&utm_campaign=api&utm_content=thumbnail,F,WTA Tour Official,2026-05-15T06:33:07.092434+00:00
1588,Carlota Martinez Cirez,ESP,,9999,2023-07-24,2001-02-13,,,,0,0,,$0,,F,WTA Tour Official,2026-05-15T06:33:28.603574+00:00
3140,Stijn Pel,NED,,1543,,,,,,0,0,,,,M,ATP Tour,2026-05-07T09:36:54.842707+00:00
1632,Daniil Ostapenkov,BLR,,261,2025-11-24,2003-05-08,"6'3"" (191cm)",187 lbs (85kg),"Right-Handed, Two-Handed Backhand",0,1,,"$47,701",https://upload.wikimedia.org/wikipedia/commons/thumb/c/c2/Agreement_with_BackHandStats.jpg/330px-Agreement_with_BackHandStats.jpg,M,ATP Tour,2026-05-15T08:03:55.619126+00:00
1636,Michael Vrbensky,CZE,,277,2024-07-15,1999-12-26,(cm),lbs (kg),"Right-Handed, Two-Handed Backhand",0,1,,"$278,845",https://www.atptour.com/-/media/alias/player-gladiator-headshot/v0b2,M,ATP Tour,2026-05-15T08:04:26.521898+00:00
1646,Luis Carlos Alvarez,MEX,,533,2025-09-29,2004-09-03,"5'9"" (175cm)",167 lbs (76kg),"Right-Handed, Two-Handed Backhand",2,2,,"$43,925",https://www.atptour.com/-/media/alias/player-gladiator-headshot/a0iy,M,ATP Tour,2026-05-15T08:05:38.369405+00:00
1649,John Echeverria,ESP,,557,2023-10-30,2001-11-30,"5'11"" (180cm)",158 lbs (72kg),"Right-Handed, Unknown Backhand",0,0,,"$82,906",https://www.atptour.com/-/media/alias/player-gladiator-headshot/e0au,M,ATP Tour,2026-05-15T08:06:05.825746+00:00
4787,Dominik Koepfer,GER,,,,1994-04-29,,,,0,0,,,https://upload.wikimedia.org/wikipedia/commons/thumb/e/e4/Koepfer_RG21_%283%29_%2851375393702%29.jpg/330px-Koepfer_RG21_%283%29_%2851375393702%29.jpg,M,atp,2026-06-15T06:25:39.867212+00:00
1653,Mika Petkovic,GER,,605,2026-04-20,2006-12-29,"5'11"" (180cm)",167 lbs (76kg),"Right-Handed, Two-Handed Backhand",0,0,,"$29,577",https://www.atptour.com/-/media/alias/player-gladiator-headshot/p0o9,M,ATP Tour,2026-05-15T08:06:36.383461+00:00
1570,Louis Wessels,GER,,267,2022-07-11,1998-08-27,"6'6"" (198cm)",198 lbs (90kg),"Right-Handed, Two-Handed Backhand",1,2,,"$250,941",https://www.atptour.com/-/media/alias/player-gladiator-headshot/wb25,M,ATP Tour,2026-05-15T07:55:26.632346+00:00
1576,Arda Azkara,TUR,,541,2025-11-17,2003-03-14,"6'3"" (191cm)",187 lbs (85kg),"Right-Handed, Two-Handed Backhand",1,0,,"$24,863",https://www.atptour.com/-/media/alias/player-gladiator-headshot/a0dv,M,ATP Tour,2026-05-15T07:56:10.053272+00:00
1987,Kayo Nishimura,JPN,,581,,2006-06-11,,,,0,0,,,,F,WTA Tour Official,2026-05-07T09:09:01.342265+00:00
1995,Ekaterina Perelygina,AUT,,585,,2006-08-11,,,,0,0,,,,F,WTA Tour Official,2026-05-07T09:09:23.787979+00:00
2001,Justina Gonzalez Daniele,ARG,,588,,2005-12-08,,,,0,0,,,,F,WTA Tour Official,2026-05-07T09:09:34.416357+00:00
1634,Luca Staeheli,SUI,,605,2026-05-04,2000-03-08,"5'11"" (180cm)",189 lbs (86kg),"Right-Handed, Two-Handed Backhand",0,0,,"$30,996",https://www.atptour.com/-/media/alias/player-gladiator-headshot/s0h1,M,ATP Tour,2026-05-15T08:04:11.590842+00:00
1642,Giovanni Oradini,ITA,,352,2023-01-09,1997-09-14,"6'2"" (188cm)",187 lbs (85kg),"Left-Handed, Unknown Backhand",0,0,,"$135,441",https://www.atptour.com/-/media/alias/player-gladiator-headshot/o639,M,ATP Tour,2026-05-15T08:05:10.197213+00:00
2028,Ellie Schoppe,USA,,601,,2001-11-18,,,,0,0,,,,F,WTA Tour Official,2026-05-07T09:10:41.111400+00:00
3059,Lingxi Zhao,CHN,,1481,,,,,,0,0,,,,M,ATP Tour,2026-05-07T09:35:29.364977+00:00
1994,Ya Yi Yang,TPE,,584,,2004-05-30,,,Right (two-handed backhand),0,0,,"US$141,750",,F,WTA Tour Official,2026-05-11T11:22:59.855833+00:00
1999,Nellie Taraba Wallberg,SWE,,587,,2007-03-30,,,Right-handed,0,0,,"$13,384",,F,WTA Tour Official,2026-05-11T11:23:12.960303+00:00
2006,Jana Kolodynska,BLR,,590,,2003-08-10,,,Right-handed,0,0,,"$109,485",,F,WTA Tour Official,2026-05-11T11:23:31.692531+00:00
2012,Thasaporn Naklo,THA,,593,,2001-08-20,,,,0,0,,"$62,753",,F,WTA Tour Official,2026-05-11T11:23:50.801146+00:00
1661,Karlis Ozolins,LAT,,546,2026-05-04,2002-06-15,"6'5"" (196cm)",204 lbs (93kg),"Right-Handed, Two-Handed Backhand",2,2,,"$38,530",https://www.atptour.com/-/media/alias/player-gladiator-headshot/o0bq,M,ATP Tour,2026-05-15T08:07:43.556194+00:00
1678,Emilien Demanet,BEL,,515,2025-08-18,2005-04-25,"5'11"" (180cm)",165 lbs (75kg),"Right-Handed, Two-Handed Backhand",0,0,,"$33,534",https://www.atptour.com/-/media/alias/player-gladiator-headshot/d0ly,M,ATP Tour,2026-05-15T08:09:37.818511+00:00
1675,Bruno Fernandez,BRA,,626,2026-05-04,2004-07-26,"6'1"" (185cm)",176 lbs (80kg),"Right-Handed, Two-Handed Backhand",0,0,,"$28,565",https://www.atptour.com/-/media/alias/player-gladiator-headshot/f0fl,M,ATP Tour,2026-05-15T08:09:23.052783+00:00
1684,Peter Makk,HUN,,631,2026-05-04,2001-10-20,"5'11"" (180cm)",187 lbs (85kg),"Right-Handed, Two-Handed Backhand",0,0,,"$18,062",https://www.atptour.com/-/media/alias/player-gladiator-headshot/m0dy,M,ATP Tour,2026-05-15T08:10:31.913880+00:00
4789,Salvatore Caruso,ITA,,,,1992-12-15,,,,0,0,,,https://upload.wikimedia.org/wikipedia/commons/thumb/2/25/Caruso_RG21_%2849%29_%2851376195376%29.jpg/330px-Caruso_RG21_%2849%29_%2851376195376%29.jpg,M,atp,2026-06-15T06:25:50.175064+00:00
1571,Victoria Hu,USA,,292,2026-01-05,2002-04-25,,,Right-handed,53,64,,"$130,221",,F,WTA Tour Official,2026-05-15T06:31:59.712499+00:00
797,Joel Schwaerzler,AUT,,172,2026-04-20,2006-01-27,"6'2"" (188cm)",189 lbs (86kg),"Left-Handed, Two-Handed Backhand",0,3,,"$257,456",https://www.atptour.com/-/media/alias/player-gladiator-headshot/s0wt,M,ATP Tour,2026-05-15T06:13:45.809412+00:00
1572,Tatiana Pieri,ITA,,322,2024-07-22,1999-03-29,,,Right-handed,296,246,,"$116,420",https://upload.wikimedia.org/wikipedia/commons/thumb/8/8a/Pieri_T._BIA21_%2867%29_%2851379320850%29.jpg/330px-Pieri_T._BIA21_%2867%29_%2851379320850%29.jpg,F,WTA Tour Official,2026-05-15T06:32:09.672155+00:00
1604,Eryn Cayetano,USA,,164,2026-05-04,2001-04-13,1.57 m,,,9,4,,"$10,023",,F,WTA Tour Official,2026-05-15T06:34:37.383422+00:00
1602,Isabella Shinikova,BUL,,319,2019-05-20,1991-10-25,1.84m,,Right-handed (two-handed backhand),11,11,,"$724,354",https://upload.wikimedia.org/wikipedia/commons/thumb/c/ce/Shinikova_WMQ22_%2837%29_%2852191143808%29.jpg/330px-Shinikova_WMQ22_%2837%29_%2852191143808%29.jpg?utm_source=en.wikipedia.org&utm_campaign=api&utm_content=thumbnail,F,WTA Tour Official,2026-05-15T06:34:28.000370+00:00
1620,Xinxin Yao,CHN,,291,2026-01-05,2003-10-20,,,,77,57,,"$171,727",,F,WTA Tour Official,2026-05-15T06:35:54.343736+00:00
1627,Priska Nugroho,INA,,185,2026-03-02,2003-05-29,,,Right-handed (two-handed backhand),118,48,,"$128,970",,F,WTA Tour Official,2026-05-15T06:36:40.455681+00:00
1622,Martina Colmegna,ITA,,399,2023-02-27,1996-12-10,,,Right (two-handed backhand),10,9,,"$7,880",,F,WTA Tour Official,2026-05-15T06:36:06.180377+00:00
1629,Saki Imamura,JPN,,188,2025-10-06,2002-04-16,,,Right (two-handed both sides),133,62,,"$98,987",,F,WTA Tour Official,2026-05-15T06:36:50.428268+00:00
1655,Laura Hietaranta,FIN,,307,2026-02-09,2004-02-02,,,Right (two-handed backhand),157,94,,"$82,637",https://upload.wikimedia.org/wikipedia/commons/thumb/d/dc/Laura_Hietaranta_%2851315937473%29.jpg/330px-Laura_Hietaranta_%2851315937473%29.jpg,F,WTA Tour Official,2026-05-15T06:39:04.131161+00:00
1633,Gergana Topalova,BUL,,405,2024-05-27,2000-02-22,,,Right (two-handed backhand),17,11,,"$7,284",,F,WTA Tour Official,2026-05-15T06:37:11.671833+00:00
1639,Mina Hodzic,GER,,382,2026-03-30,2002-06-06,,,Right-handed (two-handed backhand),30,30,,"$89,963",,F,WTA Tour Official,2026-05-15T06:37:41.577797+00:00
1645,Francesca Curmi,MLT,,299,2023-09-11,2002-07-07,,,Right (two-handed backhand),200,128,,"$99,437",,F,WTA Tour Official,2026-05-15T06:38:12.399866+00:00
1648,Vittoria Paganetti,ITA,,330,2026-04-13,2006-06-17,,,Right-handed (two-handed backhand),32,27,,"$46,011",,F,WTA Tour Official,2026-05-15T06:38:21.986606+00:00
1651,Alana Smith,USA,,114,2026-05-04,1999-11-09,,,,17,8,,"$18,327",,F,WTA Tour Official,2026-05-15T06:38:45.788305+00:00
1652,Monika  Ekstrand,USA,,340,2025-09-08,2007-05-02,,,,40,32,,"$63,110",,F,WTA Tour Official,2026-05-15T06:38:54.163728+00:00
1664,Cristina Diaz Adrover,ESP,,357,2025-08-25,2005-12-03,,,,130,82,,"$48,366",,F,WTA Tour Official,2026-05-15T06:39:48.945122+00:00
1674,Carol Zhao,CAN,,131,2018-06-25,1995-06-20,5' 6'' (1.68 m),,Right (two-handed backhand),283,274,,"$843,800",https://upload.wikimedia.org/wikipedia/commons/thumb/6/6a/Zhao_WMQ18_%2817%29_%2841743489670%29.jpg/330px-Zhao_WMQ18_%2817%29_%2841743489670%29.jpg,F,WTA Tour Official,2026-05-15T06:40:40.480292+00:00
1656,Natsumi Kawaguchi,JPN,,239,2023-12-04,2002-06-28,1.63 m,,Left (two-handed backhand),5,8,,"$10,831",,F,WTA Tour Official,2026-05-15T06:39:16.345944+00:00
1658,Alana Subasic,AUS,,418,2026-04-13,2007-03-11,,,,12,9,,"$38,923",,F,WTA Tour Official,2026-05-15T06:39:24.516809+00:00
1660,Aran Teixido Garcia,ESP,,415,2026-04-13,2001-01-17,,,,89,58,,"$30,484",,F,WTA Tour Official,2026-05-15T06:39:32.660371+00:00
1662,Joelle Steur,GER,,302,2026-05-04,2004-03-30,,,,105,39,,"$67,870",,F,WTA Tour Official,2026-05-15T06:39:41.391257+00:00
1682,Kenta Miyoshi,JPN,,535,2025-07-14,2004-03-16,"6'1"" (185cm)",154 lbs (70kg),"Right-Handed, Two-Handed Backhand",0,0,,"$35,157",https://www.atptour.com/-/media/alias/player-gladiator-headshot/m0rx,M,ATP Tour,2026-05-15T08:10:18.947768+00:00
1667,Kristina Liutova,RUS,,422,2026-05-04,2010-02-02,,,,15,3,,"$9,639",,F,WTA Tour Official,2026-05-15T06:39:58.139015+00:00
1671,Madison Sieg,USA,,294,2024-06-10,2003-06-17,,,,136,117,,"$95,878",https://photoresources.wtatennis.com/photo-resources/2024/08/05/3029e8aa-f9a7-467d-877e-bc29d53d0bb7/Sieg_crop.jpg?width=258&height=345,F,WTA Tour Official,2026-05-15T06:40:21.238076+00:00
1677,Ena Koike,JPN,,428,2026-05-04,2006-11-21,,,,87,66,,"$51,082",,F,WTA Tour Official,2026-05-15T06:40:58.932719+00:00
1672,Boyoung Jeong,KOR,,425,2026-05-04,2003-05-21,,,,130,108,,"$73,844",,F,WTA Tour Official,2026-05-15T06:40:31.692967+00:00
1676,Noemi Basiletti,ITA,,9999,2026-03-30,2006-03-11,,,Right-handed (two-handed backhand),0,0,,$0,,F,WTA Tour Official,2026-05-15T06:40:50.668740+00:00
1683,Lucija Ciric Bagaric,CRO,,196,2026-05-04,2004-01-09,,,Right-handed,64,35,,"$298,963",,F,WTA Tour Official,2026-05-15T06:41:17.381608+00:00
1679,Momoko Kobori,JPN,,89,2026-03-30,1998-08-22,1.58 m,,Right (two-handed backhand),281,160,,"$226,090",,F,WTA Tour Official,2026-05-15T06:41:10.026198+00:00
1657,Yassine Dlimi,MAR,,548,2023-08-07,2003-05-05,"6'3"" (191cm)",180 lbs (82kg),"Right-Handed, Two-Handed Backhand",3,4,,"$30,311",https://www.atptour.com/-/media/alias/player-gladiator-headshot/d0fa,M,ATP Tour,2026-05-15T08:07:04.844239+00:00
1685,Gina Feistel,POL,,296,2024-12-30,2003-01-25,1.75 m,,,132,83,,"$71,433",https://photoresources.wtatennis.com/photo-resources/2023/09/27/fc9d8f40-6b37-4a05-9b7b-843a5584b447/Feistel_Crop.jpg?width=258&height=345,F,WTA Tour Official,2026-05-15T06:41:31.630413+00:00
1665,Amir Omarkhanov,KAZ,,603,2026-03-30,2007-11-17,"5'11"" (180cm)",160 lbs (73kg),"Right-Handed, Two-Handed Backhand",0,1,,"$46,478",https://www.atptour.com/-/media/alias/player-gladiator-headshot/o0e7,M,ATP Tour,2026-05-15T08:08:11.217279+00:00
2256,Calvin Mueller,GER,,904,2026-02-02,2000-06-20,(cm),lbs (kg),"Unknown, Unknown Backhand",0,0,,,https://www.atptour.com/-/media/alias/player-gladiator-headshot/m0jp,M,ATP Tour,2026-05-13T23:09:13.756944+00:00
2257,Aoran Wang,CHN,,712,2024-07-01,1997-02-05,"6'3"" (191cm)",204 lbs (93kg),"Right-Handed, Two-Handed Backhand",0,0,,,https://www.atptour.com/-/media/alias/player-gladiator-headshot/w741,M,ATP Tour,2026-05-13T23:09:26.049555+00:00
2261,Ajeet Rai,NZL,,222,2024-06-24,1999-01-18,"6'2"" (188cm)",158 lbs (72kg),"Right-Handed, Two-Handed Backhand",5,5,,,https://www.atptour.com/-/media/alias/player-gladiator-headshot/r0dc,M,ATP Tour,2026-05-13T23:09:47.158992+00:00
2263,Yaojie Zeng,CHN,,465,2026-04-20,2002-01-30,"6'1"" (185cm)",187 lbs (85kg),"Right-Handed, Two-Handed Backhand",0,0,,,https://www.atptour.com/-/media/alias/player-gladiator-headshot/z0c7,M,ATP Tour,2026-05-13T23:09:58.568145+00:00
2003,Tian Jialin,CHN,,589,,2006-10-04,,,,0,0,,,,F,WTA Tour Official,2026-05-07T09:09:38.769156+00:00
2009,Kylie Collins,USA,,592,,2002-12-04,,,,0,0,,,,F,WTA Tour Official,2026-05-07T09:09:49.673637+00:00
2014,Jessica Bertoldo,ITA,,594,,1992-10-01,,,,0,0,,,,F,WTA Tour Official,2026-05-07T09:09:57.407809+00:00
2017,Robin Anderson,USA,,595,,1993-04-12,,,,0,0,,,,F,WTA Tour Official,2026-05-07T09:10:04.720127+00:00
2021,Jenna Defalco,USA,,598,,2002-11-13,,,,0,0,,,,F,WTA Tour Official,2026-05-07T09:10:21.231711+00:00
2030,Eva Maria Ionescu,ROU,,602,,2007-06-09,,,,0,0,,,,F,WTA Tour Official,2026-05-07T09:10:44.320170+00:00
2032,Clara Vlasselaer,BEL,,603,,2001-03-03,,,,0,0,,,,F,WTA Tour Official,2026-05-07T09:10:46.948455+00:00
2036,Eleejah Inisan,FRA,,605,,2008-07-06,,,,0,0,,,,F,WTA Tour Official,2026-05-07T09:10:53.467516+00:00
2047,Alexandra Vagramov,CAN,,610,,2001-06-01,,,,0,0,,,,F,WTA Tour Official,2026-05-07T09:11:19.512821+00:00
2268,Sam Ryan Ziegann,AUS,,923,2025-09-08,1998-07-25,"6'3"" (191cm)",173 lbs (78kg),"Right-Handed, Two-Handed Backhand",0,0,,,https://www.atptour.com/-/media/alias/player-gladiator-headshot/r0dp,M,ATP Tour,2026-05-13T23:10:21.556793+00:00
943,David Goffin,BEL,,7,2017-11-20,1990-12-07,"5'11"" (180cm)",154 lbs (70kg),"Right-Handed, Two-Handed Backhand",357,275,2009,"$19,113,711",https://upload.wikimedia.org/wikipedia/commons/thumb/6/6b/David_Goffin_%282024_DC_Open%29_03_%28cropped%29.jpg/330px-David_Goffin_%282024_DC_Open%29_03_%28cropped%29.jpg,M,ATP Tour,2026-05-15T06:33:23.468062+00:00
2063,Merna Refaat,EGY,,618,,2004-08-16,,,,0,0,,,,F,WTA Tour Official,2026-05-07T09:11:51.876983+00:00
2072,Bianca Barbulescu,ROU,,622,,2003-11-11,,,,0,0,,,,F,WTA Tour Official,2026-05-07T09:12:10.692812+00:00
2085,Mariia Kozyreva,RUS,,628,,1999-05-22,,,,0,0,,,,F,WTA Tour Official,2026-05-07T09:12:38.465836+00:00
2091,Maria Kalyakina,RUS,,631,,2006-05-02,,,,0,0,,,,F,WTA Tour Official,2026-05-07T09:12:47.531784+00:00
2101,Melisa Ercan,AUS,,636,,2005-09-01,,,,0,0,,,,F,WTA Tour Official,2026-05-07T09:13:06.656952+00:00
2112,Victoria Milovanova,RUS,,641,,2007-03-01,,,,0,0,,,,F,WTA Tour Official,2026-05-07T09:13:34.385787+00:00
2123,Dasha Plekhanova,CAN,,646,,2004-02-19,,,,0,0,,,,F,WTA Tour Official,2026-05-07T09:13:54.470995+00:00
2126,Adelina Lachinova,LAT,,647,,2008-02-10,,,,0,0,,,,F,WTA Tour Official,2026-05-07T09:13:58.723490+00:00
2132,Iva Ivanova,BUL,,650,,2006-09-09,,,,0,0,,,,F,WTA Tour Official,2026-05-07T09:14:15.035717+00:00
1273,Hernan Casanova,ARG,,221,2022-10-24,1994-02-06,"5'10"" (178cm)",168 lbs (76kg),"Right-Handed, Two-Handed Backhand",0,1,,"$336,307",https://upload.wikimedia.org/wikipedia/commons/thumb/f/f6/Cordoba_Open_2021_28.jpg/330px-Cordoba_Open_2021_28.jpg,M,ATP Tour,2026-05-15T07:16:52.371126+00:00
1693,Jiaqi Wang,CHN,,344,2024-09-23,2002-03-25,,,,118,80,,"$66,697",,F,WTA Tour Official,2026-05-15T06:42:12.297095+00:00
1708,Radka Zelnickova,SVK,,261,2025-02-03,2003-06-13,,,,163,91,,"$100,671",,F,WTA Tour Official,2026-05-15T06:43:22.405179+00:00
2019,Yuliya Hatouka,BLR,,596,,2000-04-24,,,Right (two-handed backhand),0,0,,"US$ 314,018",https://upload.wikimedia.org/wikipedia/commons/thumb/5/53/Hatouka_RGQ22_%2814%29_%2852129858634%29.jpg/330px-Hatouka_RGQ22_%2814%29_%2852129858634%29.jpg,F,WTA Tour Official,2026-05-11T11:24:03.249029+00:00
2059,Luca Udvardy,HUN,,616,,2005-11-04,,,,0,0,,"$35,836",,F,WTA Tour Official,2026-05-11T11:25:38.489474+00:00
2065,Carolina Kuhl,GER,,619,,2005-04-04,,,Left-handed (two-handed backhand),0,0,,"US$59,248",,F,WTA Tour Official,2026-05-11T11:25:50.965570+00:00
2753,Conor Gannon,IRL,,1251,,,,,,0,0,,,,M,ATP Tour,2026-05-07T09:30:03.357026+00:00
2070,Hikaru Sato,JPN,,621,,1999-04-05,1.72 m,79 kg,,0,0,,,https://upload.wikimedia.org/wikipedia/commons/thumb/a/a2/Hikaru_Sato_World_Junior_Heavyweight_Champion_%28AJPW%29.jpg/330px-Hikaru_Sato_World_Junior_Heavyweight_Champion_%28AJPW%29.jpg,F,WTA Tour Official,2026-05-11T11:25:56.874818+00:00
2098,Jana Kovackova,CZE,,634,,2010-06-13,,,,0,0,,"US $16,292",,F,WTA Tour Official,2026-05-11T11:26:59.396080+00:00
2103,Elena Milovanovic,SRB,,637,,2001-01-31,,,Right (two-handed backhand),0,0,,"US$60,237",,F,WTA Tour Official,2026-05-11T11:27:12.651041+00:00
2110,Iva Primorac,CRO,,640,,1996-04-10,,,Right-handed (two-handed backhand),0,0,,"$90,239",,F,WTA Tour Official,2026-05-11T11:27:31.540277+00:00
2117,Dasha Ivanova,USA,,643,,1996-10-11,,,Right (two-handed backhand),0,0,,"$115,835",,F,WTA Tour Official,2026-05-11T11:27:45.135886+00:00
2254,Jamie Mackenzie,GER,,917,2026-05-04,2008-01-15,"5'11"" (180cm)",191 lbs (87kg),"Right-Handed, Two-Handed Backhand",0,0,,,https://www.atptour.com/-/media/alias/player-gladiator-headshot/m19t,M,ATP Tour,2026-05-11T12:04:14.541195+00:00
2007,Andre Lukosiute,LTU,,591,,2001-06-23,,,Right-handed (two-handed backhand),0,0,,"$33,846",,F,WTA Tour Official,2026-05-11T11:23:39.569217+00:00
2023,Adrienn Nagy,HUN,,599,,2001-03-24,,,Right-handed (two-handed backhand),0,0,,"$87,088",https://upload.wikimedia.org/wikipedia/commons/thumb/c/cc/Adrienn_Nagy_%28sq_cropped%29.jpg/330px-Adrienn_Nagy_%28sq_cropped%29.jpg,F,WTA Tour Official,2026-05-11T11:24:20.246614+00:00
2026,Ekaterina Yashina,RUS,,600,,1993-08-06,1.73 m,,Right (two-handed backhand),0,0,,"$312,858",,F,WTA Tour Official,2026-05-11T11:24:26.661070+00:00
2045,Jana Otzipka,BEL,,609,,2005-02-01,,,Right-handed (two-handed backhand),0,0,,"US$19,477",https://upload.wikimedia.org/wikipedia/commons/thumb/6/64/Belgique_Jana_otzipka_1602224.jpg/330px-Belgique_Jana_otzipka_1602224.jpg,F,WTA Tour Official,2026-05-11T11:25:03.845862+00:00
2050,Ava Markham,USA,,612,,1999-12-29,1.72 m,,Right (two-handed backhand),0,0,,"$27,160",,F,WTA Tour Official,2026-05-11T11:25:18.343380+00:00
2078,Luciana Moyano,ARG,,625,,2005-09-27,,,Right-handed (double-handed backhand),0,0,,"$28,272",,F,WTA Tour Official,2026-05-11T11:26:20.157202+00:00
1715,Strong Kirchheimer,USA,,375,2023-11-06,1995-04-26,"6'1"" (185cm)",175 lbs (79kg),"Right-Handed, Unknown Backhand",0,2,,"$149,927",https://upload.wikimedia.org/wikipedia/commons/thumb/5/5f/Strong_Kirchheimer_%282023_Cary_2%29_03_%28cropped%29.jpg/330px-Strong_Kirchheimer_%282023_Cary_2%29_03_%28cropped%29.jpg?utm_source=en.wikipedia.org&utm_campaign=api&utm_content=thumbnail,M,ATP Tour,2026-05-15T08:14:25.101259+00:00
1717,Leo Vithoontien,JPN,,317,2026-05-04,1999-08-18,"6'1"" (185cm)",132 lbs (60kg),"Left-Handed, Unknown Backhand",0,0,,"$47,407",https://www.atptour.com/-/media/alias/player-gladiator-headshot/v0g6,M,ATP Tour,2026-05-15T08:14:40.028189+00:00
1721,Karue Sell,BRA,,258,2024-11-18,1993-11-13,"6'0"" (183cm)",178 lbs (81kg),"Right-Handed, Two-Handed Backhand",0,1,,"$112,373",https://upload.wikimedia.org/wikipedia/commons/thumb/5/55/Karue_Sell_%282025_DC_Open%29_04.jpg/330px-Karue_Sell_%282025_DC_Open%29_04.jpg,M,ATP Tour,2026-05-15T08:15:09.712794+00:00
1748,Egor Agafonov,RUS,,238,2025-02-10,2002-09-05,"6'2"" (188cm)",167 lbs (76kg),"Right-Handed, Two-Handed Backhand",0,0,,"$79,534",https://www.atptour.com/-/media/alias/player-gladiator-headshot/a0fm,M,ATP Tour,2026-05-15T08:19:06.633429+00:00
1730,Timofei Derepasko,RUS,,651,2026-03-30,2007-01-07,"6'2"" (188cm)",165 lbs (75kg),"Right-Handed, Two-Handed Backhand",0,0,,"$17,562",https://www.atptour.com/-/media/alias/player-gladiator-headshot/d0l8,M,ATP Tour,2026-05-15T08:16:30.944439+00:00
1737,Kyle Kang,USA,,584,2025-07-21,2005-01-27,"6'0"" (183cm)",155 lbs (70kg),"Right-Handed, Two-Handed Backhand",0,0,,"$36,708",https://www.atptour.com/-/media/alias/player-gladiator-headshot/k0hl,M,ATP Tour,2026-05-15T08:17:36.521288+00:00
1738,Aidan Kim,USA,,546,2025-09-22,2004-11-24,"6'3"" (191cm)",180 lbs (82kg),"Right-Handed, Two-Handed Backhand",0,0,,"$35,516",https://www.atptour.com/-/media/alias/player-gladiator-headshot/k0hz,M,ATP Tour,2026-05-15T08:17:52.733458+00:00
1751,Melios Efstathiou,CYP,,667,2026-05-04,1999-03-02,"6'0"" (183cm)",176 lbs (80kg),"Right-Handed, Two-Handed Backhand",3,6,,"$42,249",https://www.atptour.com/-/media/alias/player-gladiator-headshot/ea31,M,ATP Tour,2026-05-15T08:19:36.055105+00:00
1765,Yurii Dzhavakian,UKR,,450,2024-11-11,1993-05-07,(cm),176 lbs (80kg),"Right-Handed, Two-Handed Backhand",0,0,,"$99,702",https://www.atptour.com/-/media/alias/player-gladiator-headshot/db32,M,ATP Tour,2026-05-15T08:21:26.484213+00:00
1763,Nicolas Villalon,CHI,,673,2026-05-04,2004-02-21,"5'11"" (180cm)",173 lbs (78kg),"Right-Handed, Two-Handed Backhand",0,0,,"$39,661",https://www.atptour.com/-/media/alias/player-gladiator-headshot/v0f6,M,ATP Tour,2026-05-15T08:21:11.923288+00:00
1769,Iliyan Radulov,BUL,,432,2025-06-30,2005-06-11,"0'0"" (0cm)",176 lbs (80kg),"Right-Handed, Two-Handed Backhand",1,1,,"$41,490",https://www.atptour.com/-/media/alias/player-gladiator-headshot/r0il,M,ATP Tour,2026-05-15T08:21:58.540342+00:00
1792,Giovanni Fonio,ITA,,269,2024-01-29,1998-05-07,"6'0"" (183cm)",173 lbs (78kg),"Right-Handed, One-Handed Backhand",0,0,,"$212,545",https://www.atptour.com/-/media/alias/player-gladiator-headshot/fc49,M,ATP Tour,2026-05-15T08:24:37.729009+00:00
1777,Leo Raquillet,FRA,,680,2026-05-04,2005-10-04,"6'3"" (191cm)",154 lbs (70kg),"Right-Handed, Two-Handed Backhand",0,0,,"$29,687",https://www.atptour.com/-/media/alias/player-gladiator-headshot/r0hq,M,ATP Tour,2026-05-15T08:23:08.063411+00:00
1793,Samuel Vincent Ruggeri,ITA,,252,2024-11-11,2002-05-22,"6'3"" (191cm)",187 lbs (85kg),"Right-Handed, Two-Handed Backhand",0,0,,"$156,489",https://www.atptour.com/-/media/alias/player-gladiator-headshot/v0di,M,ATP Tour,2026-05-15T08:24:50.504469+00:00
1795,Maik Steiner,GER,,656,2025-02-17,1994-06-19,"6'1"" (185cm)",171 lbs (78kg),"Right-Handed, Two-Handed Backhand",0,0,,"$51,882",https://www.atptour.com/-/media/alias/player-gladiator-headshot/s0gf,M,ATP Tour,2026-05-15T08:25:07.532824+00:00
2022,Felipe Meligeni Alves,BRA,,117,2025-04-21,1998-02-19,"6'1"" (185cm)",187 lbs (85kg),"Right-Handed, Two-Handed Backhand",5,13,2016,"$1,395,275",https://upload.wikimedia.org/wikipedia/commons/thumb/7/70/Meligeni_Alves_WMQ23_%2853061116202%29.jpg/330px-Meligeni_Alves_WMQ23_%2853061116202%29.jpg?utm_source=en.wikipedia.org&utm_campaign=api&utm_content=thumbnail,M,ATP Tour,2026-05-15T08:55:10.789001+00:00
2024,Khumoyun Sultanov,UZB,,215,2025-01-06,1998-10-27,"5'11"" (180cm)",176 lbs (80kg),"Right-Handed, Two-Handed Backhand",7,7,,"$275,414",https://www.atptour.com/-/media/alias/player-gladiator-headshot/sr81,M,ATP Tour,2026-05-15T08:55:24.531127+00:00
2025,Dennis Novak,AUT,,85,2020-03-02,1993-08-28,"6'0"" (183cm)",178 lbs (81kg),"Right-Handed, Two-Handed Backhand",26,54,2011,"$2,121,508",https://upload.wikimedia.org/wikipedia/commons/thumb/b/b7/Novak_RGQ22_%2814%29_%2852130042560%29.jpg/330px-Novak_RGQ22_%2814%29_%2852130042560%29.jpg?utm_source=en.wikipedia.org&utm_campaign=api&utm_content=thumbnail,M,ATP Tour,2026-05-15T08:55:41.758441+00:00
2027,Matt Ponchet,FRA,,797,2026-03-16,2004-06-22,"6'5"" (196cm)",178 lbs (81kg),"Left-Handed, One-Handed Backhand",0,0,,"$22,469",https://www.atptour.com/-/media/alias/player-gladiator-headshot/p0iv,M,ATP Tour,2026-05-15T08:55:56.785573+00:00
2033,Amaury Raynel,FRA,,622,2024-03-18,2002-06-29,"5'11"" (180cm)",160 lbs (73kg),"Right-Handed, Two-Handed Backhand",0,0,,"$50,489",https://www.atptour.com/-/media/alias/player-gladiator-headshot/r0gn,M,ATP Tour,2026-05-15T08:56:42.243718+00:00
2443,Nicolas Oliveira,BRA,,1016,,,,,,0,0,,,,M,ATP Tour,2026-05-07T09:24:32.889471+00:00
2444,Keegan Rice,CAN,,1017,,,,,,0,0,,,,M,ATP Tour,2026-05-07T09:24:34.212304+00:00
2041,John Hallquist Lithen,SWE,,810,2026-05-04,2001-12-03,(cm),lbs (kg),"Unknown, Unknown Backhand",0,0,,"$22,142",https://www.atptour.com/-/media/alias/player-gladiator-headshot/h0e7,M,ATP Tour,2026-05-15T08:57:42.963616+00:00
1707,Johan Alexander Rodriguez,COL,,538,2025-08-18,2003-09-26,"5'8"" (173cm)",123 lbs (56kg),"Right-Handed, Two-Handed Backhand",0,0,,"$46,726",https://www.atptour.com/-/media/alias/player-gladiator-headshot/r0f1,M,ATP Tour,2026-05-15T08:13:28.869873+00:00
1761,Izan Almazan Valiente,ESP,,471,2026-02-16,2006-03-02,"6'3"" (191cm)",162 lbs (73kg),"Right-Handed, Two-Handed Backhand",0,0,,"$21,666",https://www.atptour.com/-/media/alias/player-gladiator-headshot/a0kq,M,ATP Tour,2026-05-15T08:20:56.793753+00:00
1771,Pierluigi Basile,ITA,,557,2025-06-16,2007-01-07,"6'2"" (188cm)",169 lbs (77kg),"Right-Handed, One-Handed Backhand",0,0,,"$38,681",https://www.atptour.com/-/media/alias/player-gladiator-headshot/b0vx,M,ATP Tour,2026-05-15T08:22:14.534503+00:00
1706,Nicolas Tepmahc,FRA,,642,2026-05-04,2001-05-23,"6'2"" (188cm)",171 lbs (78kg),"Right-Handed, Two-Handed Backhand",0,0,,,https://www.atptour.com/-/media/alias/player-gladiator-headshot/t0bd,M,ATP Tour,2026-05-11T11:09:54.653537+00:00
1700,Rositsa Dencheva,BUL,,414,2026-03-30,2007-03-10,,,,4,6,,"$41,852",,F,WTA Tour Official,2026-05-15T06:42:52.118239+00:00
1741,Angella Okutoyi,KEN,,223,2026-01-19,2004-01-29,,,Right (two-handed backhand),78,20,,"$46,966",https://upload.wikimedia.org/wikipedia/commons/thumb/1/10/AG_23_Tennis_21.jpg/330px-AG_23_Tennis_21.jpg,F,WTA Tour Official,2026-05-15T06:45:49.013195+00:00
1709,Mio Mushika,JPN,,435,2026-04-13,2005-07-21,,,,128,99,,"$42,783",,F,WTA Tour Official,2026-05-15T06:43:30.684768+00:00
1712,Andreea Prisacariu,ROU,,444,2022-05-16,2000-02-09,1.70 m,,Right (two-handed backhand),12,8,,"$9,509",,F,WTA Tour Official,2026-05-15T06:43:45.465854+00:00
1714,Britt Du Pree,NED,,329,2026-03-16,2007-01-08,,,,8,2,,"$6,905",,F,WTA Tour Official,2026-05-15T06:43:55.725009+00:00
1716,Martina Okalova,SVK,,9999,2025-10-06,1997-06-05,,,Right-handed,0,0,,"$64,916",,F,WTA Tour Official,2026-05-15T06:44:06.372605+00:00
1718,Maria Urrutia,ARG,,430,2026-04-13,2001-03-09,,,,75,52,,"$34,002",,F,WTA Tour Official,2026-05-15T06:44:18.164982+00:00
1720,Vaidehee Chaudhari,IND,,355,2025-05-19,2000-02-14,,,,161,97,,"$85,216",,F,WTA Tour Official,2026-05-15T06:44:27.775602+00:00
1722,Victoria Allen,GBR,,323,2025-11-17,2001-02-26,,,,43,36,,"$32,408",,F,WTA Tour Official,2026-05-15T06:44:35.843588+00:00
1739,Patcharin Cheapchandej,THA,,421,2025-09-08,1994-12-13,,,Right (two-handed backhand),236,130,,"$98,028",https://upload.wikimedia.org/wikipedia/commons/thumb/2/21/Patcharin_Cheapchandej_%28cropped%29.jpg/330px-Patcharin_Cheapchandej_%28cropped%29.jpg,F,WTA Tour Official,2026-05-15T06:45:38.353201+00:00
1746,Nicole Fossa Huergo,ARG,,90,2026-05-04,1995-05-26,,,,9,10,,"$16,789",https://photoresources.wtatennis.com/photo-resources/2025/04/22/998ec2e4-6814-4df5-bc03-acb56860f560/Huergo_crop.jpg?width=258&height=345,F,WTA Tour Official,2026-05-15T06:46:15.361330+00:00
1747,Ikumi Yamazaki,JPN,,222,2026-02-02,2001-08-24,,,Right (two-handed backhand),78,50,,"$69,735",,F,WTA Tour Official,2026-05-15T06:46:25.621887+00:00
1758,Berfu Cengiz,TUR,,214,2019-07-15,1999-10-18,1.74m,,Right (two-handed backhand),144,102,,"$263,691",https://upload.wikimedia.org/wikipedia/commons/thumb/5/56/Berfu_Cengiz_%2832107029277%29_%28cropped%29.jpg/330px-Berfu_Cengiz_%2832107029277%29_%28cropped%29.jpg,F,WTA Tour Official,2026-05-15T06:47:09.112344+00:00
1762,Diana Martynov,FRA,,339,2024-10-28,2001-04-25,,,,193,184,,"$75,144",,F,WTA Tour Official,2026-05-15T06:47:28.308979+00:00
1760,Anastasia Abbagnato,ITA,,188,2024-10-21,2003-11-19,,,,104,61,,"$94,829",,F,WTA Tour Official,2026-05-15T06:47:21.151237+00:00
1776,Alessandra Mazzola,ITA,,456,2025-09-08,1999-12-13,,,,150,103,,"$42,526",,F,WTA Tour Official,2026-05-15T06:48:57.169183+00:00
1785,Amelia Honer,USA,,466,2025-09-08,2003-03-02,,,,38,18,,"$64,109",,F,WTA Tour Official,2026-05-15T06:49:41.021601+00:00
1794,Oana Georgeta Simion,ROU,,484,2021-07-26,1996-03-08,176cm,,Right-handed,8,7,,"$3,075",https://photoresources.wtatennis.com/photo-resources/2024/09/09/1f45960e-168d-423e-a97a-b425eb267893/319575.jpg?width=258&height=345,F,WTA Tour Official,2026-05-15T06:50:23.042179+00:00
1726,Maria Martinez Vaquero,ESP,,344,2026-05-04,2002-02-09,,,,3,2,,"$3,540",,F,WTA Tour Official,2026-05-15T06:44:53.720382+00:00
1727,Astrid Lew Yan Foon,FRA,,351,2025-11-24,2005-08-15,,,Right-handed,114,86,,"$76,439",,F,WTA Tour Official,2026-05-15T06:45:04.961972+00:00
1744,Venus Williams,USA,,116,2010-06-07,1980-06-17,1.85m,,Right-handed (two-handed backhand),1,5,,"$209,636",https://upload.wikimedia.org/wikipedia/commons/thumb/1/19/Venus_Williams_%282025_DC_Open%29_crop.jpg/330px-Venus_Williams_%282025_DC_Open%29_crop.jpg?utm_source=en.wikipedia.org&utm_campaign=api&utm_content=thumbnail,F,WTA Tour Official,2026-05-15T06:45:58.545891+00:00
1749,Emily Seibold,GER,,461,2023-04-24,2000-01-01,,,,6,6,,"$2,396",,F,WTA Tour Official,2026-05-15T06:46:33.169738+00:00
1752,Denislava Glushkova,BUL,,357,2025-10-13,2004-01-08,,,,157,100,,"$59,815",,F,WTA Tour Official,2026-05-15T06:46:40.582781+00:00
1754,Aunchisa Chanta,THA,,463,2026-03-16,2002-09-12,,,Left (two-handed both sides),9,6,,"$4,759",,F,WTA Tour Official,2026-05-15T06:46:54.806007+00:00
1768,Alena Kovackova,CZE,,260,2026-04-20,2008-06-13,,,Right-handed (two-handed backhand),39,7,,"$32,358",,F,WTA Tour Official,2026-05-15T06:48:10.263108+00:00
1764,Carla Markus,ARG,,468,2026-04-20,2006-04-28,,,,7,7,,"$3,895",,F,WTA Tour Official,2026-05-15T06:47:38.256351+00:00
1774,Tena Lukas,CRO,,200,2022-09-12,1995-05-10,,,Right (two-handed backhand),460,352,,"$418,878",https://upload.wikimedia.org/wikipedia/commons/thumb/b/b5/Lukas_WMQ22_%2814%29_%2852191644105%29.jpg/330px-Lukas_WMQ22_%2814%29_%2852191644105%29.jpg?utm_source=en.wikipedia.org&utm_campaign=api&utm_content=thumbnail,F,WTA Tour Official,2026-05-15T06:48:50.312201+00:00
1772,Thaisa Grana Pedretti,BRA,,315,2025-02-10,1999-05-15,,,Right-handed (two-handed backhand),167,107,,"$117,160",,F,WTA Tour Official,2026-05-15T06:48:36.466210+00:00
1778,Sofia Cabezas Dominguez,VEN,,294,2026-05-04,2002-02-06,,,,20,7,,"$31,324",,F,WTA Tour Official,2026-05-15T06:49:05.966267+00:00
1780,Lidia Encheva,BUL,,450,2026-04-06,2006-07-30,,,,107,57,,"$27,560",,F,WTA Tour Official,2026-05-15T06:49:13.790210+00:00
1798,Alan Magadan,MEX,,689,2026-05-04,2001-05-26,"6'0"" (183cm)",187 lbs (85kg),"Right-Handed, Two-Handed Backhand",0,2,,"$58,942",https://www.atptour.com/-/media/alias/player-gladiator-headshot/m0hd,M,ATP Tour,2026-05-15T08:25:21.280606+00:00
1797,Lucia Cortez Llorca,ESP,,364,2026-03-30,2000-06-05,,,Right-handed (two-handed backhand),7,6,,"$5,855",,F,WTA Tour Official,2026-05-15T06:50:44.377285+00:00
1784,Sara Dols,ESP,,462,2026-04-06,2005-05-09,,,,110,67,,"$31,841",,F,WTA Tour Official,2026-05-15T06:49:32.750644+00:00
1791,Destanee Aiava,AUS,,133,2024-08-05,2000-05-10,"5' 9"" (1.75 m)",,Right-handed (two-handed backhand),157,97,,"$1,362,320",https://upload.wikimedia.org/wikipedia/commons/thumb/a/a4/Aiava_WMQ19_%2815%29.jpg/330px-Aiava_WMQ19_%2815%29.jpg,F,WTA Tour Official,2026-05-15T06:50:13.719725+00:00
1787,Nahia Berecoechea,FRA,,406,2026-04-20,2004-04-23,,,,40,50,,"$72,702",,F,WTA Tour Official,2026-05-15T06:49:48.937651+00:00
1788,Meiqi Guo,CHN,,481,2025-08-25,2000-01-09,,,,4,8,,"$82,895",,F,WTA Tour Official,2026-05-15T06:49:56.927692+00:00
1789,Eva Voracek,GER,,482,2026-05-04,1999-03-26,,,,16,5,,"$34,941",,F,WTA Tour Official,2026-05-15T06:50:05.378688+00:00
1796,Tahlia Kokkinis,AUS,,483,2026-04-20,2008-08-11,,,"Right-handed, two-handed backhand",61,48,,"$58,422",,F,WTA Tour Official,2026-05-15T06:50:31.555834+00:00
2445,Shannon Lam,USA,,805,,2008-06-07,,,,0,0,,,,F,WTA Tour Official,2026-05-07T09:24:35.588181+00:00
2402,Chanyeong Oh,KOR,,860,2017-07-24,1998-06-27,"5'11"" (180cm)",158 lbs (72kg),"Right-Handed, Two-Handed Backhand",0,0,,,https://www.atptour.com/-/media/alias/player-gladiator-headshot/o527,M,ATP Tour,2026-05-13T23:22:16.825111+00:00
1517,Yafan Wang,CHN,,49,2016-02-15,1994-04-30,"5' 6"" (1.70 m)",,Right-handed (two-handed backhand),188,145,,"$3,751,062",https://upload.wikimedia.org/wikipedia/commons/thumb/4/42/Wang_Yafan_%282023_US_Open%29_01_%28cropped%29.jpg/330px-Wang_Yafan_%282023_US_Open%29_01_%28cropped%29.jpg,F,WTA Tour Official,2026-05-15T06:27:47.839895+00:00
1848,Jenny Lim,FRA,,513,,2005-01-17,,,,0,0,,,,F,WTA Tour Official,2026-05-07T09:04:29.609816+00:00
2034,Amelie Van Impe,BEL,,604,,2004-07-19,,,,0,0,,,,F,WTA Tour Official,2026-05-07T09:10:50.443234+00:00
2037,Meiling Wang,CHN,,606,,2000-02-22,,,,0,0,,,,F,WTA Tour Official,2026-05-07T09:10:56.472524+00:00
2055,Fiona Ganz,SUI,,614,,2000-09-16,,,,0,0,,,,F,WTA Tour Official,2026-05-07T09:11:36.263473+00:00
2067,Adithya Karunaratne,HKG,,620,,2001-12-04,,,,0,0,,,,F,WTA Tour Official,2026-05-07T09:11:58.432710+00:00
2080,Milana Zhabrailova,RUS,,626,,2003-02-10,,,,0,0,,,,F,WTA Tour Official,2026-05-07T09:12:29.768542+00:00
1801,Ekaterina Khayrutdinova,RUS,,9999,2025-11-17,2004-03-13,,,,0,0,,$0,,F,WTA Tour Official,2026-05-15T06:51:03.299696+00:00
2089,Gaia  Maduzzi,ITA,,630,,2006-04-30,,,,0,0,,,,F,WTA Tour Official,2026-05-07T09:12:44.298284+00:00
2096,Amy Zhu,USA,,633,,1994-10-28,,,,0,0,,,,F,WTA Tour Official,2026-05-07T09:12:57.038300+00:00
2100,Berta Bonardi,ARG,,635,,1995-06-21,,,,0,0,,,,F,WTA Tour Official,2026-05-07T09:13:03.658342+00:00
1808,Josy Daems,GER,,342,2026-04-20,2006-03-13,,,,15,6,,"$5,356",,F,WTA Tour Official,2026-05-15T06:51:37.994114+00:00
2115,Astrid Cirotte,FRA,,642,,2003-12-16,,,,0,0,,,,F,WTA Tour Official,2026-05-07T09:13:37.965942+00:00
2119,Ana Grubor,CAN,,644,,2004-01-02,,,,0,0,,,,F,WTA Tour Official,2026-05-07T09:13:46.212334+00:00
2121,Alba Rey Garcia,ESP,,645,,2002-06-29,,,,0,0,,,,F,WTA Tour Official,2026-05-07T09:13:50.542016+00:00
2260,Ida Wobker,GER,,717,,2010-09-08,,,,0,0,,,,F,WTA Tour Official,2026-05-07T09:18:36.868566+00:00
2264,Anna Kubareva,BLR,,719,,2001-02-06,,,,0,0,,,,F,WTA Tour Official,2026-05-07T09:18:43.433616+00:00
2275,Neus Torner Sensano,ESP,,725,,2007-10-08,,,,0,0,,,,F,WTA Tour Official,2026-05-07T09:19:01.628495+00:00
2289,Edda Mamedova,RUS,,732,,2006-10-12,,,,0,0,,,,F,WTA Tour Official,2026-05-07T09:19:32.450037+00:00
2292,Margaux Maquet,BEL,,734,,2001-01-10,,,,0,0,,,,F,WTA Tour Official,2026-05-07T09:19:39.800523+00:00
2362,Jimar Gerald Gonzalez,CHI,,769,,2002-01-17,,,,0,0,,,,F,WTA Tour Official,2026-05-07T09:21:59.749167+00:00
1841,Ema Burgic,BIH,,509,,1992-08-22,1.78 m,,Right (double-handed backhand),0,0,,"$58,337",,F,WTA Tour Official,2026-05-11T11:16:37.180875+00:00
2074,Ksenia Efremova,FRA,,623,,2009-04-28,,,,0,0,,"US $46,982",,F,WTA Tour Official,2026-05-11T11:26:06.414409+00:00
2093,Lian Tran,NED,,632,,2002-07-19,,,Right-handed,0,0,,"$98,044",,F,WTA Tour Official,2026-05-11T11:26:53.260652+00:00
2106,Leonie Kung,SUI,,638,,2000-10-21,1.76 m,,Right (two-handed backhand),0,0,,"$497,752",https://upload.wikimedia.org/wikipedia/commons/thumb/f/fb/Leonie_K%C3%BCng_Wimbledon_2018_%2850498813092%29_%28cropped%29.jpg/330px-Leonie_K%C3%BCng_Wimbledon_2018_%2850498813092%29_%28cropped%29.jpg,F,WTA Tour Official,2026-05-11T11:27:19.878260+00:00
2269,Mariia Tkacheva,RUS,,722,,2001-12-17,,,Right (two-handed backhand),0,0,,"US$ 88,738",,F,WTA Tour Official,2026-05-11T11:33:41.887888+00:00
2280,Ana Bogdan,ROU,,728,,1992-11-25,1.71 m,,Right-handed (two-handed backhand),0,0,,"US$ 3,585,099",https://upload.wikimedia.org/wikipedia/commons/thumb/c/cd/LUK0765-Enhanced-NR_%2854320807460%29_%28cropped%29.jpg/330px-LUK0765-Enhanced-NR_%2854320807460%29_%28cropped%29.jpg,F,WTA Tour Official,2026-05-11T11:34:06.577513+00:00
1811,Laura Mair,ITA,,494,2026-05-04,2003-01-03,,,,133,138,,"$45,335",,F,WTA Tour Official,2026-05-15T06:51:52.819957+00:00
1813,Zongyu Li,CHN,,205,2026-02-09,2003-05-27,,,,18,10,,"$10,780",,F,WTA Tour Official,2026-05-15T06:52:02.522665+00:00
1819,Yuno Kitahara,JPN,,498,2026-05-04,2006-07-11,,,,7,10,,"$4,991",,F,WTA Tour Official,2026-05-15T06:52:34.104986+00:00
1822,Emily Appleton,GBR,,77,2025-09-15,1999-09-01,,,,302,211,,"$388,858",https://photoresources.wtatennis.com/photo-resources/2024/03/18/79435e03-f583-468b-875e-496d3c9d14e3/Appleton_Crop.jpg?width=258&height=345,F,WTA Tour Official,2026-05-15T06:52:47.356026+00:00
1824,Ilinca Amariei,ROU,,501,,2002-07-30,,,Right-handed (two-handed backhand),0,0,,"US$103,814",,F,WTA Tour Official,2026-05-11T11:15:46.960345+00:00
1826,Luiza Fullana,BRA,,502,,2001-04-09,,,Right-handed,0,0,,"US$ 42,164",,F,WTA Tour Official,2026-05-11T11:15:52.941035+00:00
1834,Wakana Sonobe,JPN,,506,,2008-01-17,,,Left-handed (two-handed backhand)[1],0,0,,"$88,706",,F,WTA Tour Official,2026-05-11T11:16:17.109224+00:00
1843,Mara Guth,GER,,510,,2003-06-24,,,Right-handed (two-handed backhand),0,0,,"US $65,412",,F,WTA Tour Official,2026-05-11T11:16:43.309487+00:00
2040,Ankita Raina,IND,,607,,1993-01-11,1.63 m,,Right (two-handed backhand),0,0,,"US$ 829,858",https://upload.wikimedia.org/wikipedia/commons/thumb/9/93/Raina_WMQ23_%2853062186278%29.jpg/330px-Raina_WMQ23_%2853062186278%29.jpg,F,WTA Tour Official,2026-05-11T11:24:52.979373+00:00
2042,Shiho Akita,JPN,,608,,1990-01-18,1.55 m,,Right-handed (two-handed backhand),0,0,,"US$170,044",,F,WTA Tour Official,2026-05-11T11:24:57.336906+00:00
2048,Riya Bhatia,IND,,611,,1997-09-24,174 cm,,Right (two-handed backhand),0,0,,"$135,489",https://upload.wikimedia.org/wikipedia/commons/thumb/7/74/Riya_Bhatia_in_2022_at_Antalya%2C_Turkey.jpg/330px-Riya_Bhatia_in_2022_at_Antalya%2C_Turkey.jpg,F,WTA Tour Official,2026-05-11T11:25:13.351882+00:00
2061,Gabriella Da Silva Fick,AUS,,617,,2000-08-23,,,Right-handed (two-handed backhand),0,0,,"US$103,695",,F,WTA Tour Official,2026-05-11T11:25:43.703201+00:00
2077,Dalayna Hewitt,USA,,624,,2000-12-16,,,Right (two-handed backhand),0,0,,"$116,371",,F,WTA Tour Official,2026-05-11T11:26:14.321519+00:00
2087,Ksenia Zaytseva,RUS,,629,,2004-09-13,,,Right-handed,0,0,,"$56,414",,F,WTA Tour Official,2026-05-11T11:26:40.277702+00:00
2282,Yuliana Lizarazo,COL,,729,,1993-05-23,1.75 m,,Right (two-handed backhand),0,0,,"$171,449",https://upload.wikimedia.org/wikipedia/commons/thumb/2/2c/Yuliana_Lizarazo_%28born_1993%29_in_the_video_%27Yuliana_Lizarazo%2C_Tenista_Profesional_Colombiana_-_Escalaf%C3%B3n_Mundial_WTA%2C_Santiago2023%27.png/330px-Yuliana_Lizarazo_%28born_1993%29_in_the_video_%27Yuliana_Lizarazo%2C_Tenista_Profesional_Colombiana_-_Escalaf%C3%B3n_Mundial_WTA%2C_Santiago2023%27.png,F,WTA Tour Official,2026-05-11T11:34:13.105719+00:00
2287,Oceane Babel,FRA,,731,,2004-02-26,,,Left (two-handed backhand),0,0,,"$135,314",https://upload.wikimedia.org/wikipedia/commons/thumb/9/9b/Babel_RGQ22_%2838%29_%2852130120695%29.jpg/330px-Babel_RGQ22_%2838%29_%2852130120695%29.jpg,F,WTA Tour Official,2026-05-11T11:34:26.427719+00:00
2044,Renzo Olivo,ARG,,78,2017-01-09,1992-03-15,"5'10"" (178cm)",165 lbs (75kg),"Right-Handed, Two-Handed Backhand",23,33,2009,"$1,465,903",https://upload.wikimedia.org/wikipedia/commons/thumb/1/10/Olivo_WMQ22_%2813%29_%2852191155723%29.jpg/330px-Olivo_WMQ22_%2813%29_%2852191155723%29.jpg?utm_source=en.wikipedia.org&utm_campaign=api&utm_content=thumbnail,M,ATP Tour,2026-05-15T08:58:09.818913+00:00
1812,Woobin Shin,KOR,,438,2025-07-14,2004-01-20,"6'1"" (185cm)",167 lbs (76kg),"Right-Handed, Two-Handed Backhand",0,0,,"$58,756",https://www.atptour.com/-/media/alias/player-gladiator-headshot/s0in,M,ATP Tour,2026-05-15T08:26:48.619228+00:00
2049,Pedro Rodrigues,BRA,,642,2025-07-14,2006-04-05,"5'10"" (178cm)",154 lbs (70kg),"Right-Handed, Two-Handed Backhand",0,0,,"$15,664",https://www.atptour.com/-/media/alias/player-gladiator-headshot/r0jh,M,ATP Tour,2026-05-15T08:58:36.960738+00:00
2046,Albert Pedrico Kravtsov,ESP,,682,2025-08-18,2005-06-12,"6'0"" (183cm)",176 lbs (80kg),"Right-Handed, One-Handed Backhand",0,0,,"$20,089",https://www.atptour.com/-/media/alias/player-gladiator-headshot/p0mn,M,ATP Tour,2026-05-15T08:58:23.743827+00:00
2053,Pedro Rodenas,ESP,,553,2023-08-07,2004-03-30,"6'1"" (185cm)",165 lbs (75kg),"Left-Handed, Two-Handed Backhand",0,0,,"$27,980",https://www.atptour.com/-/media/alias/player-gladiator-headshot/r0h2,M,ATP Tour,2026-05-15T08:59:24.521792+00:00
2064,Marc Majdandzic,GER,,823,2026-05-04,2005-02-04,"6'0"" (183cm)",167 lbs (76kg),"Right-Handed, Two-Handed Backhand",0,0,,"$18,038",https://www.atptour.com/-/media/alias/player-gladiator-headshot/m0v5,M,ATP Tour,2026-05-15T09:00:49.080022+00:00
2054,Dong Ju Kim,KOR,,716,2026-04-13,2002-04-09,"6'0"" (183cm)",171 lbs (78kg),"Right-Handed, Two-Handed Backhand",0,0,,"$16,004",https://www.atptour.com/-/media/alias/player-gladiator-headshot/k0ci,M,ATP Tour,2026-05-15T08:59:39.589011+00:00
2058,Giorgio Tabacco,ITA,,532,2026-05-04,2003-08-06,"6'8"" (203cm)",180 lbs (82kg),"Right-Handed, Two-Handed Backhand",0,0,,"$51,174",https://www.atptour.com/-/media/alias/player-gladiator-headshot/t0fk,M,ATP Tour,2026-05-15T09:00:08.013080+00:00
2073,Bautista Vilicich,ARG,,601,2025-02-03,2001-10-05,"6'0"" (183cm)",176 lbs (80kg),"Right-Handed, Two-Handed Backhand",0,0,,"$33,181",https://www.atptour.com/-/media/alias/player-gladiator-headshot/v0dx,M,ATP Tour,2026-05-15T09:02:08.502890+00:00
2081,Oleksii Krutykh,UKR,,160,2023-02-27,2000-03-10,"6'1"" (185cm)",173 lbs (78kg),"Right-Handed, Two-Handed Backhand",4,6,,"$331,402",https://upload.wikimedia.org/wikipedia/commons/thumb/2/22/Krutykh_RGQ23_%2852942982682%29.jpg/330px-Krutykh_RGQ23_%2852942982682%29.jpg,M,ATP Tour,2026-05-15T09:03:03.610033+00:00
2084,Bernabe Zapata Miralles,ESP,,37,2023-05-22,1997-01-12,"6'0"" (183cm)",174 lbs (79kg),"Right-Handed, Two-Handed Backhand",35,62,2015,"$2,647,377",https://upload.wikimedia.org/wikipedia/commons/thumb/d/db/Zapata_Miralles_MCM22_%2811%29_%2852036395616%29.jpg/330px-Zapata_Miralles_MCM22_%2811%29_%2852036395616%29.jpg,M,ATP Tour,2026-05-15T09:03:32.978813+00:00
2086,Grigory Shebekin,RUS,,835,2026-05-04,2005-05-14,(cm),lbs (kg),"Unknown, Unknown Backhand",0,0,,"$11,409",https://www.atptour.com/-/media/alias/player-gladiator-headshot/s0yn,M,ATP Tour,2026-05-15T09:03:48.053516+00:00
2094,Daniel Salazar,COL,,839,2026-05-04,2001-03-21,"5'10"" (178cm)",167 lbs (76kg),"Right-Handed, Two-Handed Backhand",0,0,,"$18,971",https://upload.wikimedia.org/wikipedia/en/5/5d/DanielSalazarFTWD.jpg,M,ATP Tour,2026-05-15T09:04:43.899176+00:00
2095,Maximilian Homberg,GER,,428,2026-05-04,2003-01-25,"6'1"" (185cm)",171 lbs (78kg),"Right-Handed, Two-Handed Backhand",0,1,,"$22,081",https://www.atptour.com/-/media/alias/player-gladiator-headshot/h0gk,M,ATP Tour,2026-05-15T09:04:58.870464+00:00
2270,Jeremy Gschwendtner,GBR,,599,2026-05-04,1998-08-21,(cm),lbs (kg),"Unknown, Unknown Backhand",0,0,,,https://www.atptour.com/-/media/alias/player-gladiator-headshot/g0b7,M,ATP Tour,2026-05-13T23:10:32.550881+00:00
2272,Alaa Trifi,TUN,,714,2026-05-04,2007-01-16,(cm),lbs (kg),"Unknown, Unknown Backhand",0,0,,,https://www.atptour.com/-/media/alias/player-gladiator-headshot/t0jo,M,ATP Tour,2026-05-13T23:10:44.496265+00:00
2279,Shunsuke Nakagawa,JPN,,234,2026-02-16,2000-03-07,"5'8"" (173cm)",154 lbs (70kg),"Right-Handed, Two-Handed Backhand",0,0,,"$28,633",https://www.atptour.com/-/media/alias/player-gladiator-headshot/n0ct,M,ATP Tour,2026-05-13T23:11:17.873671+00:00
2283,Stijn Paardekooper,NED,,922,2026-04-13,2003-08-29,"6'5"" (196cm)",167 lbs (76kg),"Right-Handed, Two-Handed Backhand",0,0,,,https://www.atptour.com/-/media/alias/player-gladiator-headshot/p0mi,M,ATP Tour,2026-05-13T23:11:38.396141+00:00
2284,Daisuke Sumizawa,JPN,,687,2023-10-23,1999-01-31,"5'9"" (175cm)",147 lbs (67kg),"Right-Handed, Two-Handed Backhand",0,0,,,https://www.atptour.com/-/media/alias/player-gladiator-headshot/s0bg,M,ATP Tour,2026-05-13T23:11:48.920281+00:00
2288,Nitin Kumar Sinha,IND,,774,2022-08-15,1999-02-20,"5'10"" (178cm)",151 lbs (68kg),"Right-Handed, Two-Handed Backhand",0,0,,,https://www.atptour.com/-/media/alias/player-gladiator-headshot/sy50,M,ATP Tour,2026-05-13T23:12:10.082902+00:00
2295,Noah Schachter,USA,,248,2025-02-24,1999-09-06,"6'2"" (188cm)",180 lbs (82kg),"Right-Handed, Two-Handed Backhand",0,0,,,https://www.atptour.com/-/media/alias/player-gladiator-headshot/s0jb,M,ATP Tour,2026-05-13T23:12:42.832813+00:00
2299,Naoya Honda,JPN,,733,2025-11-10,2006-03-15,"5'9"" (175cm)",167 lbs (76kg),"Right-Handed, Two-Handed Backhand",0,0,,,https://www.atptour.com/-/media/alias/player-gladiator-headshot/h0j1,M,ATP Tour,2026-05-13T23:13:05.640941+00:00
2305,Mihai Razvan Marinescu,ROU,,755,2026-02-23,2001-09-09,"5'11"" (180cm)",169 lbs (77kg),"Right-Handed, One-Handed Backhand",0,0,,,https://www.atptour.com/-/media/alias/player-gladiator-headshot/m0ho,M,ATP Tour,2026-05-13T23:13:41.879103+00:00
2308,Kosuke Ogura,JPN,,490,2025-03-31,1996-02-09,"5'7"" (170cm)",149 lbs (68kg),"Right-Handed, Unknown Backhand",0,0,,,https://www.atptour.com/-/media/alias/player-gladiator-headshot/o09t,M,ATP Tour,2026-05-13T23:14:03.983097+00:00
1275,Hiroki Moriya,JPN,,143,2015-01-05,1990-10-16,"5'6"" (168cm)",143 lbs (65kg),"Right-Handed, Two-Handed Backhand",3,11,,"$1,102,211",https://upload.wikimedia.org/wikipedia/commons/thumb/9/91/Hiroki_Moriya_13%2C_2015_Wimbledon_Qualifying_-_Diliff.jpg/330px-Hiroki_Moriya_13%2C_2015_Wimbledon_Qualifying_-_Diliff.jpg,M,ATP Tour,2026-05-15T07:17:07.067329+00:00
2066,Nikola Slavic,SWE,,338,2026-04-20,2000-09-26,"6'3"" (191cm)",187 lbs (85kg),"Right-Handed, Two-Handed Backhand",0,1,,"$27,371",https://www.atptour.com/-/media/alias/player-gladiator-headshot/s0kg,M,ATP Tour,2026-05-15T09:01:04.243080+00:00
2363,Anne Christine Lutkemeyer Obregon,USA,,770,,2004-05-24,,,,0,0,,,,F,WTA Tour Official,2026-05-07T09:22:04.333795+00:00
1816,Cooper Williams,USA,,660,2025-09-29,2005-06-17,"6'3"" (191cm)",182 lbs (83kg),"Right-Handed, Two-Handed Backhand",0,0,,"$53,974",https://www.atptour.com/-/media/alias/player-gladiator-headshot/w0dd,M,ATP Tour,2026-05-15T08:27:17.182300+00:00
1827,Alibek Kachmazov,RUS,,161,2025-05-05,2002-08-17,"6'1"" (185cm)",179 lbs (81kg),"Right-Handed, Unknown Backhand",4,7,,"$445,967",https://upload.wikimedia.org/wikipedia/commons/thumb/5/58/Kachmazov4.jpg/330px-Kachmazov4.jpg?utm_source=en.wikipedia.org&utm_campaign=api&utm_content=thumbnail,M,ATP Tour,2026-05-15T08:28:40.203039+00:00
1818,Toby Kodat,USA,,308,2024-06-24,2003-01-13,"5'10"" (178cm)",160 lbs (73kg),"Right-Handed, One-Handed Backhand",0,0,,"$136,178",https://www.atptour.com/-/media/alias/player-gladiator-headshot/k0eu,M,ATP Tour,2026-05-15T08:27:32.171442+00:00
1835,Dominik Kellovsky,CZE,,468,2016-12-05,1996-07-24,"6'0"" (183cm)",171 lbs (78kg),"Right-Handed, One-Handed Backhand",0,0,,"$116,438",https://www.atptour.com/-/media/alias/player-gladiator-headshot/ke36,M,ATP Tour,2026-05-15T08:29:44.755690+00:00
1844,Pawit Sornlaksup,THA,,587,2026-03-16,1999-08-24,"6'0"" (183cm)",158 lbs (72kg),"Right-Handed, Two-Handed Backhand",0,0,,"$27,791",https://www.atptour.com/-/media/alias/player-gladiator-headshot/s0vo,M,ATP Tour,2026-05-15T08:31:11.966203+00:00
1832,Alice Gillan,GBR,,505,,1998-08-15,,,,0,0,,,,F,WTA Tour Official,2026-05-07T09:03:51.733340+00:00
1840,Matisse Bobichon,FRA,,675,2025-12-01,2002-01-16,"6'1"" (185cm)",176 lbs (80kg),"Right-Handed, Unknown Backhand",0,0,,"$16,487",https://www.atptour.com/-/media/alias/player-gladiator-headshot/b0pn,M,ATP Tour,2026-05-15T08:30:37.284557+00:00
2446,Oliver Bonding,GBR,,1018,,,,,,0,0,,,,M,ATP Tour,2026-05-07T09:24:35.850580+00:00
1846,Benjamin Torrealba,CHI,,712,2026-05-04,2005-06-23,"5'11"" (180cm)",171 lbs (78kg),"Left-Handed, Unknown Backhand",0,0,,"$29,589",https://www.atptour.com/-/media/alias/player-gladiator-headshot/t0h5,M,ATP Tour,2026-05-15T08:31:23.790814+00:00
1838,Mathilde Lollia,FRA,,508,,2000-05-20,,,,0,0,,,,F,WTA Tour Official,2026-05-07T09:04:06.622113+00:00
1869,Matt Kuhar,USA,,724,2026-05-04,1996-06-17,"5'10"" (178cm)",155 lbs (70kg),"Right-Handed, Two-Handed Backhand",0,0,,"$30,604",https://www.atptour.com/-/media/alias/player-gladiator-headshot/k0em,M,ATP Tour,2026-05-15T08:34:33.837456+00:00
1845,Chengyiyi Yuan,CHN,,511,,2000-08-24,,,,0,0,,,,F,WTA Tour Official,2026-05-07T09:04:23.958759+00:00
1847,Daria Lodikova,RUS,,512,,1996-05-25,,,,0,0,,,,F,WTA Tour Official,2026-05-07T09:04:26.635591+00:00
1854,Peter Bertran,DOM,,461,2024-12-23,1996-03-05,"6'0"" (183cm)",165 lbs (75kg),"Right-Handed, Two-Handed Backhand",3,4,,"$88,203",https://www.atptour.com/-/media/alias/player-gladiator-headshot/bp79,M,ATP Tour,2026-05-15T08:32:26.045753+00:00
1857,Gabriele Pennaforti,ITA,,383,2025-05-26,2000-09-14,"6'3"" (191cm)",187 lbs (85kg),"Right-Handed, Two-Handed Backhand",0,0,,"$70,535",https://www.atptour.com/-/media/alias/player-gladiator-headshot/p0jg,M,ATP Tour,2026-05-15T08:32:59.300645+00:00
1867,Abel Forger,NED,,597,2026-01-05,2005-07-25,(cm),lbs (kg),"Right-Handed, Two-Handed Backhand",0,0,,"$23,727",https://www.atptour.com/-/media/alias/player-gladiator-headshot/f0gs,M,ATP Tour,2026-05-15T08:34:18.714431+00:00
1853,Anja Stankovic,SRB,,515,,2005-06-13,,,,0,0,,,,F,WTA Tour Official,2026-05-07T09:04:37.826433+00:00
1873,Rodrigo Alujas,MEX,,689,2025-12-15,2002-08-26,"5'7"" (170cm)",154 lbs (70kg),"Right-Handed, Two-Handed Backhand",0,0,,"$36,178",https://www.atptour.com/-/media/alias/player-gladiator-headshot/a0kh,M,ATP Tour,2026-05-15T08:35:02.753721+00:00
839,Fajing Sun,CHN,,197,2026-05-04,1996-10-03,"5'10"" (178cm)",165 lbs (75kg),"Right-Handed, Two-Handed Backhand",1,4,,"$485,762",https://www.atptour.com/-/media/alias/player-gladiator-headshot/sx90,M,ATP Tour,2026-05-15T06:20:16.931214+00:00
1537,Sijia Wei,CHN,,114,2025-03-31,2003-12-05,,,Right-handed,194,110,,"$618,003",https://photoresources.wtatennis.com/photo-resources/2024/04/26/42690f09-0d08-4eeb-a216-a08c8f79d7d4/Wei_crop.jpg?width=258&height=345,F,WTA Tour Official,2026-05-15T06:29:27.110092+00:00
1825,Samuel Heredia,COL,,701,2026-05-04,2006-06-07,"6'3"" (191cm)",167 lbs (76kg),"Right-Handed, Two-Handed Backhand",0,0,,"$26,932",https://www.atptour.com/-/media/alias/player-gladiator-headshot/h0hu,M,ATP Tour,2026-05-15T08:28:26.686083+00:00
1863,Antonia Schmidt,GER,,520,,2001-06-23,,,,0,0,,,,F,WTA Tour Official,2026-05-07T09:04:59.156667+00:00
1806,Kristina Kroitor,RUS,,491,2026-05-04,2006-12-20,,,,18,10,,"$7,112",,F,WTA Tour Official,2026-05-15T06:51:29.139295+00:00
1865,Isabella Maria Serban,ITA,,521,,2006-03-28,,,,0,0,,,,F,WTA Tour Official,2026-05-07T09:05:03.481794+00:00
1809,Marie Vogt,GER,,493,2025-12-29,2005-02-03,,,,4,6,,"$2,707",,F,WTA Tour Official,2026-05-15T06:51:44.718630+00:00
1815,Shilin Xu,CHN,,496,2019-05-06,1998-01-10,,,,19,9,,"$7,351",,F,WTA Tour Official,2026-05-15T06:52:13.587339+00:00
1823,Yara Bartashevich,FRA,,500,2026-04-06,2005-03-29,,,,0,0,,$0,,F,WTA Tour Official,2026-05-15T06:52:56.002000+00:00
1814,Matteo Covato,ITA,,569,2026-02-16,2005-05-04,"6'8"" (203cm)",204 lbs (93kg),"Right-Handed, Two-Handed Backhand",0,0,,"$26,410",https://www.atptour.com/-/media/alias/player-gladiator-headshot/c0px,M,ATP Tour,2026-05-15T08:27:03.547052+00:00
1839,Guillaume Dalmasso,FRA,,632,2025-08-04,2002-10-14,"6'4"" (193cm)",189 lbs (86kg),"Right-Handed, Two-Handed Backhand",0,0,,"$28,402",https://www.atptour.com/-/media/alias/player-gladiator-headshot/d0k3,M,ATP Tour,2026-05-15T08:30:17.985537+00:00
1852,Oscar Weightman,GBR,,603,2022-08-08,2001-11-19,"6'2"" (188cm)",160 lbs (73kg),"Right-Handed, Unknown Backhand",0,0,,"$40,102",https://www.atptour.com/-/media/alias/player-gladiator-headshot/w0ax,M,ATP Tour,2026-05-15T08:32:12.071426+00:00
1828,Mariam Bolkvadze,GEO,,503,,1998-01-01,,,Left (two-handed backhand),0,0,,"US$625,282",https://upload.wikimedia.org/wikipedia/commons/thumb/b/b7/Bolkvadze_RGQ22_%2836%29_%2852129630776%29.jpg/330px-Bolkvadze_RGQ22_%2836%29_%2852129630776%29.jpg,F,WTA Tour Official,2026-05-11T11:16:00.809096+00:00
1836,Deborah Chiesa,ITA,,507,,1996-06-13,1.70 m,,Right-handed (two-handed backhand),0,0,,"US$249,419",https://upload.wikimedia.org/wikipedia/commons/thumb/9/95/Chiesa_WMQ18_%2810%29_%2843553270261%29.jpg/330px-Chiesa_WMQ18_%2810%29_%2843553270261%29.jpg,F,WTA Tour Official,2026-05-11T11:16:24.390619+00:00
1856,Martina Trevisan,ITA,,516,,1993-11-03,1.60 m,,Left (two-handed backhand),0,0,,"$4,243,505",https://upload.wikimedia.org/wikipedia/commons/thumb/a/a4/Martina_Trevisan_%282023_US_Open%29_03_%28cropped%29.jpg/330px-Martina_Trevisan_%282023_US_Open%29_03_%28cropped%29.jpg,F,WTA Tour Official,2026-05-11T11:17:06.915657+00:00
1860,Yelyzaveta Kotliar,UKR,,518,,2007-02-01,,,Right-handed,0,0,,"$26,443",,F,WTA Tour Official,2026-05-11T11:17:22.273715+00:00
1868,Arianna Zucchini,ITA,,522,,2003-07-10,,,Right-handed (two-handed backhand),0,0,,"$59,537",,F,WTA Tour Official,2026-05-11T11:17:46.549626+00:00
1870,Ekaterina Ovcharenko,RUS,,523,,2000-12-31,,,Right-handed,0,0,,"$107,813",,F,WTA Tour Official,2026-05-11T11:17:53.919050+00:00
2113,Nicolas Zanellato,BRA,,458,2024-04-22,2002-01-22,"5'6"" (168cm)",154 lbs (70kg),"Right-Handed, One-Handed Backhand",0,0,,"$60,864",https://www.atptour.com/-/media/alias/player-gladiator-headshot/z0by,M,ATP Tour,2026-05-15T09:07:33.854369+00:00
2118,Adrien Gobat,FRA,,532,2024-03-04,2001-07-10,"5'9"" (175cm)",160 lbs (73kg),"Right-Handed, Two-Handed Backhand",0,0,,"$36,666",https://www.atptour.com/-/media/alias/player-gladiator-headshot/g0i2,M,ATP Tour,2026-05-15T09:08:19.589237+00:00
2122,Vincent Marysko,GER,,821,2025-11-24,2006-02-04,"6'4"" (193cm)",193 lbs (88kg),"Right-Handed, Two-Handed Backhand",0,0,,,https://www.atptour.com/-/media/alias/player-gladiator-headshot/m0v7,M,ATP Tour,2026-05-13T22:57:48.032541+00:00
2124,Jakub Filip,CZE,,736,2025-07-14,2005-09-25,"5'11"" (180cm)",165 lbs (75kg),"Right-Handed, Two-Handed Backhand",0,0,,,https://www.atptour.com/-/media/alias/player-gladiator-headshot/f0gd,M,ATP Tour,2026-05-13T22:57:58.931196+00:00
2131,Joao Victor Couto Loureiro,BRA,,421,2023-09-11,2003-03-28,"6'1"" (185cm)",176 lbs (80kg),"Right-Handed, Two-Handed Backhand",0,0,,,https://www.atptour.com/-/media/alias/player-gladiator-headshot/l0g5,M,ATP Tour,2026-05-13T22:58:41.736372+00:00
2406,Alex Kuperstein,USA,,925,2025-11-24,1998-12-15,"6'0"" (183cm)",160 lbs (73kg),"Right-Handed, Two-Handed Backhand",0,0,,,https://www.atptour.com/-/media/alias/player-gladiator-headshot/k0kk,M,ATP Tour,2026-05-13T23:22:38.352727+00:00
2410,Markus Malaszszak,THA,,971,2026-02-09,2004-07-08,"6'1"" (185cm)",187 lbs (85kg),"Right-Handed, Two-Handed Backhand",0,0,,,https://www.atptour.com/-/media/alias/player-gladiator-headshot/m0vh,M,ATP Tour,2026-05-13T23:22:59.537006+00:00
2415,Kuang Qing Xu,CHN,,956,2025-10-27,2006-06-18,"6'1"" (185cm)",175 lbs (79kg),"Right-Handed, Two-Handed Backhand",0,0,,,https://www.atptour.com/-/media/alias/player-gladiator-headshot/x01d,M,ATP Tour,2026-05-13T23:23:32.984447+00:00
2419,Suk Hyun Choo,KOR,,986,2026-02-09,2001-04-29,"5'10"" (178cm)",156 lbs (71kg),"Right-Handed, Two-Handed Backhand",0,0,,,https://www.atptour.com/-/media/alias/player-gladiator-headshot/c0gw,M,ATP Tour,2026-05-13T23:23:55.263397+00:00
2277,Marine Szostak,FRA,,726,,2002-01-02,,,,0,0,,,,F,WTA Tour Official,2026-05-07T09:19:06.930824+00:00
2278,Jiangxue Han,CHN,,727,,2001-11-28,,,,0,0,,,,F,WTA Tour Official,2026-05-07T09:19:10.059051+00:00
2422,Dante Pagani,ARG,,931,2025-12-01,2008-07-31,"6'1"" (185cm)",178 lbs (81kg),"Right-Handed, Two-Handed Backhand",0,0,,,https://www.atptour.com/-/media/alias/player-gladiator-headshot/p0mj,M,ATP Tour,2026-05-13T23:24:06.497839+00:00
2291,Kisa Yoshioka,JPN,,733,,2000-09-02,,,,0,0,,,,F,WTA Tour Official,2026-05-07T09:19:36.386163+00:00
2296,Maria Sholokhova,RUS,,736,,2004-01-12,,,,0,0,,,,F,WTA Tour Official,2026-05-07T09:19:47.062752+00:00
1542,Sloane Stephens,USA,,3,2018-07-16,1993-03-20,1.70m,,Right-handed (two-handed backhand),386,300,,"$19,245,064",https://upload.wikimedia.org/wikipedia/commons/thumb/e/e5/2017_Citi_Open_Tennis_Sloane_Stephens_%2836261045461%29_%28cropped%29.jpg/330px-2017_Citi_Open_Tennis_Sloane_Stephens_%2836261045461%29_%28cropped%29.jpg,F,WTA Tour Official,2026-05-15T06:29:59.466347+00:00
1290,Olle Wallin,SWE,,384,2026-03-16,2001-10-22,"6'3"" (191cm)",169 lbs (77kg),"Right-Handed, Two-Handed Backhand",2,2,,"$57,885",https://www.atptour.com/-/media/alias/player-gladiator-headshot/w0bu,M,ATP Tour,2026-05-15T07:19:14.483998+00:00
2311,Yuhan Wang,CHN,,743,,2007-06-21,,,,0,0,,,,F,WTA Tour Official,2026-05-07T09:20:17.800410+00:00
2369,Anastasiia Firman,UKR,,773,,2006-12-29,,,,0,0,,,,F,WTA Tour Official,2026-05-07T09:22:18.686282+00:00
2108,Lorenzo Bocchi,ITA,,605,2023-07-17,1997-11-29,"5'11"" (180cm)",171 lbs (78kg),"Right-Handed, Two-Handed Backhand",0,0,,"$68,521",https://www.atptour.com/-/media/alias/player-gladiator-headshot/b0am,M,ATP Tour,2026-05-15T09:07:00.568995+00:00
2387,Karine Sarkisova,RUS,,782,,1998-06-07,,,,0,0,,,,F,WTA Tour Official,2026-05-07T09:22:52.820751+00:00
2391,Shiyu Ye,CHN,,784,,2007-04-20,,,,0,0,,,,F,WTA Tour Official,2026-05-07T09:22:58.935933+00:00
2399,Amy Sucha,CZE,,788,,2007-11-29,,,,0,0,,,,F,WTA Tour Official,2026-05-07T09:23:20.987020+00:00
2409,Maria Toma,ROU,,793,,1999-01-25,,,,0,0,,,,F,WTA Tour Official,2026-05-07T09:23:38.751348+00:00
2420,Ella Haavisto,FIN,,798,,2002-03-28,,,,0,0,,,,F,WTA Tour Official,2026-05-07T09:23:55.859869+00:00
2424,Lucie Petruzelova,CZE,,801,,2002-08-30,,,,0,0,,,,F,WTA Tour Official,2026-05-07T09:24:11.115365+00:00
2425,Ziga Sesko,SLO,,1001,,,,,,0,0,,,,M,ATP Tour,2026-05-07T09:24:14.544138+00:00
2426,Lorenzo Gagliardo,ITA,,1002,,,,,,0,0,,,,M,ATP Tour,2026-05-07T09:24:15.749017+00:00
2427,Niels Mcdonald,GER,,1003,,,,,,0,0,,,,M,ATP Tour,2026-05-07T09:24:16.911464+00:00
2428,Justin Schlageter,GER,,1004,,,,,,0,0,,,,M,ATP Tour,2026-05-07T09:24:18.268530+00:00
2430,Zach Stephens,GBR,,1005,,,,,,0,0,,,,M,ATP Tour,2026-05-07T09:24:19.426025+00:00
2431,Juan Sebastian Osorio,COL,,1006,,,,,,0,0,,,,M,ATP Tour,2026-05-07T09:24:20.604293+00:00
2416,Malene Helgø,NOR,,796,,1999-08-26,,,Right-handed (two-handed backhand),0,0,,"US$178,940",https://upload.wikimedia.org/wikipedia/commons/thumb/1/1f/Helgo_POI21_%283%29_%2851712961322%29.jpg/330px-Helgo_POI21_%283%29_%2851712961322%29.jpg,F,WTA Tour Official,2026-05-11T11:39:04.740232+00:00
2423,Chihiro Muramatsu,JPN,,800,,1998-05-22,1.61 m,,Left-handed (two-handed backhand),0,0,,"US$241,916",,F,WTA Tour Official,2026-05-11T11:39:21.374452+00:00
2133,Anas Mazdrashki,BUL,,860,2026-05-04,2006-06-22,"5'11"" (180cm)",160 lbs (73kg),"Right-Handed, Unknown Backhand",0,0,,,https://www.atptour.com/-/media/alias/player-gladiator-headshot/m0wl,M,ATP Tour,2026-05-11T11:53:03.983153+00:00
1872,Maria Sara Popa,ROU,,524,,2005-07-29,1.73 m,,Left-handed (double-handed backhand),0,0,,"US$57,818",https://upload.wikimedia.org/wikipedia/commons/thumb/4/40/Day_1_-_Qualifying_TransylvaniaOpen_Sara_Sorribes_Tormo_vs_Maria_Sara_Popa_6-0%2C6-3_%2854319696787%29.jpg/330px-Day_1_-_Qualifying_TransylvaniaOpen_Sara_Sorribes_Tormo_vs_Maria_Sara_Popa_6-0%2C6-3_%2854319696787%29.jpg,F,WTA Tour Official,2026-05-11T11:17:59.714910+00:00
2285,Peangtarn Plipuech,THA,,730,,1992-11-15,1.69 m,,Right (two-handed backhand),0,0,,"US$396,396",,F,WTA Tour Official,2026-05-11T11:34:20.360196+00:00
2309,Valentina Mediorreal Arias,COL,,742,,2007-03-02,,,Right-handed,0,0,,"$20,388",,F,WTA Tour Official,2026-05-11T11:35:10.197316+00:00
2313,Ani Amiraghyan,ARM,,744,,1993-10-09,1.68 m,,Right (two-handed backhand),0,0,,"$46,051",,F,WTA Tour Official,2026-05-11T11:35:20.890285+00:00
2375,Savannah Broadus,USA,,776,,2002-09-18,,,,0,0,,"$18,144",,F,WTA Tour Official,2026-05-11T11:37:29.481028+00:00
2393,Evialina Laskevich,BLR,,785,,2004-11-10,,,Right (two-handed backhand),0,0,,"US$ 51,138",,F,WTA Tour Official,2026-05-11T11:38:15.505362+00:00
2405,Adriana Reami,USA,,791,,1997-11-13,,,Right-handed,0,0,,"$56,598",,F,WTA Tour Official,2026-05-11T11:38:46.282371+00:00
2429,Nika Radisic,SLO,,802,,2000-03-19,,,Right (two-handed backhand),0,0,,"$135,388",,F,WTA Tour Official,2026-05-11T11:39:33.079041+00:00
2128,Lea Nilsson,SWE,,648,,2008-06-24,,,,0,0,,,,F,WTA Tour Official,2026-05-07T09:14:03.963736+00:00
2134,Marcelina Podlinska,POL,,651,,1999-05-27,,,,0,0,,,,F,WTA Tour Official,2026-05-07T09:14:19.143097+00:00
2294,Petra Konjikusic,SRB,,735,,2007-06-07,,,,0,0,,,,F,WTA Tour Official,2026-05-07T09:19:43.745940+00:00
2298,Luisa Meyer Auf Der Heide,GER,,737,,2002-01-31,,,,0,0,,,,F,WTA Tour Official,2026-05-07T09:19:50.017290+00:00
2300,Arina Vasilescu,ROU,,738,,1997-03-06,,,,0,0,,,,F,WTA Tour Official,2026-05-07T09:19:52.475219+00:00
2304,Kateryna Lazarenko,UKR,,740,,2004-11-07,,,,0,0,,,,F,WTA Tour Official,2026-05-07T09:19:59.308837+00:00
2380,Charlie Robertson,GBR,,673,2025-11-03,2006-10-07,"5'7"" (170cm)",138 lbs (63kg),"Right-Handed, Two-Handed Backhand",0,0,,,https://upload.wikimedia.org/wikipedia/commons/thumb/6/68/Charles_Robertson_White_Sox.jpeg/330px-Charles_Robertson_White_Sox.jpeg,M,ATP Tour,2026-05-13T23:20:16.721644+00:00
2384,Jumpei Yamasaki,JPN,,446,2019-09-30,1997-07-02,"5'11"" (180cm)",165 lbs (75kg),"Right-Handed, Two-Handed Backhand",0,0,,,https://www.atptour.com/-/media/alias/player-gladiator-headshot/y235,M,ATP Tour,2026-05-13T23:20:38.716614+00:00
2386,Maxim Shin,UZB,,730,2023-07-17,2003-06-04,"6'3"" (191cm)",165 lbs (75kg),"Right-Handed, Two-Handed Backhand",0,1,,,https://www.atptour.com/-/media/alias/player-gladiator-headshot/s0uu,M,ATP Tour,2026-05-13T23:20:49.336999+00:00
2390,Sydney Zick,GER,,635,2026-04-06,2007-01-12,"5'11"" (180cm)",180 lbs (82kg),"Right-Handed, Two-Handed Backhand",0,0,,,https://www.atptour.com/-/media/alias/player-gladiator-headshot/z0cr,M,ATP Tour,2026-05-13T23:21:11.200431+00:00
2394,Lorenzo Lorusso,ITA,,393,2025-11-24,2000-01-06,"6'1"" (185cm)",198 lbs (90kg),"Right-Handed, Two-Handed Backhand",0,0,,,https://www.atptour.com/-/media/alias/player-gladiator-headshot/l0g4,M,ATP Tour,2026-05-13T23:21:34.212427+00:00
1294,Cyril Vandermeersch,FRA,,424,2026-03-02,1999-05-06,"5'11"" (180cm)",159 lbs (72kg),"Right-Handed, Two-Handed Backhand",0,0,,"$60,729",https://www.atptour.com/-/media/alias/player-gladiator-headshot/v0bc,M,ATP Tour,2026-05-15T07:19:42.842426+00:00
2408,Jamilah Snells,USA,,792,,2002-08-29,,,,0,0,,,,F,WTA Tour Official,2026-05-07T09:23:35.771633+00:00
2417,Sarah Melany Fajmonova,CZE,,797,,2007-03-09,,,,0,0,,,,F,WTA Tour Official,2026-05-07T09:23:52.318768+00:00
2421,Coco Bosman,NED,,799,,2003-03-12,,,,0,0,,,,F,WTA Tour Official,2026-05-07T09:23:59.150771+00:00
2432,Tymur Bieldiugin,UKR,,1007,,,,,,0,0,,,,M,ATP Tour,2026-05-07T09:24:22.102433+00:00
2434,Brian Bozemoj,NED,,1009,,,,,,0,0,,,,M,ATP Tour,2026-05-07T09:24:24.620541+00:00
2435,Pietro Marino,ITA,,1010,,,,,,0,0,,,,M,ATP Tour,2026-05-07T09:24:25.782926+00:00
2436,Chen Dong,AUS,,1011,,,,,,0,0,,,,M,ATP Tour,2026-05-07T09:24:26.947689+00:00
2437,Fermin Tenti,ARG,,1012,,,,,,0,0,,,,M,ATP Tour,2026-05-07T09:24:28.113662+00:00
1874,Valeriya Strakhova,UKR,,525,,1995-06-09,,,Right (two-handed backhand),0,0,,"US$ 411,987",https://upload.wikimedia.org/wikipedia/commons/thumb/0/02/Transylvania_Open_2023_Doubles_Final_-_Burrage_Teichmann_vs_Jeanjean_Strahova_%2853279972432%29_%28cropped%29.jpg/330px-Transylvania_Open_2023_Doubles_Final_-_Burrage_Teichmann_vs_Jeanjean_Strahova_%2853279972432%29_%28cropped%29.jpg,F,WTA Tour Official,2026-05-11T11:18:06.300934+00:00
2130,Alizé Lim,FRA,,649,,1990-07-13,173 cm,,Right (two-handed backhand),0,0,,"$492,196",https://upload.wikimedia.org/wikipedia/commons/thumb/7/78/Lim_RG16_%286%29_%2827127178490%29.jpg/330px-Lim_RG16_%286%29_%2827127178490%29.jpg,F,WTA Tour Official,2026-05-11T11:28:09.873873+00:00
2136,Thea Frodin,USA,,652,,2008-12-17,,,Right (two-handed backhand),0,0,,"US $21,026",,F,WTA Tour Official,2026-05-11T11:28:21.846480+00:00
2307,Valentina Ivanov,NZL,,741,,2001-03-27,1.72 m,,Right (two-handed backhand),0,0,,"$29,827",,F,WTA Tour Official,2026-05-11T11:35:05.050055+00:00
2414,Nadiia Kolb,UKR,,795,,1993-01-19,,,Right (two-handed backhand),0,0,,"$100,411",,F,WTA Tour Official,2026-05-11T11:38:58.529006+00:00
2482,Jada Robinson,USA,,812,,1999-01-29,,,,0,0,,,,F,WTA Tour Official,2026-05-07T09:25:11.946510+00:00
2494,Irem Kurt,TUR,,815,,2007-06-07,,,,0,0,,,,F,WTA Tour Official,2026-05-07T09:25:23.996414+00:00
2507,Onyu Choi,KOR,,818,,2006-12-29,,,,0,0,,,,F,WTA Tour Official,2026-05-07T09:25:35.993947+00:00
932,Kaichi Uchida,JPN,,147,2023-05-08,1994-08-23,"5'11"" (180cm)",lbs (kg),"Right-Handed, Two-Handed Backhand",3,3,2012,"$646,412",https://upload.wikimedia.org/wikipedia/commons/thumb/e/e5/Uchida_WMQ23_%2853061681106%29.jpg/330px-Uchida_WMQ23_%2853061681106%29.jpg?utm_source=en.wikipedia.org&utm_campaign=api&utm_content=thumbnail,M,ATP Tour,2026-05-15T06:31:50.533751+00:00
2525,Karla Popovic,CRO,,823,,1995-09-05,,,,0,0,,,,F,WTA Tour Official,2026-05-07T09:25:52.184337+00:00
2537,Nada Fouad,EGY,,826,,2003-08-21,,,,0,0,,,,F,WTA Tour Official,2026-05-07T09:26:03.769693+00:00
3428,Josefina Estevez,ARG,,1093,,2007-12-19,,,,0,0,,,,F,WTA Tour Official,2026-05-07T09:40:54.150181+00:00
3432,Vlada Ekshibarova,UZB,,1095,,1989-03-14,,,,0,0,,,,F,WTA Tour Official,2026-05-07T09:40:56.567837+00:00
3436,Ilinca Sagmar,ROU,,1096,,2008-05-09,,,,0,0,,,,F,WTA Tour Official,2026-05-07T09:40:58.960984+00:00
3440,Anna Lena Ebster,AUT,,1099,,2004-01-06,,,,0,0,,,,F,WTA Tour Official,2026-05-07T09:41:01.982234+00:00
3448,Isabella Marton,CAN,,1102,,2008-04-10,,,,0,0,,,,F,WTA Tour Official,2026-05-07T09:41:07.017042+00:00
3452,Maribella Zamarripa,USA,,1104,,2002-08-15,,,,0,0,,,,F,WTA Tour Official,2026-05-07T09:41:09.518447+00:00
3456,Daniela Piani,GBR,,1106,,2007-04-21,,,,0,0,,,,F,WTA Tour Official,2026-05-07T09:41:12.795825+00:00
3460,Emeline Dartron,FRA,,1108,,2000-04-12,,,,0,0,,,,F,WTA Tour Official,2026-05-07T09:41:15.356413+00:00
3466,Capucine Jauffret,USA,,1111,,2008-01-21,,,,0,0,,,,F,WTA Tour Official,2026-05-07T09:41:19.012989+00:00
3470,Emma Kamper,DEN,,1112,,2004-06-25,,,,0,0,,,,F,WTA Tour Official,2026-05-07T09:41:21.473505+00:00
3474,Milana Maslenkova,UZB,,1115,,2001-08-13,,,,0,0,,,,F,WTA Tour Official,2026-05-07T09:41:24.529372+00:00
3478,Karolina Vlckova,CZE,,1117,,2000-10-17,,,,0,0,,,,F,WTA Tour Official,2026-05-07T09:41:27.169367+00:00
3482,Laura Bohner,GER,,1119,,2001-07-30,,,,0,0,,,,F,WTA Tour Official,2026-05-07T09:41:29.560568+00:00
3488,Emma Van Poppel,NED,,1122,,2001-02-01,,,,0,0,,,,F,WTA Tour Official,2026-05-07T09:41:33.277640+00:00
3492,Natalia Krockova,SVK,,1124,,2008-07-15,,,,0,0,,,,F,WTA Tour Official,2026-05-07T09:41:35.688662+00:00
3496,Dejana Radanovic,SRB,,1126,,1996-05-14,,,,0,0,,,,F,WTA Tour Official,2026-05-07T09:41:38.705721+00:00
3500,Elsa Bonelli,SUI,,1128,,2008-03-06,,,,0,0,,,,F,WTA Tour Official,2026-05-07T09:41:41.119617+00:00
3502,Kate Fakih,USA,,1128,,2006-10-30,,,,0,0,,,,F,WTA Tour Official,2026-05-07T09:41:42.320264+00:00
3506,Alice  Ferlito,ESP,,1131,,2005-08-02,,,,0,0,,,,F,WTA Tour Official,2026-05-07T09:41:44.744616+00:00
3510,Yleymi  Muelle Valdez,PER,,1133,,2008-05-23,,,,0,0,,,,F,WTA Tour Official,2026-05-07T09:41:47.199983+00:00
3514,Ava Monet Sycamore,AUS,,1135,,2007-06-26,,,,0,0,,,,F,WTA Tour Official,2026-05-07T09:41:50.139894+00:00
3518,Margaret Sohns,USA,,1137,,2010-02-16,,,,0,0,,,,F,WTA Tour Official,2026-05-07T09:41:52.531284+00:00
3524,Anna Kmiecik,POL,,1140,,2008-08-22,,,,0,0,,,,F,WTA Tour Official,2026-05-07T09:41:56.146905+00:00
3528,Jaedan Brown,USA,,1142,,2002-07-05,,,,0,0,,,,F,WTA Tour Official,2026-05-07T09:41:58.560024+00:00
3533,Kianah Motosono,PER,,1144,,2000-02-11,,,,0,0,,,,F,WTA Tour Official,2026-05-07T09:42:01.249749+00:00
3537,Sydney Jara,USA,,1146,,2008-02-13,,,,0,0,,,,F,WTA Tour Official,2026-05-07T09:42:04.392086+00:00
3541,Ayline Samardzic,SUI,,1148,,2002-11-10,,,,0,0,,,,F,WTA Tour Official,2026-05-07T09:42:06.791032+00:00
3543,Viktoria Veleva,BUL,,1149,,2004-04-07,,,,0,0,,,,F,WTA Tour Official,2026-05-07T09:42:07.984402+00:00
3547,Sara Lanca,POR,,1151,,1997-03-02,,,,0,0,,,,F,WTA Tour Official,2026-05-07T09:42:10.406334+00:00
3551,Marian Gomez Pezuela Cano,MEX,,1153,,2001-09-24,,,,0,0,,,,F,WTA Tour Official,2026-05-07T09:42:13.495518+00:00
3555,Ava Beck,AUS,,1155,,2008-08-07,,,,0,0,,,,F,WTA Tour Official,2026-05-07T09:42:16.092580+00:00
3559,Diana Demidova,RUS,,1157,,1997-09-26,,,,0,0,,,,F,WTA Tour Official,2026-05-07T09:42:18.492375+00:00
3565,Berta Passola,ESP,,1160,,2004-12-06,,,,0,0,,,,F,WTA Tour Official,2026-05-07T09:42:22.084541+00:00
3569,Mia Slama,USA,,1162,,2006-03-14,,,,0,0,,,,F,WTA Tour Official,2026-05-07T09:42:24.499274+00:00
3573,Maria Kononova,RUS,,1164,,1997-03-04,,,,0,0,,,,F,WTA Tour Official,2026-05-07T09:42:27.444954+00:00
3577,Manca Pislak,SLO,,1166,,1997-09-09,,,,0,0,,,,F,WTA Tour Official,2026-05-07T09:42:30.108736+00:00
3581,Anri Nagata,JPN,,1168,,2000-05-03,,,,0,0,,,,F,WTA Tour Official,2026-05-07T09:42:32.522035+00:00
3583,Sevil Yuldasheva,UZB,,1169,,2002-01-09,,,,0,0,,,,F,WTA Tour Official,2026-05-07T09:42:33.712783+00:00
3587,Mavie Osterreicher,AUT,,1171,,2002-04-05,,,,0,0,,,,F,WTA Tour Official,2026-05-07T09:42:36.143233+00:00
3592,Polina Kaibekova,RUS,,1173,,2006-11-03,,,,0,0,,,,F,WTA Tour Official,2026-05-07T09:42:38.708111+00:00
3596,Lourdes Ayala,ARG,,1175,,2006-06-18,,,,0,0,,,,F,WTA Tour Official,2026-05-07T09:42:41.394090+00:00
3600,Leticia Garcia Vidal,BRA,,1177,,1997-03-13,,,,0,0,,,,F,WTA Tour Official,2026-05-07T09:42:43.797851+00:00
3602,Aoi Ide,JPN,,1178,,2007-11-29,,,,0,0,,,,F,WTA Tour Official,2026-05-07T09:42:44.997718+00:00
3605,Emery Combs,USA,,1179,,2011-03-08,,,,0,0,,,,F,WTA Tour Official,2026-05-07T09:42:47.401410+00:00
3607,Nao Nishino,JPN,,1182,,2005-08-17,,,,0,0,,,,F,WTA Tour Official,2026-05-07T09:42:50.052552+00:00
3609,Anastasia Efremova,RUS,,1183,,2008-08-18,,,,0,0,,,,F,WTA Tour Official,2026-05-07T09:42:53.271312+00:00
3612,Kseniia Ruchkina,RUS,,1187,,2010-01-19,,,,0,0,,,,F,WTA Tour Official,2026-05-07T09:42:56.907740+00:00
3615,Georgina Groth,GER,,1189,,2001-05-31,,,,0,0,,,,F,WTA Tour Official,2026-05-07T09:42:59.330354+00:00
3619,Jiho Shin,KOR,,1191,,2002-03-08,,,,0,0,,,,F,WTA Tour Official,2026-05-07T09:43:02.254698+00:00
2469,Maria Herazo,COL,,809,,1997-03-22,1.67 m,,Left (two-handed backhand),0,0,,"$175,204",,F,WTA Tour Official,2026-05-11T11:39:57.511956+00:00
2475,Volodymyr Iakubenko,UKR,,1042,,,,,,0,0,,,,M,ATP Tour,2026-05-07T09:25:05.607311+00:00
2476,Nicolas Ifi,BEL,,1043,,,,,,0,0,,,,M,ATP Tour,2026-05-07T09:25:06.780891+00:00
2543,Kristina Penickova,USA,,827,,2009-09-11,,,Right-handed (two-handed backhand),0,0,,"$82,717",https://upload.wikimedia.org/wikipedia/commons/thumb/3/32/Kristina_Penickova_ITF_J300_San_Diego_2024_Girls_Final_%283%29_%28cropped%29.png/330px-Kristina_Penickova_ITF_J300_San_Diego_2024_Girls_Final_%283%29_%28cropped%29.png,F,WTA Tour Official,2026-05-11T11:41:08.692193+00:00
2551,Amina Anshba,RUS,,829,,1999-09-09,,,Left (two-handed backhand),0,0,,"$286,714",,F,WTA Tour Official,2026-05-11T11:41:18.378842+00:00
2473,Gaeul Jang,KOR,,810,,2006-09-30,,,,0,0,,,,F,WTA Tour Official,2026-05-07T09:25:04.169444+00:00
2477,Anastasia Bertacchi,ITA,,811,,2006-12-18,,,,0,0,,,,F,WTA Tour Official,2026-05-07T09:25:07.802912+00:00
2487,Isabella Barrera Aguirre,USA,,813,,2003-03-07,,,,0,0,,,,F,WTA Tour Official,2026-05-07T09:25:17.001912+00:00
2490,Linda Sevcikova,CZE,,814,,1998-06-09,,,,0,0,,,,F,WTA Tour Official,2026-05-07T09:25:20.324394+00:00
2498,Ayumi Miyamoto,JPN,,816,,2000-12-18,,,,0,0,,,,F,WTA Tour Official,2026-05-07T09:25:27.652879+00:00
2502,Marianne Argyrokastriti,GRE,,817,,2001-10-01,,,,0,0,,,,F,WTA Tour Official,2026-05-07T09:25:31.252280+00:00
2510,Mana Kawamura,JPN,,819,,2001-08-06,,,,0,0,,,,F,WTA Tour Official,2026-05-07T09:25:38.805343+00:00
2522,Laquisa Khan,AUS,,822,,2002-11-11,,,,0,0,,,,F,WTA Tour Official,2026-05-07T09:25:48.999109+00:00
2529,Yingqun Sun,CHN,,824,,2006-02-09,,,,0,0,,,,F,WTA Tour Official,2026-05-07T09:25:55.007116+00:00
2533,Astrid Brune Olsen,NOR,,825,,1999-06-23,,,,0,0,,,,F,WTA Tour Official,2026-05-07T09:25:58.652346+00:00
2547,Anna Frey,USA,,828,,2007-11-05,,,,0,0,,,,F,WTA Tour Official,2026-05-07T09:26:12.544792+00:00
2553,Linea Bajraliu,SWE,,830,,2007-01-11,,,,0,0,,,,F,WTA Tour Official,2026-05-07T09:26:20.243723+00:00
2554,Monika Stankiewicz,POL,,831,,2006-10-24,,,,0,0,,,,F,WTA Tour Official,2026-05-07T09:26:24.898987+00:00
3430,Katerina Mandelikova,CZE,,1094,,2003-06-13,,,,0,0,,,,F,WTA Tour Official,2026-05-07T09:40:55.365836+00:00
3434,Asylzhan Arystanbekova,KAZ,,1096,,2006-03-01,,,,0,0,,,,F,WTA Tour Official,2026-05-07T09:40:57.760925+00:00
3438,Malkia Menguene,USA,,1098,,2000-08-08,,,,0,0,,,,F,WTA Tour Official,2026-05-07T09:41:00.281730+00:00
3442,Giuliana Bestetti,ITA,,1100,,1997-10-01,,,,0,0,,,,F,WTA Tour Official,2026-05-07T09:41:03.167376+00:00
3446,Barbara Dessolis,ITA,,1101,,2001-09-21,,,,0,0,,,,F,WTA Tour Official,2026-05-07T09:41:05.803785+00:00
3450,Valerie Glozman,USA,,1103,,2006-11-22,,,,0,0,,,,F,WTA Tour Official,2026-05-07T09:41:08.220010+00:00
3454,Rebeca Pereira,BRA,,1105,,1993-03-23,,,,0,0,,,,F,WTA Tour Official,2026-05-07T09:41:11.249852+00:00
3458,Denisa Hindova,CZE,,1107,,2002-07-17,,,,0,0,,,,F,WTA Tour Official,2026-05-07T09:41:14.164602+00:00
3462,Eleonora Alvisi,ITA,,1109,,2003-03-13,,,,0,0,,,,F,WTA Tour Official,2026-05-07T09:41:16.571308+00:00
3464,Jahnie Van Zyl,RSA,,1110,,2009-02-17,,,,0,0,,,,F,WTA Tour Official,2026-05-07T09:41:17.801210+00:00
3468,Judith Perello Saavedra,ESP,,1112,,2002-01-23,,,,0,0,,,,F,WTA Tour Official,2026-05-07T09:41:20.251411+00:00
3472,Stefania Rogozinska Dzik,POL,,1112,,2001-07-07,,,,0,0,,,,F,WTA Tour Official,2026-05-07T09:41:22.699674+00:00
3476,Warona Mdlulwa,RSA,,1116,,2000-02-17,,,,0,0,,,,F,WTA Tour Official,2026-05-07T09:41:25.906567+00:00
3480,Nina Sozaonova,RUS,,1117,,2007-01-17,,,,0,0,,,,F,WTA Tour Official,2026-05-07T09:41:28.359062+00:00
3484,Maelle Leclercq,FRA,,1119,,2004-01-19,,,,0,0,,,,F,WTA Tour Official,2026-05-07T09:41:30.782416+00:00
3486,Anna Tabunshchyk,CAN,,1121,,2008-03-07,,,,0,0,,,,F,WTA Tour Official,2026-05-07T09:41:32.078865+00:00
3490,Tianmi Mi,CHN,,1123,,2004-06-26,,,,0,0,,,,F,WTA Tour Official,2026-05-07T09:41:34.473609+00:00
3494,Marina Bulbarella,ARG,,1125,,2005-09-21,,,,0,0,,,,F,WTA Tour Official,2026-05-07T09:41:37.319369+00:00
3498,Denisa Zoldakova,CZE,,1126,,2008-01-01,,,,0,0,,,,F,WTA Tour Official,2026-05-07T09:41:39.910963+00:00
3504,Luciana Perry,USA,,1128,,2004-10-11,,,,0,0,,,,F,WTA Tour Official,2026-05-07T09:41:43.539802+00:00
3508,Kira Bataikina,RUS,,1132,,2007-12-14,,,,0,0,,,,F,WTA Tour Official,2026-05-07T09:41:45.975038+00:00
3512,Olga Helmi,DEN,,1134,,2000-03-27,,,,0,0,,,,F,WTA Tour Official,2026-05-07T09:41:48.713720+00:00
3516,Fabienne Gettwart,GER,,1136,,1996-01-03,,,,0,0,,,,F,WTA Tour Official,2026-05-07T09:41:51.332623+00:00
3520,Mia Wainwright,GBR,,1138,,2007-04-02,,,,0,0,,,,F,WTA Tour Official,2026-05-07T09:41:53.744633+00:00
3522,Alexandra Irina Anghel,ROU,,1139,,2007-03-12,,,,0,0,,,,F,WTA Tour Official,2026-05-07T09:41:54.943906+00:00
3526,Juliana Giaccio,ESP,,1141,,2008-12-03,,,,0,0,,,,F,WTA Tour Official,2026-05-07T09:41:57.349225+00:00
3531,Annabelle Xu,CAN,,1143,,2004-03-04,,,,0,0,,,,F,WTA Tour Official,2026-05-07T09:41:59.759635+00:00
3535,Tori Kinard,USA,,1144,,1987-11-24,,,,0,0,,,,F,WTA Tour Official,2026-05-07T09:42:03.188200+00:00
3539,Cristiana  Todoni,ROU,,1146,,2006-12-06,,,,0,0,,,,F,WTA Tour Official,2026-05-07T09:42:05.588042+00:00
3545,Emma Slavikova,CZE,,1150,,2003-01-24,,,,0,0,,,,F,WTA Tour Official,2026-05-07T09:42:09.189452+00:00
3549,Tayisiya Morderger,GER,,1152,,1997-03-07,,,,0,0,,,,F,WTA Tour Official,2026-05-07T09:42:11.597274+00:00
3553,Tea Kovacevic,BIH,,1154,,2010-06-21,,,,0,0,,,,F,WTA Tour Official,2026-05-07T09:42:14.797804+00:00
3557,Anastasia Sysoeva,USA,,1156,,2003-04-05,,,,0,0,,,,F,WTA Tour Official,2026-05-07T09:42:17.289770+00:00
3561,Vivian Yang,NZL,,1158,,2005-01-11,,,,0,0,,,,F,WTA Tour Official,2026-05-07T09:42:19.687017+00:00
3563,Kurea Hayasaka,JPN,,1158,,2008-05-22,,,,0,0,,,,F,WTA Tour Official,2026-05-07T09:42:20.885152+00:00
3567,Xinle Geng,CHN,,1160,,2010-11-24,,,,0,0,,,,F,WTA Tour Official,2026-05-07T09:42:23.288058+00:00
3571,Raveena Kingsley,USA,,1162,,1998-07-23,,,,0,0,,,,F,WTA Tour Official,2026-05-07T09:42:25.933044+00:00
3575,Emma Wilson,GBR,,1165,,1997-02-18,,,,0,0,,,,F,WTA Tour Official,2026-05-07T09:42:28.905920+00:00
3579,Julita Saner,SWE,,1167,,1999-04-29,,,,0,0,,,,F,WTA Tour Official,2026-05-07T09:42:31.315668+00:00
3585,Paola Lopez,USA,,1170,,2006-11-02,,,,0,0,,,,F,WTA Tour Official,2026-05-07T09:42:34.942159+00:00
3589,Andjela Lazarevic,SRB,,1171,,2005-06-20,,,,0,0,,,,F,WTA Tour Official,2026-05-07T09:42:37.343774+00:00
3594,Barbara Straszewska,POL,,1173,,2006-07-23,,,,0,0,,,,F,WTA Tour Official,2026-05-07T09:42:40.198557+00:00
3598,Maria Oliver Sanchez,ESP,,1176,,2000-05-14,,,,0,0,,,,F,WTA Tour Official,2026-05-07T09:42:42.586052+00:00
3604,India Houghton,USA,,1179,,2003-02-16,,,,0,0,,,,F,WTA Tour Official,2026-05-07T09:42:46.202741+00:00
3606,Alina Trynkina,RUS,,1179,,2002-12-05,,,,0,0,,,,F,WTA Tour Official,2026-05-07T09:42:48.693571+00:00
3608,Karla Bartel,GER,,1183,,2007-03-25,,,,0,0,,,,F,WTA Tour Official,2026-05-07T09:42:51.670148+00:00
3610,Karine Job,CMR,,1183,,2001-05-06,,,,0,0,,,,F,WTA Tour Official,2026-05-07T09:42:54.462134+00:00
3611,Mouna Bouzgarrou,TUN,,1186,,1999-10-13,,,,0,0,,,,F,WTA Tour Official,2026-05-07T09:42:55.708575+00:00
3613,Klara Kosan,USA,,1188,,2001-10-08,,,,0,0,,,,F,WTA Tour Official,2026-05-07T09:42:58.118144+00:00
3617,Chia Yi Tsao,TPE,,1190,,2003-12-02,,,,0,0,,,,F,WTA Tour Official,2026-05-07T09:43:00.703570+00:00
3621,Jennifer Dourado,BRA,,1192,,2000-12-11,,,,0,0,,,,F,WTA Tour Official,2026-05-07T09:43:03.664504+00:00
3625,Milla Sequeira,POR,,1194,,2003-08-24,,,,0,0,,,,F,WTA Tour Official,2026-05-07T09:43:06.053036+00:00
2478,Kody Pearson,AUS,,1044,,,,,,0,0,,,,M,ATP Tour,2026-05-07T09:25:08.020758+00:00
2481,Savriyan Danilov,RUS,,1047,,,,,,0,0,,,,M,ATP Tour,2026-05-07T09:25:11.847854+00:00
2483,Joris De Loore,BEL,,1048,,,,,,0,0,,,,M,ATP Tour,2026-05-07T09:25:13.406027+00:00
2484,Oliver Okonkwo,GBR,,1049,,,,,,0,0,,,,M,ATP Tour,2026-05-07T09:25:14.561439+00:00
2485,Kristjan Tamm,EST,,1050,,,,,,0,0,,,,M,ATP Tour,2026-05-07T09:25:15.715787+00:00
2486,Rocco Piatti,ITA,,1051,,,,,,0,0,,,,M,ATP Tour,2026-05-07T09:25:16.895815+00:00
2488,Ezequiel Monferrer,ARG,,1052,,,,,,0,0,,,,M,ATP Tour,2026-05-07T09:25:18.055334+00:00
2489,Alan Wazny,POL,,1053,,,,,,0,0,,,,M,ATP Tour,2026-05-07T09:25:19.224501+00:00
2491,Joao Vitor Goncalves Ceolin,BRA,,1054,,,,,,0,0,,,,M,ATP Tour,2026-05-07T09:25:20.388053+00:00
2492,Keshav Chopra,USA,,1055,,,,,,0,0,,,,M,ATP Tour,2026-05-07T09:25:21.549065+00:00
2493,Aljaz Jeran,SLO,,1056,,,,,,0,0,,,,M,ATP Tour,2026-05-07T09:25:22.732100+00:00
2495,Valentin Basel,ARG,,1057,,,,,,0,0,,,,M,ATP Tour,2026-05-07T09:25:24.753411+00:00
2496,Dimitris Azoidis,GRE,,1058,,,,,,0,0,,,,M,ATP Tour,2026-05-07T09:25:25.935905+00:00
2497,Ezekiel Clark,USA,,1059,,,,,,0,0,,,,M,ATP Tour,2026-05-07T09:25:27.096068+00:00
2499,Matias Ponce De Leon Gomila,ESP,,1060,,,,,,0,0,,,,M,ATP Tour,2026-05-07T09:25:28.254615+00:00
2500,Aslan Karatsev,RUS,,1061,,,,,,0,0,,,,M,ATP Tour,2026-05-07T09:25:29.442281+00:00
2501,Simon Reveniau,FRA,,1062,,,,,,0,0,,,,M,ATP Tour,2026-05-07T09:25:30.637131+00:00
2503,Gregoire Barrere,FRA,,1063,,,,,,0,0,,,,M,ATP Tour,2026-05-07T09:25:31.846524+00:00
2504,Jason Jung,TPE,,1064,,,,,,0,0,,,,M,ATP Tour,2026-05-07T09:25:33.009875+00:00
2505,Jannik Opitz,GER,,1065,,,,,,0,0,,,,M,ATP Tour,2026-05-07T09:25:34.198341+00:00
2506,Evgeny Karlovskiy,RUS,,1066,,,,,,0,0,,,,M,ATP Tour,2026-05-07T09:25:35.634902+00:00
2508,Sebastian Dominko,SLO,,1067,,,,,,0,0,,,,M,ATP Tour,2026-05-07T09:25:36.916881+00:00
2509,Mikael Arseneault,CAN,,1068,,,,,,0,0,,,,M,ATP Tour,2026-05-07T09:25:38.095046+00:00
2511,Matt Hulme,AUS,,1069,,,,,,0,0,,,,M,ATP Tour,2026-05-07T09:25:39.265843+00:00
2512,Maan Kesharwani,IND,,1070,,,,,,0,0,,,,M,ATP Tour,2026-05-07T09:25:40.426983+00:00
2514,James Van Herzeele,THA,,1071,,,,,,0,0,,,,M,ATP Tour,2026-05-07T09:25:41.599976+00:00
2515,Koray Kirci,TUR,,1072,,,,,,0,0,,,,M,ATP Tour,2026-05-07T09:25:42.757917+00:00
2516,Nikola Djosic,SUI,,1073,,,,,,0,0,,,,M,ATP Tour,2026-05-07T09:25:43.926320+00:00
2517,Mathieu Scaglia,FRA,,1074,,,,,,0,0,,,,M,ATP Tour,2026-05-07T09:25:45.090383+00:00
2519,Geun Jun Kim,KOR,,1075,,,,,,0,0,,,,M,ATP Tour,2026-05-07T09:25:46.279283+00:00
2520,Mateo Del Pino,ARG,,1076,,,,,,0,0,,,,M,ATP Tour,2026-05-07T09:25:47.439450+00:00
2521,Mika Lipp,GER,,1077,,,,,,0,0,,,,M,ATP Tour,2026-05-07T09:25:48.635206+00:00
2523,Oliver Anderson,AUS,,1078,,,,,,0,0,,,,M,ATP Tour,2026-05-07T09:25:49.793345+00:00
2524,Hanyi Liu,CHN,,1079,,,,,,0,0,,,,M,ATP Tour,2026-05-07T09:25:51.108937+00:00
2526,Aditya Vishal Balsekar,IND,,1080,,,,,,0,0,,,,M,ATP Tour,2026-05-07T09:25:52.412041+00:00
2527,Ali Habib,GBR,,1081,,,,,,0,0,,,,M,ATP Tour,2026-05-07T09:25:53.575264+00:00
2528,Rafael Tosetto,BRA,,1082,,,,,,0,0,,,,M,ATP Tour,2026-05-07T09:25:54.729475+00:00
2530,Stefan Vujic,AUS,,1083,,,,,,0,0,,,,M,ATP Tour,2026-05-07T09:25:55.888385+00:00
2531,Jacopo Bilardo,ITA,,1084,,,,,,0,0,,,,M,ATP Tour,2026-05-07T09:25:57.061711+00:00
2532,Matthias Ujvary,AUT,,1085,,,,,,0,0,,,,M,ATP Tour,2026-05-07T09:25:58.217822+00:00
2534,Saveliy Ivanov,RUS,,1086,,,,,,0,0,,,,M,ATP Tour,2026-05-07T09:25:59.394029+00:00
2536,Devin Badenhorst,RSA,,1088,,,,,,0,0,,,,M,ATP Tour,2026-05-07T09:26:02.222624+00:00
2538,Benito Sanchez Martinez,GER,,1089,,,,,,0,0,,,,M,ATP Tour,2026-05-07T09:26:04.291594+00:00
2539,Alejandro Hayen,MEX,,1090,,,,,,0,0,,,,M,ATP Tour,2026-05-07T09:26:05.495778+00:00
2540,Gijs Brouwer,NED,,1091,,,,,,0,0,,,,M,ATP Tour,2026-05-07T09:26:06.674557+00:00
2541,Adam Jilly,HUN,,1091,,,,,,0,0,,,,M,ATP Tour,2026-05-07T09:26:07.833333+00:00
2542,Gergely Madarasz,HUN,,1093,,,,,,0,0,,,,M,ATP Tour,2026-05-07T09:26:08.993547+00:00
2544,Martin Borisiouk,BLR,,1094,,,,,,0,0,,,,M,ATP Tour,2026-05-07T09:26:10.179392+00:00
2545,Mario Martinez Serrano,ESP,,1095,,,,,,0,0,,,,M,ATP Tour,2026-05-07T09:26:11.344277+00:00
2546,Benoit Paire,FRA,,1096,,,,,,0,0,,,,M,ATP Tour,2026-05-07T09:26:12.508698+00:00
2548,Cezar Gabriel Papoe,ROU,,1097,,,,,,0,0,,,,M,ATP Tour,2026-05-07T09:26:13.901183+00:00
2549,Rohan Mehra,IND,,1098,,,,,,0,0,,,,M,ATP Tour,2026-05-07T09:26:15.070787+00:00
2550,Leonardo Aboian,ARG,,1099,,,,,,0,0,,,,M,ATP Tour,2026-05-07T09:26:16.528389+00:00
2552,Thiago Agustin Pernas,ARG,,1100,,,,,,0,0,,,,M,ATP Tour,2026-05-07T09:26:17.759440+00:00
2555,Viola Turini,ITA,,832,,2005-12-13,,,,0,0,,,,F,WTA Tour Official,2026-05-07T09:26:29.960082+00:00
2556,Shu Matsuoka,JPN,,1101,,,,,,0,0,,,,M,ATP Tour,2026-05-07T09:26:30.111714+00:00
2557,Adrian Andreev,BUL,,1102,,,,,,0,0,,,,M,ATP Tour,2026-05-07T09:26:31.276603+00:00
2558,Marcello Serafini,ITA,,1103,,,,,,0,0,,,,M,ATP Tour,2026-05-07T09:26:32.431555+00:00
2559,Hayden Jones,AUS,,1104,,,,,,0,0,,,,M,ATP Tour,2026-05-07T09:26:33.627826+00:00
2560,Chukwumelije Clarke,USA,,833,,2009-08-14,,,,0,0,,,,F,WTA Tour Official,2026-05-07T09:26:33.772688+00:00
2561,Alen Mujakic,GER,,1105,,,,,,0,0,,,,M,ATP Tour,2026-05-07T09:26:34.802044+00:00
2562,Simeon Stankovic,SRB,,1106,,,,,,0,0,,,,M,ATP Tour,2026-05-07T09:26:36.001804+00:00
2563,Elgin Khoeblal,NED,,1107,,,,,,0,0,,,,M,ATP Tour,2026-05-07T09:26:37.159596+00:00
2564,Raquel Gonzalez Vilar,ESP,,834,,2004-04-05,,,,0,0,,,,F,WTA Tour Official,2026-05-07T09:26:37.927776+00:00
2565,Giulio Perego,ITA,,1108,,,,,,0,0,,,,M,ATP Tour,2026-05-07T09:26:38.313586+00:00
2566,Michele Mecarelli,ITA,,1109,,,,,,0,0,,,,M,ATP Tour,2026-05-07T09:26:39.475178+00:00
2567,Daniel Uta,ROU,,1110,,,,,,0,0,,,,M,ATP Tour,2026-05-07T09:26:40.826483+00:00
2568,Noel Larwig,GER,,1111,,,,,,0,0,,,,M,ATP Tour,2026-05-07T09:26:42.520689+00:00
2569,Amy Stevens,AUS,,835,,2002-10-15,,,,0,0,,,,F,WTA Tour Official,2026-05-07T09:26:42.567695+00:00
2570,Ammar Alhogbani,KSA,,1112,,,,,,0,0,,,,M,ATP Tour,2026-05-07T09:26:43.686186+00:00
2571,Piet Luis Pinter,AUT,,1113,,,,,,0,0,,,,M,ATP Tour,2026-05-07T09:26:44.850471+00:00
2573,Yuta Tomida,JPN,,1114,,,,,,0,0,,,,M,ATP Tour,2026-05-07T09:26:46.011370+00:00
2574,Zsombor Velcz,HUN,,1115,,,,,,0,0,,,,M,ATP Tour,2026-05-07T09:26:47.174937+00:00
2575,Elijah Sanogo,FRA,,1116,,,,,,0,0,,,,M,ATP Tour,2026-05-07T09:26:48.338046+00:00
2576,Vlado Jankanj,SRB,,1117,,,,,,0,0,,,,M,ATP Tour,2026-05-07T09:26:49.499901+00:00
2578,Mathis Bondaz,FRA,,1118,,,,,,0,0,,,,M,ATP Tour,2026-05-07T09:26:50.671962+00:00
2579,Gage Brymer,USA,,1119,,,,,,0,0,,,,M,ATP Tour,2026-05-07T09:26:51.846539+00:00
2581,Connor Thomson,GBR,,1120,,,,,,0,0,,,,M,ATP Tour,2026-05-07T09:26:53.820186+00:00
2582,Rudy Quan,USA,,1121,,,,,,0,0,,,,M,ATP Tour,2026-05-07T09:26:55.182745+00:00
2583,Stefan Seifert,GER,,1121,,,,,,0,0,,,,M,ATP Tour,2026-05-07T09:26:56.429817+00:00
2586,Federico Aguilar Cardozo,URU,,1124,,,,,,0,0,,,,M,ATP Tour,2026-05-07T09:26:58.984166+00:00
2587,Leonardo Malgaroli,ITA,,1125,,,,,,0,0,,,,M,ATP Tour,2026-05-07T09:27:00.144231+00:00
2589,Rocco Valente,ARG,,1126,,,,,,0,0,,,,M,ATP Tour,2026-05-07T09:27:01.306792+00:00
2590,Mickael Kaouk,FRA,,1127,,,,,,0,0,,,,M,ATP Tour,2026-05-07T09:27:02.469106+00:00
2591,Liam Branger,FRA,,1128,,,,,,0,0,,,,M,ATP Tour,2026-05-07T09:27:03.667735+00:00
2592,Edison Ambarzumjan,GER,,1129,,,,,,0,0,,,,M,ATP Tour,2026-05-07T09:27:04.843408+00:00
2594,Seongwoo Cho,KOR,,1130,,,,,,0,0,,,,M,ATP Tour,2026-05-07T09:27:06.059672+00:00
2595,Jefferson Wendler Filho,BRA,,1130,,,,,,0,0,,,,M,ATP Tour,2026-05-07T09:27:07.247994+00:00
2596,Nicolas Garcia Longo,ARG,,1132,,,,,,0,0,,,,M,ATP Tour,2026-05-07T09:27:09.316435+00:00
2597,Rafael De Alba,MEX,,1133,,,,,,0,0,,,,M,ATP Tour,2026-05-07T09:27:10.710176+00:00
2598,Makoto Ochi,JPN,,1134,,,,,,0,0,,,,M,ATP Tour,2026-05-07T09:27:11.888928+00:00
2600,Juan Bautista Otegui,ARG,,1135,,,,,,0,0,,,,M,ATP Tour,2026-05-07T09:27:13.059108+00:00
2601,Victor Hugo Remondy Pagotto,BRA,,1136,,,,,,0,0,,,,M,ATP Tour,2026-05-07T09:27:14.230038+00:00
2602,Aleksander Chayka,RUS,,1137,,,,,,0,0,,,,M,ATP Tour,2026-05-07T09:27:15.391317+00:00
2603,Hugo Pierre,FRA,,1138,,,,,,0,0,,,,M,ATP Tour,2026-05-07T09:27:16.629417+00:00
2605,Sungbeen Sim,KOR,,1139,,,,,,0,0,,,,M,ATP Tour,2026-05-07T09:27:19.455162+00:00
2606,Jeremy Schifris,GER,,1140,,,,,,0,0,,,,M,ATP Tour,2026-05-07T09:27:20.604507+00:00
2607,Melih Anavatan,TUR,,1141,,,,,,0,0,,,,M,ATP Tour,2026-05-07T09:27:21.751882+00:00
2608,Enzo Camargo Lima,BRA,,1141,,,,,,0,0,,,,M,ATP Tour,2026-05-07T09:27:22.892715+00:00
2610,Mohamed Nazim Makhlouf,ALG,,1143,,,,,,0,0,,,,M,ATP Tour,2026-05-07T09:27:24.023595+00:00
2611,Kerem Yilmaz,TUR,,1143,,,,,,0,0,,,,M,ATP Tour,2026-05-07T09:27:25.161091+00:00
2612,Ferdinand Livet Novkirichka,FRA,,1145,,,,,,0,0,,,,M,ATP Tour,2026-05-07T09:27:26.292999+00:00
2614,Nicolas Bruna,CHI,,1146,,,,,,0,0,,,,M,ATP Tour,2026-05-07T09:27:27.468086+00:00
2615,Leyton Rivera,NOR,,1147,,,,,,0,0,,,,M,ATP Tour,2026-05-07T09:27:28.623100+00:00
2616,Luis David Martinez,VEN,,1148,,,,,,0,0,,,,M,ATP Tour,2026-05-07T09:27:29.745870+00:00
2617,Martin Klizan,SVK,,1149,,,,,,0,0,,,,M,ATP Tour,2026-05-07T09:27:30.873091+00:00
2619,Siddhant Banthia,IND,,1150,,,,,,0,0,,,,M,ATP Tour,2026-05-07T09:27:32.001582+00:00
2620,Stian Klaassen,NED,,1150,,,,,,0,0,,,,M,ATP Tour,2026-05-07T09:27:33.469570+00:00
2621,Filippo Speziali,ITA,,1150,,,,,,0,0,,,,M,ATP Tour,2026-05-07T09:27:34.752031+00:00
2623,Cosme Rolland De Ravel,FRA,,1153,,,,,,0,0,,,,M,ATP Tour,2026-05-07T09:27:35.898047+00:00
2624,Pedro Cachin,ARG,,1154,,,,,,0,0,,,,M,ATP Tour,2026-05-07T09:27:37.038848+00:00
2625,Luis Felipe Miguel,BRA,,1155,,,,,,0,0,,,,M,ATP Tour,2026-05-07T09:27:38.173471+00:00
2626,Thomas Deschamps,FRA,,1156,,,,,,0,0,,,,M,ATP Tour,2026-05-07T09:27:39.301339+00:00
2628,Cooper Woestendick,USA,,1156,,,,,,0,0,,,,M,ATP Tour,2026-05-07T09:27:40.435948+00:00
2629,Alexander Rozin,CAN,,1158,,,,,,0,0,,,,M,ATP Tour,2026-05-07T09:27:41.561592+00:00
2630,David Poljak,CZE,,1159,,,,,,0,0,,,,M,ATP Tour,2026-05-07T09:27:42.707091+00:00
2631,Joaquin Guilleme,NCA,,1160,,,,,,0,0,,,,M,ATP Tour,2026-05-07T09:27:43.835292+00:00
2633,Pengyu Lu,CHN,,1161,,,,,,0,0,,,,M,ATP Tour,2026-05-07T09:27:44.984868+00:00
2634,Martin Sabas,FRA,,1162,,,,,,0,0,,,,M,ATP Tour,2026-05-07T09:27:46.414304+00:00
2635,Duje Markovina,AUS,,1163,,,,,,0,0,,,,M,ATP Tour,2026-05-07T09:27:47.579302+00:00
2637,Fons Van Sambeek,NED,,1164,,,,,,0,0,,,,M,ATP Tour,2026-05-07T09:27:48.714090+00:00
2638,Thando Longwe Smit,RSA,,1165,,,,,,0,0,,,,M,ATP Tour,2026-05-07T09:27:49.840916+00:00
2639,Ryota Tanuma,JPN,,1166,,,,,,0,0,,,,M,ATP Tour,2026-05-07T09:27:50.977741+00:00
2641,Sebastian Fanselow,GER,,1167,,,,,,0,0,,,,M,ATP Tour,2026-05-07T09:27:52.115796+00:00
2642,Ricardo Rodriguez   Pace,VEN,,1168,,,,,,0,0,,,,M,ATP Tour,2026-05-07T09:27:53.247366+00:00
2643,Gian Marco Ortenzi,ITA,,1169,,,,,,0,0,,,,M,ATP Tour,2026-05-07T09:27:54.378337+00:00
2645,Taketo Takamisawa,JPN,,1170,,,,,,0,0,,,,M,ATP Tour,2026-05-07T09:27:55.592384+00:00
2646,Valentin Lapalu,FRA,,1171,,,,,,0,0,,,,M,ATP Tour,2026-05-07T09:27:56.783341+00:00
2647,Leonardo Primucci,ITA,,1172,,,,,,0,0,,,,M,ATP Tour,2026-05-07T09:27:57.913160+00:00
2648,Ethan Cook,AUS,,1173,,,,,,0,0,,,,M,ATP Tour,2026-05-07T09:27:59.037720+00:00
2650,Leonid Sheyngezikht,BUL,,1174,,,,,,0,0,,,,M,ATP Tour,2026-05-07T09:28:00.177707+00:00
2651,Nicolas Parizzia,SUI,,1175,,,,,,0,0,,,,M,ATP Tour,2026-05-07T09:28:01.307813+00:00
2654,Denis Petak,CZE,,1176,,2006-07-18,(cm),lbs (kg),"Right-Handed, Unknown Backhand",0,0,,,,M,ATP Tour,2026-05-07T09:28:13.938318+00:00
2655,Nathan Ponwith,USA,,1177,,,,,,0,0,,,,M,ATP Tour,2026-05-07T09:28:15.066646+00:00
2656,Xing Dao Chen,CHN,,1178,,,,,,0,0,,,,M,ATP Tour,2026-05-07T09:28:16.211807+00:00
2657,Nicolas Robert,FRA,,1179,,,,,,0,0,,,,M,ATP Tour,2026-05-07T09:28:17.338127+00:00
2659,Maximilian Figl,ITA,,1180,,,,,,0,0,,,,M,ATP Tour,2026-05-07T09:28:18.681083+00:00
2660,Diogo Marques,POR,,1180,,,,,,0,0,,,,M,ATP Tour,2026-05-07T09:28:19.856343+00:00
2661,Boris Butulija,SRB,,1182,,,,,,0,0,,,,M,ATP Tour,2026-05-07T09:28:20.984276+00:00
3431,Vit Kalina,CZE,,1708,,,,,,0,0,,,,M,ATP Tour,2026-05-07T09:40:55.603694+00:00
3433,Min Ho Ko,KOR,,1708,,,,,,0,0,,,,M,ATP Tour,2026-05-07T09:40:56.777424+00:00
3435,Oscar Lacides,GUD,,1708,,,,,,0,0,,,,M,ATP Tour,2026-05-07T09:40:57.967863+00:00
3437,Illya Marchenko,UKR,,1708,,,,,,0,0,,,,M,ATP Tour,2026-05-07T09:40:59.156628+00:00
3439,Yaraslav Shyla,BLR,,1708,,,,,,0,0,,,,M,ATP Tour,2026-05-07T09:41:00.676491+00:00
2572,Solymar Colling,USA,,836,,2000-04-21,,,,0,0,,,,F,WTA Tour Official,2026-05-07T09:26:45.831454+00:00
2577,Suana Tucakovic,BIH,,837,,2004-10-25,,,,0,0,,,,F,WTA Tour Official,2026-05-07T09:26:50.038754+00:00
934,Nikolas Sanchez Izquierdo,ESP,,238,2022-09-19,1999-03-15,"6'1"" (185cm)",169 lbs (77kg),"Right-Handed, Two-Handed Backhand",0,1,,"$321,379",https://www.atptour.com/-/media/alias/player-gladiator-headshot/s0gz,M,ATP Tour,2026-05-15T06:32:06.430120+00:00
2588,Marie Villet,FRA,,840,,1996-11-17,,,,0,0,,,,F,WTA Tour Official,2026-05-07T09:27:00.906358+00:00
2604,Anna Snigireva,RUS,,843,,2007-12-22,,,,0,0,,,,F,WTA Tour Official,2026-05-07T09:27:18.711607+00:00
2632,Dj Bennett,USA,,849,,2003-08-28,,,,0,0,,,,F,WTA Tour Official,2026-05-07T09:27:44.249347+00:00
2653,Jizelle Sibai,AUS,,855,,2009-10-01,,,,0,0,,,,F,WTA Tour Official,2026-05-07T09:28:10.581435+00:00
2670,Janae Preston,USA,,859,,2010-08-13,,,,0,0,,,,F,WTA Tour Official,2026-05-07T09:28:30.054865+00:00
2682,Carolin Raschdorf,GER,,862,,2006-09-03,,,,0,0,,,,F,WTA Tour Official,2026-05-07T09:28:41.320114+00:00
2710,Diana-Ioana Simionescu,ROU,,871,,2007-08-03,,,,0,0,,,,F,WTA Tour Official,2026-05-07T09:29:22.437901+00:00
2714,Ava Rodriguez,USA,,872,,2008-05-22,,,,0,0,,,,F,WTA Tour Official,2026-05-07T09:29:26.266431+00:00
2724,Paula Cembranos,SUI,,874,,2004-01-10,,,,0,0,,,,F,WTA Tour Official,2026-05-07T09:29:35.248390+00:00
3441,Leon Sloboda,SVK,,1708,,,,,,0,0,,,,M,ATP Tour,2026-05-07T09:41:02.216422+00:00
3443,Benjamin Vitter,FRA,,1708,,,,,,0,0,,,,M,ATP Tour,2026-05-07T09:41:03.386742+00:00
3444,Nikita Volonski,AUS,,1708,,,,,,0,0,,,,M,ATP Tour,2026-05-07T09:41:04.559365+00:00
3445,Anthony Wright,GBR,,1708,,,,,,0,0,,,,M,ATP Tour,2026-05-07T09:41:05.730388+00:00
3447,Antonio Caruso,ITA,,1723,,,,,,0,0,,,,M,ATP Tour,2026-05-07T09:41:06.921637+00:00
3449,Ondrej Horak,CZE,,1723,,,,,,0,0,,,,M,ATP Tour,2026-05-07T09:41:08.088958+00:00
3451,Ryusuke Horiuchi,JPN,,1723,,,,,,0,0,,,,M,ATP Tour,2026-05-07T09:41:09.328661+00:00
3453,Emiliano Jorquera,CAN,,1723,,,,,,0,0,,,,M,ATP Tour,2026-05-07T09:41:10.995393+00:00
3455,Hyu Kawanishi,JPN,,1723,,,,,,0,0,,,,M,ATP Tour,2026-05-07T09:41:12.464529+00:00
3457,Hao Sheng Koay,MAS,,1723,,,,,,0,0,,,,M,ATP Tour,2026-05-07T09:41:13.910681+00:00
3459,Linus Lagerbohm,FIN,,1723,,,,,,0,0,,,,M,ATP Tour,2026-05-07T09:41:15.110557+00:00
3461,Arvid Nordquist,SWE,,1723,,,,,,0,0,,,,M,ATP Tour,2026-05-07T09:41:16.328944+00:00
3463,Santiago Pesino,ARG,,1723,,,,,,0,0,,,,M,ATP Tour,2026-05-07T09:41:17.552024+00:00
3465,Photos Photiades,CYP,,1723,,,,,,0,0,,,,M,ATP Tour,2026-05-07T09:41:18.728544+00:00
3467,Eli Stephenson,USA,,1723,,,,,,0,0,,,,M,ATP Tour,2026-05-07T09:41:19.921418+00:00
3469,Vladimir Bazilevskiy,ISR,,1734,,,,,,0,0,,,,M,ATP Tour,2026-05-07T09:41:21.133032+00:00
3471,Bogdan Bobrov,RUS,,1734,,,,,,0,0,,,,M,ATP Tour,2026-05-07T09:41:22.313537+00:00
3473,Tito Chavez,ESP,,1734,,,,,,0,0,,,,M,ATP Tour,2026-05-07T09:41:23.496789+00:00
3475,Andres Delgadillo,MEX,,1734,,,,,,0,0,,,,M,ATP Tour,2026-05-07T09:41:25.342921+00:00
3477,Francisco Tomas Geschwind,ARG,,1734,,,,,,0,0,,,,M,ATP Tour,2026-05-07T09:41:26.672555+00:00
3479,Tobia Grandinetti,ARG,,1734,,,,,,0,0,,,,M,ATP Tour,2026-05-07T09:41:27.840619+00:00
3481,Yeong Seok Jeong,KOR,,1734,,,,,,0,0,,,,M,ATP Tour,2026-05-07T09:41:29.025393+00:00
3483,Botond Kisantal,HUN,,1734,,,,,,0,0,,,,M,ATP Tour,2026-05-07T09:41:30.218496+00:00
3485,Noritaka Koizumi,JPN,,1734,,,,,,0,0,,,,M,ATP Tour,2026-05-07T09:41:31.435277+00:00
3487,Bharath Nishok Kumaran,IND,,1734,,,,,,0,0,,,,M,ATP Tour,2026-05-07T09:41:32.696914+00:00
3489,Lewie Lane,GER,,1734,,,,,,0,0,,,,M,ATP Tour,2026-05-07T09:41:33.866013+00:00
3491,Petr Michnev,CZE,,1734,,,,,,0,0,,,,M,ATP Tour,2026-05-07T09:41:35.035263+00:00
3493,Diogo Morais,POR,,1734,,,,,,0,0,,,,M,ATP Tour,2026-05-07T09:41:36.236138+00:00
3495,Viacheslav Ovchinnikov,RUS,,1734,,,,,,0,0,,,,M,ATP Tour,2026-05-07T09:41:37.867628+00:00
3497,Bengt Johan Reinhard,GER,,1734,,,,,,0,0,,,,M,ATP Tour,2026-05-07T09:41:39.089688+00:00
3499,Martins Rocens,LAT,,1734,,,,,,0,0,,,,M,ATP Tour,2026-05-07T09:41:40.261403+00:00
3501,Mikal Statham,NZL,,1734,,,,,,0,0,,,,M,ATP Tour,2026-05-07T09:41:41.425902+00:00
3503,Christian Wedel,GER,,1734,,,,,,0,0,,,,M,ATP Tour,2026-05-07T09:41:42.598396+00:00
3505,Lorenzo Berto,ITA,,1752,,,,,,0,0,,,,M,ATP Tour,2026-05-07T09:41:43.785281+00:00
3507,Oscar Moraing,GER,,1752,,,,,,0,0,,,,M,ATP Tour,2026-05-07T09:41:44.966877+00:00
3509,Benjamin Perez,CHI,,1752,,,,,,0,0,,,,M,ATP Tour,2026-05-07T09:41:46.208584+00:00
2599,Olga Danilova,CYP,,842,,2007-08-19,,,,0,0,,,https://upload.wikimedia.org/wikipedia/commons/thumb/3/3d/%D0%9E%D0%BB%D1%8C%D0%B3%D0%B0_%D0%94%D0%B0%D0%BD%D0%B8%D0%BB%D0%BE%D0%B2%D0%B0.jpg/330px-%D0%9E%D0%BB%D1%8C%D0%B3%D0%B0_%D0%94%D0%B0%D0%BD%D0%B8%D0%BB%D0%BE%D0%B2%D0%B0.jpg,F,WTA Tour Official,2026-05-11T11:42:03.587411+00:00
2618,Jessica Failla,USA,,846,,1997-07-05,,,Right (two-handed backhand),0,0,,"$119,709",,F,WTA Tour Official,2026-05-11T11:42:22.531189+00:00
2658,Mara Gae,ROU,,856,,2005-09-14,1.89 m,,Right-handed,0,0,,"$23,466",https://upload.wikimedia.org/wikipedia/commons/thumb/2/2c/Transylvania_Open_2026_-_Mara_Gae_vs._Maja_Chwalinska_2-6%2C_3-6_31.01.2026_%2855078076071%29_%28cropped_Mara_Gae%29.jpg/330px-Transylvania_Open_2026_-_Mara_Gae_vs._Maja_Chwalinska_2-6%2C_3-6_31.01.2026_%2855078076071%29_%28cropped_Mara_Gae%29.jpg,F,WTA Tour Official,2026-05-11T11:43:01.048389+00:00
2695,Valeria Savinykh,RUS,,868,,1991-02-20,1.67 m,,Right-handed (two-handed backhand),0,0,,"US$ 942,295",https://upload.wikimedia.org/wikipedia/commons/thumb/1/14/Valeria_Savinykh_%282023_US_Open%29_02_%28cropped%29.jpg/330px-Valeria_Savinykh_%282023_US_Open%29_02_%28cropped%29.jpg,F,WTA Tour Official,2026-05-11T11:43:59.909178+00:00
2702,Stephanie Wagner,GER,,869,,1994-09-17,1.80 m,,Right-handed (two-handed backhand),0,0,,"US $132,504",https://upload.wikimedia.org/wikipedia/commons/thumb/9/97/Wagner_BIA21_%2848%29_%2851379340145%29.jpg/330px-Wagner_BIA21_%2848%29_%2851379340145%29.jpg,F,WTA Tour Official,2026-05-11T11:44:07.121895+00:00
2731,Sara Errani,ITA,,875,,1987-04-29,1.64 m,,Right-handed (two-handed backhand),0,0,,"US $17,688,387[2]
35th in all-time rankings",https://upload.wikimedia.org/wikipedia/commons/thumb/b/b2/Errani_WMQ22_%2814%29_%2852190176812%29_%28cropped%29.jpg/330px-Errani_WMQ22_%2814%29_%2852190176812%29_%28cropped%29.jpg,F,WTA Tour Official,2026-05-11T11:44:35.877483+00:00
2580,Johanna Silva,GER,,838,,1997-11-15,,,,0,0,,,,F,WTA Tour Official,2026-05-07T09:26:53.060417+00:00
2593,Mao Mushika,JPN,,841,,2005-07-21,,,,0,0,,,,F,WTA Tour Official,2026-05-07T09:27:04.914632+00:00
2609,Klara Veldman,NED,,844,,2003-12-15,,,,0,0,,,,F,WTA Tour Official,2026-05-07T09:27:22.949124+00:00
2613,Lorena Solar Donoso,ESP,,845,,2007-06-07,,,,0,0,,,,F,WTA Tour Official,2026-05-07T09:27:26.599365+00:00
2622,Akanksha Nitture,IND,,847,,2003-03-08,,,,0,0,,,,F,WTA Tour Official,2026-05-07T09:27:35.791239+00:00
2627,Allegra Korpanec Davies,GBR,,848,,2007-10-18,,,,0,0,,,,F,WTA Tour Official,2026-05-07T09:27:39.427125+00:00
2636,Shruti Ahlawat,IND,,850,,2006-06-16,,,,0,0,,,,F,WTA Tour Official,2026-05-07T09:27:48.146678+00:00
2640,Claudia Ferrer Perez,ESP,,851,,2006-07-14,,,,0,0,,,,F,WTA Tour Official,2026-05-07T09:27:51.917540+00:00
2662,Sofia Rojas,USA,,857,,2002-12-06,,,,0,0,,,,F,WTA Tour Official,2026-05-07T09:28:21.710471+00:00
2666,Ophelie Boullay,FRA,,858,,2008-03-25,,,,0,0,,,,F,WTA Tour Official,2026-05-07T09:28:25.968713+00:00
2680,Julia Stamatova,BUL,,861,,1993-06-04,,,,0,0,,,,F,WTA Tour Official,2026-05-07T09:28:38.679427+00:00
2683,Lilian Poling,USA,,863,,1997-12-30,,,,0,0,,,,F,WTA Tour Official,2026-05-07T09:28:45.215724+00:00
2684,Wozuko Mdlulwa,RSA,,864,,2007-08-16,,,,0,0,,,,F,WTA Tour Official,2026-05-07T09:28:49.357859+00:00
3511,Sekou Bangoura,USA,,1755,,,,,,0,0,,,,M,ATP Tour,2026-05-07T09:41:47.653524+00:00
3513,Evan Burnett,USA,,1755,,,,,,0,0,,,,M,ATP Tour,2026-05-07T09:41:49.011576+00:00
3515,Hugo Cardinaud,FRA,,1755,,,,,,0,0,,,,M,ATP Tour,2026-05-07T09:41:50.271754+00:00
3517,Lenny Couturier,FRA,,1755,,,,,,0,0,,,,M,ATP Tour,2026-05-07T09:41:51.450611+00:00
3519,Mariano Dedura Palomero,GER,,1755,,,,,,0,0,,,,M,ATP Tour,2026-05-07T09:41:52.648463+00:00
3521,Nikola Djukic Valera,ESP,,1755,,,,,,0,0,,,,M,ATP Tour,2026-05-07T09:41:53.832552+00:00
3523,Hernando Jose Escurra Isnardi,PAR,,1755,,,,,,0,0,,,,M,ATP Tour,2026-05-07T09:41:55.033019+00:00
3525,Oskar Jansson,SWE,,1755,,,,,,0,0,,,,M,ATP Tour,2026-05-07T09:41:56.217755+00:00
2652,Makenna Jones,USA,,854,,1998-02-26,,,Right-handed,0,0,,"$171,953",https://upload.wikimedia.org/wikipedia/commons/thumb/b/bf/Makenna_Jones_%282023_US_Open%29_03_%28cropped%29.jpg/330px-Makenna_Jones_%282023_US_Open%29_03_%28cropped%29.jpg,F,WTA Tour Official,2026-05-11T11:42:52.022000+00:00
2675,Polina Leykina,RUS,,860,,1994-09-20,,,Right (two-handed backhand),0,0,,"US$ 175,529",,F,WTA Tour Official,2026-05-11T11:43:20.274459+00:00
2690,Michaela Bayerlova,CZE,,867,,1998-12-14,,,Right-handed,0,0,,"$119,635",,F,WTA Tour Official,2026-05-11T11:43:56.355564+00:00
2664,Noah Perfetti,ITA,,1184,,,,,,0,0,,,,M,ATP Tour,2026-05-07T09:28:24.431396+00:00
2665,Keenan Mayo,USA,,1185,,,,,,0,0,,,,M,ATP Tour,2026-05-07T09:28:25.594448+00:00
2667,Derek Pham,AUS,,1185,,,,,,0,0,,,,M,ATP Tour,2026-05-07T09:28:26.740882+00:00
2668,Andrea Meduri,ITA,,1187,,,,,,0,0,,,,M,ATP Tour,2026-05-07T09:28:27.885162+00:00
2669,Jerry Roddick,USA,,1188,,,,,,0,0,,,,M,ATP Tour,2026-05-07T09:28:29.055471+00:00
2671,Andrej Loncarevic,FRA,,1189,,,,,,0,0,,,,M,ATP Tour,2026-05-07T09:28:30.207505+00:00
2672,Boris Arias,BOL,,1190,,,,,,0,0,,,,M,ATP Tour,2026-05-07T09:28:31.616877+00:00
2673,Alexander Bernard,USA,,1191,,,,,,0,0,,,,M,ATP Tour,2026-05-07T09:28:32.851376+00:00
2674,Mustafa Ege Sik,AUS,,1191,,,,,,0,0,,,,M,ATP Tour,2026-05-07T09:28:34.018611+00:00
2676,Julian Alonso Jr,ESP,,1193,,,,,,0,0,,,,M,ATP Tour,2026-05-07T09:28:35.161253+00:00
2677,Lachlan James Mcfadzean,AUS,,1194,,,,,,0,0,,,,M,ATP Tour,2026-05-07T09:28:36.318976+00:00
2678,Tudor Batin,ROU,,1195,,,,,,0,0,,,,M,ATP Tour,2026-05-07T09:28:37.460894+00:00
2679,Orel Kimhi,ISR,,1196,,,,,,0,0,,,,M,ATP Tour,2026-05-07T09:28:38.625331+00:00
2681,Kazuki Nishiwaki,JPN,,1197,,,,,,0,0,,,,M,ATP Tour,2026-05-07T09:28:39.768694+00:00
2685,Denis Spiridon,ITA,,1198,,2002-07-02,"5'11"" (180cm)",162 lbs (73kg),"Right-Handed, Two-Handed Backhand",0,0,,,,M,ATP Tour,2026-05-07T09:28:50.308999+00:00
2686,Robert Guna,ROU,,1199,,,,,,0,0,,,,M,ATP Tour,2026-05-07T09:28:51.447444+00:00
2687,Matthew Thomson,USA,,1200,,,,,,0,0,,,,M,ATP Tour,2026-05-07T09:28:52.591151+00:00
2691,Phillip Jordan,USA,,1201,,,,,,0,0,,,,M,ATP Tour,2026-05-07T09:29:03.727330+00:00
2692,Markus Molder,EST,,1201,,,,,,0,0,,,,M,ATP Tour,2026-05-07T09:29:04.868363+00:00
2693,Mikail Alimli,FRA,,1203,,,,,,0,0,,,,M,ATP Tour,2026-05-07T09:29:06.008777+00:00
2694,Gregor Ramskogler,AUT,,1204,,,,,,0,0,,,,M,ATP Tour,2026-05-07T09:29:07.164160+00:00
2696,Abhinav Sanjeev Shanmugam,IND,,1205,,,,,,0,0,,,,M,ATP Tour,2026-05-07T09:29:08.503897+00:00
2697,Jan Hrazdil,CZE,,1206,,,,,,0,0,,,,M,ATP Tour,2026-05-07T09:29:09.664794+00:00
2698,Tobia Costanzo Baragiola Mordini,ITA,,1207,,,,,,0,0,,,,M,ATP Tour,2026-05-07T09:29:10.830908+00:00
2699,Charles Bertimon,FRA,,1208,,,,,,0,0,,,,M,ATP Tour,2026-05-07T09:29:11.973687+00:00
2700,Giacomo Crisostomo,ITA,,1209,,,,,,0,0,,,,M,ATP Tour,2026-05-07T09:29:13.162129+00:00
2701,Marcel Kamrowski,POL,,1209,,,,,,0,0,,,,M,ATP Tour,2026-05-07T09:29:14.318418+00:00
2703,Reece Falck,NZL,,1211,,,,,,0,0,,,,M,ATP Tour,2026-05-07T09:29:15.569319+00:00
2704,Ishaque Eqbal,IND,,1212,,,,,,0,0,,,,M,ATP Tour,2026-05-07T09:29:16.742787+00:00
2705,David Eichenseher,GER,,1213,,,,,,0,0,,,,M,ATP Tour,2026-05-07T09:29:17.888473+00:00
2706,Louna Zoppas,FRA,,870,,2007-03-12,,,,0,0,,,,F,WTA Tour Official,2026-05-07T09:29:18.370267+00:00
2707,Andrea Colombo,ITA,,1214,,,,,,0,0,,,,M,ATP Tour,2026-05-07T09:29:19.064653+00:00
2708,Sergi Fita Juan,ESP,,1215,,,,,,0,0,,,,M,ATP Tour,2026-05-07T09:29:20.579009+00:00
2709,Tomas Serrano Luis,POR,,1216,,,,,,0,0,,,,M,ATP Tour,2026-05-07T09:29:21.741118+00:00
2711,Niklas Waldner,AUT,,1217,,,,,,0,0,,,,M,ATP Tour,2026-05-07T09:29:22.889546+00:00
2712,Viktor Frydrych,GBR,,1218,,,,,,0,0,,,,M,ATP Tour,2026-05-07T09:29:24.087029+00:00
2713,Nicolo Toffanin,ITA,,1219,,,,,,0,0,,,,M,ATP Tour,2026-05-07T09:29:25.235261+00:00
2715,Benjamin O'Connell,AUS,,1220,,,,,,0,0,,,,M,ATP Tour,2026-05-07T09:29:26.382163+00:00
2716,Niccolò Ciavarella,ITA,,1221,,,,,,0,0,,,,M,ATP Tour,2026-05-07T09:29:27.543677+00:00
2717,Noah Thurner,GER,,1222,,,,,,0,0,,,,M,ATP Tour,2026-05-07T09:29:28.701426+00:00
2718,Gianluca Mager,ITA,,1223,,,,,,0,0,,,,M,ATP Tour,2026-05-07T09:29:29.843178+00:00
2719,Duarte Vale,POR,,1223,,,,,,0,0,,,,M,ATP Tour,2026-05-07T09:29:31.034229+00:00
2720,Shiho Tsujioka,JPN,,873,,2007-01-14,,,,0,0,,,,F,WTA Tour Official,2026-05-07T09:29:31.270091+00:00
2721,Nino Serdarusic,CRO,,1225,,,,,,0,0,,,,M,ATP Tour,2026-05-07T09:29:32.370915+00:00
2722,Takeru Yuzuki,JPN,,1226,,,,,,0,0,,,,M,ATP Tour,2026-05-07T09:29:33.912531+00:00
2723,Ofek Shimanov,ISR,,1227,,,,,,0,0,,,,M,ATP Tour,2026-05-07T09:29:35.080928+00:00
2725,Sebastian Prechtel,GER,,1228,,,,,,0,0,,,,M,ATP Tour,2026-05-07T09:29:36.251417+00:00
2726,Simon Beaupain,BEL,,1229,,,,,,0,0,,,,M,ATP Tour,2026-05-07T09:29:37.397660+00:00
2727,Isaiah Strode,USA,,1229,,,,,,0,0,,,,M,ATP Tour,2026-05-07T09:29:38.543064+00:00
2728,Leo Lagarrigue,FRA,,1231,,,,,,0,0,,,,M,ATP Tour,2026-05-07T09:29:39.691130+00:00
2729,Jea Moon Lee,KOR,,1232,,,,,,0,0,,,,M,ATP Tour,2026-05-07T09:29:40.842960+00:00
2730,Noah Lopez,SUI,,1233,,,,,,0,0,,,,M,ATP Tour,2026-05-07T09:29:42.023922+00:00
2732,Tiago Silva,POR,,1233,,,,,,0,0,,,,M,ATP Tour,2026-05-07T09:29:43.224680+00:00
2733,Arjun Rathi,IND,,1235,,,,,,0,0,,,,M,ATP Tour,2026-05-07T09:29:44.544136+00:00
2734,Andreas Timini,CYP,,1236,,,,,,0,0,,,,M,ATP Tour,2026-05-07T09:29:45.691109+00:00
2735,Remy Dugardin,FRA,,1237,,,,,,0,0,,,,M,ATP Tour,2026-05-07T09:29:46.847325+00:00
2736,Jack Loutit,NZL,,1237,,,,,,0,0,,,,M,ATP Tour,2026-05-07T09:29:47.994969+00:00
2738,Niklas Guttau,GER,,1239,,,,,,0,0,,,,M,ATP Tour,2026-05-07T09:29:49.155577+00:00
2739,Liam Krall,USA,,1240,,,,,,0,0,,,,M,ATP Tour,2026-05-07T09:29:50.321405+00:00
1578,Katarina Jokic,SRB,,378,2026-04-20,1998-04-19,,,Right-handed,3,7,,"$13,920",https://upload.wikimedia.org/wikipedia/commons/thumb/7/70/Katarina_Joki%C4%87_%2814938804368%29_%28cropped%29.jpg/330px-Katarina_Joki%C4%87_%2814938804368%29_%28cropped%29.jpg,F,WTA Tour Official,2026-05-15T06:32:32.819824+00:00
2740,George Lazarov,BUL,,1240,,,,,,0,0,,,,M,ATP Tour,2026-05-07T09:29:51.488242+00:00
2742,Ignacio Antonio Becerra Otarola,CHI,,1242,,,,,,0,0,,,,M,ATP Tour,2026-05-07T09:29:52.654031+00:00
2743,Antoni Fabre,FRA,,1242,,,,,,0,0,,,,M,ATP Tour,2026-05-07T09:29:53.808162+00:00
2744,Thomas Braithwaite,AUS,,1244,,,,,,0,0,,,,M,ATP Tour,2026-05-07T09:29:55.082301+00:00
2746,Lorenzo Comino,ITA,,1244,,,,,,0,0,,,,M,ATP Tour,2026-05-07T09:29:56.404159+00:00
2747,Edouard Villoslada,FRA,,1246,,,,,,0,0,,,,M,ATP Tour,2026-05-07T09:29:57.577948+00:00
2748,Timeo Trufelli,FRA,,1247,,,,,,0,0,,,,M,ATP Tour,2026-05-07T09:29:58.727570+00:00
2749,Louis Tessa,FRA,,1248,,,,,,0,0,,,,M,ATP Tour,2026-05-07T09:29:59.869282+00:00
2750,Selina Dal,GER,,879,,2001-11-28,,,,0,0,,,,F,WTA Tour Official,2026-05-07T09:30:00.147443+00:00
2751,Maxence Rivet,FRA,,1249,,,,,,0,0,,,,M,ATP Tour,2026-05-07T09:30:01.018477+00:00
2755,Felipe De Dios,ARG,,1252,,,,,,0,0,,,,M,ATP Tour,2026-05-07T09:30:04.519243+00:00
2756,Matteo Fondriest,ITA,,1253,,,,,,0,0,,,,M,ATP Tour,2026-05-07T09:30:05.667382+00:00
2757,Chirag Duhan,IND,,1254,,,,,,0,0,,,,M,ATP Tour,2026-05-07T09:30:06.889845+00:00
2758,Filippo Mazzola,ITA,,1255,,,,,,0,0,,,,M,ATP Tour,2026-05-07T09:30:08.239898+00:00
2760,Nikita Ianin,RUS,,1256,,,,,,0,0,,,,M,ATP Tour,2026-05-07T09:30:09.423776+00:00
2761,Ivan Gretskiy,RUS,,1257,,,,,,0,0,,,,M,ATP Tour,2026-05-07T09:30:10.946206+00:00
2762,Christian Djonov,GER,,1258,,,,,,0,0,,,,M,ATP Tour,2026-05-07T09:30:12.091462+00:00
2764,Yuichiro Inui,JPN,,1258,,,,,,0,0,,,,M,ATP Tour,2026-05-07T09:30:13.254388+00:00
2765,Tomohiro Masabayashi,JPN,,1260,,,,,,0,0,,,,M,ATP Tour,2026-05-07T09:30:14.402778+00:00
2766,Constant Lestienne,FRA,,1261,,,,,,0,0,,,,M,ATP Tour,2026-05-07T09:30:15.551099+00:00
2767,Tanishk Konduri,USA,,1262,,,,,,0,0,,,,M,ATP Tour,2026-05-07T09:30:16.833766+00:00
2769,Cleeve Harper,CAN,,1263,,,,,,0,0,,,,M,ATP Tour,2026-05-07T09:30:17.999454+00:00
2770,Ramkumar Ramanathan,IND,,1264,,,,,,0,0,,,,M,ATP Tour,2026-05-07T09:30:19.248208+00:00
2771,Niels Ratiu,BEL,,1265,,,,,,0,0,,,,M,ATP Tour,2026-05-07T09:30:20.573539+00:00
2773,Alex Chang,USA,,1266,,,,,,0,0,,,,M,ATP Tour,2026-05-07T09:30:21.733053+00:00
2774,Szymon Kielan,POL,,1267,,,,,,0,0,,,,M,ATP Tour,2026-05-07T09:30:22.878561+00:00
2775,Noa Vukadin,CRO,,1268,,,,,,0,0,,,,M,ATP Tour,2026-05-07T09:30:24.028912+00:00
2776,Timo Legout,FRA,,1269,,,,,,0,0,,,,M,ATP Tour,2026-05-07T09:30:25.179437+00:00
2778,Preston Stearns,USA,,1269,,,,,,0,0,,,,M,ATP Tour,2026-05-07T09:30:26.327598+00:00
2779,Viktor Markov,BUL,,1271,,,,,,0,0,,,,M,ATP Tour,2026-05-07T09:30:27.477074+00:00
2780,Nicholas Godsick,USA,,1272,,,,,,0,0,,,,M,ATP Tour,2026-05-07T09:30:28.627221+00:00
3614,Laurin Aerne,SUI,,1803,,,,,,0,0,,,,M,ATP Tour,2026-05-07T09:42:58.371551+00:00
3616,Simone Agostini,ITA,,1803,,,,,,0,0,,,,M,ATP Tour,2026-05-07T09:42:59.552017+00:00
3618,Miles Clark,USA,,1803,,,,,,0,0,,,,M,ATP Tour,2026-05-07T09:43:01.298994+00:00
3620,Nav Dayal,USA,,1803,,,,,,0,0,,,,M,ATP Tour,2026-05-07T09:43:02.947982+00:00
3622,Dmitry Dolzhenkov,RUS,,1803,,,,,,0,0,,,,M,ATP Tour,2026-05-07T09:43:04.123754+00:00
3624,Filiberto Fumagalli,ITA,,1803,,,,,,0,0,,,,M,ATP Tour,2026-05-07T09:43:05.304027+00:00
3626,Nicola Ion,CAN,,1803,,,,,,0,0,,,,M,ATP Tour,2026-05-07T09:43:06.481157+00:00
3628,Yeonsu Jeong,KOR,,1803,,,,,,0,0,,,,M,ATP Tour,2026-05-07T09:43:07.653254+00:00
3630,Makar Krivoshchekov,RUS,,1803,,,,,,0,0,,,,M,ATP Tour,2026-05-07T09:43:08.838204+00:00
3632,Justin Lenders,SUI,,1803,,,,,,0,0,,,,M,ATP Tour,2026-05-07T09:43:10.028932+00:00
3634,Alex Santino Nuñez Vera,PAR,,1803,,,,,,0,0,,,,M,ATP Tour,2026-05-07T09:43:11.212216+00:00
3636,Kunanan Pantaratorn,THA,,1803,,,,,,0,0,,,,M,ATP Tour,2026-05-07T09:43:12.481850+00:00
3638,Yoshka Sborowsky,FRA,,1803,,,,,,0,0,,,,M,ATP Tour,2026-05-07T09:43:13.990289+00:00
3639,Ruslan Serazhetdinov,RUS,,1803,,,,,,0,0,,,,M,ATP Tour,2026-05-07T09:43:15.382042+00:00
3640,Luke Simkiss,GBR,,1803,,,,,,0,0,,,,M,ATP Tour,2026-05-07T09:43:16.793417+00:00
3642,Marvin Bernardo Spiering,BRA,,1803,,,,,,0,0,,,,M,ATP Tour,2026-05-07T09:43:17.965062+00:00
3644,Bang Shuo Yin,TPE,,1803,,,,,,0,0,,,,M,ATP Tour,2026-05-07T09:43:19.136222+00:00
3646,Maikel De Boes,BEL,,1820,,,,,,0,0,,,,M,ATP Tour,2026-05-07T09:43:20.312326+00:00
3648,Sebastian Dominguez,GUA,,1820,,,,,,0,0,,,,M,ATP Tour,2026-05-07T09:43:21.491816+00:00
3650,Pietro Pampanin,ITA,,1820,,,,,,0,0,,,,M,ATP Tour,2026-05-07T09:43:22.692589+00:00
3844,Valdemar Frederik Pape,DEN,,1865,,,,,,0,0,,,,M,ATP Tour,2026-05-07T09:45:26.481640+00:00
3846,Matija Pecotic,CRO,,1865,,,,,,0,0,,,,M,ATP Tour,2026-05-07T09:45:27.668234+00:00
3848,Roberto Perez Socas,ESP,,1865,,,,,,0,0,,,,M,ATP Tour,2026-05-07T09:45:28.995617+00:00
3850,Peter Benjamin Privara,SVK,,1865,,,,,,0,0,,,,M,ATP Tour,2026-05-07T09:45:30.398700+00:00
3852,Felix Raser,AUT,,1865,,,,,,0,0,,,,M,ATP Tour,2026-05-07T09:45:31.561624+00:00
3854,Henry Ren,CAN,,1865,,,,,,0,0,,,,M,ATP Tour,2026-05-07T09:45:32.751239+00:00
3856,Tomas Rengel Sierra,ARG,,1865,,,,,,0,0,,,,M,ATP Tour,2026-05-07T09:45:33.919496+00:00
3858,Carl Roothman,RSA,,1865,,,,,,0,0,,,,M,ATP Tour,2026-05-07T09:45:35.231674+00:00
3860,Agassi Rusher,USA,,1865,,,,,,0,0,,,,M,ATP Tour,2026-05-07T09:45:36.639666+00:00
3862,Leevi Saatela,FIN,,1865,,,,,,0,0,,,,M,ATP Tour,2026-05-07T09:45:37.816017+00:00
3864,Mohamed Safwat,EGY,,1865,,,,,,0,0,,,,M,ATP Tour,2026-05-07T09:45:39.058605+00:00
3866,Agustín Salazar Salazar,MEX,,1865,,,,,,0,0,,,,M,ATP Tour,2026-05-07T09:45:40.459220+00:00
3868,Batyr Sapaev,UZB,,1865,,,,,,0,0,,,,M,ATP Tour,2026-05-07T09:45:42.961346+00:00
3870,Djordje Sapic,SRB,,1865,,,,,,0,0,,,,M,ATP Tour,2026-05-07T09:45:44.305103+00:00
3872,Mauricio Schtulmann Gasca,MEX,,1865,,,,,,0,0,,,,M,ATP Tour,2026-05-07T09:45:45.434038+00:00
3874,Jan Sebesta,SUI,,1865,,,,,,0,0,,,,M,ATP Tour,2026-05-07T09:45:46.564657+00:00
3876,Jack Secord,USA,,1865,,,,,,0,0,,,,M,ATP Tour,2026-05-07T09:45:47.688319+00:00
3878,Rajat Shirur,USA,,1865,,,,,,0,0,,,,M,ATP Tour,2026-05-07T09:45:48.817625+00:00
3880,Maxime St Hilaire,CAN,,1865,,,,,,0,0,,,,M,ATP Tour,2026-05-07T09:45:49.946419+00:00
3882,Harry Thursfield,GBR,,1865,,,,,,0,0,,,,M,ATP Tour,2026-05-07T09:45:51.074556+00:00
3884,Maximilian Todorov,GER,,1865,,,,,,0,0,,,,M,ATP Tour,2026-05-07T09:45:52.208710+00:00
3886,Ryan Torres,PHI,,1865,,,,,,0,0,,,,M,ATP Tour,2026-05-07T09:45:53.667050+00:00
3888,Mikhail Tsapenko,RUS,,1865,,,,,,0,0,,,,M,ATP Tour,2026-05-07T09:45:55.218662+00:00
3890,Vaal Urankar,SLO,,1865,,,,,,0,0,,,,M,ATP Tour,2026-05-07T09:45:56.354196+00:00
3892,Andres Urquiola Montellano,BOL,,1865,,,,,,0,0,,,,M,ATP Tour,2026-05-07T09:45:57.711198+00:00
3894,Adria Velazquez Farre,ESP,,1865,,,,,,0,0,,,,M,ATP Tour,2026-05-07T09:45:58.836939+00:00
3896,Brandon Walkin,GBR,,1865,,,,,,0,0,,,,M,ATP Tour,2026-05-07T09:46:00.003339+00:00
3898,Ids Waterbolk,NED,,1865,,,,,,0,0,,,,M,ATP Tour,2026-05-07T09:46:01.143188+00:00
3900,Dawid Wisniewski,POL,,1865,,,,,,0,0,,,,M,ATP Tour,2026-05-07T09:46:02.364208+00:00
3902,Natsuki Yamamoto,JPN,,1865,,,,,,0,0,,,,M,ATP Tour,2026-05-07T09:46:03.503606+00:00
3904,Yusuke Yoshikawa,JPN,,1865,,,,,,0,0,,,,M,ATP Tour,2026-05-07T09:46:04.850166+00:00
3906,Alexey Zakharov,RUS,,1865,,,,,,0,0,,,,M,ATP Tour,2026-05-07T09:46:06.003280+00:00
2754,Aspen Schuman,USA,,880,,2007-07-06,,,,0,0,,,,F,WTA Tour Official,2026-05-07T09:30:04.443664+00:00
2768,Kallista Liu,HKG,,883,,2004-06-01,,,,0,0,,,,F,WTA Tour Official,2026-05-07T09:30:17.262203+00:00
3623,Carlotta Moccia,ITA,,1193,,2003-03-17,,,,0,0,,,,F,WTA Tour Official,2026-05-07T09:43:04.860795+00:00
3627,Dia Evtimova,BUL,,1194,,1987-04-30,,,,0,0,,,,F,WTA Tour Official,2026-05-07T09:43:07.255248+00:00
3629,Marcella Dessolis,ITA,,1194,,2005-02-10,,,,0,0,,,,F,WTA Tour Official,2026-05-07T09:43:08.460629+00:00
3633,Katarina Kujovic,BEL,,1197,,2007-08-24,,,,0,0,,,,F,WTA Tour Official,2026-05-07T09:43:10.860057+00:00
3637,Isabella Svahn,SWE,,1197,,2006-06-22,,,,0,0,,,,F,WTA Tour Official,2026-05-07T09:43:13.559766+00:00
3643,Jizel Matos Sequeira Fernandes,GBR,,1202,,2001-02-07,,,,0,0,,,,F,WTA Tour Official,2026-05-07T09:43:18.750450+00:00
3645,Sarafina Hansen,DEN,,1202,,2005-06-07,,,,0,0,,,,F,WTA Tour Official,2026-05-07T09:43:19.946717+00:00
3649,Renee Alame,AUS,,1205,,2009-05-05,,,,0,0,,,,F,WTA Tour Official,2026-05-07T09:43:22.341453+00:00
3652,Qiu Yu Ye,CHN,,1207,,1997-11-29,,,,0,0,,,,F,WTA Tour Official,2026-05-07T09:43:25.051292+00:00
3656,Piper Charney,USA,,1209,,2005-07-06,,,,0,0,,,,F,WTA Tour Official,2026-05-07T09:43:27.447573+00:00
3662,Anastasia Lizunova,RUS,,1212,,2008-11-18,,,,0,0,,,,F,WTA Tour Official,2026-05-07T09:43:31.038938+00:00
3666,Emily Sartz-Lunde,NOR,,1212,,2006-01-12,,,,0,0,,,,F,WTA Tour Official,2026-05-07T09:43:33.447442+00:00
3670,Giulia Alessia Monteleone,ITA,,1216,,1998-04-10,,,,0,0,,,,F,WTA Tour Official,2026-05-07T09:43:35.873641+00:00
3675,Ciara Moore,GBR,,1218,,2007-09-18,,,,0,0,,,,F,WTA Tour Official,2026-05-07T09:43:38.619152+00:00
3679,Lexue Xiao,CHN,,1220,,2006-11-18,,,,0,0,,,,F,WTA Tour Official,2026-05-07T09:43:41.013089+00:00
3681,Kaede Usui,USA,,1220,,2007-08-21,,,,0,0,,,,F,WTA Tour Official,2026-05-07T09:43:42.223437+00:00
3685,Anjali Rathi,IND,,1223,,2006-02-28,,,,0,0,,,,F,WTA Tour Official,2026-05-07T09:43:44.616387+00:00
3689,Marjorie Souza,BRA,,1223,,2003-06-30,,,,0,0,,,,F,WTA Tour Official,2026-05-07T09:43:47.290240+00:00
3693,Jasmine Conway,GBR,,1227,,2004-12-21,,,,0,0,,,,F,WTA Tour Official,2026-05-07T09:43:49.986479+00:00
3697,Hania Abouelsaad,EGY,,1227,,2003-01-29,,,,0,0,,,,F,WTA Tour Official,2026-05-07T09:43:52.485124+00:00
3701,Rachael Smith,USA,,1231,,2008-01-31,,,,0,0,,,,F,WTA Tour Official,2026-05-07T09:43:54.882506+00:00
3703,Lois Newberry,GBR,,1231,,2007-01-09,,,,0,0,,,,F,WTA Tour Official,2026-05-07T09:43:56.086526+00:00
3707,Emily De Oliveira,USA,,1234,,2003-03-01,,,,0,0,,,,F,WTA Tour Official,2026-05-07T09:43:58.499286+00:00
3711,Caterina Odorizzi,ITA,,1236,,2002-04-01,,,,0,0,,,,F,WTA Tour Official,2026-05-07T09:44:00.888900+00:00
3715,Zhang-Qian Wei,CHN,,1238,,2008-01-30,,,,0,0,,,,F,WTA Tour Official,2026-05-07T09:44:04.279490+00:00
3719,Min Liu,CHN,,1240,,1993-02-05,,,,0,0,,,,F,WTA Tour Official,2026-05-07T09:44:06.676045+00:00
3725,Carla Giambelli,ITA,,1243,,2008-02-23,,,,0,0,,,,F,WTA Tour Official,2026-05-07T09:44:10.277230+00:00
3729,Isabel Skoog,SWE,,1244,,2008-07-26,,,,0,0,,,,F,WTA Tour Official,2026-05-07T09:44:12.728934+00:00
3734,Yoana Konstantinova,BUL,,1244,,2007-06-01,,,,0,0,,,,F,WTA Tour Official,2026-05-07T09:44:17.023441+00:00
3738,Pilar Beveraggi Lespiau,ARG,,1249,,2006-06-05,,,,0,0,,,,F,WTA Tour Official,2026-05-07T09:44:19.566510+00:00
3742,Liel Marlies Rothensteiner,AUT,,1251,,2005-01-25,,,,0,0,,,,F,WTA Tour Official,2026-05-07T09:44:21.909894+00:00
3744,Rianna Alame,AUS,,1251,,2007-08-21,,,,0,0,,,,F,WTA Tour Official,2026-05-07T09:44:23.109287+00:00
3748,Gloria Ceschi,ITA,,1253,,1998-05-24,,,,0,0,,,,F,WTA Tour Official,2026-05-07T09:44:25.445282+00:00
3752,Margaux Komano,FRA,,1256,,2001-12-25,,,,0,0,,,,F,WTA Tour Official,2026-05-07T09:44:27.769229+00:00
3908,William Zhang,USA,,1865,,,,,,0,0,,,,M,ATP Tour,2026-05-07T09:46:07.304124+00:00
3910,Shixun Zhu,CHN,,1865,,,,,,0,0,,,,M,ATP Tour,2026-05-07T09:46:08.418754+00:00
3921,Daniel Adeleye,NGR,,1954,,,,,,0,0,,,,M,ATP Tour,2026-05-07T09:46:20.038163+00:00
3923,Eric Ahren Moonga,SWE,,1954,,,,,,0,0,,,,M,ATP Tour,2026-05-07T09:46:21.161396+00:00
3925,Bader Alabdullah,KUW,,1954,,,,,,0,0,,,,M,ATP Tour,2026-05-07T09:46:22.278915+00:00
3927,Ramiro Amarilla,ARG,,1954,,,,,,0,0,,,,M,ATP Tour,2026-05-07T09:46:23.418725+00:00
3929,Joao Antonio,POR,,1954,,,,,,0,0,,,,M,ATP Tour,2026-05-07T09:46:24.548240+00:00
3931,Romeo Arcuschin,ARG,,1954,,,,,,0,0,,,,M,ATP Tour,2026-05-07T09:46:25.684246+00:00
3933,David Asenov,CAN,,1954,,,,,,0,0,,,,M,ATP Tour,2026-05-07T09:46:27.022201+00:00
3935,Sergio Badini,ITA,,1954,,,,,,0,0,,,,M,ATP Tour,2026-05-07T09:46:28.156642+00:00
3937,Nicolas Baena,PER,,1954,,,,,,0,0,,,,M,ATP Tour,2026-05-07T09:46:29.287688+00:00
3939,Lorenzo Balducci,ITA,,1954,,,,,,0,0,,,,M,ATP Tour,2026-05-07T09:46:30.421592+00:00
3941,Arian Barbic,GER,,1954,,,,,,0,0,,,,M,ATP Tour,2026-05-07T09:46:31.548241+00:00
3943,Victor Barrere,FRA,,1954,,,,,,0,0,,,,M,ATP Tour,2026-05-07T09:46:32.672213+00:00
3945,Luka Bojicic Ono,BRA,,1954,,,,,,0,0,,,,M,ATP Tour,2026-05-07T09:46:33.800876+00:00
3947,Maximilian Borisov,BUL,,1954,,,,,,0,0,,,,M,ATP Tour,2026-05-07T09:46:34.920458+00:00
3949,Federico Bove,ITA,,1954,,,,,,0,0,,,,M,ATP Tour,2026-05-07T09:46:36.065343+00:00
3950,Tyler Bowers,USA,,1954,,,,,,0,0,,,,M,ATP Tour,2026-05-07T09:46:37.188954+00:00
3952,Stylianos Christodoulou,CYP,,1954,,,,,,0,0,,,,M,ATP Tour,2026-05-07T09:46:38.338987+00:00
3955,Dario Alexandru Ciobotaru,ROU,,1954,,,,,,0,0,,,,M,ATP Tour,2026-05-07T09:46:39.492243+00:00
3956,Jose Luis Claro,PER,,1954,,,,,,0,0,,,,M,ATP Tour,2026-05-07T09:46:40.726763+00:00
3958,Sasha Colleu,FRA,,1954,,,,,,0,0,,,,M,ATP Tour,2026-05-07T09:46:41.905473+00:00
3960,Martin Doskocil,CZE,,1954,,,,,,0,0,,,,M,ATP Tour,2026-05-07T09:46:43.033984+00:00
3962,Alessandro Dragoni,ITA,,1954,,,,,,0,0,,,,M,ATP Tour,2026-05-07T09:46:44.160199+00:00
3964,Mikhail Dubrouski,BLR,,1954,,,,,,0,0,,,,M,ATP Tour,2026-05-07T09:46:45.284170+00:00
3966,Gabriel Elicha Navas,ESP,,1954,,,,,,0,0,,,,M,ATP Tour,2026-05-07T09:46:46.425392+00:00
3968,Edward Etty,NED,,1954,,,,,,0,0,,,,M,ATP Tour,2026-05-07T09:46:47.571665+00:00
3970,Wen Bo Fan,CHN,,1954,,,,,,0,0,,,,M,ATP Tour,2026-05-07T09:46:48.704569+00:00
3972,Thomas Nicholas Gadecki,AUS,,1954,,,,,,0,0,,,,M,ATP Tour,2026-05-07T09:46:49.857249+00:00
3974,Jon Gamble,USA,,1954,,,,,,0,0,,,,M,ATP Tour,2026-05-07T09:46:51.039029+00:00
3976,Alejandro Garcia Carbajal,ESP,,1954,,,,,,0,0,,,,M,ATP Tour,2026-05-07T09:46:52.220894+00:00
3978,Iker Gaztambide Arrastia,ESP,,1954,,,,,,0,0,,,,M,ATP Tour,2026-05-07T09:46:53.521934+00:00
2759,Anja Wildgruber,GER,,881,,2002-03-04,,,,0,0,,,,F,WTA Tour Official,2026-05-07T09:30:08.963484+00:00
2763,Carmen Gallardo Guevara,ESP,,882,,2003-11-21,,,,0,0,,,,F,WTA Tour Official,2026-05-07T09:30:12.827559+00:00
2772,Anna Pircher,AUT,,884,,2010-05-04,,,,0,0,,,,F,WTA Tour Official,2026-05-07T09:30:21.443691+00:00
2777,Welles Newman,USA,,885,,2010-02-11,,,,0,0,,,,F,WTA Tour Official,2026-05-07T09:30:25.581434+00:00
3631,Feier Hu,CHN,,1197,,2004-12-07,,,,0,0,,,,F,WTA Tour Official,2026-05-07T09:43:09.654192+00:00
3635,Claudia Gasparovic,AUT,,1197,,2004-10-28,,,,0,0,,,,F,WTA Tour Official,2026-05-07T09:43:12.064823+00:00
3641,Alisa Danilova,RUS,,1201,,1993-04-07,,,,0,0,,,,F,WTA Tour Official,2026-05-07T09:43:17.537375+00:00
3647,Lauren Davis,USA,,1204,,1993-10-09,,,,0,0,,,,F,WTA Tour Official,2026-05-07T09:43:21.138406+00:00
3651,Naoko Eto,JPN,,1206,,1984-12-17,,,,0,0,,,,F,WTA Tour Official,2026-05-07T09:43:23.667500+00:00
3654,Kali Supova,SVK,,1208,,2009-07-31,,,,0,0,,,,F,WTA Tour Official,2026-05-07T09:43:26.240562+00:00
2798,Vladan Tadic,BIH,,1285,,,,,,0,0,,,,M,ATP Tour,2026-05-07T09:30:45.789021+00:00
3658,Laetitia Pulchartova,CZE,,1210,,2001-01-18,,,,0,0,,,,F,WTA Tour Official,2026-05-07T09:43:28.636978+00:00
3660,Cristina Ramos Sierra,ESP,,1210,,2006-06-01,,,,0,0,,,,F,WTA Tour Official,2026-05-07T09:43:29.843038+00:00
3664,Vlada Zvereva,BLR,,1212,,2001-09-15,,,,0,0,,,,F,WTA Tour Official,2026-05-07T09:43:32.246776+00:00
3668,Lucrezia Musetti,ITA,,1215,,2007-09-28,,,,0,0,,,,F,WTA Tour Official,2026-05-07T09:43:34.638968+00:00
3673,Sera Nishimoto,JPN,,1216,,2001-01-02,,,,0,0,,,,F,WTA Tour Official,2026-05-07T09:43:37.240239+00:00
3677,Tara Moore,GBR,,1219,,1992-08-06,,,,0,0,,,,F,WTA Tour Official,2026-05-07T09:43:39.813690+00:00
937,Stefano Napolitano,ITA,,121,2024-06-17,1995-04-11,"6'5"" (196cm)",198 lbs (90kg),"Right-Handed, Two-Handed Backhand",3,7,2012,"$1,145,217",https://upload.wikimedia.org/wikipedia/commons/thumb/a/a1/Napolitano_WMQ18_%2817%29_%2828664393577%29.jpg/330px-Napolitano_WMQ18_%2817%29_%2828664393577%29.jpg,M,ATP Tour,2026-05-15T06:32:35.246298+00:00
3683,Lara Smejkal,SLO,,1222,,2004-08-07,,,,0,0,,,,F,WTA Tour Official,2026-05-07T09:43:43.411796+00:00
3687,Bunyawi Thamchaiwat,THA,,1223,,1998-07-29,,,,0,0,,,,F,WTA Tour Official,2026-05-07T09:43:45.815035+00:00
3691,Lucia Natal Gomez,ESP,,1226,,1999-05-31,,,,0,0,,,,F,WTA Tour Official,2026-05-07T09:43:48.497139+00:00
3695,Maria Mikhailova,RUS,,1227,,2002-05-28,,,,0,0,,,,F,WTA Tour Official,2026-05-07T09:43:51.283813+00:00
3699,Seo Yun Choi,KOR,,1227,,2007-11-01,,,,0,0,,,,F,WTA Tour Official,2026-05-07T09:43:53.681629+00:00
3705,Ana Victoria Gobbi Monllau,ARG,,1233,,1996-12-26,,,,0,0,,,,F,WTA Tour Official,2026-05-07T09:43:57.298355+00:00
3709,Beatris Spasova,BUL,,1235,,2002-04-02,,,,0,0,,,,F,WTA Tour Official,2026-05-07T09:43:59.690946+00:00
3713,Summer Yardley,GBR,,1237,,2000-01-28,,,,0,0,,,,F,WTA Tour Official,2026-05-07T09:44:03.031083+00:00
3717,Yana Morderger,GER,,1239,,1997-03-07,,,,0,0,,,,F,WTA Tour Official,2026-05-07T09:44:05.466563+00:00
3721,Tori Russell,AUS,,1241,,2010-05-07,,,,0,0,,,,F,WTA Tour Official,2026-05-07T09:44:07.865687+00:00
3723,Zoe Hitt,USA,,1242,,2001-03-08,,,,0,0,,,,F,WTA Tour Official,2026-05-07T09:44:09.077965+00:00
3727,Ariadna Garcia Patron Canals,ESP,,1244,,2007-05-07,,,,0,0,,,,F,WTA Tour Official,2026-05-07T09:44:11.531913+00:00
3917,Aaddi Gupta,IND,,1338,,2003-02-07,,,,0,0,,,,F,WTA Tour Official,2026-05-07T09:46:16.222208+00:00
3919,Ria Dernikovic,CRO,,1342,,2005-08-30,,,,0,0,,,,F,WTA Tour Official,2026-05-07T09:46:18.561996+00:00
3922,Sana Garakani,POR,,1345,,2003-07-22,,,,0,0,,,,F,WTA Tour Official,2026-05-07T09:46:20.863966+00:00
3924,Maria Andrienko,RUS,,1345,,2004-05-23,,,,0,0,,,,F,WTA Tour Official,2026-05-07T09:46:22.005879+00:00
3928,Melissa Boyden,GBR,,1345,,2003-06-24,,,,0,0,,,,F,WTA Tour Official,2026-05-07T09:46:24.319910+00:00
3932,Carla Tomai,POR,,1345,,2005-05-31,,,,0,0,,,,F,WTA Tour Official,2026-05-07T09:46:26.727075+00:00
3936,Nikola Breckova,CZE,,1345,,2001-07-14,,,,0,0,,,,F,WTA Tour Official,2026-05-07T09:46:29.167031+00:00
3940,Camila Rodero Contreras,CHI,,1345,,2008-05-12,,,,0,0,,,,F,WTA Tour Official,2026-05-07T09:46:31.439416+00:00
3946,Giovana Schincariol Delatorre Barbosa,BRA,,1345,,2007-01-15,,,,0,0,,,,F,WTA Tour Official,2026-05-07T09:46:34.903610+00:00
3951,Madhurima Sawant,IND,,1345,,2005-09-09,,,,0,0,,,,F,WTA Tour Official,2026-05-07T09:46:37.180581+00:00
3954,Lola Giza,GER,,1345,,2007-04-30,,,,0,0,,,,F,WTA Tour Official,2026-05-07T09:46:39.490445+00:00
3959,Naomi Xu,CAN,,1345,,2006-09-30,,,,0,0,,,,F,WTA Tour Official,2026-05-07T09:46:41.919448+00:00
3963,Angela Cui,AUS,,1365,,2006-11-10,,,,0,0,,,,F,WTA Tour Official,2026-05-07T09:46:44.182341+00:00
3969,Aliesia Reva,UKR,,1365,,2006-02-11,,,,0,0,,,,F,WTA Tour Official,2026-05-07T09:46:47.594094+00:00
3973,Chiara Fornasieri,ITA,,1369,,2003-09-26,,,,0,0,,,,F,WTA Tour Official,2026-05-07T09:46:50.048847+00:00
3977,Melina Maruca,ARG,,1369,,2002-05-20,,,,0,0,,,,F,WTA Tour Official,2026-05-07T09:46:52.506943+00:00
3981,Aurora Urso,ITA,,1369,,2000-10-05,,,,0,0,,,,F,WTA Tour Official,2026-05-07T09:46:54.872259+00:00
3985,Angelica Sara,ITA,,1369,,2009-11-19,,,,0,0,,,,F,WTA Tour Official,2026-05-07T09:46:57.140363+00:00
3991,Lya Isabel Fernandez Olivares,MEX,,1379,,2007-07-24,,,,0,0,,,,F,WTA Tour Official,2026-05-07T09:47:00.692591+00:00
3995,Kristina Paskauskas,GBR,,1380,,2004-06-12,,,,0,0,,,,F,WTA Tour Official,2026-05-07T09:47:02.971824+00:00
3999,Emilija Tverijonaite,LTU,,1380,,2004-12-10,,,,0,0,,,,F,WTA Tour Official,2026-05-07T09:47:05.250536+00:00
4003,Zijun Jiang,CHN,,1380,,2005-03-03,,,,0,0,,,,F,WTA Tour Official,2026-05-07T09:47:07.559889+00:00
4007,Heike Janse Van Vuuren,RSA,,1380,,2004-08-30,,,,0,0,,,,F,WTA Tour Official,2026-05-07T09:47:09.827111+00:00
4009,Emma Charney,USA,,1380,,2003-03-16,,,,0,0,,,,F,WTA Tour Official,2026-05-07T09:47:10.969977+00:00
4013,Alice Battesti,FRA,,1380,,2005-01-22,,,,0,0,,,,F,WTA Tour Official,2026-05-07T09:47:13.388925+00:00
4015,Jiayu Xu,CHN,,1380,,2003-03-18,,,,0,0,,,,F,WTA Tour Official,2026-05-07T09:47:15.674479+00:00
4017,Charlotte Narti,FRA,,1380,,2009-11-18,,,,0,0,,,,F,WTA Tour Official,2026-05-07T09:47:17.932894+00:00
4019,Nahjime Dho,FRA,,1380,,2006-02-05,,,,0,0,,,,F,WTA Tour Official,2026-05-07T09:47:20.349196+00:00
4020,Jensen Diianni,USA,,1380,,2009-06-10,,,,0,0,,,,F,WTA Tour Official,2026-05-07T09:47:21.466980+00:00
4022,Zi Ying Ruan,CHN,,1380,,2006-07-13,,,,0,0,,,,F,WTA Tour Official,2026-05-07T09:47:23.743702+00:00
4024,Dominika Podhajecka,POL,,1380,,2006-06-18,,,,0,0,,,,F,WTA Tour Official,2026-05-07T09:47:28.685596+00:00
4026,Ruirui Zou,CHN,,1380,,2006-09-14,,,,0,0,,,,F,WTA Tour Official,2026-05-07T09:47:30.995096+00:00
4027,Mathilde Ngijol Carre,FRA,,1380,,2007-10-27,,,,0,0,,,,F,WTA Tour Official,2026-05-07T09:47:32.123605+00:00
4029,Michela Castro Zunino,PER,,1380,,2006-08-11,,,,0,0,,,,F,WTA Tour Official,2026-05-07T09:47:34.470915+00:00
2782,Fnu Nidunjianzan,CHN,,1273,,,,,,0,0,,,,M,ATP Tour,2026-05-07T09:30:30.924405+00:00
2783,Elza Tomase,LAT,,886,,2002-01-02,,,,0,0,,,,F,WTA Tour Official,2026-05-07T09:30:31.144044+00:00
2784,Liam Gavrielides,GER,,1275,,,,,,0,0,,,,M,ATP Tour,2026-05-07T09:30:32.371236+00:00
2785,Yannick Theodor Alexandrescou,FRA,,1276,,,,,,0,0,,,,M,ATP Tour,2026-05-07T09:30:33.559970+00:00
2786,James Connel,GBR,,1277,,,,,,0,0,,,,M,ATP Tour,2026-05-07T09:30:34.722152+00:00
2787,Anastasija Cvetkovic,SRB,,887,,2008-06-25,,,,0,0,,,,F,WTA Tour Official,2026-05-07T09:30:34.882615+00:00
2788,Melvin Kumar,SWE,,1278,,,,,,0,0,,,,M,ATP Tour,2026-05-07T09:30:35.867412+00:00
2789,Bernardo Munk Mesa,ESP,,1279,,,,,,0,0,,,,M,ATP Tour,2026-05-07T09:30:37.017463+00:00
2790,Lauryn John-Baptiste,GBR,,888,,1999-07-26,,,,0,0,,,,F,WTA Tour Official,2026-05-07T09:30:37.677780+00:00
2791,Patrik Munkhammar,SWE,,1280,,,,,,0,0,,,,M,ATP Tour,2026-05-07T09:30:38.169713+00:00
2792,Enrique Carrascosa Diaz,ESP,,1281,,,,,,0,0,,,,M,ATP Tour,2026-05-07T09:30:39.337100+00:00
2793,Johan Oscar Lien,NOR,,1281,,,,,,0,0,,,,M,ATP Tour,2026-05-07T09:30:40.503961+00:00
2794,Jonas Pelle Hartenstein,GER,,1283,,,,,,0,0,,,,M,ATP Tour,2026-05-07T09:30:41.646933+00:00
2795,Arabella Koller,AUT,,889,,2000-08-31,,,,0,0,,,,F,WTA Tour Official,2026-05-07T09:30:41.778805+00:00
2796,Leonardo Borrelli,ITA,,1284,,,,,,0,0,,,,M,ATP Tour,2026-05-07T09:30:42.817056+00:00
2797,Kuzey Cekirge,TUR,,1285,,,,,,0,0,,,,M,ATP Tour,2026-05-07T09:30:44.038021+00:00
2800,Gilberto Ravasio,ITA,,1287,,,,,,0,0,,,,M,ATP Tour,2026-05-07T09:30:47.261202+00:00
2801,Vishnu Vardhan,IND,,1288,,,,,,0,0,,,,M,ATP Tour,2026-05-07T09:30:48.411383+00:00
2802,Alexander Wagner,AUT,,1288,,,,,,0,0,,,,M,ATP Tour,2026-05-07T09:30:49.575272+00:00
2804,Xi Luo,CHN,,892,,2007-12-16,,,,0,0,,,,F,WTA Tour Official,2026-05-07T09:30:52.764972+00:00
2805,Tiana Tian Deng,SWE,,893,,2008-07-05,,,,0,0,,,,F,WTA Tour Official,2026-05-07T09:30:56.541843+00:00
2806,Ivan Denisov,RUS,,1290,,2000-06-07,"5'11"" (180cm)",162 lbs (73kg),"Right-Handed, Unknown Backhand",0,0,,,,M,ATP Tour,2026-05-07T09:31:00.563286+00:00
2807,Natalia Sousa Salazar,MEX,,894,,2006-05-16,,,,0,0,,,,F,WTA Tour Official,2026-05-07T09:31:01.486986+00:00
2808,Nikola Basic,CRO,,1291,,,,,,0,0,,,,M,ATP Tour,2026-05-07T09:31:01.715378+00:00
2809,Aldin Setkic,BIH,,1292,,,,,,0,0,,,,M,ATP Tour,2026-05-07T09:31:02.862716+00:00
2810,Victor Braga,BRA,,1293,,,,,,0,0,,,,M,ATP Tour,2026-05-07T09:31:04.004565+00:00
2811,Ksenia Smirnova,RUS,,895,,2007-08-15,,,,0,0,,,,F,WTA Tour Official,2026-05-07T09:31:04.782484+00:00
2812,Xiaoyin Yang,CHN,,1294,,,,,,0,0,,,,M,ATP Tour,2026-05-07T09:31:05.148774+00:00
2813,Oskar Grzegorzewski,POL,,1295,,,,,,0,0,,,,M,ATP Tour,2026-05-07T09:31:06.297140+00:00
2814,Amador Salazar,CHI,,1296,,,,,,0,0,,,,M,ATP Tour,2026-05-07T09:31:07.447192+00:00
2815,Miha Vetrih,SLO,,1296,,,,,,0,0,,,,M,ATP Tour,2026-05-07T09:31:08.773539+00:00
2816,Alessio Basile,BEL,,1298,,,,,,0,0,,,,M,ATP Tour,2026-05-07T09:31:10.111358+00:00
2817,Ronald Hohmann,USA,,1298,,,,,,0,0,,,,M,ATP Tour,2026-05-07T09:31:11.496455+00:00
2819,Jasza Szajrych,POL,,1300,,,,,,0,0,,,,M,ATP Tour,2026-05-07T09:31:12.637315+00:00
2820,Victoria Osuigwe,USA,,897,,2006-12-12,,,,0,0,,,,F,WTA Tour Official,2026-05-07T09:31:15.393423+00:00
2822,Marta Lombardini,ITA,,899,,2003-02-27,,,,0,0,,,,F,WTA Tour Official,2026-05-07T09:31:24.339840+00:00
2823,Aaron Gil Garcia,LUX,,1301,,,,,,0,0,,,,M,ATP Tour,2026-05-07T09:31:26.971944+00:00
2824,Sabine Rutlauka,LAT,,900,,2002-10-11,,,,0,0,,,,F,WTA Tour Official,2026-05-07T09:31:28.314980+00:00
2825,James Beaven,GBR,,1302,,,,,,0,0,,,,M,ATP Tour,2026-05-07T09:31:28.540907+00:00
2826,Fanming Meng,CHN,,1303,,,,,,0,0,,,,M,ATP Tour,2026-05-07T09:31:29.688875+00:00
2827,Luke Hooper,GBR,,1304,,,,,,0,0,,,,M,ATP Tour,2026-05-07T09:31:30.851131+00:00
2828,Nikola Jovic,SRB,,1304,,,,,,0,0,,,,M,ATP Tour,2026-05-07T09:31:31.997035+00:00
2829,Alp Horoz,TUR,,1306,,,,,,0,0,,,,M,ATP Tour,2026-05-07T09:31:33.145032+00:00
2830,Lucca Pinto,BRA,,1306,,,,,,0,0,,,,M,ATP Tour,2026-05-07T09:31:34.317307+00:00
2831,Salma Drugdova,SVK,,901,,2004-12-09,,,,0,0,,,,F,WTA Tour Official,2026-05-07T09:31:35.279834+00:00
2832,Joshua Peck,CAN,,1308,,,,,,0,0,,,,M,ATP Tour,2026-05-07T09:31:35.462904+00:00
2833,Ioannis Kountourakis,GRE,,1309,,,,,,0,0,,,,M,ATP Tour,2026-05-07T09:31:36.672098+00:00
2834,Camilla Gennaro,ITA,,902,,2003-09-30,,,,0,0,,,,F,WTA Tour Official,2026-05-07T09:31:38.227811+00:00
2835,Yassine Smiej,MAR,,1310,,,,,,0,0,,,,M,ATP Tour,2026-05-07T09:31:38.420055+00:00
2836,Preston Brown,USA,,1311,,,,,,0,0,,,,M,ATP Tour,2026-05-07T09:31:39.695708+00:00
2837,Yannik Alvarez,PUR,,1312,,,,,,0,0,,,,M,ATP Tour,2026-05-07T09:31:40.836948+00:00
2838,Daniel Cukierman,ISR,,1312,,,,,,0,0,,,,M,ATP Tour,2026-05-07T09:31:41.991486+00:00
2839,Rohan Murali,USA,,1312,,,,,,0,0,,,,M,ATP Tour,2026-05-07T09:31:43.145234+00:00
2841,Max Dahlin,SWE,,1315,,,,,,0,0,,,,M,ATP Tour,2026-05-07T09:31:44.290581+00:00
2842,Sergio Luis Hernandez Ramirez,COL,,1315,,,,,,0,0,,,,M,ATP Tour,2026-05-07T09:31:45.452307+00:00
2843,Federico Zeballos,BOL,,1315,,,,,,0,0,,,,M,ATP Tour,2026-05-07T09:31:46.598520+00:00
2844,Mehdi Benchakroun,MAR,,1318,,,,,,0,0,,,,M,ATP Tour,2026-05-07T09:31:47.753899+00:00
2818,Patricija Paukstyte,LTU,,896,,2004-09-13,,,Right-handed,0,0,,"$35,382",https://upload.wikimedia.org/wikipedia/commons/thumb/c/cb/Patricija_Pauk%C5%A1tyt%C4%97_%28Feb_2026%29_01_%28cropped%29.jpg/330px-Patricija_Pauk%C5%A1tyt%C4%97_%28Feb_2026%29_01_%28cropped%29.jpg,F,WTA Tour Official,2026-05-11T11:45:59.585588+00:00
2821,Francoise Abanda,CAN,,898,,1997-02-05,1.78 m,,Right-handed (two-handed backhand),0,0,,"$549,776",https://upload.wikimedia.org/wikipedia/commons/thumb/1/17/Abanda_WMQ18_%281%29_%2842835205354%29.jpg/330px-Abanda_WMQ18_%281%29_%2842835205354%29.jpg,F,WTA Tour Official,2026-05-11T11:46:09.577764+00:00
2845,Charo Esquiva Banuls,ESP,,904,,2008-03-12,,,,0,0,,,,F,WTA Tour Official,2026-05-07T09:31:48.124098+00:00
2852,Joy De Zeeuw,NED,,906,,2006-05-15,,,,0,0,,,,F,WTA Tour Official,2026-05-07T09:31:54.022044+00:00
2856,Ashleigh Simes,AUS,,907,,2003-02-05,,,,0,0,,,,F,WTA Tour Official,2026-05-07T09:31:58.366278+00:00
2864,Ekaterina Tupitsyna,RUS,,909,,2008-07-02,,,,0,0,,,,F,WTA Tour Official,2026-05-07T09:32:05.587146+00:00
939,Thiago Seyboth Wild,BRA,,58,2024-05-20,2000-03-10,"6'1"" (185cm)",176 lbs (80kg),"Right-Handed, Two-Handed Backhand",39,57,2018,"$2,409,569",https://upload.wikimedia.org/wikipedia/commons/thumb/7/75/Thiago_Seyboth_Wild_-_2024_Olympics_%28cropped%29.jpg/330px-Thiago_Seyboth_Wild_-_2024_Olympics_%28cropped%29.jpg?utm_source=en.wikipedia.org&utm_campaign=api&utm_content=thumbnail,M,ATP Tour,2026-05-15T06:32:51.493175+00:00
2885,Yushan Shao,CHN,,913,,2008-12-26,,,,0,0,,,,F,WTA Tour Official,2026-05-07T09:32:25.568195+00:00
2901,Petra Sedlackova,CZE,,916,,2001-08-07,,,,0,0,,,,F,WTA Tour Official,2026-05-07T09:32:41.694605+00:00
2905,Didi Bredberg Canizares,USA,,917,,2004-07-29,,,,0,0,,,,F,WTA Tour Official,2026-05-07T09:32:44.894831+00:00
2923,Valeriia Artemeva,RUS,,922,,2007-06-09,,,,0,0,,,,F,WTA Tour Official,2026-05-07T09:33:01.434919+00:00
2930,Giulia Paterno,ITA,,924,,2003-09-11,,,,0,0,,,,F,WTA Tour Official,2026-05-07T09:33:08.589837+00:00
2934,Lavinia Luciano,ITA,,925,,2006-12-24,,,,0,0,,,,F,WTA Tour Official,2026-05-07T09:33:13.048735+00:00
2951,Teah Chavez,CAN,,928,,2005-12-07,,,,0,0,,,,F,WTA Tour Official,2026-05-07T09:33:32.187523+00:00
2963,Mila Masic,SRB,,932,,1997-11-29,,,,0,0,,,,F,WTA Tour Official,2026-05-07T09:33:53.848768+00:00
2970,Elyse Tse,NZL,,934,,2004-04-10,,,,0,0,,,,F,WTA Tour Official,2026-05-07T09:34:00.479347+00:00
2975,Alja Senica,SLO,,935,,2008-05-10,,,,0,0,,,,F,WTA Tour Official,2026-05-07T09:34:05.036448+00:00
3653,Matthew Segura,USA,,1820,,,,,,0,0,,,,M,ATP Tour,2026-05-07T09:43:25.296544+00:00
3655,Sergey Betov,BLR,,1824,,,,,,0,0,,,,M,ATP Tour,2026-05-07T09:43:26.478049+00:00
3657,Sven Corbinais,FRA,,1824,,,,,,0,0,,,,M,ATP Tour,2026-05-07T09:43:27.649394+00:00
3659,Jesse De Jager,NED,,1824,,,,,,0,0,,,,M,ATP Tour,2026-05-07T09:43:28.823180+00:00
3661,Alex Finkelstein,USA,,1824,,,,,,0,0,,,,M,ATP Tour,2026-05-07T09:43:30.002243+00:00
3663,Tomas Jordi Leston,ARG,,1824,,,,,,0,0,,,,M,ATP Tour,2026-05-07T09:43:31.171339+00:00
3665,Jun Hao Luo,CHN,,1824,,,,,,0,0,,,,M,ATP Tour,2026-05-07T09:43:32.345940+00:00
3667,Ajay Malik,IND,,1824,,,,,,0,0,,,,M,ATP Tour,2026-05-07T09:43:33.518377+00:00
3669,Karol Malirz,POL,,1824,,,,,,0,0,,,,M,ATP Tour,2026-05-07T09:43:34.710932+00:00
3671,Drazen Petrovic,BIH,,1824,,,,,,0,0,,,,M,ATP Tour,2026-05-07T09:43:35.890029+00:00
3672,Noah Regas Luis,ESP,,1824,,,,,,0,0,,,,M,ATP Tour,2026-05-07T09:43:37.239487+00:00
3674,Alessandro Spadola,ITA,,1824,,,,,,0,0,,,,M,ATP Tour,2026-05-07T09:43:38.450023+00:00
3676,Esteban Talavera Cortes,ESP,,1824,,,,,,0,0,,,,M,ATP Tour,2026-05-07T09:43:39.624283+00:00
3678,Matei Todoran,ROU,,1824,,,,,,0,0,,,,M,ATP Tour,2026-05-07T09:43:40.814595+00:00
3680,Ha Minh Duc Vu,VIE,,1824,,,,,,0,0,,,,M,ATP Tour,2026-05-07T09:43:41.982813+00:00
3682,Caheer Warik,IND,,1824,,,,,,0,0,,,,M,ATP Tour,2026-05-07T09:43:43.166915+00:00
3684,Jan Wygona,POL,,1824,,,,,,0,0,,,,M,ATP Tour,2026-05-07T09:43:44.381648+00:00
3686,Linghao Zhang,CHN,,1824,,,,,,0,0,,,,M,ATP Tour,2026-05-07T09:43:45.569962+00:00
3688,Zhan Zheng,CHN,,1824,,,,,,0,0,,,,M,ATP Tour,2026-05-07T09:43:46.802543+00:00
3690,Dorian Tremblay,FRA,,1842,,,,,,0,0,,,,M,ATP Tour,2026-05-07T09:43:48.002882+00:00
3692,Alvaro Jimenez,ESP,,1843,,,,,,0,0,,,,M,ATP Tour,2026-05-07T09:43:49.266475+00:00
3694,Kazuma Kawachi,JPN,,1843,,,,,,0,0,,,,M,ATP Tour,2026-05-07T09:43:50.717464+00:00
3696,William Nolan,GBR,,1843,,,,,,0,0,,,,M,ATP Tour,2026-05-07T09:43:51.986250+00:00
3698,Savva Rybkin,RUS,,1843,,,,,,0,0,,,,M,ATP Tour,2026-05-07T09:43:53.162425+00:00
3700,Mateya Stanisavljevic,SRB,,1843,,,,,,0,0,,,,M,ATP Tour,2026-05-07T09:43:54.340772+00:00
3702,Lars Goran Verwerft,BEL,,1848,,,,,,0,0,,,,M,ATP Tour,2026-05-07T09:43:55.533330+00:00
3704,Anas Bennour Dit Sahli,TUN,,1849,,,,,,0,0,,,,M,ATP Tour,2026-05-07T09:43:56.735367+00:00
3706,Jeffrey Fradkin,USA,,1849,,,,,,0,0,,,,M,ATP Tour,2026-05-07T09:43:57.913314+00:00
3708,Sasa Markovic,SRB,,1849,,,,,,0,0,,,,M,ATP Tour,2026-05-07T09:43:59.115450+00:00
3710,Alessandro Bellifemine,ITA,,1852,,,,,,0,0,,,,M,ATP Tour,2026-05-07T09:44:00.285238+00:00
3712,Vesa Ahti,FIN,,1853,,,,,,0,0,,,,M,ATP Tour,2026-05-07T09:44:02.109659+00:00
3714,Ivan Biletic,BIH,,1853,,,,,,0,0,,,,M,ATP Tour,2026-05-07T09:44:03.804022+00:00
3716,Dmitry Kopilevich,SLO,,1853,,,,,,0,0,,,,M,ATP Tour,2026-05-07T09:44:04.977756+00:00
3718,Loic Namigandet Tenguere,FRA,,1853,,,,,,0,0,,,,M,ATP Tour,2026-05-07T09:44:06.168774+00:00
3720,Parth Aggarwal,IND,,1857,,,,,,0,0,,,,M,ATP Tour,2026-05-07T09:44:07.345995+00:00
3722,Daniel Jade,FRA,,1857,,,,,,0,0,,,,M,ATP Tour,2026-05-07T09:44:08.544633+00:00
3724,Fumin Jiang,CHN,,1857,,,,,,0,0,,,,M,ATP Tour,2026-05-07T09:44:09.740092+00:00
3726,Luca Parenti,ITA,,1857,,,,,,0,0,,,,M,ATP Tour,2026-05-07T09:44:10.960181+00:00
3728,Ignasi Forcano Aparicio,ESP,,1861,,,,,,0,0,,,,M,ATP Tour,2026-05-07T09:44:12.150958+00:00
3730,Anthony Susanto,INA,,1861,,,,,,0,0,,,,M,ATP Tour,2026-05-07T09:44:13.324714+00:00
3731,Sheng Tang,CHN,,1861,,,,,,0,0,,,,M,ATP Tour,2026-05-07T09:44:14.527873+00:00
3733,Luis Garcia Paez,ESP,,1864,,,,,,0,0,,,,M,ATP Tour,2026-05-07T09:44:15.958775+00:00
3735,Motoharu Abe,JPN,,1865,,,,,,0,0,,,,M,ATP Tour,2026-05-07T09:44:17.697167+00:00
3737,Sarp Agabigun,TUR,,1865,,,,,,0,0,,,,M,ATP Tour,2026-05-07T09:44:18.882220+00:00
3739,Artur Aiukhanov,RUS,,1865,,,,,,0,0,,,,M,ATP Tour,2026-05-07T09:44:20.065012+00:00
3741,Juan Samuel Arauzo Martinez,ESP,,1865,,,,,,0,0,,,,M,ATP Tour,2026-05-07T09:44:21.365055+00:00
3743,Nathan Anthony Barki,INA,,1865,,,,,,0,0,,,,M,ATP Tour,2026-05-07T09:44:22.539591+00:00
3745,Juan Ignacio Barraza,ARG,,1865,,,,,,0,0,,,,M,ATP Tour,2026-05-07T09:44:23.717229+00:00
2870,Ela Milic,SLO,,910,,2006-02-28,,,Right-handed (two-handed backhand),0,0,,"US$21,812",,F,WTA Tour Official,2026-05-11T11:46:57.463899+00:00
2952,Dabin Kim,KOR,,929,,1997-01-02,,,Right (two-handed backhand),0,0,,"$94,319",,F,WTA Tour Official,2026-05-11T11:48:12.491070+00:00
2846,Noah Johnston,USA,,1318,,,,,,0,0,,,,M,ATP Tour,2026-05-07T09:31:49.044807+00:00
2847,Segundo Goity Zapico,ARG,,1320,,,,,,0,0,,,,M,ATP Tour,2026-05-07T09:31:50.315470+00:00
2849,Ryan James Storrie,GBR,,1321,,,,,,0,0,,,,M,ATP Tour,2026-05-07T09:31:51.466973+00:00
2850,Kriish Tyagi,IND,,1322,,,,,,0,0,,,,M,ATP Tour,2026-05-07T09:31:52.614921+00:00
2851,Filip Gustafsson,SWE,,1323,,,,,,0,0,,,,M,ATP Tour,2026-05-07T09:31:53.772121+00:00
2853,Rodrigo Fernandes,POR,,1324,,,,,,0,0,,,,M,ATP Tour,2026-05-07T09:31:54.986233+00:00
2854,Michal Novansky,SVK,,1325,,,,,,0,0,,,,M,ATP Tour,2026-05-07T09:31:56.140857+00:00
2855,Davide Tortora,ITA,,1325,,,,,,0,0,,,,M,ATP Tour,2026-05-07T09:31:57.292184+00:00
2857,Iiro Vasa,FIN,,1325,,,,,,0,0,,,,M,ATP Tour,2026-05-07T09:31:58.458020+00:00
2858,Khololwam Montsi,RSA,,1328,,,,,,0,0,,,,M,ATP Tour,2026-05-07T09:31:59.603978+00:00
2859,Marko Mesarovic,USA,,1329,,,,,,0,0,,,,M,ATP Tour,2026-05-07T09:32:01.341739+00:00
2861,Harold Huens,BEL,,1330,,,,,,0,0,,,,M,ATP Tour,2026-05-07T09:32:02.540196+00:00
2862,Adam Lynch,USA,,1330,,,,,,0,0,,,,M,ATP Tour,2026-05-07T09:32:03.714466+00:00
2863,Novak Novakovic,SRB,,1330,,,,,,0,0,,,,M,ATP Tour,2026-05-07T09:32:04.892948+00:00
2865,Gavin Goode,USA,,1333,,,,,,0,0,,,,M,ATP Tour,2026-05-07T09:32:06.053246+00:00
2866,Gilbert Klier Junior,BRA,,1334,,,,,,0,0,,,,M,ATP Tour,2026-05-07T09:32:07.250932+00:00
2867,Oskari Paldanius,FIN,,1334,,,,,,0,0,,,,M,ATP Tour,2026-05-07T09:32:08.403547+00:00
2868,Theo Herrmann,FRA,,1336,,,,,,0,0,,,,M,ATP Tour,2026-05-07T09:32:09.564848+00:00
2869,Nikolas Stoot,USA,,1336,,,,,,0,0,,,,M,ATP Tour,2026-05-07T09:32:10.719281+00:00
2871,Junhyeon Lee,KOR,,1338,,,,,,0,0,,,,M,ATP Tour,2026-05-07T09:32:11.877324+00:00
2872,Diego Jarry Fillol,CHI,,1339,,,,,,0,0,,,,M,ATP Tour,2026-05-07T09:32:13.021216+00:00
2873,Alexis Gurmendi,ARG,,1340,,,,,,0,0,,,,M,ATP Tour,2026-05-07T09:32:14.414748+00:00
2875,Bill Chan,SGP,,1341,,,,,,0,0,,,,M,ATP Tour,2026-05-07T09:32:15.770690+00:00
2876,Daniel Bagnolini,ITA,,1342,,,,,,0,0,,,,M,ATP Tour,2026-05-07T09:32:16.947276+00:00
2877,Alexandre Reco,FRA,,1342,,,,,,0,0,,,,M,ATP Tour,2026-05-07T09:32:18.101944+00:00
2878,Hugo Maia,POR,,1344,,,,,,0,0,,,,M,ATP Tour,2026-05-07T09:32:19.258162+00:00
2879,Mateo Castañeda,COL,,1345,,,,,,0,0,,,,M,ATP Tour,2026-05-07T09:32:20.406736+00:00
2881,Jonas Kucera,CZE,,1345,,,,,,0,0,,,,M,ATP Tour,2026-05-07T09:32:21.583343+00:00
2882,Glib Sekachov,UKR,,1345,,,,,,0,0,,,,M,ATP Tour,2026-05-07T09:32:22.749027+00:00
2883,Rodolfo Jauregui Sainz De Rozas,MEX,,1348,,,,,,0,0,,,,M,ATP Tour,2026-05-07T09:32:23.901013+00:00
2884,Lucca Liu,USA,,1348,,,,,,0,0,,,,M,ATP Tour,2026-05-07T09:32:25.064715+00:00
2886,Kabir Hans,IND,,1350,,,,,,0,0,,,,M,ATP Tour,2026-05-07T09:32:26.807408+00:00
2887,Pablo Trochu,FRA,,1351,,,,,,0,0,,,,M,ATP Tour,2026-05-07T09:32:27.982320+00:00
2888,Gray Voelzke,USA,,1352,,,,,,0,0,,,,M,ATP Tour,2026-05-07T09:32:29.139019+00:00
2890,Sebastiano Cocola,ITA,,1353,,,,,,0,0,,,,M,ATP Tour,2026-05-07T09:32:30.294302+00:00
2891,Yan Cheng Chen,TPE,,1354,,,,,,0,0,,,,M,ATP Tour,2026-05-07T09:32:31.439731+00:00
2892,Filippo Alberti,ITA,,1355,,,,,,0,0,,,,M,ATP Tour,2026-05-07T09:32:32.604518+00:00
2893,Noah Lopez Cherubino,ESP,,1355,,,,,,0,0,,,,M,ATP Tour,2026-05-07T09:32:33.777989+00:00
2894,Radovan Michalik,SVK,,1357,,,,,,0,0,,,,M,ATP Tour,2026-05-07T09:32:34.932787+00:00
2895,Hiromasa Koyama,JPN,,1358,,,,,,0,0,,,,M,ATP Tour,2026-05-07T09:32:36.115183+00:00
2896,Lucas Marionneau,FRA,,1359,,,,,,0,0,,,,M,ATP Tour,2026-05-07T09:32:37.366152+00:00
2898,Tyler Stice,USA,,1360,,,,,,0,0,,,,M,ATP Tour,2026-05-07T09:32:38.542068+00:00
2899,Dmitry Bessonov,RUS,,1361,,,,,,0,0,,,,M,ATP Tour,2026-05-07T09:32:39.744180+00:00
2900,Kacper Knitter,POL,,1361,,,,,,0,0,,,,M,ATP Tour,2026-05-07T09:32:40.917995+00:00
2902,Jan Kupcic,SLO,,1363,,,,,,0,0,,,,M,ATP Tour,2026-05-07T09:32:42.059676+00:00
2903,Brandon Perez,VEN,,1364,,,,,,0,0,,,,M,ATP Tour,2026-05-07T09:32:43.213683+00:00
2904,Charles Chen,CHN,,1365,,,,,,0,0,,,,M,ATP Tour,2026-05-07T09:32:44.363499+00:00
2906,Louis Van Herck,LUX,,1365,,,,,,0,0,,,,M,ATP Tour,2026-05-07T09:32:45.521415+00:00
2907,Michael Gloeckler,AUT,,1367,,,,,,0,0,,,,M,ATP Tour,2026-05-07T09:32:46.815887+00:00
2909,Corban Crowther,NZL,,1368,,,,,,0,0,,,,M,ATP Tour,2026-05-07T09:32:49.027103+00:00
2910,Samuele Seghetti,ITA,,1368,,,,,,0,0,,,,M,ATP Tour,2026-05-07T09:32:50.213047+00:00
2911,Yuquan Jin,CHN,,1370,,,,,,0,0,,,,M,ATP Tour,2026-05-07T09:32:51.403414+00:00
2913,Matas Vasiliauskas,LTU,,1371,,,,,,0,0,,,,M,ATP Tour,2026-05-07T09:32:52.579322+00:00
2914,Roman Kharlamov,RUS,,1372,,,,,,0,0,,,,M,ATP Tour,2026-05-07T09:32:54.083716+00:00
2916,Alexey Aleshchev,RUS,,1373,,,,,,0,0,,,,M,ATP Tour,2026-05-07T09:32:55.253398+00:00
2917,Santiago Lora,BOL,,1374,,,,,,0,0,,,,M,ATP Tour,2026-05-07T09:32:56.435033+00:00
2918,James Hopper,GBR,,1375,,,,,,0,0,,,,M,ATP Tour,2026-05-07T09:32:57.609290+00:00
2920,Jeremy Jin,AUS,,1375,,,,,,0,0,,,,M,ATP Tour,2026-05-07T09:32:58.942844+00:00
2921,Jaden Weekes,CAN,,1375,,,,,,0,0,,,,M,ATP Tour,2026-05-07T09:33:00.127682+00:00
2922,Blake Mott,AUS,,1378,,,,,,0,0,,,,M,ATP Tour,2026-05-07T09:33:01.296636+00:00
2924,Adil Kalyanpur,IND,,1379,,,,,,0,0,,,,M,ATP Tour,2026-05-07T09:33:02.468947+00:00
2925,Luc Koenig,RSA,,1379,,,,,,0,0,,,,M,ATP Tour,2026-05-07T09:33:03.690941+00:00
2927,Stefan Latinovic,SRB,,1379,,,,,,0,0,,,,M,ATP Tour,2026-05-07T09:33:05.560207+00:00
2928,Saki Tange,JPN,,1379,,,,,,0,0,,,,M,ATP Tour,2026-05-07T09:33:07.161435+00:00
2929,Jeremy Zhang,AUS,,1383,,,,,,0,0,,,,M,ATP Tour,2026-05-07T09:33:08.331945+00:00
2931,Alexander Frusina,USA,,1384,,,,,,0,0,,,,M,ATP Tour,2026-05-07T09:33:09.515198+00:00
2932,Asahi Harazaki,JPN,,1384,,,,,,0,0,,,,M,ATP Tour,2026-05-07T09:33:10.691874+00:00
2933,Pawel Juszczak,POL,,1384,,,,,,0,0,,,,M,ATP Tour,2026-05-07T09:33:12.126195+00:00
2935,Georgi Georgiev,BUL,,1387,,,,,,0,0,,,,M,ATP Tour,2026-05-07T09:33:13.306731+00:00
2936,Alessio Vasquez,GER,,1387,,,,,,0,0,,,,M,ATP Tour,2026-05-07T09:33:14.481930+00:00
2937,Edoardo Cherie Ligniere,ITA,,1389,,,,,,0,0,,,,M,ATP Tour,2026-05-07T09:33:15.662444+00:00
2938,Jaesung Choe,KOR,,1389,,,,,,0,0,,,,M,ATP Tour,2026-05-07T09:33:16.879522+00:00
2939,William Jansen,GBR,,1391,,,,,,0,0,,,,M,ATP Tour,2026-05-07T09:33:18.344670+00:00
2940,Amir Milushev,UZB,,1391,,,,,,0,0,,,,M,ATP Tour,2026-05-07T09:33:19.535280+00:00
2942,Anton Chekhov,RUS,,1393,,,,,,0,0,,,,M,ATP Tour,2026-05-07T09:33:20.707541+00:00
3732,Maria Garcia,POR,,1244,,2006-10-03,,,,0,0,,,,F,WTA Tour Official,2026-05-07T09:44:15.343874+00:00
2848,Defne Cirpanli,TUR,,905,,2004-10-08,,,,0,0,,,,F,WTA Tour Official,2026-05-07T09:31:50.796307+00:00
2860,Tianmei Wang,USA,,908,,2007-03-19,,,,0,0,,,,F,WTA Tour Official,2026-05-07T09:32:02.023831+00:00
2874,Angelina Wirges,GER,,911,,2002-06-17,,,,0,0,,,,F,WTA Tour Official,2026-05-07T09:32:15.041701+00:00
2880,Maddalena Giordano,ITA,,912,,2003-05-21,,,,0,0,,,,F,WTA Tour Official,2026-05-07T09:32:20.576379+00:00
2889,Candela Vazquez,ARG,,914,,2008-08-15,,,,0,0,,,,F,WTA Tour Official,2026-05-07T09:32:29.901008+00:00
2908,Lucie Urbanova,CZE,,918,,2006-02-14,,,,0,0,,,,F,WTA Tour Official,2026-05-07T09:32:48.493505+00:00
2915,Beatrice Stagno,ITA,,920,,2003-03-13,,,,0,0,,,,F,WTA Tour Official,2026-05-07T09:32:54.590924+00:00
2919,Evgeniya Burdina,RUS,,921,,2001-01-17,,,,0,0,,,,F,WTA Tour Official,2026-05-07T09:32:58.713643+00:00
2926,Polina Bakhmutkina,BEL,,923,,1999-04-25,,,,0,0,,,,F,WTA Tour Official,2026-05-07T09:33:04.600373+00:00
2943,Charlelie Cosnet,FRA,,1393,,,,,,0,0,,,,M,ATP Tour,2026-05-07T09:33:23.443439+00:00
2944,Damien Salvestre,FRA,,1393,,,,,,0,0,,,,M,ATP Tour,2026-05-07T09:33:24.666923+00:00
2945,Ymerali Ibraimi,AUS,,1396,,,,,,0,0,,,,M,ATP Tour,2026-05-07T09:33:25.894613+00:00
2946,Stefan Cooper,GBR,,1397,,,,,,0,0,,,,M,ATP Tour,2026-05-07T09:33:27.113934+00:00
1118,James Trotter,JPN,,170,2025-04-21,1999-07-29,"6'0"" (183cm)",165 lbs (75kg),"Right-Handed, Unknown Backhand",0,2,,"$390,073",https://www.atptour.com/-/media/alias/player-gladiator-headshot/t0bw,M,ATP Tour,2026-05-15T06:56:38.867953+00:00
2948,Frazier Rengifo,COL,,1397,,,,,,0,0,,,,M,ATP Tour,2026-05-07T09:33:28.331427+00:00
2949,Louis Dussin,FRA,,1399,,,,,,0,0,,,,M,ATP Tour,2026-05-07T09:33:29.799667+00:00
2950,Achilles Belkovics,HUN,,1400,,,,,,0,0,,,,M,ATP Tour,2026-05-07T09:33:31.851174+00:00
2953,Dillon Beckles,USA,,1401,,,,,,0,0,,,,M,ATP Tour,2026-05-07T09:33:44.147928+00:00
2954,Yuttana Charoenphon,THA,,1401,,,,,,0,0,,,,M,ATP Tour,2026-05-07T09:33:45.383048+00:00
2955,Romane  Longueville,BEL,,930,,2005-09-12,,,,0,0,,,,F,WTA Tour Official,2026-05-07T09:33:45.890101+00:00
2956,Stefan Horia Haita,ROU,,1401,,,,,,0,0,,,,M,ATP Tour,2026-05-07T09:33:46.653914+00:00
2957,Peetu Pohjola,FIN,,1401,,,,,,0,0,,,,M,ATP Tour,2026-05-07T09:33:47.873680+00:00
2958,Uladzimir Ignatik,BLR,,1405,,,,,,0,0,,,,M,ATP Tour,2026-05-07T09:33:49.096630+00:00
2959,Francesca Gandolfi,ITA,,931,,2006-11-29,,,,0,0,,,,F,WTA Tour Official,2026-05-07T09:33:50.007579+00:00
2960,Siddharth Vishwakarma,IND,,1405,,,,,,0,0,,,,M,ATP Tour,2026-05-07T09:33:50.334036+00:00
2961,Laurence Teunissen,NED,,1407,,,,,,0,0,,,,M,ATP Tour,2026-05-07T09:33:51.587883+00:00
2962,Jarno Jans,NED,,1408,,,,,,0,0,,,,M,ATP Tour,2026-05-07T09:33:52.812443+00:00
2964,Arthur Bonnaud,FRA,,1409,,,,,,0,0,,,,M,ATP Tour,2026-05-07T09:33:54.404659+00:00
2965,Pierre Antoine Faut,FRA,,1410,,,,,,0,0,,,,M,ATP Tour,2026-05-07T09:33:55.733251+00:00
2966,Kanon Sawashiro,JPN,,933,,2008-07-29,,,,0,0,,,,F,WTA Tour Official,2026-05-07T09:33:56.551415+00:00
2967,Vardan Manukyan,RUS,,1410,,,,,,0,0,,,,M,ATP Tour,2026-05-07T09:33:57.055920+00:00
2968,Sergey Petrov,RUS,,1410,,,,,,0,0,,,,M,ATP Tour,2026-05-07T09:33:58.347219+00:00
2969,Alberto Bronzetti,ITA,,1413,,,,,,0,0,,,,M,ATP Tour,2026-05-07T09:33:59.629550+00:00
2971,Flynn Thomas,SUI,,1413,,,,,,0,0,,,,M,ATP Tour,2026-05-07T09:34:00.865378+00:00
2972,Ioan Alexandru Chirita,ROU,,1415,,,,,,0,0,,,,M,ATP Tour,2026-05-07T09:34:02.098446+00:00
2973,Mac Visser,NED,,1416,,,,,,0,0,,,,M,ATP Tour,2026-05-07T09:34:03.329818+00:00
2974,Alexander Zgirovsky,BLR,,1417,,,,,,0,0,,,,M,ATP Tour,2026-05-07T09:34:04.559053+00:00
2976,Elias Julian Werner,GER,,1418,,,,,,0,0,,,,M,ATP Tour,2026-05-07T09:34:05.790404+00:00
2977,Toprak Avcibasi,TUR,,1419,,,,,,0,0,,,,M,ATP Tour,2026-05-07T09:34:07.033240+00:00
2978,Lorenzo Beraldo,ITA,,1419,,,,,,0,0,,,,M,ATP Tour,2026-05-07T09:34:08.380865+00:00
2979,Yujin Ahn,KOR,,936,,1997-03-13,,,,0,0,,,,F,WTA Tour Official,2026-05-07T09:34:09.294953+00:00
2980,Arthur Bellegy,FRA,,1421,,,,,,0,0,,,,M,ATP Tour,2026-05-07T09:34:09.796216+00:00
2981,Mariano Tammaro,ITA,,1421,,,,,,0,0,,,,M,ATP Tour,2026-05-07T09:34:11.015927+00:00
2982,Benjamin Willwerth,USA,,1423,,,,,,0,0,,,,M,ATP Tour,2026-05-07T09:34:12.230906+00:00
2983,Valentino Grippo,ARG,,1424,,,,,,0,0,,,,M,ATP Tour,2026-05-07T09:34:13.449945+00:00
2984,Pijus Vaitiekunas,LTU,,1424,,,,,,0,0,,,,M,ATP Tour,2026-05-07T09:34:14.700094+00:00
2985,Emma Jackson,USA,,937,,2002-11-23,,,,0,0,,,,F,WTA Tour Official,2026-05-07T09:34:15.535380+00:00
2986,Vuk Radjenovic,SRB,,1426,,,,,,0,0,,,,M,ATP Tour,2026-05-07T09:34:15.931158+00:00
2987,Antonio Voljavec,CRO,,1426,,,,,,0,0,,,,M,ATP Tour,2026-05-07T09:34:17.181036+00:00
2988,Richard Antoni,GER,,1428,,,,,,0,0,,,,M,ATP Tour,2026-05-07T09:34:18.426915+00:00
2989,Agustina Chlpac,ARG,,938,,1997-02-10,,,,0,0,,,,F,WTA Tour Official,2026-05-07T09:34:19.712277+00:00
2990,Fadi Bidan,LBN,,1429,,,,,,0,0,,,,M,ATP Tour,2026-05-07T09:34:19.645455+00:00
2991,Joe Leather,GBR,,1429,,,,,,0,0,,,,M,ATP Tour,2026-05-07T09:34:21.059660+00:00
2992,Sergio Planella Hernandez,ESP,,1431,,,,,,0,0,,,,M,ATP Tour,2026-05-07T09:34:22.687191+00:00
2993,Jordyn Mcbride,USA,,939,,2002-02-09,,,,0,0,,,,F,WTA Tour Official,2026-05-07T09:34:23.101007+00:00
2994,Christopher Papa,USA,,1432,,,,,,0,0,,,,M,ATP Tour,2026-05-07T09:34:23.944449+00:00
2995,Andrin Casanova,SUI,,1433,,,,,,0,0,,,,M,ATP Tour,2026-05-07T09:34:25.175448+00:00
2996,Luka Talan Lopatic,SLO,,1433,,,,,,0,0,,,,M,ATP Tour,2026-05-07T09:34:26.407639+00:00
2997,Jack Bruce Smith,AUS,,1435,,,,,,0,0,,,,M,ATP Tour,2026-05-07T09:34:27.628586+00:00
2998,Gabriele Crivellaro,ITA,,1435,,,,,,0,0,,,,M,ATP Tour,2026-05-07T09:34:28.912541+00:00
2999,Alan Bojarski,POL,,1437,,,,,,0,0,,,,M,ATP Tour,2026-05-07T09:34:30.130399+00:00
3000,Ty Host,AUS,,1438,,,,,,0,0,,,,M,ATP Tour,2026-05-07T09:34:31.480537+00:00
3002,Vadym Konovchuk,UKR,,1438,,,,,,0,0,,,,M,ATP Tour,2026-05-07T09:34:32.711661+00:00
3003,Andrea Bacaloni,ITA,,1440,,,,,,0,0,,,,M,ATP Tour,2026-05-07T09:34:34.035200+00:00
2897,Julieta Estable,ARG,,915,,1997-07-15,,,Right (two-handed backhand),0,0,,"$102,373",,F,WTA Tour Official,2026-05-11T11:47:14.596287+00:00
2941,Ana Filipa Santos,POR,,926,,1996-02-12,,,Right-handed (one-handed backhand),0,0,,"US$44,789",,F,WTA Tour Official,2026-05-11T11:47:56.686079+00:00
3013,Adriana Tkachenko,UKR,,943,,2007-06-26,,,,0,0,,,,F,WTA Tour Official,2026-05-07T09:34:43.273144+00:00
3736,Camila Markus,ARG,,1248,,2008-12-09,,,,0,0,,,,F,WTA Tour Official,2026-05-07T09:44:18.419280+00:00
3740,Khrystyna Vozniak,UKR,,1249,,1996-12-09,,,,0,0,,,,F,WTA Tour Official,2026-05-07T09:44:20.742125+00:00
3746,Maelys Bougrat,FRA,,1253,,2002-03-21,,,,0,0,,,,F,WTA Tour Official,2026-05-07T09:44:24.294884+00:00
3750,Daria Gorska,POL,,1255,,2005-04-28,,,,0,0,,,,F,WTA Tour Official,2026-05-07T09:44:26.615130+00:00
3980,Alexander Glomb,GER,,1954,,,,,,0,0,,,,M,ATP Tour,2026-05-07T09:46:54.647445+00:00
3982,Sebastian Gorzny,USA,,1954,,,,,,0,0,,,,M,ATP Tour,2026-05-07T09:46:55.772800+00:00
3984,Alexander Gschiel,AUT,,1954,,,,,,0,0,,,,M,ATP Tour,2026-05-07T09:46:56.896031+00:00
3986,Federico Guarducci,ITA,,1954,,,,,,0,0,,,,M,ATP Tour,2026-05-07T09:46:58.034086+00:00
3988,Thomas Gunzinger,SUI,,1954,,,,,,0,0,,,,M,ATP Tour,2026-05-07T09:46:59.211497+00:00
3990,Ryan Haviland,USA,,1954,,,,,,0,0,,,,M,ATP Tour,2026-05-07T09:47:00.467239+00:00
3992,Mark Havlicek,CZE,,1954,,,,,,0,0,,,,M,ATP Tour,2026-05-07T09:47:01.610851+00:00
3994,Lukas Hellum Lilleengen,NOR,,1954,,,,,,0,0,,,,M,ATP Tour,2026-05-07T09:47:02.744441+00:00
3996,Yuya Hirose,JPN,,1954,,,,,,0,0,,,,M,ATP Tour,2026-05-07T09:47:03.878110+00:00
3998,Matic Hribar,SLO,,1954,,,,,,0,0,,,,M,ATP Tour,2026-05-07T09:47:05.027604+00:00
4000,Leonardo Iemmi,ITA,,1954,,,,,,0,0,,,,M,ATP Tour,2026-05-07T09:47:06.189114+00:00
4002,Ilya Ignatov,UZB,,1954,,,,,,0,0,,,,M,ATP Tour,2026-05-07T09:47:07.318788+00:00
4004,Sergio Ingles Garre,ESP,,1954,,,,,,0,0,,,,M,ATP Tour,2026-05-07T09:47:08.470697+00:00
4006,Ryder Jackson,MLT,,1954,,,,,,0,0,,,,M,ATP Tour,2026-05-07T09:47:09.598083+00:00
4008,Alejandro Jacome Jaramillo,ECU,,1954,,,,,,0,0,,,,M,ATP Tour,2026-05-07T09:47:10.733765+00:00
4010,Oliver Johansson,SWE,,1954,,,,,,0,0,,,,M,ATP Tour,2026-05-07T09:47:11.882780+00:00
4012,Kaigaoge Kang,CHN,,1954,,,,,,0,0,,,,M,ATP Tour,2026-05-07T09:47:13.176063+00:00
956,Rodrigo Pacheco Mendez,MEX,,196,2025-09-22,2005-04-25,"6'3"" (191cm)",172 lbs (78kg),"Left-Handed, Two-Handed Backhand",7,11,2022,"$483,804",https://upload.wikimedia.org/wikipedia/commons/thumb/9/9a/Rodrigo_Pacheco_M%C3%A9ndez_%282023_French_Open%29_02.jpg/330px-Rodrigo_Pacheco_M%C3%A9ndez_%282023_French_Open%29_02.jpg,M,ATP Tour,2026-05-15T06:34:52.329103+00:00
4047,Gabriela Agra Amorim,POR,,1424,,2009-01-01,,,,0,0,,,,F,WTA Tour Official,2026-05-07T09:47:55.782898+00:00
4049,Bianca Fernandez,CAN,,1425,,2004-02-24,,,,0,0,,,,F,WTA Tour Official,2026-05-07T09:47:58.059289+00:00
4051,Cayetana Gay,ESP,,1427,,2006-10-13,,,,0,0,,,,F,WTA Tour Official,2026-05-07T09:48:00.429650+00:00
4053,Camille Allegre,USA,,1427,,2009-12-14,,,,0,0,,,,F,WTA Tour Official,2026-05-07T09:48:02.749758+00:00
4056,Ines Leon,ESP,,1427,,2006-04-22,,,,0,0,,,,F,WTA Tour Official,2026-05-07T09:48:07.277133+00:00
4058,Elizabeth Ivanov,AUS,,1435,,2007-08-21,,,,0,0,,,,F,WTA Tour Official,2026-05-07T09:48:09.869158+00:00
4060,Chrystal Lopez,BEL,,1435,,2008-04-28,,,,0,0,,,,F,WTA Tour Official,2026-05-07T09:48:12.395027+00:00
4062,Aurora Corvi,ITA,,1435,,2006-06-10,,,,0,0,,,,F,WTA Tour Official,2026-05-07T09:48:14.632388+00:00
4063,Duanrui Gao,CHN,,1435,,2006-11-28,,,,0,0,,,,F,WTA Tour Official,2026-05-07T09:48:15.751884+00:00
4065,Nika Hurkacz,POL,,1435,,2006-12-04,,,,0,0,,,,F,WTA Tour Official,2026-05-07T09:48:17.999720+00:00
4067,Antonina Sushkova,UKR,,1435,,2008-10-25,,,,0,0,,,,F,WTA Tour Official,2026-05-07T09:48:20.244504+00:00
4069,Kristina Belkova,RUS,,1435,,2007-03-06,,,,0,0,,,,F,WTA Tour Official,2026-05-07T09:48:22.784366+00:00
4071,Polina Skopintseva,RUS,,1435,,2005-07-23,,,,0,0,,,,F,WTA Tour Official,2026-05-07T09:48:25.022360+00:00
4074,Alessia Popescu,ROU,,1435,,2004-11-11,,,,0,0,,,,F,WTA Tour Official,2026-05-07T09:48:28.367049+00:00
4076,Helena Bueno,BRA,,1435,,2007-07-25,,,,0,0,,,,F,WTA Tour Official,2026-05-07T09:48:30.704506+00:00
4078,Carolann Delaunay,,,1435,,2004-09-09,,,,0,0,,,,F,WTA Tour Official,2026-05-07T09:48:33.196195+00:00
4080,Elsa Wan,MAS,,1435,,2003-12-08,,,,0,0,,,,F,WTA Tour Official,2026-05-07T09:48:35.429684+00:00
4082,Pooja Ingale,IND,,1435,,2001-07-12,,,,0,0,,,,F,WTA Tour Official,2026-05-07T09:48:37.684905+00:00
4083,Maria Penalver Aguilo,ESP,,1435,,2002-11-01,,,,0,0,,,,F,WTA Tour Official,2026-05-07T09:48:38.891896+00:00
4085,Maryna Kolb,UKR,,1461,,1997-03-13,,,,0,0,,,,F,WTA Tour Official,2026-05-07T09:48:41.133695+00:00
4087,Yihan Qu,CHN,,1463,,2009-03-22,,,,0,0,,,,F,WTA Tour Official,2026-05-07T09:48:43.520567+00:00
4089,Daniela Martinez Guerrero,MEX,,1463,,2009-03-27,,,,0,0,,,,F,WTA Tour Official,2026-05-07T09:48:45.765319+00:00
4090,Vlada Kozak,GBR,,1467,,2006-07-02,,,,0,0,,,,F,WTA Tour Official,2026-05-07T09:48:46.897966+00:00
4091,Nala Kovacic,SLO,,1467,,2007-01-01,,,,0,0,,,,F,WTA Tour Official,2026-05-07T09:48:48.022877+00:00
4092,Carlota Corte,ESP,,1467,,2006-06-08,,,,0,0,,,,F,WTA Tour Official,2026-05-07T09:48:49.172405+00:00
4093,Abril Cardenas Olivares,MEX,,1467,,2009-01-28,,,,0,0,,,,F,WTA Tour Official,2026-05-07T09:48:50.303300+00:00
4094,Karman Thandi,IND,,1467,,1998-06-16,,,,0,0,,,,F,WTA Tour Official,2026-05-07T09:48:51.421803+00:00
4095,Olga Bienzobas Fernandez,ESP,,1467,,2002-08-04,,,,0,0,,,,F,WTA Tour Official,2026-05-07T09:48:52.566655+00:00
4096,Lena Couto,POR,,1467,,2007-06-01,,,,0,0,,,,F,WTA Tour Official,2026-05-07T09:48:53.784114+00:00
4097,Anastasia Safta,ROU,,1474,,2004-10-28,,,,0,0,,,,F,WTA Tour Official,2026-05-07T09:48:55.414575+00:00
4098,Panna Bartha,HUN,,1474,,2004-05-14,,,,0,0,,,,F,WTA Tour Official,2026-05-07T09:48:56.628006+00:00
4099,Jaquelyn Ogunwale,GBR,,1474,,2005-02-04,,,,0,0,,,,F,WTA Tour Official,2026-05-07T09:48:57.758328+00:00
2004,Jozef Kovalik,SVK,,80,2018-10-22,1992-11-04,"6'0"" (183cm)",181 lbs (82kg),"Right-Handed, Two-Handed Backhand",29,54,2010,"$2,291,306",https://upload.wikimedia.org/wikipedia/commons/thumb/0/01/Kovalik_WMQ23_%2853061122357%29.jpg/330px-Kovalik_WMQ23_%2853061122357%29.jpg?utm_source=en.wikipedia.org&utm_campaign=api&utm_content=thumbnail,M,ATP Tour,2026-05-15T08:52:44.829728+00:00
1232,Javier Barranco Cosano,ESP,,211,2024-10-28,1998-11-17,"5'11"" (180cm)",161 lbs (73kg),"Left-Handed, Two-Handed Backhand",0,1,,"$412,605",https://upload.wikimedia.org/wikipedia/commons/thumb/c/c7/Barranco_Cosano_WMQ22_%2815%29_-_52191212128.jpg/330px-Barranco_Cosano_WMQ22_%2815%29_-_52191212128.jpg?utm_source=en.wikipedia.org&utm_campaign=api&utm_content=thumbnail,M,ATP Tour,2026-05-15T07:11:36.650829+00:00
3001,Mihaela Buzarnescu,ROU,,940,,1988-05-04,1.75 m,,Left-handed (two-handed backhand),0,0,,"$2,791,287",https://upload.wikimedia.org/wikipedia/commons/thumb/1/1c/Buzarnescu_RGQ22_%2814%29_%2852128604862%29.jpg/330px-Buzarnescu_RGQ22_%2814%29_%2852128604862%29.jpg,F,WTA Tour Official,2026-05-11T11:48:53.728691+00:00
3004,Sonal Patil,IND,,941,,2005-02-18,,,,0,0,,,,F,WTA Tour Official,2026-05-07T09:34:35.460054+00:00
3009,Polina Skliar,UKR,,942,,2010-10-24,,,,0,0,,,,F,WTA Tour Official,2026-05-07T09:34:40.264968+00:00
3017,Stefaniya Pushkar,SUI,,944,,2007-08-21,,,,0,0,,,,F,WTA Tour Official,2026-05-07T09:34:48.177263+00:00
3025,Amelia Paszun,POL,,946,,2007-09-02,,,,0,0,,,,F,WTA Tour Official,2026-05-07T09:34:55.778333+00:00
3039,Alicia Smith,AUS,,949,,1996-09-27,,,,0,0,,,,F,WTA Tour Official,2026-05-07T09:35:11.106843+00:00
3044,Marie Mattel,FRA,,950,,2000-01-07,,,,0,0,,,,F,WTA Tour Official,2026-05-07T09:35:15.105500+00:00
3053,Marta Soriano Santiago,ESP,,952,,2006-04-20,,,,0,0,,,,F,WTA Tour Official,2026-05-07T09:35:23.985707+00:00
3057,Daria Kudashova,RUS,,953,,2003-03-28,,,,0,0,,,,F,WTA Tour Official,2026-05-07T09:35:27.679352+00:00
3747,Jerry Barton,USA,,1865,,,,,,0,0,,,,M,ATP Tour,2026-05-07T09:44:24.891483+00:00
3749,Alexis Berquier,FRA,,1865,,,,,,0,0,,,,M,ATP Tour,2026-05-07T09:44:26.072671+00:00
3751,Juliusz Bienkiewicz,POL,,1865,,,,,,0,0,,,,M,ATP Tour,2026-05-07T09:44:27.243201+00:00
3753,Tighe Brunetti,USA,,1865,,,,,,0,0,,,,M,ATP Tour,2026-05-07T09:44:28.484672+00:00
3989,Maria Eduarda Carbone Dos Santos,BRA,,1378,,2010-05-27,,,,0,0,,,,F,WTA Tour Official,2026-05-07T09:46:59.452420+00:00
3993,Alexa  Karatancheva,BUL,,1380,,2005-09-17,,,,0,0,,,,F,WTA Tour Official,2026-05-07T09:47:01.841522+00:00
3997,Helena Buchwald,GER,,1380,,2005-06-15,,,,0,0,,,,F,WTA Tour Official,2026-05-07T09:47:04.113196+00:00
4001,Anastasiya Lopata,UKR,,1380,,2005-09-09,,,,0,0,,,,F,WTA Tour Official,2026-05-07T09:47:06.420265+00:00
4005,Klaudija Bubelyte,LTU,,1380,,2003-03-29,,,,0,0,,,,F,WTA Tour Official,2026-05-07T09:47:08.698623+00:00
4011,Fernanda Regalado Macias,MEX,,1380,,2000-04-19,,,,0,0,,,,F,WTA Tour Official,2026-05-07T09:47:12.115320+00:00
4014,Pia Praefke,GER,,1380,,2002-10-23,,,,0,0,,,,F,WTA Tour Official,2026-05-07T09:47:14.533532+00:00
4016,Claudia Hoste Ferrer,ESP,,1380,,1998-11-12,,,,0,0,,,,F,WTA Tour Official,2026-05-07T09:47:16.813941+00:00
4018,Lana Virc,SRB,,1380,,2008-04-23,,,,0,0,,,,F,WTA Tour Official,2026-05-07T09:47:19.131653+00:00
4021,Iulia Maria Buculei,ROU,,1380,,2008-08-19,,,,0,0,,,,F,WTA Tour Official,2026-05-07T09:47:22.599207+00:00
4023,Ran Wakana,JPN,,1380,,2010-02-23,,,,0,0,,,,F,WTA Tour Official,2026-05-07T09:47:24.885086+00:00
4025,Paulina Montiel,MEX,,1380,,2006-03-26,,,,0,0,,,,F,WTA Tour Official,2026-05-07T09:47:29.853668+00:00
4028,Yiru Chen,CHN,,1380,,2007-02-27,,,,0,0,,,,F,WTA Tour Official,2026-05-07T09:47:33.260016+00:00
4030,Laura Cilekova,SVK,,1380,,2005-10-11,,,,0,0,,,,F,WTA Tour Official,2026-05-07T09:47:35.609555+00:00
4032,Ela Plosnik,SLO,,1409,,2008-04-14,,,,0,0,,,,F,WTA Tour Official,2026-05-07T09:47:38.154998+00:00
4034,Anastasia Mozgaleva,RUS,,1409,,2001-10-23,,,,0,0,,,,F,WTA Tour Official,2026-05-07T09:47:40.431029+00:00
4037,Mariam Atia,EGY,,1414,,2005-08-11,,,,0,0,,,,F,WTA Tour Official,2026-05-07T09:47:43.954816+00:00
4039,Sofia Avataneo,ITA,,1414,,2003-08-18,,,,0,0,,,,F,WTA Tour Official,2026-05-07T09:47:46.213327+00:00
4041,Holly Hutchinson,GBR,,1414,,1997-09-11,,,,0,0,,,,F,WTA Tour Official,2026-05-07T09:47:48.830368+00:00
4043,Meshkatolzahra Safi,IRI,,1414,,2004-08-05,,,,0,0,,,,F,WTA Tour Official,2026-05-07T09:47:51.092348+00:00
4045,Viola Bedini,ITA,,1414,,2007-02-02,,,,0,0,,,,F,WTA Tour Official,2026-05-07T09:47:53.346362+00:00
4046,Alina Yuneva,RUS,,1414,,2008-07-10,,,,0,0,,,,F,WTA Tour Official,2026-05-07T09:47:54.490098+00:00
4048,Mariia Nozdrachova,UKR,,1425,,2009-06-12,,,,0,0,,,,F,WTA Tour Official,2026-05-07T09:47:56.945807+00:00
4050,Venla Ahti,FIN,,1427,,2000-12-15,,,,0,0,,,,F,WTA Tour Official,2026-05-07T09:47:59.278652+00:00
4052,Olympe Lancelot,FRA,,1427,,2001-05-14,,,,0,0,,,,F,WTA Tour Official,2026-05-07T09:48:01.575419+00:00
4054,Yichen Zhao,CHN,,1427,,2006-03-16,,,,0,0,,,,F,WTA Tour Official,2026-05-07T09:48:03.892541+00:00
4055,Liuyan An,CHN,,1427,,2006-06-01,,,,0,0,,,,F,WTA Tour Official,2026-05-07T09:48:05.050649+00:00
4057,Gurmanat Kaur Sandhu,AUS,,1427,,2008-07-03,,,,0,0,,,,F,WTA Tour Official,2026-05-07T09:48:08.540747+00:00
4059,Alice Soulie,FRA,,1435,,2006-03-25,,,,0,0,,,,F,WTA Tour Official,2026-05-07T09:48:11.271436+00:00
4061,Milena Ciocan,FRA,,1435,,2008-08-12,,,,0,0,,,,F,WTA Tour Official,2026-05-07T09:48:13.525754+00:00
4064,Bruna Liotto De Carvalho,BRA,,1435,,2007-05-28,,,,0,0,,,,F,WTA Tour Official,2026-05-07T09:48:16.887192+00:00
4066,Yuzuha Negishi,JPN,,1435,,2008-12-22,,,,0,0,,,,F,WTA Tour Official,2026-05-07T09:48:19.140021+00:00
4068,Havah Kaur Kaler,CAN,,1435,,2009-08-01,,,,0,0,,,,F,WTA Tour Official,2026-05-07T09:48:21.478077+00:00
4070,Luisa Schruff,GER,,1435,,2005-10-03,,,,0,0,,,,F,WTA Tour Official,2026-05-07T09:48:23.918059+00:00
4072,Aurora Nosei,ITA,,1435,,2007-03-11,,,,0,0,,,,F,WTA Tour Official,2026-05-07T09:48:26.147562+00:00
4073,Sandeepti Singh Rao,IND,,1435,,2003-05-08,,,,0,0,,,,F,WTA Tour Official,2026-05-07T09:48:27.265042+00:00
4075,Maria Eduarda Lages,BRA,,1435,,2004-07-07,,,,0,0,,,,F,WTA Tour Official,2026-05-07T09:48:29.594112+00:00
4077,Aglaya Fedorova,RUS,,1435,,2004-02-05,,,,0,0,,,,F,WTA Tour Official,2026-05-07T09:48:32.031895+00:00
4079,Xenia Bandurowska,POL,,1435,,2004-09-17,,,,0,0,,,,F,WTA Tour Official,2026-05-07T09:48:34.332651+00:00
4081,Na Kang,KOR,,1435,,2004-06-26,,,,0,0,,,,F,WTA Tour Official,2026-05-07T09:48:36.556191+00:00
4084,Saisai Zheng,CHN,,1461,,1994-02-05,,,,0,0,,,,F,WTA Tour Official,2026-05-07T09:48:40.031440+00:00
1608,Sandra Samir,EGY,,342,2020-10-26,1997-11-04,1.70 m,,Right (two-handed backhand),532,297,,"$217,880",https://upload.wikimedia.org/wikipedia/commons/thumb/6/6b/Sandra_Samir_at_the_2013_US_Open_1.jpg/330px-Sandra_Samir_at_the_2013_US_Open_1.jpg?utm_source=en.wikipedia.org&utm_campaign=api&utm_content=thumbnail,F,WTA Tour Official,2026-05-15T06:34:57.586952+00:00
4086,Milana Ivantsiv,POR,,1463,,2007-01-17,,,,0,0,,,,F,WTA Tour Official,2026-05-07T09:48:42.324885+00:00
4088,Anna Yang,CHN,,1463,,2008-11-19,,,,0,0,,,,F,WTA Tour Official,2026-05-07T09:48:44.659376+00:00
1269,Andrey Chepelev,RUS,,339,2022-09-26,1998-08-02,"5'10"" (178cm)",167 lbs (76kg),"Left-Handed, Two-Handed Backhand",0,0,,"$159,907",https://www.atptour.com/-/media/alias/player-gladiator-headshot/co01,M,ATP Tour,2026-05-15T07:16:22.372965+00:00
2043,Wishaya Trongcharoenchaikul,THA,,395,2018-10-08,1995-04-08,(cm),lbs (kg),"Right-Handed, Two-Handed Backhand",11,11,,"$138,938",https://upload.wikimedia.org/wikipedia/commons/thumb/f/f8/Wishaya_Trongcharoenchaikul.jpg/330px-Wishaya_Trongcharoenchaikul.jpg,M,ATP Tour,2026-05-15T08:57:55.650681+00:00
4371,Rafael Nadal,ESP,,,,1986-06-03,,,,0,0,,,https://upload.wikimedia.org/wikipedia/commons/thumb/7/71/Rafael_Nadal_en_2024_%28cropped%29.jpg/330px-Rafael_Nadal_en_2024_%28cropped%29.jpg,M,atp,2026-06-15T05:54:18.380344+00:00
3005,Antoine Berger,FRA,,1440,,,,,,0,0,,,,M,ATP Tour,2026-05-07T09:34:35.501305+00:00
3006,Jonathan Mridha,SWE,,1440,,,,,,0,0,,,,M,ATP Tour,2026-05-07T09:34:36.797899+00:00
3007,Aaron Funk,GER,,1443,,,,,,0,0,,,,M,ATP Tour,2026-05-07T09:34:38.020973+00:00
3008,Guy Orly Iradukunda,BDI,,1444,,,,,,0,0,,,,M,ATP Tour,2026-05-07T09:34:39.242991+00:00
3010,Aleksi Lofman,FIN,,1444,,,,,,0,0,,,,M,ATP Tour,2026-05-07T09:34:40.462253+00:00
3011,Muzammil Murtaza,PAK,,1444,,,,,,0,0,,,,M,ATP Tour,2026-05-07T09:34:41.699072+00:00
3012,Amirkhamza Nasridinov,RUS,,1444,,,,,,0,0,,,,M,ATP Tour,2026-05-07T09:34:42.930101+00:00
3014,Kaito Uesugi,JPN,,1444,,,,,,0,0,,,,M,ATP Tour,2026-05-07T09:34:44.167461+00:00
3015,Angel Veliz,ECU,,1444,,,,,,0,0,,,,M,ATP Tour,2026-05-07T09:34:45.628014+00:00
3016,Theodore Winegar,USA,,1444,,,,,,0,0,,,,M,ATP Tour,2026-05-07T09:34:46.980480+00:00
3018,Cem Ilkel,TUR,,1451,,,,,,0,0,,,,M,ATP Tour,2026-05-07T09:34:48.204878+00:00
3019,Hugo Car,FRA,,1452,,,,,,0,0,,,,M,ATP Tour,2026-05-07T09:34:49.420050+00:00
3020,Maxime Cressy,USA,,1453,,,,,,0,0,,,,M,ATP Tour,2026-05-07T09:34:50.638913+00:00
3021,Thijmen Loof,NED,,1453,,,,,,0,0,,,,M,ATP Tour,2026-05-07T09:34:51.856731+00:00
3023,Hugo Coquelin,GBR,,1455,,,,,,0,0,,,,M,ATP Tour,2026-05-07T09:34:53.075545+00:00
3024,Sebastian Eriksson,SWE,,1455,,,,,,0,0,,,,M,ATP Tour,2026-05-07T09:34:54.300931+00:00
3026,Azuma Visaya,USA,,1455,,,,,,0,0,,,,M,ATP Tour,2026-05-07T09:34:55.791771+00:00
3027,Corey Craig,USA,,1458,,,,,,0,0,,,,M,ATP Tour,2026-05-07T09:34:57.207586+00:00
3028,Kiranpal Pannu,NZL,,1458,,,,,,0,0,,,,M,ATP Tour,2026-05-07T09:34:58.819378+00:00
3029,Nanari Katsumi,JPN,,947,,2003-02-17,,,,0,0,,,,F,WTA Tour Official,2026-05-07T09:35:00.099175+00:00
3030,Mark Whitehouse,GBR,,1458,,,,,,0,0,,,,M,ATP Tour,2026-05-07T09:35:00.045756+00:00
3031,Cesar Cruz,ESA,,1461,,,,,,0,0,,,,M,ATP Tour,2026-05-07T09:35:01.346383+00:00
3032,Bryce Nakashima,USA,,1461,,,,,,0,0,,,,M,ATP Tour,2026-05-07T09:35:02.579700+00:00
3033,Alesia Breaz,ROU,,948,,2007-09-28,,,,0,0,,,,F,WTA Tour Official,2026-05-07T09:35:03.627379+00:00
3034,Paul Barbier Gazeu,FRA,,1463,,,,,,0,0,,,,M,ATP Tour,2026-05-07T09:35:03.829802+00:00
3035,Sho Katayama,JPN,,1463,,,,,,0,0,,,,M,ATP Tour,2026-05-07T09:35:05.072275+00:00
3036,Stepan Baum,CZE,,1465,,,,,,0,0,,,,M,ATP Tour,2026-05-07T09:35:06.296234+00:00
3037,Guillermo Tunas,MEX,,1465,,,,,,0,0,,,,M,ATP Tour,2026-05-07T09:35:07.645458+00:00
3038,Moritz Kudernatsch,GER,,1467,,,,,,0,0,,,,M,ATP Tour,2026-05-07T09:35:09.209531+00:00
3040,Walid Ahouda,MAR,,1468,,,,,,0,0,,,,M,ATP Tour,2026-05-07T09:35:11.195208+00:00
3041,Congsup Congcar,THA,,1468,,,,,,0,0,,,,M,ATP Tour,2026-05-07T09:35:12.387349+00:00
3042,Vasco Leote Prata,POR,,1470,,,,,,0,0,,,,M,ATP Tour,2026-05-07T09:35:13.537809+00:00
3043,Dax Donders,NED,,1471,,,,,,0,0,,,,M,ATP Tour,2026-05-07T09:35:14.686831+00:00
1612,Ariana Geerlings,ESP,,293,2025-08-11,2005-09-01,,,Right-handed (two-handed backhand),102,61,,"$64,065",,F,WTA Tour Official,2026-05-15T06:35:19.756144+00:00
3045,Alberto Lim,PHI,,1471,,,,,,0,0,,,,M,ATP Tour,2026-05-07T09:35:15.846909+00:00
3046,Nick Chappell,USA,,1473,,,,,,0,0,,,,M,ATP Tour,2026-05-07T09:35:17.008531+00:00
3047,Nicola Rispoli,ITA,,1473,,,,,,0,0,,,,M,ATP Tour,2026-05-07T09:35:18.166950+00:00
3048,John Bothma,RSA,,1475,,,,,,0,0,,,,M,ATP Tour,2026-05-07T09:35:19.329121+00:00
3049,Simona Ogescu,ROU,,951,,2002-10-05,,,,0,0,,,,F,WTA Tour Official,2026-05-07T09:35:19.814865+00:00
3050,Romain Gales,FRA,,1475,,,,,,0,0,,,,M,ATP Tour,2026-05-07T09:35:21.008250+00:00
3051,Karlo Kajin,CRO,,1475,,,,,,0,0,,,,M,ATP Tour,2026-05-07T09:35:22.401650+00:00
3052,Toshiki Karigyo,JPN,,1475,,,,,,0,0,,,,M,ATP Tour,2026-05-07T09:35:23.616471+00:00
3054,Davide Pontoglio,ITA,,1475,,,,,,0,0,,,,M,ATP Tour,2026-05-07T09:35:24.761893+00:00
3055,Kai I Wang,TPE,,1475,,,,,,0,0,,,,M,ATP Tour,2026-05-07T09:35:25.907453+00:00
3056,Oscar Brown,GBR,,1481,,,,,,0,0,,,,M,ATP Tour,2026-05-07T09:35:27.060863+00:00
1153,Santiago Rodriguez Taverna,ARG,,157,2022-08-29,1999-07-16,"6'3"" (191cm)",181 lbs (82kg),"Right-Handed, Two-Handed Backhand",0,1,2016,"$629,493",https://upload.wikimedia.org/wikipedia/commons/thumb/a/a3/Rodriguez_Taverna_RGQ22_%2815%29_%2852128507232%29.jpg/330px-Rodriguez_Taverna_RGQ22_%2815%29_%2852128507232%29.jpg,M,ATP Tour,2026-05-15T07:01:29.873295+00:00
3058,Skander Mansouri,TUN,,1481,,,,,,0,0,,,,M,ATP Tour,2026-05-07T09:35:28.214489+00:00
3060,Sara Svetac,CRO,,954,,2004-10-28,,,,0,0,,,,F,WTA Tour Official,2026-05-07T09:35:30.322720+00:00
3075,Luna Maria Cinalli,ARG,,957,,2008-06-10,,,,0,0,,,,F,WTA Tour Official,2026-05-07T09:35:45.523019+00:00
3087,Krisha Mahendran,IND,,961,,2007-01-20,,,,0,0,,,,F,WTA Tour Official,2026-05-07T09:35:59.518812+00:00
3097,Antonia Stoyanov,NED,,964,,2009-09-15,,,,0,0,,,,F,WTA Tour Official,2026-05-07T09:36:14.049927+00:00
3109,Ingrid Millan,MEX,,967,,2001-11-03,,,,0,0,,,,F,WTA Tour Official,2026-05-07T09:36:25.691411+00:00
3122,Arina Varaksina,RUS,,970,,2007-03-18,,,,0,0,,,,F,WTA Tour Official,2026-05-07T09:36:38.607510+00:00
2060,Natan Rodrigues,BRA,,386,2026-04-20,2002-02-02,"6'0"" (183cm)",176 lbs (80kg),"Right-Handed, Two-Handed Backhand",0,0,,"$24,829",https://www.atptour.com/-/media/alias/player-gladiator-headshot/r0ek,M,ATP Tour,2026-05-15T09:00:22.562827+00:00
3135,Ustiniya Lekomtseva,RUS,,973,,2006-09-13,,,,0,0,,,,F,WTA Tour Official,2026-05-07T09:36:50.917829+00:00
3143,Alexandra Osborne,AUS,,975,,1995-04-08,,,,0,0,,,,F,WTA Tour Official,2026-05-07T09:36:58.006196+00:00
3153,Sylvie Zund,LIE,,977,,2001-02-26,,,,0,0,,,,F,WTA Tour Official,2026-05-07T09:37:08.572870+00:00
3157,Midori Castillo Meza,MEX,,978,,2003-11-16,,,,0,0,,,,F,WTA Tour Official,2026-05-07T09:37:11.932870+00:00
3165,Felitsata Dorofeeva-Rybas,RUS,,980,,2009-10-20,,,,0,0,,,,F,WTA Tour Official,2026-05-07T09:37:19.713817+00:00
3169,Nadia Lagaev,CAN,,981,,2008-01-18,,,,0,0,,,,F,WTA Tour Official,2026-05-07T09:37:23.444112+00:00
3177,Yanan Hou,CHN,,983,,2005-05-27,,,,0,0,,,,F,WTA Tour Official,2026-05-07T09:37:30.576173+00:00
3190,Arina Arifullina,RUS,,986,,2006-01-22,,,,0,0,,,,F,WTA Tour Official,2026-05-07T09:37:43.218224+00:00
3194,Valentina Losciale,ITA,,986,,1997-01-04,,,,0,0,,,,F,WTA Tour Official,2026-05-07T09:37:46.891356+00:00
4372,Roger Federer,SUI,,,,1981-08-08,,,,0,0,,,https://upload.wikimedia.org/wikipedia/commons/thumb/1/11/Roger_Federer_2015_%28cropped%29.jpg/330px-Roger_Federer_2015_%28cropped%29.jpg,M,atp,2026-06-15T05:54:18.380344+00:00
3022,Georgina Garcia Perez,ESP,,945,,1992-05-13,1.87 m,,Right (two-handed backhand),0,0,,"US$ 679,193",https://upload.wikimedia.org/wikipedia/commons/thumb/8/84/Garcia_Perez_WMQ19_%2833%29.jpg/330px-Garcia_Perez_WMQ19_%2833%29.jpg,F,WTA Tour Official,2026-05-11T11:49:13.093429+00:00
3183,Romina Ccuno,PER,,984,,2002-09-01,,,Right (two-handed backhand),0,0,,"US$48,939",,F,WTA Tour Official,2026-05-11T11:51:28.359127+00:00
3061,Gustavo Albieri,BRA,,1484,,,,,,0,0,,,,M,ATP Tour,2026-05-07T09:35:30.605000+00:00
3062,Pranav Kumar,USA,,1485,,,,,,0,0,,,,M,ATP Tour,2026-05-07T09:35:31.770260+00:00
3063,Ko Suzuki,JPN,,1485,,,,,,0,0,,,,M,ATP Tour,2026-05-07T09:35:33.407430+00:00
3064,Alex Jones,USA,,1487,,,,,,0,0,,,,M,ATP Tour,2026-05-07T09:35:34.628498+00:00
3065,Sabastiani Leon,MEX,,955,,1992-03-23,,,,0,0,,,,F,WTA Tour Official,2026-05-07T09:35:34.667444+00:00
3066,Nemanja Malesevic,BIH,,1487,,,,,,0,0,,,,M,ATP Tour,2026-05-07T09:35:35.781116+00:00
3067,Jirat Navasirisomboon,THA,,1487,,,,,,0,0,,,,M,ATP Tour,2026-05-07T09:35:36.939465+00:00
3068,Dian Nedev,BUL,,1487,,,,,,0,0,,,,M,ATP Tour,2026-05-07T09:35:38.133863+00:00
3069,Aleksander Orlikowski,POL,,1487,,,,,,0,0,,,,M,ATP Tour,2026-05-07T09:35:39.300169+00:00
3070,Henry Lieberman,USA,,1492,,,,,,0,0,,,,M,ATP Tour,2026-05-07T09:35:40.485752+00:00
3072,Zane Stevens,AUS,,1492,,,,,,0,0,,,,M,ATP Tour,2026-05-07T09:35:41.686518+00:00
3073,Martyn Pawelski,POL,,1494,,,,,,0,0,,,,M,ATP Tour,2026-05-07T09:35:42.880280+00:00
3074,Gus Grumet,USA,,1495,,,,,,0,0,,,,M,ATP Tour,2026-05-07T09:35:44.034358+00:00
3076,Raghav Jaisinghani,IND,,1495,,,,,,0,0,,,,M,ATP Tour,2026-05-07T09:35:46.300318+00:00
3077,Naoki Tajima,JPN,,1495,,,,,,0,0,,,,M,ATP Tour,2026-05-07T09:35:47.663125+00:00
3078,Benjamin Torres,CHI,,1495,,,,,,0,0,,,,M,ATP Tour,2026-05-07T09:35:48.870476+00:00
3079,Ruby Cooling,GBR,,958,,2007-11-03,,,,0,0,,,,F,WTA Tour Official,2026-05-07T09:35:49.497224+00:00
3080,Riku Takahata,JPN,,1499,,,,,,0,0,,,,M,ATP Tour,2026-05-07T09:35:50.020398+00:00
3081,Thomas Gerbaud,FRA,,1500,,,,,,0,0,,,,M,ATP Tour,2026-05-07T09:35:51.175252+00:00
3082,Aryan Lakshmanan,IND,,1500,,,,,,0,0,,,,M,ATP Tour,2026-05-07T09:35:52.339253+00:00
3083,Eszter Meri,SVK,,959,,2002-12-11,,,,0,0,,,,F,WTA Tour Official,2026-05-07T09:35:53.090247+00:00
3084,Minghui Zhang,CHN,,1500,,,,,,0,0,,,,M,ATP Tour,2026-05-07T09:35:53.719276+00:00
3085,Richard Zusman,USA,,1500,,,,,,0,0,,,,M,ATP Tour,2026-05-07T09:35:54.875544+00:00
3086,Ilay Yoruk,TUR,,960,,2001-11-05,,,,0,0,,,,F,WTA Tour Official,2026-05-07T09:35:55.575054+00:00
3088,Francesca Mattioli,ITA,,962,,2006-07-04,,,,0,0,,,,F,WTA Tour Official,2026-05-07T09:36:04.653179+00:00
3089,Gabor Hornung,HUN,,1504,,,,,,0,0,,,,M,ATP Tour,2026-05-07T09:36:05.735070+00:00
3090,Manvydas Balciunas,NED,,1505,,,,,,0,0,,,,M,ATP Tour,2026-05-07T09:36:06.901477+00:00
3091,Breno Braga,BRA,,1505,,,,,,0,0,,,,M,ATP Tour,2026-05-07T09:36:08.047547+00:00
3092,Matei Florin Breazu,ROU,,1505,,,,,,0,0,,,,M,ATP Tour,2026-05-07T09:36:09.208314+00:00
3093,Kateryna Diatlova,UKR,,963,,2001-07-16,,,,0,0,,,,F,WTA Tour Official,2026-05-07T09:36:09.408595+00:00
3094,Oskari Eerola,FIN,,1505,,,,,,0,0,,,,M,ATP Tour,2026-05-07T09:36:10.384843+00:00
3095,Emanuel Ivanisevic,CRO,,1505,,,,,,0,0,,,,M,ATP Tour,2026-05-07T09:36:11.580209+00:00
3096,Andrea Paolini,ITA,,1505,,,,,,0,0,,,,M,ATP Tour,2026-05-07T09:36:12.758007+00:00
3098,Rafael Giotis,GER,,1511,,,,,,0,0,,,,M,ATP Tour,2026-05-07T09:36:14.921123+00:00
3099,Valentin Guadagno,ARG,,1511,,,,,,0,0,,,,M,ATP Tour,2026-05-07T09:36:16.227276+00:00
3100,Daniel Khazime,RUS,,1511,,,,,,0,0,,,,M,ATP Tour,2026-05-07T09:36:17.430703+00:00
3101,Misa Malkin,USA,,965,,2003-08-03,,,,0,0,,,,F,WTA Tour Official,2026-05-07T09:36:18.311219+00:00
3102,Nicolas Esteban Rico Arias,COL,,1511,,,,,,0,0,,,,M,ATP Tour,2026-05-07T09:36:18.604615+00:00
3103,Gabriele Volpi,ITA,,1511,,,,,,0,0,,,,M,ATP Tour,2026-05-07T09:36:19.875195+00:00
3104,Udit Kamboj,IND,,1516,,,,,,0,0,,,,M,ATP Tour,2026-05-07T09:36:21.323559+00:00
3105,Shihomi Li Xuan Leong,MAS,,966,,2007-06-06,,,,0,0,,,,F,WTA Tour Official,2026-05-07T09:36:22.020463+00:00
3106,Bautista De La Pena,CHI,,1517,,,,,,0,0,,,,M,ATP Tour,2026-05-07T09:36:22.504121+00:00
3107,Amine Jamji,MAR,,1517,,,,,,0,0,,,,M,ATP Tour,2026-05-07T09:36:23.757778+00:00
3108,Sebastian Grundtvig Jorgensen,DEN,,1517,,,,,,0,0,,,,M,ATP Tour,2026-05-07T09:36:24.929534+00:00
3110,Hitesh Chauhan,IND,,1520,,,,,,0,0,,,,M,ATP Tour,2026-05-07T09:36:26.148313+00:00
3111,Kylian Collignon,BEL,,1520,,,,,,0,0,,,,M,ATP Tour,2026-05-07T09:36:27.588199+00:00
3112,Kevin Edengren,SWE,,1520,,,,,,0,0,,,,M,ATP Tour,2026-05-07T09:36:28.900615+00:00
3113,Mathys Picard,FRA,,1520,,,,,,0,0,,,,M,ATP Tour,2026-05-07T09:36:30.088767+00:00
3114,Jo-Yee Chan,USA,,968,,2004-02-02,,,,0,0,,,,F,WTA Tour Official,2026-05-07T09:36:30.297448+00:00
3115,Lasse Poertner,GER,,1520,,,,,,0,0,,,,M,ATP Tour,2026-05-07T09:36:31.261397+00:00
3116,Alessandro Battiston,ITA,,1525,,,,,,0,0,,,,M,ATP Tour,2026-05-07T09:36:32.442138+00:00
3117,Jiri Cizek,CZE,,1525,,,,,,0,0,,,,M,ATP Tour,2026-05-07T09:36:33.617894+00:00
3118,Inka Wawrzkiewicz,POL,,969,,2008-05-25,,,,0,0,,,,F,WTA Tour Official,2026-05-07T09:36:34.435195+00:00
3119,Vito Dell'Elba,ITA,,1525,,,,,,0,0,,,,M,ATP Tour,2026-05-07T09:36:34.792151+00:00
3120,David Naharro,ESP,,1525,,,,,,0,0,,,,M,ATP Tour,2026-05-07T09:36:35.980392+00:00
3121,Weiwen Pan,CHN,,1525,,,,,,0,0,,,,M,ATP Tour,2026-05-07T09:36:37.400877+00:00
3123,Vlad Cristian Breazu,ROU,,1530,,,,,,0,0,,,,M,ATP Tour,2026-05-07T09:36:38.575387+00:00
3124,Jan Klimas,CZE,,1530,,,,,,0,0,,,,M,ATP Tour,2026-05-07T09:36:39.886900+00:00
3125,Nik Mikovic,SLO,,1530,,,,,,0,0,,,,M,ATP Tour,2026-05-07T09:36:41.356924+00:00
3126,Kosuke Shibano,JPN,,1530,,,,,,0,0,,,,M,ATP Tour,2026-05-07T09:36:42.539786+00:00
3127,Drew Van Orderlain,USA,,1534,,,,,,0,0,,,,M,ATP Tour,2026-05-07T09:36:43.713921+00:00
3129,Leonardo Cattaneo,ITA,,1535,,,,,,0,0,,,,M,ATP Tour,2026-05-07T09:36:44.898986+00:00
3130,Nico Hipfl,AUT,,1535,,,,,,0,0,,,,M,ATP Tour,2026-05-07T09:36:46.078168+00:00
3131,Silvio Mencaglia,ITA,,1535,,,,,,0,0,,,,M,ATP Tour,2026-05-07T09:36:47.254532+00:00
3132,Elena-Teodora Cadar,ROU,,972,,1994-02-24,,,,0,0,,,,F,WTA Tour Official,2026-05-07T09:36:47.413972+00:00
3133,Oren Vasser,USA,,1535,,,,,,0,0,,,,M,ATP Tour,2026-05-07T09:36:48.435229+00:00
3134,Alessandro Coccioli,ITA,,1539,,,,,,0,0,,,,M,ATP Tour,2026-05-07T09:36:49.643918+00:00
3136,Xavi Palomar,ESP,,1540,,,,,,0,0,,,,M,ATP Tour,2026-05-07T09:36:51.147694+00:00
3137,Francesco Ferrari,ITA,,1541,,,,,,0,0,,,,M,ATP Tour,2026-05-07T09:36:52.371044+00:00
3138,Arjun Mehrotra,AUS,,1541,,,,,,0,0,,,,M,ATP Tour,2026-05-07T09:36:53.670556+00:00
3139,Jing-Jing Lu,CHN,,974,,1989-05-05,,,,0,0,,,,F,WTA Tour Official,2026-05-07T09:36:53.947686+00:00
3128,Ksenia Laskutova,RUS,,971,,1996-08-29,,,Right-handed,0,0,,"$93,359",,F,WTA Tour Official,2026-05-11T11:50:44.613419+00:00
3141,Mihai Alexandru Coman,ROU,,1544,,,,,,0,0,,,,M,ATP Tour,2026-05-07T09:36:56.028455+00:00
3142,Daniel Verbeek,NED,,1545,,,,,,0,0,,,,M,ATP Tour,2026-05-07T09:36:57.201289+00:00
3144,Daniel Batista,POR,,1546,,,,,,0,0,,,,M,ATP Tour,2026-05-07T09:36:58.373524+00:00
3145,Manel Lazaro Juncadella,ESP,,1546,,,,,,0,0,,,,M,ATP Tour,2026-05-07T09:36:59.544462+00:00
3146,Joao Graca,POR,,1548,,,,,,0,0,,,,M,ATP Tour,2026-05-07T09:37:00.729107+00:00
3147,Loren Thomas Byers,USA,,1549,,,,,,0,0,,,,M,ATP Tour,2026-05-07T09:37:01.904978+00:00
3148,Manuel Guinard,FRA,,1549,,,,,,0,0,,,,M,ATP Tour,2026-05-07T09:37:03.074793+00:00
3149,Samir Iftikhar,PAK,,1549,,,,,,0,0,,,,M,ATP Tour,2026-05-07T09:37:04.932290+00:00
3151,Yousaf Khalil,PAK,,1549,,,,,,0,0,,,,M,ATP Tour,2026-05-07T09:37:06.486198+00:00
3152,Siphosothando Montsi,RSA,,1549,,,,,,0,0,,,,M,ATP Tour,2026-05-07T09:37:07.708662+00:00
3154,Patrik Niklas Salminen,FIN,,1549,,,,,,0,0,,,,M,ATP Tour,2026-05-07T09:37:08.894052+00:00
3155,Reese Stalder,USA,,1549,,,,,,0,0,,,,M,ATP Tour,2026-05-07T09:37:10.063671+00:00
3156,Patrik Trhac,USA,,1549,,,,,,0,0,,,,M,ATP Tour,2026-05-07T09:37:11.461489+00:00
3158,Steven Diez,CAN,,1557,,,,,,0,0,,,,M,ATP Tour,2026-05-07T09:37:12.669153+00:00
3159,Kelly Giese,USA,,1557,,,,,,0,0,,,,M,ATP Tour,2026-05-07T09:37:13.855113+00:00
3160,Tom Hands,GBR,,1557,,,,,,0,0,,,,M,ATP Tour,2026-05-07T09:37:15.024765+00:00
3162,Adit Sinha,USA,,1557,,,,,,0,0,,,,M,ATP Tour,2026-05-07T09:37:16.306274+00:00
3163,Justin Barki,INA,,1561,,,,,,0,0,,,,M,ATP Tour,2026-05-07T09:37:17.651596+00:00
3164,Samuel Brosset,FRA,,1561,,,,,,0,0,,,,M,ATP Tour,2026-05-07T09:37:18.823042+00:00
3166,Matisse Farzam,USA,,1561,,,,,,0,0,,,,M,ATP Tour,2026-05-07T09:37:19.991906+00:00
3167,Alejo Lorenzo Lingua Lavallen,ARG,,1561,,,,,,0,0,,,,M,ATP Tour,2026-05-07T09:37:21.172276+00:00
3168,Will Mayew,USA,,1561,,,,,,0,0,,,,M,ATP Tour,2026-05-07T09:37:22.346133+00:00
3170,Dominick Mosejczuk,USA,,1561,,,,,,0,0,,,,M,ATP Tour,2026-05-07T09:37:23.529730+00:00
3171,Oliver Ojakaar,EST,,1561,,,,,,0,0,,,,M,ATP Tour,2026-05-07T09:37:24.713373+00:00
3172,Daniel Phillips,BER,,1561,,,,,,0,0,,,,M,ATP Tour,2026-05-07T09:37:25.884009+00:00
3174,Harrison Satara,AUS,,1561,,,,,,0,0,,,,M,ATP Tour,2026-05-07T09:37:27.109421+00:00
3175,Damien Clerc,FRA,,1570,,,,,,0,0,,,,M,ATP Tour,2026-05-07T09:37:28.618752+00:00
3176,Thai Son Kwiatkowski,USA,,1570,,,,,,0,0,,,,M,ATP Tour,2026-05-07T09:37:30.083617+00:00
3178,Wissam Abderrahman,TUN,,1572,,,,,,0,0,,,,M,ATP Tour,2026-05-07T09:37:31.316059+00:00
3179,Fantino Alberca De Las Casas,ARG,,1572,,,,,,0,0,,,,M,ATP Tour,2026-05-07T09:37:32.486286+00:00
3180,Julien De Cuyper,FRA,,1572,,,,,,0,0,,,,M,ATP Tour,2026-05-07T09:37:33.672029+00:00
3181,Henrique Ortenblad Nogueira,BRA,,1572,,,,,,0,0,,,,M,ATP Tour,2026-05-07T09:37:34.896553+00:00
3182,Alexander Razeghi,USA,,1572,,,,,,0,0,,,,M,ATP Tour,2026-05-07T09:37:36.113542+00:00
3184,Hudson Rivera,USA,,1572,,,,,,0,0,,,,M,ATP Tour,2026-05-07T09:37:37.290277+00:00
3185,Isac Stroemberg,SWE,,1572,,,,,,0,0,,,,M,ATP Tour,2026-05-07T09:37:38.468208+00:00
3186,Felipe Virgili,ITA,,1572,,,,,,0,0,,,,M,ATP Tour,2026-05-07T09:37:39.706225+00:00
3188,Antonin Witz,FRA,,1580,,,,,,0,0,,,,M,ATP Tour,2026-05-07T09:37:41.414618+00:00
3189,Siwanat Auytayakul,THA,,1581,,,,,,0,0,,,,M,ATP Tour,2026-05-07T09:37:42.610780+00:00
3191,Ye Chen,CHN,,1581,,,,,,0,0,,,,M,ATP Tour,2026-05-07T09:37:43.782908+00:00
3192,Weiyi Kong,CHN,,1581,,,,,,0,0,,,,M,ATP Tour,2026-05-07T09:37:45.024101+00:00
3193,William Mirarchi,ITA,,1581,,,,,,0,0,,,,M,ATP Tour,2026-05-07T09:37:46.208027+00:00
3195,Maciej Rajski,POL,,1581,,,,,,0,0,,,,M,ATP Tour,2026-05-07T09:37:47.393538+00:00
3196,Vincent Jakob Reisach,GER,,1581,,,,,,0,0,,,,M,ATP Tour,2026-05-07T09:37:48.567811+00:00
3197,Timofey Stepanov,SUI,,1581,,,,,,0,0,,,,M,ATP Tour,2026-05-07T09:37:49.761893+00:00
3198,Mateo Barreiros Reyes,BRA,,1588,,,,,,0,0,,,,M,ATP Tour,2026-05-07T09:37:50.939639+00:00
3200,Nathan Cox,USA,,1588,,,,,,0,0,,,,M,ATP Tour,2026-05-07T09:37:52.905545+00:00
3201,Ilyas Milad Fahim,USA,,1588,,,,,,0,0,,,,M,ATP Tour,2026-05-07T09:37:54.409075+00:00
3203,Yazid Lahjomri,MAR,,1588,,,,,,0,0,,,,M,ATP Tour,2026-05-07T09:37:55.608835+00:00
3204,Clement Lemire,FRA,,1588,,,,,,0,0,,,,M,ATP Tour,2026-05-07T09:37:56.788637+00:00
3205,Deney Wassermann,NED,,1593,,,,,,0,0,,,,M,ATP Tour,2026-05-07T09:37:57.962064+00:00
3207,Ryan Augusto Dos Santos,BRA,,1594,,,,,,0,0,,,,M,ATP Tour,2026-05-07T09:37:59.156500+00:00
3208,Teodor Davidov,USA,,1594,,,,,,0,0,,,,M,ATP Tour,2026-05-07T09:38:00.347347+00:00
3210,Mathys Domenc,FRA,,1594,,,,,,0,0,,,,M,ATP Tour,2026-05-07T09:38:01.581328+00:00
3211,Marco Furlanetto,ITA,,1594,,,,,,0,0,,,,M,ATP Tour,2026-05-07T09:38:03.009763+00:00
3212,Alex Kobelt,USA,,1594,,,,,,0,0,,,,M,ATP Tour,2026-05-07T09:38:04.200260+00:00
3213,Matthew Rankin,GBR,,1594,,,,,,0,0,,,,M,ATP Tour,2026-05-07T09:38:05.913121+00:00
3214,Ainius Sabaliauskas,LTU,,1594,,,,,,0,0,,,,M,ATP Tour,2026-05-07T09:38:07.308034+00:00
3754,Nana Kawagishi,JPN,,1256,,2000-09-07,,,,0,0,,,,F,WTA Tour Official,2026-05-07T09:44:29.158107+00:00
3758,Gala Ivanovic,SRB,,1256,,2008-08-08,,,,0,0,,,,F,WTA Tour Official,2026-05-07T09:44:31.997750+00:00
3762,Tenika Mcgiffin,AUS,,1261,,1999-02-23,,,,0,0,,,,F,WTA Tour Official,2026-05-07T09:44:34.592874+00:00
3764,Maria Jose Sanchez Uribe,COL,,1262,,2008-08-13,,,,0,0,,,,F,WTA Tour Official,2026-05-07T09:44:35.723593+00:00
3768,Leonie Schuknecht,GER,,1264,,2001-11-08,,,,0,0,,,,F,WTA Tour Official,2026-05-07T09:44:38.046042+00:00
3772,Adela Polakovicova,SVK,,1264,,2005-11-11,,,,0,0,,,,F,WTA Tour Official,2026-05-07T09:44:40.863735+00:00
3776,Dusica Popovski,SRB,,1268,,2009-03-18,,,,0,0,,,,F,WTA Tour Official,2026-05-07T09:44:43.447840+00:00
3780,Daniela Vismane,LAT,,1268,,2000-08-10,,,,0,0,,,,F,WTA Tour Official,2026-05-07T09:44:45.828533+00:00
3784,Micol Salvadori,ITA,,1272,,2009-05-30,,,,0,0,,,,F,WTA Tour Official,2026-05-07T09:44:48.152589+00:00
4498,Alisa Kleybanova,RUS,,,,1989-07-15,,,,0,0,,,,F,wta,2026-06-15T05:55:42.646042+00:00
3788,Valentina Abril Bruno,ARG,,1272,,2007-01-22,,,,0,0,,,,F,WTA Tour Official,2026-05-07T09:44:51.006249+00:00
3793,Yashaswini Panwar,IND,,1272,,2001-11-17,,,,0,0,,,,F,WTA Tour Official,2026-05-07T09:44:54.829810+00:00
3796,Soo Ha Jang,KOR,,1278,,2004-12-28,,,,0,0,,,,F,WTA Tour Official,2026-05-07T09:44:57.099977+00:00
3802,Tamara Sramkova,SVK,,1278,,2006-11-15,,,,0,0,,,,F,WTA Tour Official,2026-05-07T09:45:00.588125+00:00
3806,Soha Sadiq,IND,,1282,,1998-06-26,,,,0,0,,,,F,WTA Tour Official,2026-05-07T09:45:02.863254+00:00
3810,Charlotte Van Zonneveld,NED,,1284,,2004-07-12,,,,0,0,,,,F,WTA Tour Official,2026-05-07T09:45:05.221640+00:00
3814,Jade Groen,NED,,1284,,2004-07-09,,,,0,0,,,,F,WTA Tour Official,2026-05-07T09:45:07.980919+00:00
1178,Marek Gengel,CZE,,229,2025-02-03,1995-09-17,"6'1"" (185cm)",177 lbs (80kg),"Right-Handed, Two-Handed Backhand",0,0,,"$285,584",https://upload.wikimedia.org/wikipedia/commons/thumb/d/de/Marek_Gengel_%282025_DC_Open%29_02_%28cropped%29.jpg/330px-Marek_Gengel_%282025_DC_Open%29_02_%28cropped%29.jpg,M,ATP Tour,2026-05-15T07:04:27.185546+00:00
3161,Aysegul Mert,TUR,,979,,2004-04-17,,,,0,0,,,,F,WTA Tour Official,2026-05-07T09:37:15.376799+00:00
2075,Manish Sureshkumar,IND,,508,2018-11-19,1999-08-13,"5'11"" (180cm)",162 lbs (73kg),"Right-Handed, Two-Handed Backhand",0,0,,"$93,074",https://www.atptour.com/-/media/alias/player-gladiator-headshot/sy74,M,ATP Tour,2026-05-15T09:02:21.407652+00:00
3173,Rikke De Koning,NED,,982,,2003-05-04,,,,0,0,,,,F,WTA Tour Official,2026-05-07T09:37:26.419864+00:00
3187,Clarissa Blomqvist,FIN,,985,,2004-11-26,,,,0,0,,,,F,WTA Tour Official,2026-05-07T09:37:40.195510+00:00
3199,Jenna Dean,USA,,988,,2000-06-18,,,,0,0,,,,F,WTA Tour Official,2026-05-07T09:37:51.200851+00:00
3206,Elizabeth Coleman,USA,,990,,2003-03-21,,,,0,0,,,,F,WTA Tour Official,2026-05-07T09:37:58.259894+00:00
3209,Victoria Pohle,GER,,991,,2007-06-29,,,,0,0,,,,F,WTA Tour Official,2026-05-07T09:38:01.629162+00:00
3221,Ha Eum Lee,KOR,,995,,2008-06-24,,,,0,0,,,,F,WTA Tour Official,2026-05-07T09:38:27.455214+00:00
3237,Tina Manescu,GER,,998,,2010-01-22,,,,0,0,,,,F,WTA Tour Official,2026-05-07T09:38:42.958879+00:00
3250,Vicky Van De Peer,BEL,,1001,,2001-01-11,,,,0,0,,,,F,WTA Tour Official,2026-05-07T09:38:55.981472+00:00
3254,Yuhan Liu,CHN,,1003,,2003-08-31,,,,0,0,,,,F,WTA Tour Official,2026-05-07T09:38:58.461292+00:00
3258,Ziva Falkner,SLO,,1005,,2002-07-07,,,,0,0,,,,F,WTA Tour Official,2026-05-07T09:39:00.730141+00:00
3260,Jacqueline Cabaj Awad,SWE,,1006,,1996-01-28,,,,0,0,,,,F,WTA Tour Official,2026-05-07T09:39:01.835393+00:00
3264,Barbora Michalkova,CZE,,1008,,2006-04-03,,,,0,0,,,,F,WTA Tour Official,2026-05-07T09:39:04.106910+00:00
3268,Celia Cervino Ruiz,ESP,,1010,,1997-12-14,,,,0,0,,,,F,WTA Tour Official,2026-05-07T09:39:06.399089+00:00
3272,Sofia Da Cruz Mendonca,BRA,,1012,,2002-03-09,,,,0,0,,,,F,WTA Tour Official,2026-05-07T09:39:09.242951+00:00
3276,Diae El Jardi,MAR,,1014,,2000-10-13,,,,0,0,,,,F,WTA Tour Official,2026-05-07T09:39:11.509761+00:00
3755,Vasilios Caripi,RSA,,1865,,,,,,0,0,,,,M,ATP Tour,2026-05-07T09:44:30.266112+00:00
3757,Matthew Carroll,GBR,,1865,,,,,,0,0,,,,M,ATP Tour,2026-05-07T09:44:31.524182+00:00
3759,Hanamichi Carvajal,CHI,,1865,,,,,,0,0,,,,M,ATP Tour,2026-05-07T09:44:32.706465+00:00
3761,Marcos Castro Fabra,ESP,,1865,,,,,,0,0,,,,M,ATP Tour,2026-05-07T09:44:33.889573+00:00
3763,Elijah Cham,AUS,,1865,,,,,,0,0,,,,M,ATP Tour,2026-05-07T09:44:35.070202+00:00
3765,Sandesh Dattatray Kurale,IND,,1865,,,,,,0,0,,,,M,ATP Tour,2026-05-07T09:44:36.253059+00:00
3767,Malanqi Du,CHN,,1865,,,,,,0,0,,,,M,ATP Tour,2026-05-07T09:44:37.441707+00:00
3769,Tomas Dummer Macedo,BRA,,1865,,,,,,0,0,,,,M,ATP Tour,2026-05-07T09:44:38.616468+00:00
3771,Birtan Duran,TUR,,1865,,,,,,0,0,,,,M,ATP Tour,2026-05-07T09:44:40.240159+00:00
3773,Gian Durrer,SUI,,1865,,,,,,0,0,,,,M,ATP Tour,2026-05-07T09:44:41.626405+00:00
3775,Karim El Feky,EGY,,1865,,,,,,0,0,,,,M,ATP Tour,2026-05-07T09:44:42.992183+00:00
3777,Samyar Elyasi,IRI,,1865,,,,,,0,0,,,,M,ATP Tour,2026-05-07T09:44:44.174152+00:00
3779,Finlay Emslie Robson,NZL,,1865,,,,,,0,0,,,,M,ATP Tour,2026-05-07T09:44:45.352638+00:00
3781,Roberto Ferrer Guimaraes,USA,,1865,,,,,,0,0,,,,M,ATP Tour,2026-05-07T09:44:46.557335+00:00
3783,Xavier Ferrer Mateo,ESP,,1865,,,,,,0,0,,,,M,ATP Tour,2026-05-07T09:44:47.728115+00:00
3785,Oriol Font,ESP,,1865,,,,,,0,0,,,,M,ATP Tour,2026-05-07T09:44:48.924015+00:00
3787,Kanta Fujisaki,JPN,,1865,,,,,,0,0,,,,M,ATP Tour,2026-05-07T09:44:50.111179+00:00
3789,Rafael Augusto Garcia Finetto,BRA,,1865,,,,,,0,0,,,,M,ATP Tour,2026-05-07T09:44:52.016143+00:00
3790,Pietro Gava,BRA,,1865,,,,,,0,0,,,,M,ATP Tour,2026-05-07T09:44:53.444440+00:00
3792,Daniil Golubev,RUS,,1865,,,,,,0,0,,,,M,ATP Tour,2026-05-07T09:44:54.633481+00:00
3794,Maxim Groysman,USA,,1865,,,,,,0,0,,,,M,ATP Tour,2026-05-07T09:44:55.910689+00:00
3797,Kornel Halmos,HUN,,1865,,,,,,0,0,,,,M,ATP Tour,2026-05-07T09:44:57.091460+00:00
3799,Zac Hamill,AUS,,1865,,,,,,0,0,,,,M,ATP Tour,2026-05-07T09:44:58.265357+00:00
3801,Bryan Hernandez Cortes,ESP,,1865,,,,,,0,0,,,,M,ATP Tour,2026-05-07T09:44:59.449782+00:00
3803,David Jeanne Grandinot,FRA,,1865,,,,,,0,0,,,,M,ATP Tour,2026-05-07T09:45:00.614096+00:00
3805,Jarrod Joyce,AUS,,1865,,,,,,0,0,,,,M,ATP Tour,2026-05-07T09:45:01.791107+00:00
3807,Hamza Karmoussi,MAR,,1865,,,,,,0,0,,,,M,ATP Tour,2026-05-07T09:45:02.981081+00:00
3809,Pranav Karthik,IND,,1865,,,,,,0,0,,,,M,ATP Tour,2026-05-07T09:45:04.160522+00:00
3811,Nicolas Kobelt,SUI,,1865,,,,,,0,0,,,,M,ATP Tour,2026-05-07T09:45:05.553589+00:00
3813,Thomas Kostka,FRA,,1865,,,,,,0,0,,,,M,ATP Tour,2026-05-07T09:45:06.969489+00:00
3815,Woong Bi Lee,KOR,,1865,,,,,,0,0,,,,M,ATP Tour,2026-05-07T09:45:08.247234+00:00
3817,Woong Chan Lee,KOR,,1865,,,,,,0,0,,,,M,ATP Tour,2026-05-07T09:45:09.422556+00:00
3819,Liangxuan Liu,CHN,,1865,,,,,,0,0,,,,M,ATP Tour,2026-05-07T09:45:10.617636+00:00
3821,Augusto Mateo Lucarelli,ARG,,1865,,,,,,0,0,,,,M,ATP Tour,2026-05-07T09:45:11.822970+00:00
3823,Jody Maginley,ANT,,1865,,,,,,0,0,,,,M,ATP Tour,2026-05-07T09:45:12.995213+00:00
3825,Cyrus Mahjoob,USA,,1865,,,,,,0,0,,,,M,ATP Tour,2026-05-07T09:45:14.611092+00:00
3827,Noah Martens,BEL,,1865,,,,,,0,0,,,,M,ATP Tour,2026-05-07T09:45:15.783220+00:00
3829,Kaspar Mathes,GER,,1865,,,,,,0,0,,,,M,ATP Tour,2026-05-07T09:45:17.086393+00:00
3831,Moein Moazam,IRI,,1865,,,,,,0,0,,,,M,ATP Tour,2026-05-07T09:45:18.298543+00:00
3833,Alejandro Moreno,USA,,1865,,,,,,0,0,,,,M,ATP Tour,2026-05-07T09:45:19.466516+00:00
3835,Juan Francisco Munoz,MEX,,1865,,,,,,0,0,,,,M,ATP Tour,2026-05-07T09:45:20.634527+00:00
3837,Freddy Murray,IRL,,1865,,,,,,0,0,,,,M,ATP Tour,2026-05-07T09:45:21.806358+00:00
3839,Mason Naumovski,AUS,,1865,,,,,,0,0,,,,M,ATP Tour,2026-05-07T09:45:22.977259+00:00
3841,Niklas Niggemann,GER,,1865,,,,,,0,0,,,,M,ATP Tour,2026-05-07T09:45:24.145526+00:00
3842,Ricard Novell,ESP,,1865,,,,,,0,0,,,,M,ATP Tour,2026-05-07T09:45:25.319631+00:00
4373,Juan Martin Del Potro,ARG,,,,1988-09-23,,,,0,0,,,https://upload.wikimedia.org/wikipedia/commons/thumb/c/cb/Del_Potro_en_Indian_Wells_2018.jpg/330px-Del_Potro_en_Indian_Wells_2018.jpg,M,atp,2026-06-15T05:54:18.380344+00:00
3150,Jamie Loeb,USA,,976,,1995-03-08,1.68 m,,Right (two-handed backhand),0,0,,"$828,044",https://upload.wikimedia.org/wikipedia/commons/thumb/2/2a/Loeb_WMQ18_%2818%29_%2841744196240%29.jpg/330px-Loeb_WMQ18_%2818%29_%2841744196240%29.jpg,F,WTA Tour Official,2026-05-11T11:50:59.030748+00:00
3217,Veronika Miroshnichenko,RUS,,994,,1997-11-19,,,Left-handed,0,0,,"$64,820",,F,WTA Tour Official,2026-05-11T11:51:59.145470+00:00
3215,Anne Schaefer,GER,,992,,1987-03-01,,,,0,0,,,https://upload.wikimedia.org/wikipedia/commons/thumb/d/d0/Anne_Schaefer_001.JPG/330px-Anne_Schaefer_001.JPG,F,WTA Tour Official,2026-05-07T09:38:08.457705+00:00
964,Sascha Gueymard Wayenburg,FRA,,193,2025-11-17,2003-08-01,"6'3"" (191cm)",178 lbs (81kg),"Right-Handed, Two-Handed Backhand",0,0,,"$384,521",https://upload.wikimedia.org/wikipedia/commons/thumb/6/6c/Gueymard_Wayenburg_RGQ22_%2826%29_%2852130113380%29.jpg/330px-Gueymard_Wayenburg_RGQ22_%2826%29_%2852130113380%29.jpg,M,ATP Tour,2026-05-15T06:35:52.972504+00:00
3218,Niccolo Baroni,ITA,,1601,,,,,,0,0,,,,M,ATP Tour,2026-05-07T09:38:23.982729+00:00
3219,Felipe Dreer,ARG,,1601,,,,,,0,0,,,,M,ATP Tour,2026-05-07T09:38:25.147528+00:00
3220,Yunseok Jang,KOR,,1601,,,,,,0,0,,,,M,ATP Tour,2026-05-07T09:38:26.313748+00:00
3222,Matt Kleiman,USA,,1601,,,,,,0,0,,,,M,ATP Tour,2026-05-07T09:38:27.480645+00:00
3223,Gasper Matijasic,SLO,,1601,,,,,,0,0,,,,M,ATP Tour,2026-05-07T09:38:28.660762+00:00
3224,Rihards Neimanis,LAT,,1601,,,,,,0,0,,,,M,ATP Tour,2026-05-07T09:38:29.837974+00:00
3225,Michalis Sakellaridis,GRE,,1601,,,,,,0,0,,,,M,ATP Tour,2026-05-07T09:38:31.092732+00:00
3226,Anna Pushkareva,RUS,,996,,2009-04-22,,,,0,0,,,,F,WTA Tour Official,2026-05-07T09:38:32.624250+00:00
3227,Artem Bogomolov,RUS,,1608,,,,,,0,0,,,,M,ATP Tour,2026-05-07T09:38:32.523064+00:00
3228,Emirhan Bulut,TUR,,1608,,,,,,0,0,,,,M,ATP Tour,2026-05-07T09:38:33.925380+00:00
3229,Jake Dembo,AUS,,1608,,,,,,0,0,,,,M,ATP Tour,2026-05-07T09:38:35.101083+00:00
3230,Juan Ignacio Gallego,ARG,,1608,,,,,,0,0,,,,M,ATP Tour,2026-05-07T09:38:36.275463+00:00
3231,Darius Florin Pop,ROU,,1608,,,,,,0,0,,,,M,ATP Tour,2026-05-07T09:38:37.541159+00:00
3232,Peter Alam,LBN,,1613,,,,,,0,0,,,,M,ATP Tour,2026-05-07T09:38:38.833355+00:00
3234,Alexis Canter,GBR,,1613,,,,,,0,0,,,,M,ATP Tour,2026-05-07T09:38:40.050286+00:00
3235,Mahmoud Chetouane,TUN,,1613,,,,,,0,0,,,,M,ATP Tour,2026-05-07T09:38:41.236755+00:00
3236,Ammar Elamin,IRL,,1613,,,,,,0,0,,,,M,ATP Tour,2026-05-07T09:38:42.413302+00:00
3238,Luca Fantini,ITA,,1613,,,,,,0,0,,,,M,ATP Tour,2026-05-07T09:38:43.610021+00:00
3239,Valentin Garay,ARG,,1613,,,,,,0,0,,,,M,ATP Tour,2026-05-07T09:38:45.093031+00:00
3240,Anastasiya Kuparev,GER,,999,,2001-06-04,,,,0,0,,,,F,WTA Tour Official,2026-05-07T09:38:45.879036+00:00
3241,Sean Hodkin,GBR,,1613,,,,,,0,0,,,,M,ATP Tour,2026-05-07T09:38:46.319264+00:00
3242,Shu Muto,JPN,,1613,,,,,,0,0,,,,M,ATP Tour,2026-05-07T09:38:47.510192+00:00
3243,Ren Nakamura,JPN,,1613,,,,,,0,0,,,,M,ATP Tour,2026-05-07T09:38:48.682728+00:00
3244,Arnav Vijay Paparkar,IND,,1613,,,,,,0,0,,,,M,ATP Tour,2026-05-07T09:38:49.860786+00:00
3245,Stevan Popovic,GER,,1613,,,,,,0,0,,,,M,ATP Tour,2026-05-07T09:38:51.036283+00:00
3246,Stefan Storch,AUS,,1613,,,,,,0,0,,,,M,ATP Tour,2026-05-07T09:38:52.242817+00:00
3248,Gabriele Vulpitta,ITA,,1625,,,,,,0,0,,,,M,ATP Tour,2026-05-07T09:38:53.418317+00:00
3249,Jerrid Gaines Jr,USA,,1626,,,,,,0,0,,,,M,ATP Tour,2026-05-07T09:38:54.582375+00:00
3251,Nicolas Hollender,ARG,,1626,,,,,,0,0,,,,M,ATP Tour,2026-05-07T09:38:55.868380+00:00
3252,Elizabeth Ionescu,USA,,1002,,2008-04-28,,,,0,0,,,,F,WTA Tour Official,2026-05-07T09:38:57.311815+00:00
3253,Daniel Jovanovski,AUS,,1626,,,,,,0,0,,,,M,ATP Tour,2026-05-07T09:38:57.416694+00:00
3255,Tilen Kovac,SLO,,1626,,,,,,0,0,,,,M,ATP Tour,2026-05-07T09:38:58.588209+00:00
3256,Fang An Lin,TPE,,1004,,2005-05-16,,,,0,0,,,,F,WTA Tour Official,2026-05-07T09:38:59.594874+00:00
3257,Manuel Mouilleron Salvo,ARG,,1626,,,,,,0,0,,,,M,ATP Tour,2026-05-07T09:38:59.761693+00:00
3259,Noah Brownrigg,AUS,,1631,,,,,,0,0,,,,M,ATP Tour,2026-05-07T09:39:00.948197+00:00
3261,David Fix,GER,,1631,,,,,,0,0,,,,M,ATP Tour,2026-05-07T09:39:02.126929+00:00
3262,Sara Victoria Balan,ROU,,1007,,2009-02-09,,,,0,0,,,,F,WTA Tour Official,2026-05-07T09:39:02.970084+00:00
3263,Giammarco Gandolfi,ITA,,1631,,,,,,0,0,,,,M,ATP Tour,2026-05-07T09:39:03.307008+00:00
3265,Arthur Laborde,SUI,,1631,,,,,,0,0,,,,M,ATP Tour,2026-05-07T09:39:04.483350+00:00
3266,Maayan Laron,ISR,,1009,,2007-07-18,,,,0,0,,,,F,WTA Tour Official,2026-05-07T09:39:05.253552+00:00
3267,Zekai Li,CHN,,1631,,,,,,0,0,,,,M,ATP Tour,2026-05-07T09:39:05.665741+00:00
3269,Ashton Mcleod,AUS,,1631,,,,,,0,0,,,,M,ATP Tour,2026-05-07T09:39:06.996884+00:00
3270,Nicole Gadient,SUI,,1011,,1998-08-07,,,,0,0,,,,F,WTA Tour Official,2026-05-07T09:39:07.876363+00:00
3271,Aristarkh Safonov,RUS,,1631,,,,,,0,0,,,,M,ATP Tour,2026-05-07T09:39:08.509762+00:00
3273,Benoit Torcq,BEL,,1631,,,,,,0,0,,,,M,ATP Tour,2026-05-07T09:39:09.783740+00:00
3274,Fanny Norin,SWE,,1013,,2001-11-11,,,,0,0,,,,F,WTA Tour Official,2026-05-07T09:39:10.376807+00:00
3275,Patricio Alvarado,ECU,,1639,,,,,,0,0,,,,M,ATP Tour,2026-05-07T09:39:10.958651+00:00
3277,Shaoyun Liu,CHN,,1639,,,,,,0,0,,,,M,ATP Tour,2026-05-07T09:39:12.129972+00:00
3278,Gloriana Goreti Nahum,BEN,,1015,,2006-10-02,,,,0,0,,,,F,WTA Tour Official,2026-05-07T09:39:12.639318+00:00
3279,Juan Jose Bianchi,VEN,,1641,,,,,,0,0,,,,M,ATP Tour,2026-05-07T09:39:13.302772+00:00
3280,Jonas Eriksson Ziverts,SWE,,1641,,,,,,0,0,,,,M,ATP Tour,2026-05-07T09:39:14.476924+00:00
3281,Gabriella Broadfoot,RSA,,1016,,2004-11-01,,,,0,0,,,,F,WTA Tour Official,2026-05-07T09:39:15.112291+00:00
3282,Volodymyr Gurenko,CAN,,1641,,,,,,0,0,,,,M,ATP Tour,2026-05-07T09:39:15.748094+00:00
3283,Eliz Maloney,GBR,,1017,,2000-08-10,,,,0,0,,,,F,WTA Tour Official,2026-05-07T09:39:16.315130+00:00
3284,Chun Chien Hou,TPE,,1641,,,,,,0,0,,,,M,ATP Tour,2026-05-07T09:39:16.926137+00:00
3285,Anna Sedysheva,RUS,,1018,,2005-09-25,,,,0,0,,,,F,WTA Tour Official,2026-05-07T09:39:17.478041+00:00
3286,Stephane Pierre Jo Kamendje,CAN,,1641,,,,,,0,0,,,,M,ATP Tour,2026-05-07T09:39:18.097058+00:00
3287,Lisa-Marie Rioux,JPN,,1019,,1997-05-01,,,,0,0,,,,F,WTA Tour Official,2026-05-07T09:39:18.670281+00:00
3288,Andrea M'Chich,FRA,,1641,,,,,,0,0,,,,M,ATP Tour,2026-05-07T09:39:19.277591+00:00
3289,Ulyana Hrabavets,BUL,,1020,,2008-08-13,,,,0,0,,,,F,WTA Tour Official,2026-05-07T09:39:19.841896+00:00
3233,Anastasiia Gureva,RUS,,997,,2005-03-24,,,Right-handed,0,0,,"$65,106",https://upload.wikimedia.org/wikipedia/commons/thumb/3/39/Anastasiia_Gureva_%28Feb_2026%29_01.jpg/330px-Anastasiia_Gureva_%28Feb_2026%29_01.jpg,F,WTA Tour Official,2026-05-11T11:52:09.647585+00:00
3247,Victoria Kan,RUS,,1000,,1995-08-03,,,,0,0,,"US$ 226,058",https://upload.wikimedia.org/wikipedia/commons/thumb/e/e5/Viktoria_Kan1%3D_%2819380180161%29.jpg/330px-Viktoria_Kan1%3D_%2819380180161%29.jpg,F,WTA Tour Official,2026-05-11T11:52:25.477703+00:00
3291,Lorena Schaedel,GER,,1021,,2001-01-08,,,,0,0,,,,F,WTA Tour Official,2026-05-07T09:39:21.661266+00:00
3202,Eri Hozumi,JPN,,989,,1994-02-17,1.68 m,,Right (two-handed backhand),0,0,,,https://upload.wikimedia.org/wikipedia/commons/thumb/9/97/Hozumi_RG19_%2817%29_%2848199188746%29.jpg/330px-Hozumi_RG19_%2817%29_%2848199188746%29.jpg,F,WTA Tour Official,2026-05-12T06:44:19.183514+00:00
3290,Mattia Nannelli,ITA,,1641,,,,,,0,0,,,,M,ATP Tour,2026-05-07T09:39:20.723758+00:00
3292,Alan Raul Sau Franco,MEX,,1641,,,,,,0,0,,,,M,ATP Tour,2026-05-07T09:39:22.205670+00:00
3294,Gheorghe Claudiu Schinteie,ROU,,1641,,,,,,0,0,,,,M,ATP Tour,2026-05-07T09:39:23.808042+00:00
3296,Edoardo Zanada,ITA,,1650,,,,,,0,0,,,,M,ATP Tour,2026-05-07T09:39:25.055729+00:00
3298,Dakotah Bobo,USA,,1651,,,,,,0,0,,,,M,ATP Tour,2026-05-07T09:39:26.231043+00:00
3300,Carl Holder,GBR,,1651,,,,,,0,0,,,,M,ATP Tour,2026-05-07T09:39:27.408317+00:00
3302,Aleksa Pisaric,SRB,,1651,,,,,,0,0,,,,M,ATP Tour,2026-05-07T09:39:28.584645+00:00
3304,Zhengyu Sun,CHN,,1651,,,,,,0,0,,,,M,ATP Tour,2026-05-07T09:39:29.752717+00:00
3306,Madhwin Kamath,IND,,1655,,,,,,0,0,,,,M,ATP Tour,2026-05-07T09:39:30.929291+00:00
3308,Zangar Nurlanuly,KAZ,,1655,,,,,,0,0,,,,M,ATP Tour,2026-05-07T09:39:32.107370+00:00
3310,Pepijn Bastiaansen,NED,,1657,,,,,,0,0,,,,M,ATP Tour,2026-05-07T09:39:33.283118+00:00
3312,Gian Gruenig,SUI,,1657,,,,,,0,0,,,,M,ATP Tour,2026-05-07T09:39:35.241981+00:00
3314,Jonas Gundacker,AUT,,1657,,,,,,0,0,,,,M,ATP Tour,2026-05-07T09:39:36.459067+00:00
3316,Bora Sengul,TUR,,1657,,,,,,0,0,,,,M,ATP Tour,2026-05-07T09:39:37.632278+00:00
3318,Tom Sickenberger,GER,,1657,,,,,,0,0,,,,M,ATP Tour,2026-05-07T09:39:38.831298+00:00
3320,Darrshan Suresh,MAS,,1657,,,,,,0,0,,,,M,ATP Tour,2026-05-07T09:39:40.004619+00:00
3322,Federico Valle,ITA,,1657,,,,,,0,0,,,,M,ATP Tour,2026-05-07T09:39:41.194482+00:00
3324,Daniel Domingos,ANG,,1664,,,,,,0,0,,,,M,ATP Tour,2026-05-07T09:39:42.396151+00:00
3326,Benjamin Gusic   Wan,GBR,,1664,,,,,,0,0,,,,M,ATP Tour,2026-05-07T09:39:43.576608+00:00
3328,Andrei Kunitsyn,RUS,,1664,,,,,,0,0,,,,M,ATP Tour,2026-05-07T09:39:44.780131+00:00
3330,Tanguy Genier,SUI,,1667,,,,,,0,0,,,,M,ATP Tour,2026-05-07T09:39:45.966335+00:00
3332,Benjamin Hannestad,DEN,,1667,,,,,,0,0,,,,M,ATP Tour,2026-05-07T09:39:47.383763+00:00
3334,Haoyuan Huang,CHN,,1667,,,,,,0,0,,,,M,ATP Tour,2026-05-07T09:39:48.696734+00:00
3336,Noah Karma,SUI,,1667,,,,,,0,0,,,,M,ATP Tour,2026-05-07T09:39:49.868936+00:00
3338,Alvaro Peiro Serrano,ESP,,1667,,,,,,0,0,,,,M,ATP Tour,2026-05-07T09:39:51.040392+00:00
3339,Alejandro Lopez Escribano,ESP,,1672,,,,,,0,0,,,,M,ATP Tour,2026-05-07T09:39:52.226843+00:00
3341,Pierre Antoine Tailleu,FRA,,1673,,,,,,0,0,,,,M,ATP Tour,2026-05-07T09:39:53.404605+00:00
3343,Ye Hongyu,CHN,,1674,,,,,,0,0,,,,M,ATP Tour,2026-05-07T09:39:54.569397+00:00
3345,Tadeo Meneo,ARG,,1675,,,,,,0,0,,,,M,ATP Tour,2026-05-07T09:39:55.843239+00:00
3347,Gokberk Saritas,TUR,,1675,,,,,,0,0,,,,M,ATP Tour,2026-05-07T09:39:57.020799+00:00
3349,Lawrence Bataljin,AUS,,1677,,,,,,0,0,,,,M,ATP Tour,2026-05-07T09:39:58.289631+00:00
3351,Alfred Almasi,SVK,,1678,,,,,,0,0,,,,M,ATP Tour,2026-05-07T09:39:59.551366+00:00
3353,David Bakonyi,HUN,,1678,,,,,,0,0,,,,M,ATP Tour,2026-05-07T09:40:01.328446+00:00
3355,Casper Christensen,NOR,,1678,,,,,,0,0,,,,M,ATP Tour,2026-05-07T09:40:02.504390+00:00
3357,Valentino Conte,ARG,,1678,,,,,,0,0,,,,M,ATP Tour,2026-05-07T09:40:03.680590+00:00
3359,Connor Doig,RSA,,1678,,,,,,0,0,,,,M,ATP Tour,2026-05-07T09:40:04.868007+00:00
3361,Jagger Leach,USA,,1678,,,,,,0,0,,,,M,ATP Tour,2026-05-07T09:40:06.043334+00:00
3363,Ivan Liutarevich,BLR,,1678,,,,,,0,0,,,,M,ATP Tour,2026-05-07T09:40:07.669474+00:00
3365,Mario Mansilla Diez,ESP,,1678,,,,,,0,0,,,,M,ATP Tour,2026-05-07T09:40:08.847113+00:00
3367,Pablo Manzano Lapuerta,ESP,,1678,,,,,,0,0,,,,M,ATP Tour,2026-05-07T09:40:10.038522+00:00
3369,Marko Milosavljevic,SRB,,1678,,,,,,0,0,,,,M,ATP Tour,2026-05-07T09:40:11.322706+00:00
3371,Diego Munoz,BOL,,1678,,,,,,0,0,,,,M,ATP Tour,2026-05-07T09:40:12.908983+00:00
3373,Ignacio Novo,ARG,,1678,,,,,,0,0,,,,M,ATP Tour,2026-05-07T09:40:14.200672+00:00
3375,Bruno Pujol Navarro,ESP,,1678,,,,,,0,0,,,,M,ATP Tour,2026-05-07T09:40:15.369567+00:00
3377,Cristian Rodriguez,COL,,1678,,,,,,0,0,,,,M,ATP Tour,2026-05-07T09:40:16.548385+00:00
3379,Oliver Andre Solis Encinas,BOL,,1678,,,,,,0,0,,,,M,ATP Tour,2026-05-07T09:40:17.799846+00:00
3381,Seita Watanabe,JPN,,1678,,,,,,0,0,,,,M,ATP Tour,2026-05-07T09:40:18.976524+00:00
3383,Milan Welte,GER,,1678,,,,,,0,0,,,,M,ATP Tour,2026-05-07T09:40:20.150150+00:00
3385,Tomas Zurmendi,URU,,1678,,,,,,0,0,,,,M,ATP Tour,2026-05-07T09:40:21.350634+00:00
3387,Billy Blaydes,GBR,,1696,,,,,,0,0,,,,M,ATP Tour,2026-05-07T09:40:22.552680+00:00
3389,Nikita Samuel Filin,USA,,1696,,,,,,0,0,,,,M,ATP Tour,2026-05-07T09:40:23.728925+00:00
3391,Eudald Gonzalez,ESP,,1696,,,,,,0,0,,,,M,ATP Tour,2026-05-07T09:40:24.982192+00:00
3393,Saahith Jayaraman,USA,,1696,,,,,,0,0,,,,M,ATP Tour,2026-05-07T09:40:26.385210+00:00
3395,Markos Kalovelonis,GRE,,1696,,,,,,0,0,,,,M,ATP Tour,2026-05-07T09:40:27.556201+00:00
3397,Marcel Latak,USA,,1696,,,,,,0,0,,,,M,ATP Tour,2026-05-07T09:40:28.722175+00:00
3756,Tanisha Kashyap,IND,,1256,,2002-04-25,,,,0,0,,,,F,WTA Tour Official,2026-05-07T09:44:30.790173+00:00
3760,Amanda Nava Elkin,MEX,,1260,,1998-06-22,,,,0,0,,,,F,WTA Tour Official,2026-05-07T09:44:33.174337+00:00
1624,Ekaterina Kazionova,RUS,,280,2022-10-24,1999-01-13,,,Right (two-handed backhand),306,249,,"$159,887",https://photoresources.wtatennis.com/photo-resources/2026/02/24/0dcced37-a9bb-4cb8-ba33-e81ebb36ca37/Kazionova-Torso_323244.png?width=790&height=740,F,WTA Tour Official,2026-05-15T06:36:20.254255+00:00
3766,Brenda Fruhvirtova,CZE,,1263,,2007-04-02,,,,0,0,,,,F,WTA Tour Official,2026-05-07T09:44:36.874164+00:00
3770,Mia Kupres,CAN,,1264,,2004-01-12,,,,0,0,,,,F,WTA Tour Official,2026-05-07T09:44:39.493834+00:00
3774,Scarlett Fagan,USA,,1264,,2010-09-17,,,,0,0,,,,F,WTA Tour Official,2026-05-07T09:44:42.165641+00:00
3778,Daniela Darta Feldmane,LAT,,1268,,2007-08-03,,,,0,0,,,,F,WTA Tour Official,2026-05-07T09:44:44.646705+00:00
3782,Olivia Bergler,POL,,1271,,2005-12-10,,,,0,0,,,,F,WTA Tour Official,2026-05-07T09:44:46.983781+00:00
3786,Kaat Coppez,BEL,,1272,,2005-03-17,,,,0,0,,,,F,WTA Tour Official,2026-05-07T09:44:49.308505+00:00
4031,Moeka Miyata,JPN,,1380,,2003-06-20,,,,0,0,,,,F,WTA Tour Official,2026-05-07T09:47:36.986092+00:00
4033,Iulia Bucea,CAN,,1409,,2005-10-30,,,,0,0,,,,F,WTA Tour Official,2026-05-07T09:47:39.279976+00:00
4035,Hanna Bougouffa,FRA,,1409,,2004-01-31,,,,0,0,,,,F,WTA Tour Official,2026-05-07T09:47:41.570096+00:00
4036,Sofiia Nagornaia,ISR,,1409,,2003-10-04,,,,0,0,,,,F,WTA Tour Official,2026-05-07T09:47:42.813716+00:00
4038,Denise Valente,ITA,,1414,,2004-05-14,,,,0,0,,,,F,WTA Tour Official,2026-05-07T09:47:45.082242+00:00
4040,Joody Elkady,EGY,,1414,,2006-02-25,,,,0,0,,,,F,WTA Tour Official,2026-05-07T09:47:47.384176+00:00
4042,Chantal Sauvant,GER,,1414,,2002-05-08,,,,0,0,,,,F,WTA Tour Official,2026-05-07T09:47:49.963693+00:00
4044,Laura Badia,BRA,,1414,,2006-09-26,,,,0,0,,,,F,WTA Tour Official,2026-05-07T09:47:52.216715+00:00
3295,Patricia Goina,ROU,,1023,,2005-03-25,,,,0,0,,,,F,WTA Tour Official,2026-05-07T09:39:24.588027+00:00
3299,Helena Stevic,FRA,,1025,,2002-03-05,,,,0,0,,,,F,WTA Tour Official,2026-05-07T09:39:26.960290+00:00
3305,Tegan Bush,GBR,,1028,,2008-11-02,,,,0,0,,,,F,WTA Tour Official,2026-05-07T09:39:30.533078+00:00
3309,Catherine Aulia,AUS,,1030,,2004-05-07,,,,0,0,,,,F,WTA Tour Official,2026-05-07T09:39:32.899425+00:00
3313,Lily Taylor,AUS,,1032,,2006-09-02,,,,0,0,,,,F,WTA Tour Official,2026-05-07T09:39:35.745955+00:00
3317,Cherry Kim,KOR,,1034,,2000-02-29,,,,0,0,,,,F,WTA Tour Official,2026-05-07T09:39:38.123730+00:00
3323,Zuzanna  Kolonus,POL,,1037,,2005-06-29,,,,0,0,,,,F,WTA Tour Official,2026-05-07T09:39:41.720875+00:00
3327,I Wen Wan,TPE,,1039,,2006-11-04,,,,0,0,,,,F,WTA Tour Official,2026-05-07T09:39:44.081161+00:00
3331,Claudia Sofia Martinez Solis,MEX,,1041,,2004-03-02,,,,0,0,,,,F,WTA Tour Official,2026-05-07T09:39:46.571020+00:00
3335,Sara Mikaca,BIH,,1043,,2003-03-24,,,,0,0,,,,F,WTA Tour Official,2026-05-07T09:39:49.183093+00:00
3791,Akiko Omae,JPN,,1272,,1993-01-29,,,,0,0,,,,F,WTA Tour Official,2026-05-07T09:44:53.674817+00:00
3795,Ashmitha Easwaramurthi,IND,,1277,,1989-07-17,,,,0,0,,,,F,WTA Tour Official,2026-05-07T09:44:55.977676+00:00
3798,Heerae  Im,KOR,,1278,,2004-02-11,,,,0,0,,,,F,WTA Tour Official,2026-05-07T09:44:58.250812+00:00
3800,Anastasiya Zaparyniuk,UKR,,1278,,2001-12-27,,,,0,0,,,,F,WTA Tour Official,2026-05-07T09:44:59.388412+00:00
3804,Yui Chikaraishi,JPN,,1282,,1999-01-26,,,,0,0,,,,F,WTA Tour Official,2026-05-07T09:45:01.729135+00:00
3808,Mariia Bergen,UKR,,1284,,2001-06-12,,,,0,0,,,,F,WTA Tour Official,2026-05-07T09:45:03.996051+00:00
3812,Charlotte Pikkaart,NED,,1284,,2006-12-03,,,,0,0,,,,F,WTA Tour Official,2026-05-07T09:45:06.725025+00:00
3816,Polina Isakova,UKR,,1284,,2010-05-26,,,,0,0,,,,F,WTA Tour Official,2026-05-07T09:45:09.152759+00:00
3822,Danique Havermans,NED,,1289,,2002-04-22,,,,0,0,,,,F,WTA Tour Official,2026-05-07T09:45:12.537899+00:00
3826,Elena Giessler,GER,,1293,,2002-12-21,,,,0,0,,,,F,WTA Tour Official,2026-05-07T09:45:14.972436+00:00
3830,Melis Rasim,BUL,,1294,,2006-08-10,,,,0,0,,,,F,WTA Tour Official,2026-05-07T09:45:17.457024+00:00
3834,Analu Freitas,POR,,1297,,2007-09-12,,,,0,0,,,,F,WTA Tour Official,2026-05-07T09:45:19.916209+00:00
3838,Saumya Vig,IND,,1299,,1995-02-13,,,,0,0,,,,F,WTA Tour Official,2026-05-07T09:45:22.224792+00:00
3840,Yuka Hosoki,JPN,,1300,,1999-05-20,,,,0,0,,,,F,WTA Tour Official,2026-05-07T09:45:23.348543+00:00
3845,Jade Otway,NZL,,1300,,2003-06-11,,,,0,0,,,,F,WTA Tour Official,2026-05-07T09:45:27.422006+00:00
3849,Vanessa Popa Teiusanu,ROU,,1300,,2004-01-05,,,,0,0,,,,F,WTA Tour Official,2026-05-07T09:45:30.055799+00:00
3853,Heidi Bulger,USA,,1300,,2005-05-25,,,,0,0,,,,F,WTA Tour Official,2026-05-07T09:45:32.305201+00:00
3859,Oriana Gniewkowska,POL,,1309,,2006-06-07,,,,0,0,,,,F,WTA Tour Official,2026-05-07T09:45:35.928121+00:00
3863,Benedetta Ortenzi,ITA,,1309,,2002-11-13,,,,0,0,,,,F,WTA Tour Official,2026-05-07T09:45:38.301902+00:00
3867,Ximena Senties,MEX,,1313,,2006-06-22,,,,0,0,,,,F,WTA Tour Official,2026-05-07T09:45:40.932181+00:00
3871,Kenzie Nguyen,USA,,1313,,2007-11-05,,,,0,0,,,,F,WTA Tour Official,2026-05-07T09:45:44.758195+00:00
3877,Isabel Adrover Gallego,ESP,,1316,,2001-06-23,,,,0,0,,,,F,WTA Tour Official,2026-05-07T09:45:48.148868+00:00
3881,Francesca Dell'Edera,ITA,,1319,,1996-06-28,,,,0,0,,,,F,WTA Tour Official,2026-05-07T09:45:50.407443+00:00
3885,Anastasia Grechkina,RUS,,1319,,2005-10-25,,,,0,0,,,,F,WTA Tour Official,2026-05-07T09:45:52.741818+00:00
3889,Massiva Boukirat,FRA,,1319,,2008-12-21,,,,0,0,,,,F,WTA Tour Official,2026-05-07T09:45:55.685165+00:00
3893,Maddy  Zampardo,USA,,1319,,2004-11-22,,,,0,0,,,,F,WTA Tour Official,2026-05-07T09:45:58.173229+00:00
3895,Laura Brunkel,DEN,,1319,,2006-05-13,,,,0,0,,,,F,WTA Tour Official,2026-05-07T09:45:59.300990+00:00
3899,Yuka Naito,JPN,,1329,,2007-06-19,,,,0,0,,,,F,WTA Tour Official,2026-05-07T09:46:01.697221+00:00
3903,Lucia Llinares Domingo,ESP,,1329,,2003-05-02,,,,0,0,,,,F,WTA Tour Official,2026-05-07T09:46:03.991066+00:00
3907,Pietra Rivoli,BRA,,1333,,2008-03-11,,,,0,0,,,,F,WTA Tour Official,2026-05-07T09:46:06.565318+00:00
3911,Teresa Franco Dias,POR,,1334,,1999-09-29,,,,0,0,,,,F,WTA Tour Official,2026-05-07T09:46:08.898633+00:00
3913,Madalena Matias,POR,,1337,,2008-10-30,,,,0,0,,,,F,WTA Tour Official,2026-05-07T09:46:11.210182+00:00
3914,Nehira Sanon,FRA,,1338,,2009-07-10,,,,0,0,,,,F,WTA Tour Official,2026-05-07T09:46:12.339794+00:00
3916,Sofia Cohen Perovani,BRA,,1338,,2006-07-16,,,,0,0,,,,F,WTA Tour Official,2026-05-07T09:46:14.918563+00:00
3918,Amelie Brooks,GBR,,1342,,2006-09-14,,,,0,0,,,,F,WTA Tour Official,2026-05-07T09:46:17.433094+00:00
3920,Anika Jaskova,SVK,,1342,,2003-04-17,,,,0,0,,,,F,WTA Tour Official,2026-05-07T09:46:19.708443+00:00
974,Murphy Cassone,USA,,172,2025-08-18,2002-08-16,"6'2"" (188cm)",175 lbs (79kg),"Right-Handed, Two-Handed Backhand",0,1,,"$321,783",https://upload.wikimedia.org/wikipedia/commons/thumb/1/1a/Murphy_Cassone_%282025_DC_Open%29_02_%28cropped%29.jpg/330px-Murphy_Cassone_%282025_DC_Open%29_02_%28cropped%29.jpg,M,ATP Tour,2026-05-15T06:37:02.341351+00:00
3926,Rita Colyer,CAN,,1345,,2000-03-25,,,,0,0,,,,F,WTA Tour Official,2026-05-07T09:46:23.169397+00:00
3930,Gabriela Maria  Vancea,ROU,,1345,,2007-08-16,,,,0,0,,,,F,WTA Tour Official,2026-05-07T09:46:25.471349+00:00
3934,Isabella Harvison,NZL,,1345,,2001-07-06,,,,0,0,,,,F,WTA Tour Official,2026-05-07T09:46:28.000658+00:00
3938,Julia Rennert,GER,,1345,,2001-01-08,,,,0,0,,,,F,WTA Tour Official,2026-05-07T09:46:30.314551+00:00
3942,Claire An,USA,,1345,,2007-01-23,,,,0,0,,,,F,WTA Tour Official,2026-05-07T09:46:32.647662+00:00
3944,Yui Ohwaki,JPN,,1345,,2005-05-21,,,,0,0,,,,F,WTA Tour Official,2026-05-07T09:46:33.780061+00:00
3948,Megan Heuser,USA,,1345,,2003-02-05,,,,0,0,,,,F,WTA Tour Official,2026-05-07T09:46:36.052583+00:00
3953,Ellie Daniels,CAN,,1345,,2006-05-08,,,,0,0,,,,F,WTA Tour Official,2026-05-07T09:46:38.371465+00:00
3957,Alexia Lavinia Puiac,ROU,,1345,,2005-08-29,,,,0,0,,,,F,WTA Tour Official,2026-05-07T09:46:40.734910+00:00
3961,Ioana Teodora Sava,ROU,,1345,,2005-04-08,,,,0,0,,,,F,WTA Tour Official,2026-05-07T09:46:43.057395+00:00
3965,Prathyusha Rachapudi,IND,,1365,,2001-02-17,,,,0,0,,,,F,WTA Tour Official,2026-05-07T09:46:45.331956+00:00
3967,Darya Velikova,BUL,,1365,,2004-08-19,,,,0,0,,,,F,WTA Tour Official,2026-05-07T09:46:46.475319+00:00
3971,Ginevra Parentini Vallega Montebruno,ITA,,1369,,2003-04-04,,,,0,0,,,,F,WTA Tour Official,2026-05-07T09:46:48.736038+00:00
3975,Xichen Zhao,CHN,,1369,,2003-01-31,,,,0,0,,,,F,WTA Tour Official,2026-05-07T09:46:51.207635+00:00
3979,Yuna Ohashi,JPN,,1369,,2002-07-05,,,,0,0,,,,F,WTA Tour Official,2026-05-07T09:46:53.751625+00:00
3983,Eunji Lee,KOR,,1369,,2001-06-21,,,,0,0,,,,F,WTA Tour Official,2026-05-07T09:46:56.007548+00:00
3987,Emily Webley-Smith,GBR,,1377,,1984-07-14,,,,0,0,,,,F,WTA Tour Official,2026-05-07T09:46:58.285438+00:00
4374,Kevin Anderson,RSA,,,,,,,,0,0,,,,M,atp,2026-06-15T05:54:18.380344+00:00
3293,Natsuho Arakawa,JPN,,1022,,1997-09-03,,,,0,0,,,,F,WTA Tour Official,2026-05-07T09:39:22.995433+00:00
3297,Brandy Walker,USA,,1024,,1997-05-21,,,,0,0,,,,F,WTA Tour Official,2026-05-07T09:39:25.750704+00:00
3301,Amelie Justine Hejtmanek,CZE,,1026,,2007-11-13,,,,0,0,,,,F,WTA Tour Official,2026-05-07T09:39:28.132853+00:00
3303,Jesika Maleckova,CZE,,1027,,1994-08-16,,,,0,0,,,,F,WTA Tour Official,2026-05-07T09:39:29.333265+00:00
3307,Suha Lee,KOR,,1029,,2008-12-08,,,,0,0,,,,F,WTA Tour Official,2026-05-07T09:39:31.705349+00:00
3311,Sonja Zhiyenbayeva,KAZ,,1031,,2006-07-02,,,,0,0,,,,F,WTA Tour Official,2026-05-07T09:39:34.148928+00:00
3315,Barbara Kostecka,POL,,1032,,2009-06-04,,,,0,0,,,,F,WTA Tour Official,2026-05-07T09:39:36.922431+00:00
3319,Angelica Blake,GBR,,1035,,2000-10-23,,,,0,0,,,,F,WTA Tour Official,2026-05-07T09:39:39.301889+00:00
3321,Victoria Mulville,USA,,1036,,2001-12-15,,,,0,0,,,,F,WTA Tour Official,2026-05-07T09:39:40.509725+00:00
3325,Seda Baslilar,FRA,,1038,,2008-05-11,,,,0,0,,,,F,WTA Tour Official,2026-05-07T09:39:42.886521+00:00
3329,Alexandra Vasilyeva,RUS,,1040,,2001-12-18,,,,0,0,,,,F,WTA Tour Official,2026-05-07T09:39:45.249663+00:00
3333,Sina Herrmann,GER,,1042,,2001-10-24,,,,0,0,,,,F,WTA Tour Official,2026-05-07T09:39:47.982014+00:00
3337,Darja Suvirdjonkova,SRB,,1044,,2005-06-16,,,,0,0,,,,F,WTA Tour Official,2026-05-07T09:39:50.344561+00:00
3340,Sofia Martianova,RUS,,1045,,2008-05-29,,,,0,0,,,,F,WTA Tour Official,2026-05-07T09:39:52.858133+00:00
3342,Cindy Langlais,FRA,,1046,,2009-06-23,,,,0,0,,,,F,WTA Tour Official,2026-05-07T09:39:54.067698+00:00
3344,Ada Kumru,TUR,,1047,,2008-07-29,,,,0,0,,,,F,WTA Tour Official,2026-05-07T09:39:55.361950+00:00
3346,Kim Chiarello,FRA,,1048,,2004-06-28,,,,0,0,,,,F,WTA Tour Official,2026-05-07T09:39:56.572567+00:00
3348,Yu Jun Lin,CHN,,1049,,2010-06-10,,,,0,0,,,,F,WTA Tour Official,2026-05-07T09:39:57.772493+00:00
3350,Arlinda Rushiti,XKX,,1050,,1999-03-27,,,,0,0,,,,F,WTA Tour Official,2026-05-07T09:39:59.038105+00:00
3352,Lucia Peyre,ARG,,1051,,2005-07-26,,,,0,0,,,,F,WTA Tour Official,2026-05-07T09:40:00.681879+00:00
3354,Anna Kartseva,RUS,,1052,,2008-12-08,,,,0,0,,,,F,WTA Tour Official,2026-05-07T09:40:02.058364+00:00
3356,Cara Korhonen,AUS,,1053,,2005-09-29,,,,0,0,,,,F,WTA Tour Official,2026-05-07T09:40:03.252150+00:00
3358,Miyu Nakashima,JPN,,1054,,2001-01-05,,,,0,0,,,,F,WTA Tour Official,2026-05-07T09:40:04.445534+00:00
3360,Mutsumi Uemura,JPN,,1055,,2008-05-20,,,,0,0,,,,F,WTA Tour Official,2026-05-07T09:40:05.645167+00:00
3362,Elena Jamshidi,DEN,,1056,,2001-03-16,,,,0,0,,,,F,WTA Tour Official,2026-05-07T09:40:06.915611+00:00
3364,Maria Paulina Perez Garcia,COL,,1057,,1996-01-10,,,,0,0,,,,F,WTA Tour Official,2026-05-07T09:40:08.129934+00:00
3366,Sonja Zhenikhova,GER,,1058,,2008-05-21,,,,0,0,,,,F,WTA Tour Official,2026-05-07T09:40:09.333327+00:00
3368,Maaya Rajeshwaran Revathi,IND,,1059,,2009-06-12,,,,0,0,,,,F,WTA Tour Official,2026-05-07T09:40:10.525877+00:00
3370,Mariana Isabel Higuita Barraza,COL,,1060,,2007-06-14,,,,0,0,,,,F,WTA Tour Official,2026-05-07T09:40:11.965213+00:00
3372,Giselle Isabell Guillen,AUS,,1061,,2008-05-21,,,,0,0,,,,F,WTA Tour Official,2026-05-07T09:40:13.610272+00:00
3374,Aishi Das,NZL,,1062,,2008-01-01,,,,0,0,,,,F,WTA Tour Official,2026-05-07T09:40:14.832410+00:00
3376,Charlotte Keitel,GER,,1063,,2005-04-25,,,,0,0,,,,F,WTA Tour Official,2026-05-07T09:40:16.030702+00:00
3378,Kennedy Drenser-Hagmann,USA,,1063,,2009-04-03,,,,0,0,,,,F,WTA Tour Official,2026-05-07T09:40:17.229318+00:00
3380,Tamira Paszek,AUT,,1065,,1990-12-06,,,,0,0,,,,F,WTA Tour Official,2026-05-07T09:40:18.443970+00:00
3382,Nina Radovanovic,FRA,,1066,,2003-10-22,,,,0,0,,,,F,WTA Tour Official,2026-05-07T09:40:19.634500+00:00
3384,Andrea Obradovic,SRB,,1067,,2004-05-18,,,,0,0,,,,F,WTA Tour Official,2026-05-07T09:40:20.842639+00:00
3386,Gaia Squarcialupi,ITA,,1068,,1997-10-23,,,,0,0,,,,F,WTA Tour Official,2026-05-07T09:40:22.038642+00:00
3388,Lisa Claeys,BEL,,1069,,2003-03-09,,,,0,0,,,,F,WTA Tour Official,2026-05-07T09:40:23.235340+00:00
3390,Kamonwan Yodpetch,THA,,1070,,2007-09-10,,,,0,0,,,,F,WTA Tour Official,2026-05-07T09:40:24.525620+00:00
3392,Jeong Moon,KOR,,1070,,2002-03-12,,,,0,0,,,,F,WTA Tour Official,2026-05-07T09:40:26.155464+00:00
3394,Kolie Allen,USA,,1072,,2000-03-17,,,,0,0,,,,F,WTA Tour Official,2026-05-07T09:40:27.370294+00:00
3396,Krystyna Pochtovyk,UKR,,1073,,1998-09-15,,,,0,0,,,,F,WTA Tour Official,2026-05-07T09:40:28.580578+00:00
3818,Honori Koyama,JPN,,1289,,2006-03-01,,,,0,0,,,,F,WTA Tour Official,2026-05-07T09:45:10.280598+00:00
3820,Catarina Mellei Ibiaraba Melleiro,BRA,,1289,,2003-12-15,,,,0,0,,,,F,WTA Tour Official,2026-05-07T09:45:11.405376+00:00
3824,Elena Grekul,UKR,,1289,,2004-05-15,,,,0,0,,,,F,WTA Tour Official,2026-05-07T09:45:13.826561+00:00
3828,Himari Sato,JPN,,1294,,2002-04-10,,,,0,0,,,,F,WTA Tour Official,2026-05-07T09:45:16.139654+00:00
3832,Paula Ormaechea,ARG,,1296,,1992-09-28,,,,0,0,,,,F,WTA Tour Official,2026-05-07T09:45:18.570934+00:00
3836,Sarah Mildren,AUS,,1298,,2008-04-04,,,,0,0,,,,F,WTA Tour Official,2026-05-07T09:45:21.073944+00:00
3843,Ida Johansson,SWE,,1300,,2004-05-06,,,,0,0,,,,F,WTA Tour Official,2026-05-07T09:45:26.275025+00:00
3847,Sol Rabin,ARG,,1300,,2004-04-15,,,,0,0,,,,F,WTA Tour Official,2026-05-07T09:45:28.676576+00:00
3851,Elena Michel,FRA,,1300,,2007-04-25,,,,0,0,,,,F,WTA Tour Official,2026-05-07T09:45:31.166494+00:00
3855,Sophie Llewellyn,USA,,1300,,2006-01-24,,,,0,0,,,,F,WTA Tour Official,2026-05-07T09:45:33.418138+00:00
3857,Audrey Aulia,AUS,,1300,,2007-08-16,,,,0,0,,,,F,WTA Tour Official,2026-05-07T09:45:34.573947+00:00
3861,Maja Pawelska,POL,,1309,,2008-03-12,,,,0,0,,,,F,WTA Tour Official,2026-05-07T09:45:37.050614+00:00
3865,Zdena Safarova,CZE,,1309,,2003-08-20,,,,0,0,,,,F,WTA Tour Official,2026-05-07T09:45:39.415304+00:00
3869,Julie Myatovic,FRA,,1313,,2007-03-20,,,,0,0,,,,F,WTA Tour Official,2026-05-07T09:45:43.623980+00:00
3873,Julia Khramtsova,RUS,,1316,,2004-01-26,,,,0,0,,,,F,WTA Tour Official,2026-05-07T09:45:45.879745+00:00
3875,Avery Alexander,CAN,,1316,,2009-11-23,,,,0,0,,,,F,WTA Tour Official,2026-05-07T09:45:47.012335+00:00
3879,Najah Dawson,USA,,1319,,2001-09-09,,,,0,0,,,,F,WTA Tour Official,2026-05-07T09:45:49.273753+00:00
3883,Mariia Masiianskaia,RUS,,1319,,2007-03-22,,,,0,0,,,,F,WTA Tour Official,2026-05-07T09:45:51.537707+00:00
3887,Aya El Sayed,EGY,,1319,,2001-05-31,,,,0,0,,,,F,WTA Tour Official,2026-05-07T09:45:54.223455+00:00
3891,Aleksandra Pozarenko,RUS,,1319,,2008-10-03,,,,0,0,,,,F,WTA Tour Official,2026-05-07T09:45:57.002896+00:00
3897,Mirjana Jovanovic,SRB,,1328,,2004-01-30,,,,0,0,,,,F,WTA Tour Official,2026-05-07T09:46:00.460420+00:00
3901,Daria Belyaeva,RUS,,1329,,2008-03-21,,,,0,0,,,,F,WTA Tour Official,2026-05-07T09:46:02.821243+00:00
3905,Vivien Sandberg,GER,,1329,,2001-02-28,,,,0,0,,,,F,WTA Tour Official,2026-05-07T09:46:05.303402+00:00
3909,Yuyao Li,CHN,,1334,,2007-12-02,,,,0,0,,,,F,WTA Tour Official,2026-05-07T09:46:07.757815+00:00
3912,Qianhui Tang,CHN,,1336,,2000-09-10,,,,0,0,,,,F,WTA Tour Official,2026-05-07T09:46:10.044287+00:00
3915,Lara Schmidt,GER,,1338,,1999-10-13,,,,0,0,,,,F,WTA Tour Official,2026-05-07T09:46:13.626978+00:00
4109,Matylda Burylo,NOR,,1474,,2004-04-19,,,,0,0,,,,F,WTA Tour Official,2026-05-07T09:49:10.503364+00:00
4111,Emma Mazzoni,FRA,,1474,,1998-10-15,,,,0,0,,,,F,WTA Tour Official,2026-05-07T09:49:12.780740+00:00
4112,Ana Giraldi Requena,ESP,,1474,,2000-01-11,,,,0,0,,,,F,WTA Tour Official,2026-05-07T09:49:13.908026+00:00
4391,Radek Stepanek,CZE,,,,1978-11-27,,,,0,0,,,https://upload.wikimedia.org/wikipedia/commons/thumb/6/67/Radek_Stepanek_2009_US_Open.jpg/330px-Radek_Stepanek_2009_US_Open.jpg,M,atp,2026-06-15T05:55:42.646042+00:00
980,Andrea Collarini,ARG,,177,2023-04-24,1992-01-31,"6'0"" (183cm)",171 lbs (78kg),"Left-Handed, Two-Handed Backhand",0,2,2010,"$1,043,617",https://upload.wikimedia.org/wikipedia/commons/thumb/8/8c/Collarini_WMQ14_%2816%29_%2814607051615%29.jpg/330px-Collarini_WMQ14_%2816%29_%2814607051615%29.jpg?utm_source=en.wikipedia.org&utm_campaign=api&utm_content=thumbnail,M,ATP Tour,2026-05-15T06:38:01.831709+00:00
1296,Jay Friend,JPN,,427,2026-03-16,2003-12-22,"6'1"" (185cm)",169 lbs (77kg),"Right-Handed, Two-Handed Backhand",0,0,,"$32,677",https://upload.wikimedia.org/wikipedia/commons/thumb/7/77/Jay_Dylan_Hara_Friend_%28born_2003%29_at_the_Rhine-Ruhr_2025_FISU_World_University_Games.png/330px-Jay_Dylan_Hara_Friend_%28born_2003%29_at_the_Rhine-Ruhr_2025_FISU_World_University_Games.png,M,ATP Tour,2026-05-15T07:19:55.235210+00:00
2092,Jesse Flores,CRC,,759,2024-07-22,1995-03-31,"6'2"" (188cm)",180 lbs (82kg),"Right-Handed, Two-Handed Backhand",0,3,,"$50,984",https://www.atptour.com/-/media/alias/player-gladiator-headshot/f902,M,ATP Tour,2026-05-15T09:04:30.919501+00:00
4375,Dominic Thiem,AUT,,,,1993-09-03,,,,0,0,,,https://upload.wikimedia.org/wikipedia/commons/thumb/e/ee/Thiem_MCM23_%2861%29_%2852883593873%29.jpg/330px-Thiem_MCM23_%2861%29_%2852883593873%29.jpg,M,atp,2026-06-15T05:54:18.380344+00:00
4376,John Isner,USA,,,,1985-04-26,,,,0,0,,,https://upload.wikimedia.org/wikipedia/commons/thumb/1/16/Isner_WM19_%2818%29_%2848522000702%29.jpg/330px-Isner_WM19_%2818%29_%2848522000702%29.jpg,M,atp,2026-06-15T05:54:18.380344+00:00
4377,Simona Halep,ROU,,,,1991-09-27,,,,0,0,,,,F,wta,2026-06-15T05:54:18.380344+00:00
4378,Angelique Kerber,GER,,,,1988-01-18,,,,0,0,,,,F,wta,2026-06-15T05:54:18.380344+00:00
4379,Caroline Wozniacki,DEN,,,,1990-07-11,,,,0,0,,,,F,wta,2026-06-15T05:54:18.380344+00:00
4380,Kiki Bertens,NED,,,,1991-12-10,,,,0,0,,,,F,wta,2026-06-15T05:54:18.380344+00:00
4381,Ashleigh Barty,AUS,,,,1996-04-24,,,,0,0,,,,F,wta,2026-06-15T05:55:04.292385+00:00
4382,Serena Williams,USA,,,,1981-09-26,,,,0,0,,,,F,wta,2026-06-15T05:55:05.858726+00:00
4383,Fabio Fognini,ITA,,,,1987-05-24,,,,0,0,,,https://upload.wikimedia.org/wikipedia/commons/thumb/8/8d/Fabio_Fognini_2018_US_Open_%28cropped%29.jpg/330px-Fabio_Fognini_2018_US_Open_%28cropped%29.jpg,M,atp,2026-06-15T05:55:08.605448+00:00
4101,Sandugash Kenzhibayeva,KAZ,,1474,,2005-03-18,,,,0,0,,,,F,WTA Tour Official,2026-05-07T09:49:00.002787+00:00
4102,Delia Gaillard,FRA,,1474,,2006-01-10,,,,0,0,,,,F,WTA Tour Official,2026-05-07T09:49:01.113535+00:00
4104,Mia Chudejova,SVK,,1474,,2003-07-30,,,,0,0,,,,F,WTA Tour Official,2026-05-07T09:49:03.782050+00:00
4106,Isabelle Cherny,GBR,,1474,,2004-03-23,,,,0,0,,,,F,WTA Tour Official,2026-05-07T09:49:07.066602+00:00
4108,Katherine Hui,USA,,1474,,2005-01-29,,,,0,0,,,,F,WTA Tour Official,2026-05-07T09:49:09.384569+00:00
4110,Luciana Blatter,ARG,,1474,,2003-05-27,,,,0,0,,,,F,WTA Tour Official,2026-05-07T09:49:11.658805+00:00
4113,Ho Ching Wu,HKG,,1474,,1991-08-30,,,,0,0,,,,F,WTA Tour Official,2026-05-07T09:49:15.044338+00:00
4115,Anya Arora,USA,,1474,,2011-03-05,,,,0,0,,,,F,WTA Tour Official,2026-05-07T09:49:18.731099+00:00
4117,Dominika Pirohova,SVK,,1474,,2006-07-28,,,,0,0,,,,F,WTA Tour Official,2026-05-07T09:49:21.432432+00:00
4119,Isabel Arabarco,ARG,,1474,,2010-09-21,,,,0,0,,,,F,WTA Tour Official,2026-05-07T09:49:23.692751+00:00
4122,Valeria Garnevska,BUL,,1474,,2008-10-16,,,,0,0,,,,F,WTA Tour Official,2026-05-07T09:49:27.043453+00:00
4396,Mikhail Youzhny,RUS,,,,1982-06-25,,,,0,0,,,https://upload.wikimedia.org/wikipedia/commons/thumb/b/be/Mikhail_Youzhny_%2814359785610%29.jpg/330px-Mikhail_Youzhny_%2814359785610%29.jpg,M,atp,2026-06-15T05:55:42.646042+00:00
982,Ivan Gakhov,RUS,,142,2023-06-19,1996-11-04,"6'3"" (191cm)",184 lbs (83kg),"Left-Handed, Two-Handed Backhand",1,4,,"$538,510",https://upload.wikimedia.org/wikipedia/commons/thumb/e/e5/Gakhov_RGQ23_%2852944022880%29.jpg/330px-Gakhov_RGQ23_%2852944022880%29.jpg,M,ATP Tour,2026-05-15T06:38:16.183954+00:00
984,Mitchell Krueger,USA,,135,2022-07-18,1994-01-12,"6'2"" (188cm)",180 lbs (82kg),"Right-Handed, Two-Handed Backhand",11,25,2012,"$1,953,634",https://upload.wikimedia.org/wikipedia/commons/thumb/9/97/Krueger_RGQ22_%2831%29_%2852130053625%29.jpg/330px-Krueger_RGQ22_%2831%29_%2852130053625%29.jpg?utm_source=en.wikipedia.org&utm_campaign=api&utm_content=thumbnail,M,ATP Tour,2026-05-15T06:38:30.978738+00:00
1281,Tibo Colson,BEL,,390,2026-04-13,2000-07-12,"6'5"" (196cm)",204 lbs (93kg),"Right-Handed, Two-Handed Backhand",0,0,,"$103,980",https://www.atptour.com/-/media/alias/player-gladiator-headshot/c0i4,M,ATP Tour,2026-05-15T07:17:47.619822+00:00
1323,Jelle Sels,NED,,127,2022-11-28,1995-08-10,"6'2"" (188cm)",183 lbs (83kg),"Right-Handed, One-Handed Backhand",0,0,,"$402,922",https://upload.wikimedia.org/wikipedia/commons/thumb/8/85/Sels_WMQ22_%2817%29_%2852191125106%29.jpg/330px-Sels_WMQ22_%2817%29_%2852191125106%29.jpg?utm_source=en.wikipedia.org&utm_campaign=api&utm_content=thumbnail,M,ATP Tour,2026-05-15T07:23:16.767056+00:00
2097,Kris Van Wyk,RSA,,352,2024-10-28,1996-09-29,"6'1"" (185cm)",169 lbs (77kg),"Right-Handed, Two-Handed Backhand",1,4,,"$112,697",https://www.atptour.com/-/media/alias/player-gladiator-headshot/va23,M,ATP Tour,2026-05-15T09:05:12.858495+00:00
2105,Marc Van Der Merwe,RSA,,845,2026-05-04,1994-08-18,(cm),lbs (kg),"Unknown, Unknown Backhand",0,1,,"$9,461",https://www.atptour.com/-/media/alias/player-gladiator-headshot/v0in,M,ATP Tour,2026-05-15T09:06:18.009322+00:00
4384,Andy Murray,GBR,,,,1987-05-15,,,,0,0,,,https://upload.wikimedia.org/wikipedia/commons/thumb/b/bf/2015_Australian_Open_-_Andy_Murray_12_%28cropped%29.jpg/330px-2015_Australian_Open_-_Andy_Murray_12_%28cropped%29.jpg,M,atp,2026-06-15T05:55:42.646042+00:00
4385,Nikolay Davydenko,RUS,,,,1981-06-02,,,,0,0,,,https://upload.wikimedia.org/wikipedia/commons/thumb/1/14/Davydenko_2012_Olympics.jpg/330px-Davydenko_2012_Olympics.jpg,M,atp,2026-06-15T05:55:42.646042+00:00
4386,Andy Roddick,USA,,,,1982-08-30,,,,0,0,,,https://upload.wikimedia.org/wikipedia/commons/thumb/e/e8/Roddick_2012_%28cropped%29.jpg/330px-Roddick_2012_%28cropped%29.jpg,M,atp,2026-06-15T05:55:42.646042+00:00
4387,Robin Soderling,SWE,,,,1984-08-14,,,,0,0,,,https://upload.wikimedia.org/wikipedia/commons/thumb/0/06/Robin_S%C3%B6derling_at_US_Open_2010.jpg/330px-Robin_S%C3%B6derling_at_US_Open_2010.jpg,M,atp,2026-06-15T05:55:42.646042+00:00
4388,Fernando Verdasco,ESP,,,,1983-11-15,,,,0,0,,,https://upload.wikimedia.org/wikipedia/commons/thumb/0/0a/Verdasco_RGQ22_%287%29_%2852129516961%29.jpg/330px-Verdasco_RGQ22_%287%29_%2852129516961%29.jpg,M,atp,2026-06-15T05:55:42.646042+00:00
4389,Jo Wilfried Tsonga,FRA,,,,1985-04-17,,,,0,0,,,https://upload.wikimedia.org/wikipedia/commons/thumb/8/80/Tsonga_RG21_%2846%29_%2851376816939%29.jpg/330px-Tsonga_RG21_%2846%29_%2851376816939%29.jpg,M,atp,2026-06-15T05:55:42.646042+00:00
4390,Fernando Gonzalez,CHI,,,,1980-07-29,,,,0,0,,,https://upload.wikimedia.org/wikipedia/commons/thumb/9/93/Despedida_deportistas_Panamericanos_2019_01.jpg/330px-Despedida_deportistas_Panamericanos_2019_01.jpg,M,atp,2026-06-15T05:55:42.646042+00:00
4499,Kateryna Volodko,UKR,,,,1986-08-08,,,,0,0,,,,F,wta,2026-06-15T05:55:42.646042+00:00
4392,Gilles Simon,FRA,,,,1984-12-27,,,,0,0,,,https://upload.wikimedia.org/wikipedia/commons/thumb/4/4e/Simon_WMQ22_%2821%29_%2852191360834%29.jpg/330px-Simon_WMQ22_%2821%29_%2852191360834%29.jpg,M,atp,2026-06-15T05:55:42.646042+00:00
4393,Tommy Robredo,ESP,,,,1982-05-01,,,,0,0,,,https://upload.wikimedia.org/wikipedia/commons/thumb/a/ad/Robredo_2013.jpg/330px-Robredo_2013.jpg,M,atp,2026-06-15T05:55:42.646042+00:00
4394,Tommy Haas,GER,,,,1978-04-03,,,,0,0,,,https://upload.wikimedia.org/wikipedia/commons/thumb/b/b6/Haas_Roland_Garros_2009_1.jpg/330px-Haas_Roland_Garros_2009_1.jpg,M,atp,2026-06-15T05:55:42.646042+00:00
4395,David Ferrer,ESP,,,,1982-04-02,,,,0,0,,,https://upload.wikimedia.org/wikipedia/commons/thumb/6/6d/Ferrer_US16_%2821%29_%2829749609722%29.jpg/330px-Ferrer_US16_%2821%29_%2829749609722%29.jpg,M,atp,2026-06-15T05:55:42.646042+00:00
4397,Tomas Berdych,CZE,,,,1985-09-17,,,,0,0,,,https://upload.wikimedia.org/wikipedia/commons/thumb/0/02/Berdych_WM19_%289%29_%2848521867956%29.jpg/330px-Berdych_WM19_%289%29_%2848521867956%29.jpg,M,atp,2026-06-15T05:55:42.646042+00:00
4398,Lleyton Hewitt,AUS,,,,1981-02-24,,,,0,0,,,https://upload.wikimedia.org/wikipedia/commons/thumb/3/3e/Hewitt_WM16_%2812%29_%2828385918786%29.jpg/330px-Hewitt_WM16_%2812%29_%2828385918786%29.jpg,M,atp,2026-06-15T05:55:42.646042+00:00
4399,Juan Carlos Ferrero,ESP,,,,1980-02-12,,,,0,0,,,https://upload.wikimedia.org/wikipedia/commons/thumb/5/5d/Damir_D%C5%BEumhur_vs_Carlos_Alcaraz%2C_2025_Roland_Garros%2C_2025-05-30_%281115%29_%28Juan_Carlos_Ferrero%29.jpg/330px-Damir_D%C5%BEumhur_vs_Carlos_Alcaraz%2C_2025_Roland_Garros%2C_2025-05-30_%281115%29_%28Juan_Carlos_Ferrero%29.jpg,M,atp,2026-06-15T05:55:42.646042+00:00
4400,Ivan Ljubicic,CRO,,,,1979-03-19,,,,0,0,,,https://upload.wikimedia.org/wikipedia/commons/thumb/8/8b/Ivan_Ljubi%C4%8Di%C4%87_Umag_2008_%285%29.JPG/330px-Ivan_Ljubi%C4%8Di%C4%87_Umag_2008_%285%29.JPG,M,atp,2026-06-15T05:55:42.646042+00:00
858,Jaqueline  Cristian,ROU,,28,2026-05-04,1998-06-05,1.82m,,Right-handed (two-handed backhand),371,269,,"$3,425,310",https://upload.wikimedia.org/wikipedia/commons/thumb/5/5c/Main_draw_ceremony_Transylvania_Open_2026_%2855078287648%29_%28cropped%29.jpg/330px-Main_draw_ceremony_Transylvania_Open_2026_%2855078287648%29_%28cropped%29.jpg?utm_source=en.wikipedia.org&utm_campaign=api&utm_content=thumbnail,F,WTA Tour Official,2026-05-15T04:59:50.696446+00:00
4114,Rhiann Newborn,USA,,1474,,1994-06-22,,,,0,0,,,,F,WTA Tour Official,2026-05-07T09:49:17.299356+00:00
4116,Larisa Arnautovic,AUS,,1474,,2005-11-13,,,,0,0,,,,F,WTA Tour Official,2026-05-07T09:49:20.312945+00:00
4118,Silvia Husarova,SVK,,1474,,2006-05-07,,,,0,0,,,,F,WTA Tour Official,2026-05-07T09:49:22.557223+00:00
4120,Magdalena Baniak,POL,,1474,,2006-12-13,,,,0,0,,,,F,WTA Tour Official,2026-05-07T09:49:24.799377+00:00
4121,Laxmisiri Dandu,IND,,1474,,2007-09-01,,,,0,0,,,,F,WTA Tour Official,2026-05-07T09:49:25.924032+00:00
4123,Pauline Gloeckner,GER,,1474,,2006-08-09,,,,0,0,,,,F,WTA Tour Official,2026-05-07T09:49:28.158660+00:00
4124,Remika Ohashi,JPN,,1474,,2003-05-08,,,,0,0,,,,F,WTA Tour Official,2026-05-07T09:49:31.672448+00:00
4125,Kurumi Tamura,JPN,,1474,,2004-05-26,,,,0,0,,,,F,WTA Tour Official,2026-05-07T09:49:32.777555+00:00
4126,Sophia Ksandinov,GER,,1474,,2007-05-26,,,,0,0,,,,F,WTA Tour Official,2026-05-07T09:49:33.906607+00:00
4127,Sol Ailin Larraya Guidi,ARG,,1474,,2008-02-21,,,,0,0,,,,F,WTA Tour Official,2026-05-07T09:49:35.009967+00:00
4128,Ava Schueller,AUT,,1474,,2006-04-01,,,,0,0,,,,F,WTA Tour Official,2026-05-07T09:49:36.130353+00:00
4129,Saoirse Breen,FIJ,,1474,,2004-06-22,,,,0,0,,,,F,WTA Tour Official,2026-05-07T09:49:37.250271+00:00
4130,Maria Aytoyan,USA,,1474,,2008-09-10,,,,0,0,,,,F,WTA Tour Official,2026-05-07T09:49:38.375801+00:00
4131,Diana Yakovleva,UZB,,1474,,2005-11-04,,,,0,0,,,,F,WTA Tour Official,2026-05-07T09:49:39.639885+00:00
4132,Emma Ottavia Ghirardato,ITA,,1474,,2005-01-31,,,,0,0,,,,F,WTA Tour Official,2026-05-07T09:49:40.752433+00:00
4133,Agustina Soto Neira,CHL,,1474,,2008-08-13,,,,0,0,,,,F,WTA Tour Official,2026-05-07T09:49:41.901589+00:00
4134,Juliette Trunet,FRA,,1474,,2007-01-17,,,,0,0,,,,F,WTA Tour Official,2026-05-07T09:49:43.318803+00:00
4135,Leonie Rabl,AUT,,1474,,2007-10-02,,,,0,0,,,,F,WTA Tour Official,2026-05-07T09:49:44.867859+00:00
992,Franco Roncadelli,URU,,267,2026-03-30,2000-02-06,"6'1"" (185cm)",161 lbs (73kg),"Left-Handed, Two-Handed Backhand",6,6,2018,"$146,502",https://www.atptour.com/-/media/alias/player-gladiator-headshot/r0bt,M,ATP Tour,2026-05-15T06:39:30.601853+00:00
1285,Pedro Sakamoto,BRA,,426,2024-09-09,1993-06-29,1.81 m,176 lbs (80kg),Right-handed (two-handed backhand),0,1,2009,,https://www.atptour.com/-/media/alias/player-gladiator-headshot/sl94,M,ATP Tour,2026-05-15T07:18:20.983037+00:00
1288,Petr Nesterov,BUL,,260,2024-11-04,2003-03-07,"0'0"" (0cm)",171 lbs (78kg),"Right-Handed, Two-Handed Backhand",4,4,,"$95,355",https://www.atptour.com/-/media/alias/player-gladiator-headshot/n0cj,M,ATP Tour,2026-05-15T07:18:57.963871+00:00
1287,Carl Emil Overbeck,DEN,,423,2026-04-06,2001-08-11,"6'4"" (193cm)",180 lbs (82kg),"Right-Handed, Two-Handed Backhand",0,0,,"$36,487",https://www.atptour.com/-/media/alias/player-gladiator-headshot/o0bi,M,ATP Tour,2026-05-15T07:18:46.825896+00:00
1292,Eero Vasa,FIN,,430,2026-05-04,1997-02-01,"6'1"" (185cm)",180 lbs (82kg),"Right-Handed, Two-Handed Backhand",2,10,,"$101,562",https://upload.wikimedia.org/wikipedia/commons/thumb/2/24/Eero_Vasa_%282023_Cary_2%29_02_%28cropped%29.jpg/330px-Eero_Vasa_%282023_Cary_2%29_02_%28cropped%29.jpg,M,ATP Tour,2026-05-15T07:19:28.914807+00:00
1301,Viktor Durasovic,NOR,,222,2025-07-28,1997-03-19,"6'1"" (185cm)",176 lbs (80kg),"Right-Handed, Two-Handed Backhand",11,25,2016,"$459,766",https://upload.wikimedia.org/wikipedia/commons/thumb/1/1e/Durasovic_MLC22.jpg/330px-Durasovic_MLC22.jpg?utm_source=en.wikipedia.org&utm_campaign=api&utm_content=thumbnail,M,ATP Tour,2026-05-15T07:20:29.162203+00:00
1299,Jack Kennedy,USA,,433,2026-05-04,2008-06-04,"5'7"" (170cm)",135 lbs (61kg),"Right-Handed, Two-Handed Backhand",0,0,,"$81,676",https://upload.wikimedia.org/wikipedia/commons/thumb/c/c3/John_F._Kennedy%2C_White_House_color_photo_portrait.jpg/330px-John_F._Kennedy%2C_White_House_color_photo_portrait.jpg,M,ATP Tour,2026-05-15T07:20:16.036920+00:00
1321,Alex Hernandez,MEX,,409,2026-01-12,1999-06-23,"5'9"" (175cm)",154 lbs (70kg),"Right-Handed, Two-Handed Backhand",2,4,2017,"$175,458",https://www.atptour.com/-/media/alias/player-gladiator-headshot/h0cd,M,ATP Tour,2026-05-15T07:23:02.192011+00:00
1317,Maximus Jones,THA,,301,2026-02-09,2004-09-05,"6'1"" (185cm)",189 lbs (86kg),"Right-Handed, Two-Handed Backhand",1,3,,"$102,571",https://www.atptour.com/-/media/alias/player-gladiator-headshot/j0d2,M,ATP Tour,2026-05-15T07:22:35.029688+00:00
4401,Nicolas Almagro,ESP,,,,1985-08-21,,,,0,0,,,https://upload.wikimedia.org/wikipedia/commons/thumb/3/35/Nicolas_Almagro_%2832143881365%29.jpg/330px-Nicolas_Almagro_%2832143881365%29.jpg,M,atp,2026-06-15T05:55:42.646042+00:00
4402,Philipp Kohlschreiber,GER,,,,1983-10-16,,,,0,0,,,https://upload.wikimedia.org/wikipedia/commons/thumb/e/e8/Kohlschreiber_WM16_%2814%29_%2827802915683%29.jpg/330px-Kohlschreiber_WM16_%2814%29_%2827802915683%29.jpg,M,atp,2026-06-15T05:55:42.646042+00:00
1044,Dalma Galfi,HUN,,119,2022-09-12,1998-08-13,1.78m,,,11,13,,"$255,538",https://upload.wikimedia.org/wikipedia/commons/thumb/f/fd/Dalma_G%C3%A1lfi_%282023_US_Open%29_01_%28cropped%29.jpg/330px-Dalma_G%C3%A1lfi_%282023_US_Open%29_01_%28cropped%29.jpg?utm_source=en.wikipedia.org&utm_campaign=api&utm_content=thumbnail,F,WTA Tour Official,2026-05-15T05:49:14.763607+00:00
1012,Hynek Barton,CZE,,279,2026-04-20,2004-04-05,"6'0"" (183cm)",158 lbs (72kg),"Right-Handed, Two-Handed Backhand",0,0,,"$147,689",https://upload.wikimedia.org/wikipedia/commons/thumb/3/36/Hynek_Barto%C5%88_-_v%C3%ADt%C4%9Bz_Pardubick%C3%A9_juniorky_2022_%28cropped2%29.jpg/330px-Hynek_Barto%C5%88_-_v%C3%ADt%C4%9Bz_Pardubick%C3%A9_juniorky_2022_%28cropped2%29.jpg,M,ATP Tour,2026-05-15T06:42:07.505558+00:00
1723,Ariana Arseneault,CAN,,111,2025-07-14,2002-06-15,,,,92,56,,"$85,552",https://upload.wikimedia.org/wikipedia/commons/thumb/e/e1/Ariana_Arseneault_%282023_Wolfpack_Invite%29_04.jpg/330px-Ariana_Arseneault_%282023_Wolfpack_Invite%29_04.jpg,F,WTA Tour Official,2026-05-15T06:44:45.530881+00:00
1033,Facundo Mena,ARG,,127,2022-09-12,1992-09-22,"6'0"" (183cm)",173 lbs (78kg),"Right-Handed, Two-Handed Backhand",0,1,,"$727,286",https://upload.wikimedia.org/wikipedia/commons/thumb/6/67/Mena_WMQ22_%286%29_%2852190122087%29.jpg/330px-Mena_WMQ22_%286%29_%2852190122087%29.jpg?utm_source=en.wikipedia.org&utm_campaign=api&utm_content=thumbnail,M,ATP Tour,2026-05-15T06:44:58.337548+00:00
1385,Maxime Chazal,FRA,,234,2016-03-07,1993-04-24,"5'9"" (175cm)",158 lbs (72kg),"Right-Handed, One-Handed Backhand",0,0,,"$259,302",https://upload.wikimedia.org/wikipedia/commons/thumb/d/dd/Maxime_Chazal_at_Troph%C3%A9e_E.Leclerc_de_Grasse_2015.JPG/330px-Maxime_Chazal_at_Troph%C3%A9e_E.Leclerc_de_Grasse_2015.JPG?utm_source=en.wikipedia.org&utm_campaign=api&utm_content=thumbnail,M,ATP Tour,2026-05-15T07:31:17.610477+00:00
999,Anna Blinkova,RUS,,34,2023-08-07,1998-09-10,1.79m,,,333,264,,"$4,960,244",https://upload.wikimedia.org/wikipedia/commons/thumb/8/86/Day_6_-_Transilvania_Open_Anna_Blinkova_%28cropped%29.jpg/330px-Day_6_-_Transilvania_Open_Anna_Blinkova_%28cropped%29.jpg?utm_source=en.wikipedia.org&utm_campaign=api&utm_content=thumbnail,F,WTA Tour Official,2026-05-15T05:15:41.688515+00:00
4403,Jurgen Melzer,AUT,,,,1981-05-22,,,,0,0,,,https://upload.wikimedia.org/wikipedia/commons/thumb/d/df/J%C3%BCrgen_Melzer%2C_2015_Wimbledon_Qualifying_-_Diliff.jpg/330px-J%C3%BCrgen_Melzer%2C_2015_Wimbledon_Qualifying_-_Diliff.jpg,M,atp,2026-06-15T05:55:42.646042+00:00
1021,Lulu Sun,NZL,,107,2024-09-09,2001-04-14,1.74m,,Left-handed (two-handed backhand),4,10,,"$180,693",https://upload.wikimedia.org/wikipedia/commons/thumb/c/c4/Sun_WMQ22_%2821%29_%2852190096327%29.jpg/330px-Sun_WMQ22_%2821%29_%2852190096327%29.jpg,F,WTA Tour Official,2026-05-15T05:47:43.348972+00:00
4404,Sam Querrey,USA,,,,1987-10-07,,,,0,0,,,https://upload.wikimedia.org/wikipedia/commons/thumb/c/cb/Querrey_RGQ22_%2833%29_%2852129529601%29.jpg/330px-Querrey_RGQ22_%2833%29_%2852129529601%29.jpg,M,atp,2026-06-15T05:55:42.646042+00:00
4405,Viktor Troicki,SRB,,,,1986-02-10,,,,0,0,,,https://upload.wikimedia.org/wikipedia/commons/thumb/3/3f/Victor_Troicki%2C_Boodles.jpg/330px-Victor_Troicki%2C_Boodles.jpg,M,atp,2026-06-15T05:55:42.646042+00:00
4406,Marcos Baghdatis,CYP,,,,1985-06-17,,,,0,0,,,https://upload.wikimedia.org/wikipedia/commons/thumb/0/0d/Baghdatis_US16_%284%29_%2829828041056%29.jpg/330px-Baghdatis_US16_%284%29_%2829828041056%29.jpg,M,atp,2026-06-15T05:55:42.646042+00:00
4407,Albert Montanes,ESP,,,,1980-11-26,,,,0,0,,,https://upload.wikimedia.org/wikipedia/commons/thumb/c/c5/Montanes_Estoril_Open_2009_1.jpg/330px-Montanes_Estoril_Open_2009_1.jpg,M,atp,2026-06-15T05:55:42.646042+00:00
4408,Juan Monaco,ARG,,,,1984-03-29,,,,0,0,,,https://upload.wikimedia.org/wikipedia/commons/thumb/4/42/Flickr_-_Carine06_-_Juan_Monaco_%288%29.jpg/330px-Flickr_-_Carine06_-_Juan_Monaco_%288%29.jpg,M,atp,2026-06-15T05:55:42.646042+00:00
4409,Jeremy Chardy,FRA,,,,1987-02-12,,,,0,0,,,https://upload.wikimedia.org/wikipedia/commons/thumb/6/6d/Chardy_RG19_%2816%29_%2848199372621%29.jpg/330px-Chardy_RG19_%2816%29_%2848199372621%29.jpg,M,atp,2026-06-15T05:55:42.646042+00:00
4410,Thomaz Bellucci,BRA,,,,1987-12-30,,,,0,0,,,https://upload.wikimedia.org/wikipedia/commons/thumb/5/59/2016_Ecuador_Open_Quito_Final_10.jpg/330px-2016_Ecuador_Open_Quito_Final_10.jpg,M,atp,2026-06-15T05:55:42.646042+00:00
1090,Lisa Pigato,ITA,,141,2026-05-04,2003-06-21,,,Right-handed,27,7,,"$45,904",,F,WTA Tour Official,2026-05-15T05:52:36.297188+00:00
1047,Julia Grabher,AUT,,54,2023-06-26,1996-07-02,1.70m,,,422,271,,"$1,584,458",https://upload.wikimedia.org/wikipedia/commons/thumb/b/b6/Grabher_WMQ22_%285%29_%2852191187203%29.jpg/330px-Grabher_WMQ22_%285%29_%2852191187203%29.jpg?utm_source=en.wikipedia.org&utm_campaign=api&utm_content=thumbnail,F,WTA Tour Official,2026-05-15T05:19:11.968453+00:00
1058,Leolia Jeanjean,FRA,,91,2025-08-18,1995-08-14,1.68m,,Right (two-handed backhand),277,171,,"$1,633,328",https://upload.wikimedia.org/wikipedia/commons/thumb/d/d8/Jeanjean_WMQ23_%2853061887794%29.jpg/330px-Jeanjean_WMQ23_%2853061887794%29.jpg,F,WTA Tour Official,2026-05-15T05:20:16.431981+00:00
1060,Marina Stakusic,CAN,,114,2025-02-24,2004-11-27,1.74 m,,Right (two-handed backhand),122,85,,"$681,945",https://upload.wikimedia.org/wikipedia/commons/thumb/8/8d/Marina_Stakusic_%282024_DC_Open%29_02_%28cropped%29.jpg/330px-Marina_Stakusic_%282024_DC_Open%29_02_%28cropped%29.jpg,F,WTA Tour Official,2026-05-15T05:20:26.743919+00:00
1067,Himeno Sakatsume,JPN,,131,2026-05-04,2001-08-03,1.58 m,,Right (two-handed backhand),250,160,,"$465,275",https://upload.wikimedia.org/wikipedia/commons/thumb/6/6a/Sakatsume_WMQ23_%2853062186333%29.jpg/330px-Sakatsume_WMQ23_%2853062186333%29.jpg?utm_source=en.wikipedia.org&utm_campaign=api&utm_content=thumbnail,F,WTA Tour Official,2026-05-15T05:20:56.465447+00:00
1072,Tamara Zidansek,SLO,,22,2022-02-28,1997-12-26,1.68m,,Right-handed (two-handed backhand),386,215,,"$3,639,451",https://upload.wikimedia.org/wikipedia/commons/thumb/5/50/Tamara_Zidan%C5%A1ek_%282023_US_Open%29_09_%28cropped%29.jpg/330px-Tamara_Zidan%C5%A1ek_%282023_US_Open%29_09_%28cropped%29.jpg?utm_source=en.wikipedia.org&utm_campaign=api&utm_content=thumbnail,F,WTA Tour Official,2026-05-15T05:21:12.399050+00:00
1121,Linda Fruhvirtova,CZE,,49,2023-06-26,2005-05-01,1.72m,,Right-handed (two-handed backhand),149,130,,"$2,004,804",https://upload.wikimedia.org/wikipedia/commons/thumb/6/68/Linda_Fruhvirtova_%28Roland_Garros_2023%29_07_%28cropped%29.jpg/330px-Linda_Fruhvirtova_%28Roland_Garros_2023%29_07_%28cropped%29.jpg,F,WTA Tour Official,2026-05-15T05:24:40.713606+00:00
1097,Olga Danilovic,SRB,,83,2026-02-02,2001-01-23,1.82m,,Left-handed (two-handed backhand),1,0,,"$177,696",https://upload.wikimedia.org/wikipedia/commons/thumb/c/c9/Danilovic_WMQ23_%2853061130692%29.jpg/330px-Danilovic_WMQ23_%2853061130692%29.jpg,F,WTA Tour Official,2026-05-15T05:53:02.154117+00:00
1113,Andrea Lazaro Garcia,ESP,,151,2026-04-06,1994-11-04,1.70 m,,Right (two-handed backhand),14,8,,"$58,147",https://upload.wikimedia.org/wikipedia/commons/thumb/b/b6/Lazaro_Garcia_RGQ22_%288%29_%2852128537542%29.jpg/330px-Lazaro_Garcia_RGQ22_%288%29_%2852128537542%29.jpg,F,WTA Tour Official,2026-05-15T05:54:18.086061+00:00
1108,Mary Stoiana,USA,,149,2026-05-04,2003-05-06,5 ft 6 in,,Right-handed (two-handed backhand),91,49,,"$261,403",https://upload.wikimedia.org/wikipedia/commons/thumb/b/b2/Mary_Stoiana_%282023_Wolfpack_Invite%29_05_%28cropped%29.jpg/330px-Mary_Stoiana_%282023_Wolfpack_Invite%29_05_%28cropped%29.jpg,F,WTA Tour Official,2026-05-15T05:23:43.868716+00:00
1016,Antoine Ghibaudo,FRA,,287,2026-05-04,2005-01-25,"6'3"" (191cm)",154 lbs (70kg),"Right-Handed, Two-Handed Backhand",0,0,,"$107,967",https://www.atptour.com/-/media/alias/player-gladiator-headshot/g0iw,M,ATP Tour,2026-05-15T06:42:40.516688+00:00
1336,Lorenzo Carboni,ITA,,368,2025-09-08,2006-02-27,"5'6"" (168cm)",154 lbs (70kg),"Right-Handed, Two-Handed Backhand",0,0,,"$85,517",https://www.atptour.com/-/media/alias/player-gladiator-headshot/c0ow,M,ATP Tour,2026-05-15T07:24:58.365191+00:00
1346,Hikaru Shiraishi,JPN,,421,2025-12-22,2000-05-22,"5'6"" (168cm)",132 lbs (60kg),"Right-Handed, Two-Handed Backhand",0,0,,"$71,486",https://www.atptour.com/-/media/alias/player-gladiator-headshot/s0c2,M,ATP Tour,2026-05-15T07:26:10.699036+00:00
1342,Robert Strombachs,LAT,,327,2026-05-04,1999-09-15,"6'3"" (191cm)",171 lbs (78kg),"Right-Handed, Unknown Backhand",2,5,,"$160,599",https://www.atptour.com/-/media/alias/player-gladiator-headshot/s0gv,M,ATP Tour,2026-05-15T07:25:41.144444+00:00
1366,Dhakshineswar Suresh,IND,,352,2025-08-18,2000-03-29,"6'5"" (196cm)",172 lbs (78kg),"Right-Handed, Two-Handed Backhand",3,2,,"$50,879",https://www.atptour.com/-/media/alias/player-gladiator-headshot/s0de,M,ATP Tour,2026-05-15T07:28:48.010860+00:00
1349,Quinn Vandecasteele,USA,,449,2026-04-20,2002-09-01,"6'3"" (191cm)",175 lbs (79kg),"Right-Handed, Two-Handed Backhand",0,0,,"$81,411",https://www.atptour.com/-/media/alias/player-gladiator-headshot/v0dg,M,ATP Tour,2026-05-15T07:26:41.568172+00:00
1355,Lorenzo Joaquin Rodriguez,ARG,,424,2025-11-10,1999-09-29,"6'5"" (196cm)",176 lbs (80kg),"Right-Handed, One-Handed Backhand",0,0,,"$87,240",https://www.atptour.com/-/media/alias/player-gladiator-headshot/r0bc,M,ATP Tour,2026-05-15T07:27:26.614529+00:00
1370,Lucio Ratti,ARG,,467,2026-04-13,2004-01-27,"6'0"" (183cm)",160 lbs (73kg),"Right-Handed, Two-Handed Backhand",0,0,2022,"$42,348",https://www.atptour.com/-/media/alias/player-gladiator-headshot/r0hp,M,ATP Tour,2026-05-15T07:29:14.623705+00:00
1389,Henry Bernet,SUI,,479,2025-10-13,2007-01-25,"6'3"" (191cm)",169 lbs (77kg),"Right-Handed, Unknown Backhand",0,2,,"$113,982",https://upload.wikimedia.org/wikipedia/commons/thumb/9/97/Henry_Bernet%2C_Swiss_Indoors_Basel_2025_%28cropped%29.jpg/330px-Henry_Bernet%2C_Swiss_Indoors_Basel_2025_%28cropped%29.jpg,M,ATP Tour,2026-05-15T07:31:45.470738+00:00
1375,Maxim Zhukov,RUS,,449,2025-11-24,2005-01-30,"5'11"" (180cm)",158 lbs (72kg),"Right-Handed, Two-Handed Backhand",0,0,,"$58,357",https://www.atptour.com/-/media/alias/player-gladiator-headshot/z0c3,M,ATP Tour,2026-05-15T07:29:54.829733+00:00
1397,Daniel Siniakov,CZE,,293,2026-04-20,2003-01-15,"6'0"" (183cm)",171 lbs (78kg),"Right-Handed, Two-Handed Backhand",0,0,,"$55,328",https://www.atptour.com/-/media/alias/player-gladiator-headshot/s0lt,M,ATP Tour,2026-05-15T07:32:46.737891+00:00
1402,Radu Mihai Papoe,ROU,,487,2026-05-04,2002-08-28,"6'0"" (183cm)",143 lbs (65kg),"Right-Handed, Two-Handed Backhand",0,0,,"$52,757",https://www.atptour.com/-/media/alias/player-gladiator-headshot/p0fj,M,ATP Tour,2026-05-15T07:33:32.556832+00:00
1406,Colin Sinclair,NMI,,340,2023-09-18,1994-12-19,"6'2"" (188cm)",180 lbs (82kg),"Right-Handed, Two-Handed Backhand",1,2,,"$166,972",https://www.atptour.com/-/media/alias/player-gladiator-headshot/sq79,M,ATP Tour,2026-05-15T07:34:02.811202+00:00
4423,Pablo Cuevas,URU,,,,1986-01-01,,,,0,0,,,https://upload.wikimedia.org/wikipedia/commons/thumb/b/b2/Pablo_Cuevas_%2847980143553%29_%28cropped%29.jpg/330px-Pablo_Cuevas_%2847980143553%29_%28cropped%29.jpg,M,atp,2026-06-15T05:55:42.646042+00:00
1124,Linda Klimovicova,POL,,129,2026-02-09,2004-06-18,,,Right-handed,174,89,,"$430,641",https://upload.wikimedia.org/wikipedia/commons/thumb/6/61/Linda_Klimovi%C4%8Dov%C3%A1_%2851314990677%29.jpg/330px-Linda_Klimovi%C4%8Dov%C3%A1_%2851314990677%29.jpg,F,WTA Tour Official,2026-05-15T05:25:05.948718+00:00
4424,Andreas Seppi,ITA,,,,1984-02-21,,,,0,0,,,https://upload.wikimedia.org/wikipedia/commons/thumb/b/bf/Seppi_MLC21_%282%29.jpg/330px-Seppi_MLC21_%282%29.jpg,M,atp,2026-06-15T05:55:42.646042+00:00
4425,Horacio Zeballos,ARG,,,,1985-04-27,,,,0,0,,,https://upload.wikimedia.org/wikipedia/commons/thumb/8/83/Horacio_Zeballos_%2819826056265%29.jpg/330px-Horacio_Zeballos_%2819826056265%29.jpg,M,atp,2026-06-15T05:55:42.646042+00:00
1705,Aneta Kucmova,CZE,,156,2025-09-08,2000-05-23,,,Right-handed,15,6,,"$9,175",https://upload.wikimedia.org/wikipedia/commons/thumb/2/24/Aneta_Ku%C4%8Dmov%C3%A1_Transylvania_Open_2026_%28cropped%29.jpg/330px-Aneta_Ku%C4%8Dmov%C3%A1_Transylvania_Open_2026_%28cropped%29.jpg?utm_source=en.wikipedia.org&utm_campaign=api&utm_content=thumbnail,F,WTA Tour Official,2026-05-15T06:43:12.108555+00:00
1731,Jenny Duerst,SUI,,187,2023-07-17,1999-03-25,,,Right-handed,175,103,,"$122,774",https://upload.wikimedia.org/wikipedia/commons/thumb/c/c4/Duerst_BIA21_%282%29_%2851378583378%29.jpg/330px-Duerst_BIA21_%282%29_%2851378583378%29.jpg?utm_source=en.wikipedia.org&utm_campaign=api&utm_content=thumbnail,F,WTA Tour Official,2026-05-15T06:45:15.715026+00:00
1736,Yuki Naito,JPN,,169,2021-04-05,2001-02-16,5' 4'' (1.63 m),,Right-handed (two-handed backhand),233,174,,"$421,045",https://upload.wikimedia.org/wikipedia/commons/thumb/e/ee/Naito_RGQ22_%2824%29_%2852129786779%29.jpg/330px-Naito_RGQ22_%2824%29_%2852129786779%29.jpg,F,WTA Tour Official,2026-05-15T06:45:27.988147+00:00
1391,Ivan Marrero Curbelo,ESP,,288,2026-03-02,1998-09-27,"5'11"" (180cm)",169 lbs (77kg),"Right-Handed, Two-Handed Backhand",0,0,,"$73,381",https://www.atptour.com/-/media/alias/player-gladiator-headshot/m09m,M,ATP Tour,2026-05-15T07:32:00.415786+00:00
4411,Janko Tipsarevic,SRB,,,,1984-06-22,,,,0,0,,,https://upload.wikimedia.org/wikipedia/commons/thumb/b/bf/Tipsarevic_RG19_%2810%29_%2848199022116%29.jpg/330px-Tipsarevic_RG19_%2810%29_%2848199022116%29.jpg,M,atp,2026-06-15T05:55:42.646042+00:00
4412,Igor Andreev,RUS,,,,1983-07-14,,,,0,0,,,https://upload.wikimedia.org/wikipedia/commons/thumb/9/98/Igor_Andreev_Hopman_Cup_2010.jpg/330px-Igor_Andreev_Hopman_Cup_2010.jpg,M,atp,2026-06-15T05:55:42.646042+00:00
4413,Benjamin Becker,GER,,,,1981-07-16,,,,0,0,,,https://upload.wikimedia.org/wikipedia/commons/thumb/f/f8/Becker_RG15_%2819282133136%29.jpg/330px-Becker_RG15_%2819282133136%29.jpg,M,atp,2026-06-15T05:55:42.646042+00:00
4414,Ivo Karlovic,CRO,,,,1979-02-28,,,,0,0,,,https://upload.wikimedia.org/wikipedia/commons/thumb/0/00/Karlovic_WM18_%285%29_%2830063301198%29.jpg/330px-Karlovic_WM18_%285%29_%2830063301198%29.jpg,M,atp,2026-06-15T05:55:42.646042+00:00
4415,Paul Henri Mathieu,FRA,,,,,,,,0,0,,,,M,atp,2026-06-15T05:55:42.646042+00:00
4416,Dudi Sela,ISR,,,,1985-04-04,,,,0,0,,,https://upload.wikimedia.org/wikipedia/commons/thumb/4/48/Sela_WMQ22_%2817%29.jpg/330px-Sela_WMQ22_%2817%29.jpg,M,atp,2026-06-15T05:55:42.646042+00:00
4417,Andreas Beck,GER,,,,,,,,0,0,,,,M,atp,2026-06-15T05:55:42.646042+00:00
4418,Julien Benneteau,FRA,,,,1981-12-20,,,,0,0,,,https://upload.wikimedia.org/wikipedia/commons/thumb/6/67/Benneteau_WM17_%286%29_%2835347493484%29.jpg/330px-Benneteau_WM17_%286%29_%2835347493484%29.jpg,M,atp,2026-06-15T05:55:42.646042+00:00
4419,Guillermo Garcia Lopez,ESP,,,,1983-06-04,,,,0,0,,,https://upload.wikimedia.org/wikipedia/commons/thumb/f/f7/Garcia_Lopez_WM18_%285%29_%2842123372620%29.jpg/330px-Garcia_Lopez_WM18_%285%29_%2842123372620%29.jpg,M,atp,2026-06-15T05:55:42.646042+00:00
4420,James Blake,USA,,,,,,,,0,0,,,,M,atp,2026-06-15T05:55:42.646042+00:00
4421,Feliciano Lopez,ESP,,,,1981-09-20,,,,0,0,,,https://upload.wikimedia.org/wikipedia/commons/thumb/3/30/Lopez_F._RG21_%2810%29_%2851376399843%29.jpg/330px-Lopez_F._RG21_%2810%29_%2851376399843%29.jpg,M,atp,2026-06-15T05:55:42.646042+00:00
4422,Victor Hanescu,ROU,,,,1981-07-21,,,,0,0,,,https://upload.wikimedia.org/wikipedia/commons/thumb/3/31/Victor_Hanescu_-_2011_Wimbledon.jpg/330px-Victor_Hanescu_-_2011_Wimbledon.jpg,M,atp,2026-06-15T05:55:42.646042+00:00
4426,Jose Acasuso,ARG,,,,1982-10-20,,,,0,0,,,https://upload.wikimedia.org/wikipedia/commons/thumb/b/b3/Acasuso_Roland_Garros_2009_1.jpg/330px-Acasuso_Roland_Garros_2009_1.jpg,M,atp,2026-06-15T05:55:42.646042+00:00
4427,Evgeny Korolev,KAZ,,,,1988-02-14,,,,0,0,,,https://upload.wikimedia.org/wikipedia/commons/thumb/9/9c/Korolev_2009_Delray_1.jpg/330px-Korolev_2009_Delray_1.jpg,M,atp,2026-06-15T05:55:42.646042+00:00
4428,Mardy Fish,USA,,,,1981-12-09,,,,0,0,,,https://upload.wikimedia.org/wikipedia/commons/3/3c/Mardy_Fish_2010-08-03.JPG,M,atp,2026-06-15T05:55:42.646042+00:00
4429,Arnaud Clement,FRA,,,,1977-12-17,,,,0,0,,,https://upload.wikimedia.org/wikipedia/commons/thumb/b/bc/Arnaud_Clement_RG.JPG/330px-Arnaud_Clement_RG.JPG,M,atp,2026-06-15T05:55:42.646042+00:00
4430,Marc Gicquel,FRA,,,,1977-03-30,,,,0,0,,,https://upload.wikimedia.org/wikipedia/commons/thumb/0/0c/Gicquel_WMQ14_%283%29_%2814627040553%29.jpg/330px-Gicquel_WMQ14_%283%29_%2814627040553%29.jpg,M,atp,2026-06-15T05:55:42.646042+00:00
4431,Marco Chiudinelli,SUI,,,,1981-09-10,,,,0,0,,,https://upload.wikimedia.org/wikipedia/commons/thumb/3/33/Chiudinelli_WMQ14_%284%29_%2814607050115%29.jpg/330px-Chiudinelli_WMQ14_%284%29_%2814607050115%29.jpg,M,atp,2026-06-15T05:55:42.646042+00:00
4432,Olivier Rochus,BEL,,,,1981-01-18,,,,0,0,,,https://upload.wikimedia.org/wikipedia/commons/thumb/d/d7/Olivier_Rochus.jpg/330px-Olivier_Rochus.jpg,M,atp,2026-06-15T05:55:42.646042+00:00
4433,Florian Mayer,GER,,,,1983-10-05,,,,0,0,,,https://upload.wikimedia.org/wikipedia/commons/thumb/5/50/Mayer_F._RG13_%284%29_%289374097145%29.jpg/330px-Mayer_F._RG13_%284%29_%289374097145%29.jpg,M,atp,2026-06-15T05:55:42.646042+00:00
4434,Simon Greul,GER,,,,1981-04-13,,,,0,0,,,https://upload.wikimedia.org/wikipedia/commons/thumb/6/6f/Greul_2009_US_Open_01.jpg/330px-Greul_2009_US_Open_01.jpg,M,atp,2026-06-15T05:55:42.646042+00:00
1219,Ekaterine Gorgodze,GEO,,43,2022-08-15,1991-12-03,,,Left (two-handed backhand),409,278,,"$1,140,959",https://upload.wikimedia.org/wikipedia/commons/thumb/b/ba/Transylvania_Open_2026_-_Irina_Bara_Ekaterine_Gorgodze_vs_Aneta_Kladivova_Aneta_Laboutkova_1-6%2C_6-2%2C_10-2_%282-1%29_01.01.2026_%2855078280458%29_%28cropped%29.jpg/330px-Transylvania_Open_2026_-_Irina_Bara_Ekaterine_Gorgodze_vs_Aneta_Kladivova_Aneta_Laboutkova_1-6%2C_6-2%2C_10-2_%282-1%29_01.01.2026_%2855078280458%29_%28cropped%29.jpg?utm_source=en.wikipedia.org&utm_campaign=api&utm_content=thumbnail,F,WTA Tour Official,2026-05-15T06:03:17.549354+00:00
1166,Marina Bassols Ribera,ESP,,105,2024-02-05,1999-12-13,"5'5"" (1.65 m)",,Right-handed,366,247,,"$867,873",https://upload.wikimedia.org/wikipedia/commons/thumb/f/f7/Bassols_Ribera_WMQ23_%2853062105360%29.jpg/330px-Bassols_Ribera_WMQ23_%2853062105360%29.jpg?utm_source=en.wikipedia.org&utm_campaign=api&utm_content=thumbnail,F,WTA Tour Official,2026-05-15T05:57:56.217322+00:00
1027,Alastair Gray,GBR,,237,2022-09-19,1998-06-22,"6'4"" (193cm)",184 lbs (83kg),"Right-Handed, One-Handed Backhand",1,3,,"$310,134",https://upload.wikimedia.org/wikipedia/commons/thumb/e/e9/Alastair_Gray_%28tennis_player%29.jpg/330px-Alastair_Gray_%28tennis_player%29.jpg?utm_source=en.wikipedia.org&utm_campaign=api&utm_content=thumbnail,M,ATP Tour,2026-05-15T06:44:10.735808+00:00
1238,Lucie Havlickova,CZE,,123,2026-05-04,2005-03-13,178cm,,Right-handed (two-handed backhand),52,38,,"$186,508",https://upload.wikimedia.org/wikipedia/commons/thumb/7/7b/Havlickova_WMQ23_%2853061131052%29.jpg/330px-Havlickova_WMQ23_%2853061131052%29.jpg,F,WTA Tour Official,2026-05-15T06:04:49.572302+00:00
795,Svyatoslav Gulin,RUS,,358,2025-06-30,2002-12-04,"5'10"" (178cm)",176 lbs (80kg),"Right-Handed, Two-Handed Backhand",0,0,,"$83,310",https://www.atptour.com/-/media/alias/player-gladiator-headshot/g0j9,M,ATP Tour,2026-05-15T07:36:41.834875+00:00
1148,Elizabeth Mandlik,USA,,168,2023-06-19,2001-05-19,1.70m,,Right-handed,10,10,,"$128,738",https://upload.wikimedia.org/wikipedia/commons/thumb/3/39/Elizabeth_Mandlik_%282023_US_Open%29_01_%28cropped%29.jpg/330px-Elizabeth_Mandlik_%282023_US_Open%29_01_%28cropped%29.jpg,F,WTA Tour Official,2026-05-15T05:26:53.201109+00:00
1159,Lucia Bronzetti,ITA,,46,2024-04-08,1998-12-10,1.70m,,Right-handed (two-handed backhand),337,275,,"$3,270,232",https://upload.wikimedia.org/wikipedia/commons/thumb/7/7e/Day_9_-_Transylvania_Open_Women%27s_Singles_Final_ceremony_-_Anna_Potapova_Lucia_Bronzetti_%2854318974342%29_%28cropped_Lucia_Bronzetti_%29.jpg/330px-Day_9_-_Transylvania_Open_Women%27s_Singles_Final_ceremony_-_Anna_Potapova_Lucia_Bronzetti_%2854318974342%29_%28cropped_Lucia_Bronzetti_%29.jpg,F,WTA Tour Official,2026-05-15T05:27:53.456713+00:00
1164,Mananchaya Sawangkaew,THA,,100,2025-06-09,2002-07-10,,,Right (two-handed backhand),208,104,,"$490,191",https://upload.wikimedia.org/wikipedia/commons/thumb/7/77/Mananchaya_Sawangkaew_%282024_Cary%29_01_%28cropped%29.jpg/330px-Mananchaya_Sawangkaew_%282024_Cary%29_01_%28cropped%29.jpg,F,WTA Tour Official,2026-05-15T05:28:18.837029+00:00
1176,Carole Monnet,FRA,,172,2024-10-28,2001-12-01,,,Right-handed,4,7,,"$75,045",https://upload.wikimedia.org/wikipedia/commons/thumb/3/33/Monnet_WMQ22_%2823%29_%2852191390719%29.jpg/330px-Monnet_WMQ22_%2823%29_%2852191390719%29.jpg,F,WTA Tour Official,2026-05-15T05:59:51.102255+00:00
1170,Teodora Kostovic,SRB,,159,2026-03-16,2007-06-28,1.76m,,Right-handed (double-handed backhand),64,34,,"$161,957",https://upload.wikimedia.org/wikipedia/commons/thumb/9/9d/Teodora_Kostovi%C4%87_beim_WTA125_am_24._M%C3%A4rz_2026_in_Dubrovnik_%28cropped%29.jpg/330px-Teodora_Kostovi%C4%87_beim_WTA125_am_24._M%C3%A4rz_2026_in_Dubrovnik_%28cropped%29.jpg,F,WTA Tour Official,2026-05-15T05:28:41.203301+00:00
1195,Lina Gjorcheska,MKD,,170,2017-06-12,1994-08-03,1.80 m,,Right (two-handed backhand),483,281,,"$495,373",https://upload.wikimedia.org/wikipedia/commons/thumb/7/7c/Gjorcheska_POI21_%282%29_%2851714620060%29.jpg/330px-Gjorcheska_POI21_%282%29_%2851714620060%29.jpg?utm_source=en.wikipedia.org&utm_campaign=api&utm_content=thumbnail,F,WTA Tour Official,2026-05-15T05:33:30.713633+00:00
1202,Xiaodi You,CHN,,166,2020-03-16,1996-05-12,,,,350,288,,"$641,816",https://upload.wikimedia.org/wikipedia/commons/thumb/b/b7/You_Xiaodi_%2814938798868%29.jpg/330px-You_Xiaodi_%2814938798868%29.jpg,F,WTA Tour Official,2026-05-15T06:01:53.850087+00:00
1733,Ylena In-Albon,SUI,,435,2020-02-03,1999-03-06,1.60m,,Right-handed (two-handed backhand),7,2,,"$3,750",https://upload.wikimedia.org/wikipedia/commons/thumb/e/e7/In_Albon_RGQ22_%2811%29_%2852128531767%29.jpg/330px-In_Albon_RGQ22_%2811%29_%2852128531767%29.jpg,F,WTA Tour Official,2026-05-15T06:45:21.957684+00:00
1214,Anastasia Gasanova,RUS,,121,2022-01-10,1999-05-15,5' 8'' (1.72 m),,Right-handed (two-handed backhand),339,194,,"$555,261",https://upload.wikimedia.org/wikipedia/commons/thumb/8/8b/Gasanova_RGQ22_%2842%29_%2852128591952%29.jpg/330px-Gasanova_RGQ22_%2842%29_%2852128591952%29.jpg?utm_source=en.wikipedia.org&utm_campaign=api&utm_content=thumbnail,F,WTA Tour Official,2026-05-15T06:02:48.970379+00:00
1242,Elena Pridankina,RUS,,73,2025-11-03,2005-08-30,,,Right-handed,22,8,,"$86,809",,F,WTA Tour Official,2026-05-15T06:05:13.576923+00:00
1428,Dominik Palan,CZE,,280,2023-10-23,2000-09-30,"6'3"" (191cm)",187 lbs (85kg),"Right-Handed, Two-Handed Backhand",0,0,,"$132,723",https://www.atptour.com/-/media/alias/player-gladiator-headshot/p0e9,M,ATP Tour,2026-05-15T07:37:14.063676+00:00
1413,Aristotelis Thanos,GRE,,433,2025-10-20,2001-04-07,"6'4"" (193cm)",180 lbs (82kg),"Right-Handed, Two-Handed Backhand",4,2,2019,"$60,410",https://www.atptour.com/-/media/alias/player-gladiator-headshot/t0ei,M,ATP Tour,2026-05-15T07:35:08.594713+00:00
4463,Michael Russell,USA,,,,,,,,0,0,,,,M,atp,2026-06-15T05:55:42.646042+00:00
4280,Botond Nagy,HUN,,2123,,,,,,0,0,,,,M,ATP Tour,2026-05-07T12:08:35.154179+00:00
1420,Taha Baadi,MAR,,485,2026-04-13,2001-07-19,"6'0"" (183cm)",164 lbs (74kg),"Right-Handed, Two-Handed Backhand",4,3,,"$91,506",https://www.atptour.com/-/media/alias/player-gladiator-headshot/b0d6,M,ATP Tour,2026-05-15T07:36:05.244454+00:00
4435,Sergiy Stakhovsky,UKR,,,,1986-01-06,,,,0,0,,,https://upload.wikimedia.org/wikipedia/commons/thumb/7/74/Sergiy_Stakhovsky_%2834962834550%29.jpg/330px-Sergiy_Stakhovsky_%2834962834550%29.jpg,M,atp,2026-06-15T05:55:42.646042+00:00
4436,Potito Starace,ITA,,,,1981-07-14,,,,0,0,,,https://upload.wikimedia.org/wikipedia/commons/thumb/2/26/Starace_RG13_%289404553998%29.jpg/330px-Starace_RG13_%289404553998%29.jpg,M,atp,2026-06-15T05:55:42.646042+00:00
4437,Florent Serra,FRA,,,,1981-02-28,,,,0,0,,,https://upload.wikimedia.org/wikipedia/commons/thumb/1/1f/Serra_RG13_%289376864958%29.jpg/330px-Serra_RG13_%289376864958%29.jpg,M,atp,2026-06-15T05:55:42.646042+00:00
4438,Maximo Gonzalez,ARG,,,,1983-07-20,,,,0,0,,,https://upload.wikimedia.org/wikipedia/commons/thumb/a/a9/Gonzalez_M._WM19_%2811%29_%2848521994387%29.jpg/330px-Gonzalez_M._WM19_%2811%29_%2848521994387%29.jpg,M,atp,2026-06-15T05:55:42.646042+00:00
696,Arthur Cazaux,FRA,,58,2025-10-13,2002-08-23,"6'0"" (183cm)",162 lbs (73kg),"Right-Handed, Two-Handed Backhand",28,35,2020,"$2,301,033",https://upload.wikimedia.org/wikipedia/commons/thumb/c/c7/Arthur_Cazaux_%282023_US_Open%29_01.jpg/330px-Arthur_Cazaux_%282023_US_Open%29_01.jpg?utm_source=en.wikipedia.org&utm_campaign=api&utm_content=thumbnail,M,ATP Tour,2026-07-22T08:54:19.858972+00:00
1268,Anastasija Sevastova,LAT,,11,2018-10-15,1990-04-13,"5' 7"" (1.69 m)",,Right (two-handed backhand),461,284,,"$8,716,682",https://upload.wikimedia.org/wikipedia/commons/thumb/c/c1/Double_win%21_-sevastova_-teamlatvia_%2846315350544%29.jpg/330px-Double_win%21_-sevastova_-teamlatvia_%2846315350544%29.jpg,F,WTA Tour Official,2026-05-15T06:07:36.500339+00:00
1286,Julia Avdeeva,RUS,,235,2024-05-20,2002-07-06,,,,16,5,,"$20,964",https://upload.wikimedia.org/wikipedia/commons/thumb/9/90/Julia_Avdeeva_%282024_Cary%29_01_%28cropped%29.jpg/330px-Julia_Avdeeva_%282024_Cary%29_01_%28cropped%29.jpg,F,WTA Tour Official,2026-05-15T06:09:08.741757+00:00
1272,Louisa Chirico,USA,,228,2016-10-24,1996-05-16,1.75m,,Right-handed,4,8,,"$48,146",https://upload.wikimedia.org/wikipedia/commons/thumb/2/26/Chirico_RGQ22_%2818%29_%2852129870144%29.jpg/330px-Chirico_RGQ22_%2818%29_%2852129870144%29.jpg?utm_source=en.wikipedia.org&utm_campaign=api&utm_content=thumbnail,F,WTA Tour Official,2026-05-15T06:07:52.992045+00:00
1289,Kathinka Von Deichmann,LIE,,153,2018-10-08,1994-05-16,5' 9'' (1.76 m),,Right (one-handed backhand),480,324,,"$844,002",https://upload.wikimedia.org/wikipedia/commons/thumb/f/f8/Von_Deichmann_WMQ22_%2811%29_%2852191129928%29.jpg/330px-Von_Deichmann_WMQ22_%2811%29_%2852191129928%29.jpg,F,WTA Tour Official,2026-05-15T06:09:17.023347+00:00
1332,Ayla Aksu,TUR,,258,2017-09-18,1996-07-15,5' 7'' (1.70 m),,Right (two-handed backhand),19,8,,"$24,776",,F,WTA Tour Official,2026-05-15T06:13:10.073975+00:00
1454,Mirza Basic,BIH,,74,2018-02-19,1991-07-12,"6'2"" (188cm)",193 lbs (88kg),"Right-Handed, Two-Handed Backhand",34,44,2012,"$1,300,851",https://upload.wikimedia.org/wikipedia/commons/thumb/a/ac/Basic_RGQ22_%2841%29_%2852129629936%29.jpg/330px-Basic_RGQ22_%2841%29_%2852129629936%29.jpg?utm_source=en.wikipedia.org&utm_campaign=api&utm_content=thumbnail,M,ATP Tour,2026-05-15T07:40:28.907279+00:00
1297,Ayana Akli,USA,,131,2026-05-04,2001-07-06,1.63 m,,Right-handed (two-handed backhand),9,7,,"$26,242",https://upload.wikimedia.org/wikipedia/commons/thumb/d/d0/Ayana_Akli_%282023_Wolfpack_Invite%29_02_%28cropped%29.jpg/330px-Ayana_Akli_%282023_Wolfpack_Invite%29_02_%28cropped%29.jpg,F,WTA Tour Official,2026-05-15T06:09:58.143603+00:00
1473,James Story,GBR,,455,2025-11-03,2001-03-05,"6'1"" (185cm)",175 lbs (79kg),"Right-Handed, Two-Handed Backhand",0,0,,"$68,948",https://upload.wikimedia.org/wikipedia/commons/thumb/5/5c/James_B._Story_%282019%29.jpg/330px-James_B._Story_%282019%29.jpg,M,ATP Tour,2026-05-15T07:42:59.330742+00:00
1477,Mukund Sasikumar,IND,,229,2019-10-07,1997-01-14,"6'1"" (185cm)",176 lbs (80kg),"Right-Handed, Two-Handed Backhand",1,4,,"$270,014",https://upload.wikimedia.org/wikipedia/commons/thumb/0/0e/Mukund_Sasikumar_%282023_DC_Open%29_02_%28cropped%29.jpg/330px-Mukund_Sasikumar_%282023_DC_Open%29_02_%28cropped%29.jpg,M,ATP Tour,2026-05-15T07:43:26.688039+00:00
1481,Pedro Vives Marcos,ESP,,419,2026-05-04,2001-04-13,"5'10"" (178cm)",169 lbs (77kg),"Right-Handed, Two-Handed Backhand",0,0,,"$71,103",https://www.atptour.com/-/media/alias/player-gladiator-headshot/v09t,M,ATP Tour,2026-05-15T07:43:57.174410+00:00
1511,Tsung Hao Huang,TPE,,153,2026-02-23,1999-11-22,"5'8"" (173cm)",149 lbs (68kg),"Right-Handed, Two-Handed Backhand",2,0,,"$117,042",https://www.atptour.com/-/media/alias/player-gladiator-headshot/h0b5,M,ATP Tour,2026-05-15T07:47:48.372612+00:00
1496,Tiago Torres,POR,,393,2026-04-20,2002-07-08,"5'9"" (175cm)",160 lbs (73kg),"Left-Handed, Two-Handed Backhand",0,0,,"$37,034",https://www.atptour.com/-/media/alias/player-gladiator-headshot/t0cn,M,ATP Tour,2026-05-15T07:46:04.158110+00:00
1504,Reda Bennani,MAR,,536,2026-04-20,2007-02-16,"5'10"" (178cm)",157 lbs (71kg),"Right-Handed, Two-Handed Backhand",1,2,,"$52,243",https://www.atptour.com/-/media/alias/player-gladiator-headshot/b0pu,M,ATP Tour,2026-05-15T07:47:04.739559+00:00
4439,Michael Berrer,GER,,,,1980-07-01,,,,0,0,,,https://upload.wikimedia.org/wikipedia/commons/thumb/2/2d/Michael_Berrer_1%2C_2015_Wimbledon_Qualifying_-_Diliff.jpg/330px-Michael_Berrer_1%2C_2015_Wimbledon_Qualifying_-_Diliff.jpg,M,atp,2026-06-15T05:55:42.646042+00:00
1516,Enzo Aguiard,AUS,,544,2026-05-04,2002-08-10,"6'0"" (183cm)",182 lbs (83kg),"Right-Handed, Two-Handed Backhand",0,0,,"$20,389",https://www.atptour.com/-/media/alias/player-gladiator-headshot/a0ku,M,ATP Tour,2026-05-15T07:48:33.655986+00:00
1298,Tereza Martincova,CZE,,40,2022-02-14,1994-10-24,1.77m,,Right-handed (two-handed backhand),453,374,,"$2,452,156",https://upload.wikimedia.org/wikipedia/commons/thumb/3/33/Martincova_RG22_%2830%29_%2852144072716%29.jpg/330px-Martincova_RG22_%2830%29_%2852144072716%29.jpg,F,WTA Tour Official,2026-05-15T06:10:07.934789+00:00
4440,Fabrice Santoro,FRA,,,,1972-12-09,,,,0,0,,,https://upload.wikimedia.org/wikipedia/commons/thumb/3/30/Santoro_Roland_Garros_2009_1.jpg/330px-Santoro_Roland_Garros_2009_1.jpg,M,atp,2026-06-15T05:55:42.646042+00:00
1314,Matilde Jorge,POR,,9999,2026-02-09,2004-04-07,,,Right-handed (two-handed backhand),0,0,,$0,https://photoresources.wtatennis.com/photo-resources/2025/05/08/d6d84458-5859-4414-8e0a-26ff4208365f/Jorge-Torso_328730.png?width=790&height=740,F,WTA Tour Official,2026-05-15T06:11:36.469336+00:00
1316,Justina Mikulskyte,LTU,,141,2025-10-06,1996-02-06,,,Right-handed (two-handed backhand),237,129,,"$439,791",https://upload.wikimedia.org/wikipedia/commons/thumb/8/8c/Mikulskyte_WMQ22_%2815%29_%2852191619580%29.jpg/330px-Mikulskyte_WMQ22_%2815%29_%2852191619580%29.jpg,F,WTA Tour Official,2026-05-15T06:11:51.056282+00:00
1341,Kajsa Rinaldo Persson,SWE,,242,2026-03-16,1997-11-11,,,Right (two-handed backhand),273,185,,"$131,758",https://upload.wikimedia.org/wikipedia/commons/thumb/2/2e/Kajsa_Rinaldo_Persson_BJK_Cup_2023_%28cropped%29.jpg/330px-Kajsa_Rinaldo_Persson_BJK_Cup_2023_%28cropped%29.jpg,F,WTA Tour Official,2026-05-15T06:13:50.834727+00:00
1339,Anastasia Tikhonova,RUS,,82,2026-05-04,2001-01-21,,,Right (two-handed backhand),18,7,,"$20,778",https://upload.wikimedia.org/wikipedia/commons/thumb/a/aa/Tikhonova_RGQ22_%2842%29_%2852130007340%29.jpg/330px-Tikhonova_RGQ22_%2842%29_%2852130007340%29.jpg?utm_source=en.wikipedia.org&utm_campaign=api&utm_content=thumbnail,F,WTA Tour Official,2026-05-15T06:13:40.387630+00:00
4497,Alona Bondarenko,UKR,,,,1984-08-13,,,,0,0,,,,F,wta,2026-06-15T05:55:42.646042+00:00
1452,Tai Sach,AUS,,245,2026-04-20,2002-09-16,"5'10"" (178cm)",167 lbs (76kg),"Right-Handed, Two-Handed Backhand",0,0,,"$51,438",https://www.atptour.com/-/media/alias/player-gladiator-headshot/s0u5,M,ATP Tour,2026-05-15T07:40:12.885898+00:00
1431,Miguel Tobon,COL,,421,2026-04-20,2006-06-19,"6'1"" (185cm)",175 lbs (79kg),"Right-Handed, Two-Handed Backhand",0,0,,"$54,389",https://www.atptour.com/-/media/alias/player-gladiator-headshot/t0i3,M,ATP Tour,2026-05-15T07:37:39.319391+00:00
1487,Neil Oberleitner,AUT,,60,2026-05-04,1999-08-05,"6'3"" (191cm)",184 lbs (83kg),"Right-Handed, Two-Handed Backhand",9,12,,"$295,596",https://www.atptour.com/-/media/alias/player-gladiator-headshot/o0ad,M,ATP Tour,2026-05-15T07:44:44.440202+00:00
1467,Massimo Giunta,ITA,,519,2026-05-04,2004-07-09,"6'3"" (191cm)",167 lbs (76kg),"Right-Handed, Two-Handed Backhand",0,0,,"$46,187",https://www.atptour.com/-/media/alias/player-gladiator-headshot/g0i3,M,ATP Tour,2026-05-15T07:42:09.813213+00:00
4441,Fred Gil,POR,,,,1985-03-24,,,,0,0,,,https://upload.wikimedia.org/wikipedia/en/thumb/d/d2/Frederico_Gil_at_Apia_International%2C_Sydney_2012.jpg/330px-Frederico_Gil_at_Apia_International%2C_Sydney_2012.jpg,M,atp,2026-06-15T05:55:42.646042+00:00
1045,Aliaksandra Sasnovich,BLR,,29,2022-09-19,1994-03-22,1.74m,,Right-handed (two-handed backhand),463,326,,"$6,620,362",https://upload.wikimedia.org/wikipedia/commons/c/ca/Qualifying_TransylvaniaOpen_Miriam_Bianca_Bulgaru_vs_Aliaksandra_Sasnovich_3-6%2C_4-6_%2854320615871%29_%28cropped_Aliaksandra_Sasnovich%29.jpg,F,WTA Tour Official,2026-05-15T05:19:03.528694+00:00
4459,Lukasz Kubot,POL,,,,1982-05-16,,,,0,0,,,https://upload.wikimedia.org/wikipedia/commons/thumb/9/9b/Kubot_WM16_%281%29_%2828136044530%29.jpg/330px-Kubot_WM16_%281%29_%2828136044530%29.jpg,M,atp,2026-06-15T05:55:42.646042+00:00
1345,Nuria Parrizas Diaz,ESP,,264,2022-03-07,1991-07-15,1.70m,,Right (two-handed backhand),4,12,,"$35,945",https://upload.wikimedia.org/wikipedia/commons/thumb/c/c5/Parrizas_Diaz_RG22_%286%29_%2852143026502%29.jpg/330px-Parrizas_Diaz_RG22_%286%29_%2852143026502%29.jpg,F,WTA Tour Official,2026-05-15T06:14:06.923435+00:00
4460,Dmitry Tursunov,RUS,,,,1982-12-12,,,,0,0,,,https://upload.wikimedia.org/wikipedia/commons/thumb/d/d6/Dmitry_Tursunov.jpg/330px-Dmitry_Tursunov.jpg,M,atp,2026-06-15T05:55:42.646042+00:00
4461,Marcos Daniel,BRA,,,,1978-07-04,,,,0,0,,,https://upload.wikimedia.org/wikipedia/commons/thumb/2/26/Marcos_Daniel.jpg/330px-Marcos_Daniel.jpg,M,atp,2026-06-15T05:55:42.646042+00:00
4462,Wayne Odesnik,USA,,,,1985-11-21,,,,0,0,,,https://upload.wikimedia.org/wikipedia/commons/thumb/b/bf/Odesnik_WMQ14_%283%29_%2814420520257%29.jpg/330px-Odesnik_WMQ14_%283%29_%2814420520257%29.jpg,M,atp,2026-06-15T05:55:42.646042+00:00
1350,Sada Nahimana,BDI,,266,2026-03-16,2001-04-21,,,Right (two-handed backhand),8,10,,"$35,433",https://upload.wikimedia.org/wikipedia/commons/thumb/7/7a/Nahimana_POI21_%283%29_%2851714604890%29.jpg/330px-Nahimana_POI21_%283%29_%2851714604890%29.jpg?utm_source=en.wikipedia.org&utm_campaign=api&utm_content=thumbnail,F,WTA Tour Official,2026-05-15T06:14:25.687688+00:00
1363,Darya Astakhova,RUS,,181,2023-03-20,2002-01-26,,,Right-handed,242,121,,"$295,189",https://upload.wikimedia.org/wikipedia/commons/thumb/3/31/Astakhova_RGQ23.jpg/330px-Astakhova_RGQ23.jpg,F,WTA Tour Official,2026-05-15T06:15:37.162218+00:00
1756,Jule Niemeier,GER,,61,2022-11-07,1999-08-12,1.78m,,Right-handed (two-handed backhand),223,179,,"$2,470,528",https://upload.wikimedia.org/wikipedia/commons/thumb/3/31/Jule_Niemeier_%282024_DC_Open%29_01_%28cropped%29.jpg/330px-Jule_Niemeier_%282024_DC_Open%29_01_%28cropped%29.jpg?utm_source=en.wikipedia.org&utm_campaign=api&utm_content=thumbnail,F,WTA Tour Official,2026-05-15T06:47:01.690201+00:00
1456,Nick Hardt,DOM,,177,2024-08-26,2000-09-20,"6'1"" (185cm)",187 lbs (85kg),"Right-Handed, Two-Handed Backhand",5,6,,"$402,691",https://upload.wikimedia.org/wikipedia/commons/thumb/1/18/Hardt_RGQ23_%2852943034687%29.jpg/330px-Hardt_RGQ23_%2852943034687%29.jpg?utm_source=en.wikipedia.org&utm_campaign=api&utm_content=thumbnail,M,ATP Tour,2026-05-15T07:40:42.582459+00:00
4442,Leonardo Mayer,ARG,,,,1987-05-15,,,,0,0,,,https://upload.wikimedia.org/wikipedia/commons/thumb/0/03/Leonardo_Mayer_1%2C_2015_Wimbledon_Championships_-_Diliff.jpg/330px-Leonardo_Mayer_1%2C_2015_Wimbledon_Championships_-_Diliff.jpg,M,atp,2026-06-15T05:55:42.646042+00:00
4443,Peter Luczak,AUS,,,,1979-08-31,,,,0,0,,,https://upload.wikimedia.org/wikipedia/commons/thumb/e/e2/LuczakUSOpen.jpeg/330px-LuczakUSOpen.jpeg,M,atp,2026-06-15T05:55:42.646042+00:00
4444,Oscar Hernandez,ESP,,,,,,,,0,0,,,,M,atp,2026-06-15T05:55:42.646042+00:00
4445,Michael Llodra,FRA,,,,1980-05-18,,,,0,0,,,https://upload.wikimedia.org/wikipedia/commons/thumb/a/ad/Michael_Llodra_US_Open_2010_one.jpg/330px-Michael_Llodra_US_Open_2010_one.jpg,M,atp,2026-06-15T05:55:42.646042+00:00
4446,Daniel Koellerer,AUT,,,,1983-08-17,,,,0,0,,,https://upload.wikimedia.org/wikipedia/commons/thumb/a/a3/K%C3%B6llerer_2009_US_Open_01.jpg/330px-K%C3%B6llerer_2009_US_Open_01.jpg,M,atp,2026-06-15T05:55:42.646042+00:00
4447,Daniel Gimeno Traver,ESP,,,,1985-08-07,,,,0,0,,,https://upload.wikimedia.org/wikipedia/commons/thumb/6/68/Gimeno_Traver_WMQ18_%287%29_%2842647639125%29.jpg/330px-Gimeno_Traver_WMQ18_%287%29_%2842647639125%29.jpg,M,atp,2026-06-15T05:55:42.646042+00:00
4448,Lukas Lacko,SVK,,,,1987-11-03,,,,0,0,,,https://upload.wikimedia.org/wikipedia/commons/thumb/d/d7/Lukas_Lacko_%2828339405252%29.jpg/330px-Lukas_Lacko_%2828339405252%29.jpg,M,atp,2026-06-15T05:55:42.646042+00:00
4449,Juan Ignacio Chela,ARG,,,,1979-08-30,,,,0,0,,,https://upload.wikimedia.org/wikipedia/commons/thumb/c/ca/Coach_%26_trainer_%28cropped%29.jpg/330px-Coach_%26_trainer_%28cropped%29.jpg,M,atp,2026-06-15T05:55:42.646042+00:00
4450,Alejandro Falla,COL,,,,1983-11-14,,,,0,0,,,https://upload.wikimedia.org/wikipedia/commons/thumb/6/67/Falla_WMQ16_%285%29_%2828133804431%29.jpg/330px-Falla_WMQ16_%285%29_%2828133804431%29.jpg,M,atp,2026-06-15T05:55:42.646042+00:00
4451,Mischa Zverev,GER,,,,1987-08-22,,,,0,0,,,https://upload.wikimedia.org/wikipedia/commons/thumb/6/64/Zverev_M._WM19_%287%29_%2848521851437%29.jpg/330px-Zverev_M._WM19_%287%29_%2848521851437%29.jpg,M,atp,2026-06-15T05:55:42.646042+00:00
4452,Taylor Dent,USA,,,,1981-04-24,,,,0,0,,,https://upload.wikimedia.org/wikipedia/commons/thumb/e/e5/Taylor_Dent_at_the_2009_Brisbane_International.jpg/330px-Taylor_Dent_at_the_2009_Brisbane_International.jpg,M,atp,2026-06-15T05:55:42.646042+00:00
4453,Thiemo De Bakker,NED,,,,,,,,0,0,,,,M,atp,2026-06-15T05:55:42.646042+00:00
4454,Philipp Petzschner,GER,,,,1984-03-24,,,,0,0,,,https://upload.wikimedia.org/wikipedia/commons/thumb/e/e5/Petzschner_WMQ15_%288%29_%2819951871565%29.jpg/330px-Petzschner_WMQ15_%288%29_%2819951871565%29.jpg,M,atp,2026-06-15T05:55:42.646042+00:00
4455,Ernests Gulbis,LAT,,,,1988-08-30,,,,0,0,,,https://upload.wikimedia.org/wikipedia/commons/thumb/1/18/Gulbis_BOR22_%2852083985673%29.jpg/330px-Gulbis_BOR22_%2852083985673%29.jpg,M,atp,2026-06-15T05:55:42.646042+00:00
4456,Paolo Lorenzi,ITA,,,,1981-12-15,,,,0,0,,,https://upload.wikimedia.org/wikipedia/commons/thumb/5/55/Lorenzi_WM18_%285%29_%2828995075287%29.jpg/330px-Lorenzi_WM18_%285%29_%2828995075287%29.jpg,M,atp,2026-06-15T05:55:42.646042+00:00
4457,Rajeev Ram,USA,,,,1984-03-18,,,,0,0,,,https://upload.wikimedia.org/wikipedia/commons/thumb/f/f0/Ram_RG22_%2814%29_%2852144533385%29.jpg/330px-Ram_RG22_%2814%29_%2852144533385%29.jpg,M,atp,2026-06-15T05:55:42.646042+00:00
4458,Christophe Rochus,BEL,,,,1978-12-15,,,,0,0,,,https://upload.wikimedia.org/wikipedia/commons/thumb/0/04/Rochus_2009_Delray_1.jpg/330px-Rochus_2009_Delray_1.jpg,M,atp,2026-06-15T05:55:42.646042+00:00
4464,Daniel Brands,GER,,,,1987-07-17,,,,0,0,,,https://upload.wikimedia.org/wikipedia/commons/thumb/2/22/Brands_RGQ19_%282%29_%2848002679757%29.jpg/330px-Brands_RGQ19_%282%29_%2848002679757%29.jpg,M,atp,2026-06-15T05:55:42.646042+00:00
4465,Jan Hajek,CZE,,,,,,,,0,0,,,,M,atp,2026-06-15T05:55:42.646042+00:00
4466,Xavier Malisse,BEL,,,,1980-07-19,,,,0,0,,,https://upload.wikimedia.org/wikipedia/commons/thumb/0/02/Xavier_Malisse_at_the_2005_Australian_Open.jpg/330px-Xavier_Malisse_at_the_2005_Australian_Open.jpg,M,atp,2026-06-15T05:55:42.646042+00:00
4467,Nicolas Lapentti,ECU,,,,1976-08-13,,,,0,0,,,https://upload.wikimedia.org/wikipedia/commons/3/36/N_Lapentti_2009_Davis_Cup_1.jpg,M,atp,2026-06-15T05:55:42.646042+00:00
4472,Robby Ginepri,USA,,,,1982-10-07,,,,0,0,,,https://upload.wikimedia.org/wikipedia/commons/thumb/f/fa/Robby_Ginepri_at_the_2010_US_Open_04.jpg/330px-Robby_Ginepri_at_the_2010_US_Open_04.jpg,M,atp,2026-06-15T05:55:42.646042+00:00
1077,Priscilla Hon,AUS,,94,2025-10-13,1998-05-10,5 ft 8 in,,Right (two-handed backhand),332,245,,"$2,377,154",https://upload.wikimedia.org/wikipedia/commons/thumb/3/3c/Hon_RGQ22_%2857%29_%2852130049500%29.jpg/330px-Hon_RGQ22_%2857%29_%2852130049500%29.jpg,F,WTA Tour Official,2026-05-15T05:21:33.265823+00:00
1104,Arantxa Rus,NED,,56,2021-11-08,1990-12-13,1.80m,,Left (two-handed backhand),288,233,,"$4,634,577",https://upload.wikimedia.org/wikipedia/commons/thumb/c/c9/Rus_WMQ23_%2853061698736%29.jpg/330px-Rus_WMQ23_%2853061698736%29.jpg?utm_source=en.wikipedia.org&utm_campaign=api&utm_content=thumbnail,F,WTA Tour Official,2026-05-15T05:23:23.260402+00:00
4473,Igor Kunitsyn,RUS,,,,1981-09-30,,,,0,0,,,https://upload.wikimedia.org/wikipedia/commons/thumb/a/a8/Igor_Kunitsyn_US_Open.JPG/330px-Igor_Kunitsyn_US_Open.JPG,M,atp,2026-06-15T05:55:42.646042+00:00
4474,Dinara Safina,RUS,,,,1986-04-27,,,,0,0,,,,F,wta,2026-06-15T05:55:42.646042+00:00
4475,Svetlana Kuznetsova,RUS,,,,1985-06-27,,,,0,0,,,,F,wta,2026-06-15T05:55:42.646042+00:00
4476,Elena Dementieva,RUS,,,,1981-10-15,,,,0,0,,,,F,wta,2026-06-15T05:55:42.646042+00:00
1059,Philip Henning,RSA,,300,2026-04-13,2000-11-10,"6'0"" (183cm)",178 lbs (81kg),"Right-Handed, Two-Handed Backhand",7,5,,"$83,444",https://upload.wikimedia.org/wikipedia/commons/thumb/5/55/Philip_Henning_in_Buenos_Aires_2018_05.jpg/330px-Philip_Henning_in_Buenos_Aires_2018_05.jpg,M,ATP Tour,2026-05-15T06:48:09.715413+00:00
1770,Ella Mcdonald,GBR,,160,2026-02-16,2005-08-04,,,,82,30,,"$127,391",https://upload.wikimedia.org/wikipedia/commons/thumb/4/42/McDonald_WMQ22_%2813%29_%2852191133536%29.jpg/330px-McDonald_WMQ22_%2813%29_%2852191133536%29.jpg?utm_source=en.wikipedia.org&utm_campaign=api&utm_content=thumbnail,F,WTA Tour Official,2026-05-15T06:48:22.990953+00:00
1075,Calvin Hemery,FRA,,116,2018-04-30,1995-01-28,"6'3"" (191cm)",184 lbs (83kg),"Right-Handed, Two-Handed Backhand",2,10,2013,"$899,707",https://upload.wikimedia.org/wikipedia/commons/thumb/9/9f/Hemery_RG18_%281%29_%2842929446242%29.jpg/330px-Hemery_RG18_%281%29_%2842929446242%29.jpg,M,ATP Tour,2026-05-15T06:50:27.798167+00:00
1799,Valentini Grammatikopoulou,GRE,,390,2024-07-15,1997-02-09,5' 4'' (1.64 m),,,0,0,,$0,https://upload.wikimedia.org/wikipedia/commons/thumb/2/25/Grammatikopoulou_RGQ22_%2810%29_%2852129643258%29.jpg/330px-Grammatikopoulou_RGQ22_%2810%29_%2852129643258%29.jpg?utm_source=en.wikipedia.org&utm_campaign=api&utm_content=thumbnail,F,WTA Tour Official,2026-05-15T06:50:56.346827+00:00
1494,Jakub Paul,SUI,,288,2025-08-25,1999-03-22,"5'11"" (180cm)",165 lbs (75kg),"Right-Handed, Two-Handed Backhand",0,0,,"$330,188",https://www.atptour.com/-/media/alias/player-gladiator-headshot/p0d0,M,ATP Tour,2026-05-15T07:45:49.589909+00:00
4477,Jelena Jankovic,SRB,,,,1985-02-28,,,,0,0,,,,F,wta,2026-06-15T05:55:42.646042+00:00
1521,Peter Fajta,HUN,,477,2022-09-19,2002-05-23,"6'1"" (185cm)",178 lbs (81kg),"Right-Handed, Two-Handed Backhand",0,0,,"$69,647",https://www.atptour.com/-/media/alias/player-gladiator-headshot/f0dp,M,ATP Tour,2026-05-15T07:49:22.869553+00:00
4478,Agnieszka Radwanska,POL,,,,1989-03-06,,,,0,0,,,,F,wta,2026-06-15T05:55:42.646042+00:00
1526,Stefan Adrian Andreescu,ROU,,513,2025-12-01,2001-12-24,"5'11"" (180cm)",156 lbs (71kg),"Right-Handed, Two-Handed Backhand",0,0,,"$36,113",https://www.atptour.com/-/media/alias/player-gladiator-headshot/a0j5,M,ATP Tour,2026-05-15T07:49:51.985623+00:00
4479,Marion Bartoli,FRA,,,,1984-10-02,,,,0,0,,,,F,wta,2026-06-15T05:55:42.646042+00:00
1530,Andrea Vavassori,ITA,,128,2023-06-19,1995-05-05,"6'4"" (193cm)",181 lbs (82kg),"Right-Handed, One-Handed Backhand",11,15,2014,"$3,797,853",https://upload.wikimedia.org/wikipedia/commons/thumb/0/02/Andrea_Vavassori_%282025_DC_Open%29_01_%28cropped%29.jpg/330px-Andrea_Vavassori_%282025_DC_Open%29_01_%28cropped%29.jpg?utm_source=en.wikipedia.org&utm_campaign=api&utm_content=thumbnail,M,ATP Tour,2026-05-15T07:50:22.010258+00:00
4480,Flavia Pennetta,ITA,,,,1982-02-25,,,,0,0,,,,F,wta,2026-06-15T05:55:42.646042+00:00
1534,Alec Deckers,NED,,483,2023-08-21,2000-05-02,"6'4"" (193cm)",189 lbs (86kg),"Right-Handed, Two-Handed Backhand",0,0,,"$60,848",https://www.atptour.com/-/media/alias/player-gladiator-headshot/d0d2,M,ATP Tour,2026-05-15T07:50:51.586539+00:00
4468,Eduardo Schwank,ARG,,,,1986-04-23,,,,0,0,,,https://upload.wikimedia.org/wikipedia/commons/thumb/6/65/Eduardo_Schwank_at_the_2010_US_Open_01.jpg/330px-Eduardo_Schwank_at_the_2010_US_Open_01.jpg,M,atp,2026-06-15T05:55:42.646042+00:00
4469,Martin Vassallo Arguello,ARG,,,,1980-02-10,,,,0,0,,,https://upload.wikimedia.org/wikipedia/commons/thumb/f/f0/Mart%C3%ADn_Vassallo_Arg%C3%BCello.jpg/330px-Mart%C3%ADn_Vassallo_Arg%C3%BCello.jpg,M,atp,2026-06-15T05:55:42.646042+00:00
4470,Nicolas Massu,CHI,,,,1979-10-10,,,,0,0,,,https://upload.wikimedia.org/wikipedia/commons/thumb/0/0b/Nicolas_Massu_2007_Australian_Open_R1.jpg/330px-Nicolas_Massu_2007_Australian_Open_R1.jpg,M,atp,2026-06-15T05:55:42.646042+00:00
4471,Simone Bolelli,ITA,,,,1985-10-08,,,,0,0,,,https://upload.wikimedia.org/wikipedia/commons/thumb/c/cb/Bolelli_WM14_%287%29_%2814643616345%29.jpg/330px-Bolelli_WM14_%287%29_%2814643616345%29.jpg,M,atp,2026-06-15T05:55:42.646042+00:00
4481,Samantha Stosur,AUS,,,,1984-03-30,,,,0,0,,,,F,wta,2026-06-15T05:55:42.646042+00:00
4482,Maria Sharapova,RUS,,,,1987-04-19,,,,0,0,,,,F,wta,2026-06-15T05:55:42.646042+00:00
4483,Kim Clijsters,BEL,,,,1983-06-08,,,,0,0,,,,F,wta,2026-06-15T05:55:42.646042+00:00
4484,Na Li,CHN,,,,1982-02-26,,,,0,0,,,,F,wta,2026-06-15T05:55:42.646042+00:00
4485,Francesca Schiavone,ITA,,,,1980-06-23,,,,0,0,,,,F,wta,2026-06-15T05:55:42.646042+00:00
4486,Nadia Petrova,RUS,,,,1982-06-08,,,,0,0,,,,F,wta,2026-06-15T05:55:42.646042+00:00
4487,Virginie Razzano,FRA,,,,1983-05-12,,,,0,0,,,,F,wta,2026-06-15T05:55:42.646042+00:00
4488,Ana Ivanovic,SRB,,,,1987-11-06,,,,0,0,,,,F,wta,2026-06-15T05:55:42.646042+00:00
4489,Dominika Cibulkova,SVK,,,,1989-05-06,,,,0,0,,,,F,wta,2026-06-15T05:55:42.646042+00:00
4490,Aravane Rezai,FRA,,,,1987-03-14,,,,0,0,,,,F,wta,2026-06-15T05:55:42.646042+00:00
4491,Sabine Lisicki,GER,,,,1989-09-22,,,,0,0,,,,F,wta,2026-06-15T05:55:42.646042+00:00
4492,Daniela Hantuchova,SVK,,,,1983-04-23,,,,0,0,,,,F,wta,2026-06-15T05:55:42.646042+00:00
4493,Anabel Medina Garrigues,ESP,,,,1982-07-31,,,,0,0,,,,F,wta,2026-06-15T05:55:42.646042+00:00
4494,Maria Jose Martinez Sanchez,ESP,,,,1982-08-12,,,,0,0,,,,F,wta,2026-06-15T05:55:42.646042+00:00
4495,Shahar Peer,ISR,,,,1987-05-01,,,,0,0,,,,F,wta,2026-06-15T05:55:42.646042+00:00
4496,Elena Vesnina,RUS,,,,1986-08-01,,,,0,0,,,,F,wta,2026-06-15T05:55:42.646042+00:00
4500,Carla Suárez Navarro,ESP,,,,1988-09-03,,,,0,0,,,,F,wta,2026-06-15T05:55:42.646042+00:00
4501,Aleksandra Wozniak,CAN,,,,1987-09-07,,,,0,0,,,,F,wta,2026-06-15T05:55:42.646042+00:00
4502,Jie Zheng,CHN,,,,1983-07-05,,,,0,0,,,,F,wta,2026-06-15T05:55:42.646042+00:00
1543,Albert Ramos Vinolas,ESP,,17,2017-05-08,1988-01-17,"6'2"" (188cm)",168 lbs (76kg),"Left-Handed, Two-Handed Backhand",281,333,2007,"$11,263,810",https://upload.wikimedia.org/wikipedia/commons/thumb/5/58/Ramos_Vinolas_MCM22_%284%29_%2852036912745%29.jpg/330px-Ramos_Vinolas_MCM22_%284%29_%2852036912745%29.jpg,M,ATP Tour,2026-05-15T07:51:47.410498+00:00
1567,Alfredo Perez,USA,,315,2025-11-03,1997-05-22,"6'4"" (193cm)",175 lbs (79kg),"Right-Handed, Two-Handed Backhand",0,0,,"$125,557",https://www.atptour.com/-/media/alias/player-gladiator-headshot/pl39,M,ATP Tour,2026-05-15T07:54:58.209035+00:00
1552,Bruno Kuzuhara,USA,,394,2024-07-22,2004-04-01,"5'9"" (175cm)",150 lbs (68kg),"Right-Handed, Two-Handed Backhand",0,0,2022,"$192,617",https://upload.wikimedia.org/wikipedia/commons/thumb/3/37/Bruno_Kuzuhara_%282023_DC_Open%29_02_%28cropped%29.jpg/330px-Bruno_Kuzuhara_%282023_DC_Open%29_02_%28cropped%29.jpg?utm_source=en.wikipedia.org&utm_campaign=api&utm_content=thumbnail,M,ATP Tour,2026-05-15T07:53:01.678792+00:00
1466,Arianne Hartono,NED,,123,2022-07-11,1996-04-21,,,Right (two-handed backhand),176,111,,"$922,806",https://upload.wikimedia.org/wikipedia/commons/thumb/7/7e/Hartono_RGQ23.jpg/330px-Hartono_RGQ23.jpg?utm_source=en.wikipedia.org&utm_campaign=api&utm_content=thumbnail,F,WTA Tour Official,2026-05-15T06:24:01.996718+00:00
1495,Haruka Kaji,JPN,,213,2023-09-25,1994-09-25,,,Right-handed (two-handed backhand),319,262,,"$278,729",https://upload.wikimedia.org/wikipedia/commons/thumb/c/cc/Haruka_Kaji_%282023_US_Open%29_03_%28cropped%29.jpg/330px-Haruka_Kaji_%282023_US_Open%29_03_%28cropped%29.jpg,F,WTA Tour Official,2026-05-15T06:26:08.908620+00:00
1470,Katharina Hobgarski,GER,,326,2023-01-09,1997-06-18,1.71 m,,,2,5,,"$3,042",https://upload.wikimedia.org/wikipedia/commons/thumb/6/62/Katharina_Hobgarski_%28GER%29_%2821445556140%29.jpg/330px-Katharina_Hobgarski_%28GER%29_%2821445556140%29.jpg?utm_source=en.wikipedia.org&utm_campaign=api&utm_content=thumbnail,F,WTA Tour Official,2026-05-15T06:24:22.620050+00:00
1478,Caijsa Hennemann,SWE,,330,2023-01-09,2001-03-22,5' 6'' (1.67 m),,Right (two-handed backhand),9,7,,"$6,388",https://upload.wikimedia.org/wikipedia/commons/thumb/b/b9/Caijsa_Hennemann_BJK_Cup_2023_%28cropped%29.jpg/330px-Caijsa_Hennemann_BJK_Cup_2023_%28cropped%29.jpg,F,WTA Tour Official,2026-05-15T06:24:57.436163+00:00
1527,Heather Watson,GBR,,38,2015-01-19,1992-05-19,1.70m,,Right-handed (two-handed backhand),436,367,,"$6,002,243",https://upload.wikimedia.org/wikipedia/commons/thumb/2/20/Watson_WM19_%2855%29_%2848521847187%29.jpg/330px-Watson_WM19_%2855%29_%2848521847187%29.jpg,F,WTA Tour Official,2026-05-15T06:28:32.804150+00:00
1565,Alessandro Pecci,ITA,,440,2024-10-21,2001-03-23,"6'6"" (198cm)",209 lbs (95kg),"Right-Handed, Two-Handed Backhand",0,0,,"$52,582",https://www.atptour.com/-/media/alias/player-gladiator-headshot/p0fy,M,ATP Tour,2026-05-15T07:54:43.790542+00:00
1538,Tristan Mccormick,USA,,484,2025-08-25,1999-04-01,"6'5"" (196cm)",205 lbs (93kg),"Right-Handed, One-Handed Backhand",0,0,,"$77,652",https://www.atptour.com/-/media/alias/player-gladiator-headshot/m0eg,M,ATP Tour,2026-05-15T07:51:20.380809+00:00
1376,Camilla Rosatello,ITA,,72,2024-05-27,1995-05-28,,,Right (two-handed both sides),383,211,,"$449,924",https://upload.wikimedia.org/wikipedia/commons/thumb/8/8a/Rosatello_POI21_%282%29_%2851712948692%29.jpg/330px-Rosatello_POI21_%282%29_%2851712948692%29.jpg,F,WTA Tour Official,2026-05-15T06:16:31.840348+00:00
1568,Digvijaypratap Singh,IND,,485,2023-06-19,2000-06-02,"6'3"" (191cm)",173 lbs (78kg),"Right-Handed, Two-Handed Backhand",1,0,,"$51,865",https://www.atptour.com/-/media/alias/player-gladiator-headshot/sy71,M,ATP Tour,2026-05-15T07:55:11.658771+00:00
1573,Karl Poling,USA,,542,2025-05-26,1999-08-04,"6'1"" (185cm)",168 lbs (76kg),"Left-Handed, Unknown Backhand",0,0,,"$63,414",https://upload.wikimedia.org/wikipedia/commons/thumb/0/04/Karl_Poling_%282023_Cary%29_08_%28cropped%29.jpg/330px-Karl_Poling_%282023_Cary%29_08_%28cropped%29.jpg,M,ATP Tour,2026-05-15T07:55:40.527046+00:00
1585,Juan Sebastian Gomez,COL,,469,2015-10-05,1992-03-05,(cm),lbs (kg),"Unknown, Unknown Backhand",0,0,,"$152,020",https://upload.wikimedia.org/wikipedia/commons/thumb/6/6a/Juan_Sebastian_GOMEZ_7109.JPG/330px-Juan_Sebastian_GOMEZ_7109.JPG,M,ATP Tour,2026-05-15T07:57:23.495732+00:00
1593,Dragos Nicolae Madaras,SWE,,191,2023-07-17,1997-09-12,"6'3"" (191cm)",187 lbs (85kg),"Left-Handed, Two-Handed Backhand",0,5,,"$195,749",https://upload.wikimedia.org/wikipedia/commons/thumb/8/80/Madaras_WMQ23_%2853061122487%29.jpg/330px-Madaras_WMQ23_%2853061122487%29.jpg,M,ATP Tour,2026-05-15T07:58:22.107202+00:00
1396,Madison Brengle,USA,,35,2015-05-04,1990-04-03,1.68m,,Right-handed (two-handed backhand),628,471,,"$4,966,895",https://upload.wikimedia.org/wikipedia/commons/thumb/0/08/Madison_Brengle_%282023_US_Open%29_02_%28cropped%29.jpg/330px-Madison_Brengle_%282023_US_Open%29_02_%28cropped%29.jpg?utm_source=en.wikipedia.org&utm_campaign=api&utm_content=thumbnail,F,WTA Tour Official,2026-05-15T06:17:58.154705+00:00
1403,Sara Sorribes Tormo,ESP,,17,2024-05-06,1996-10-08,1.76m,,Right-handed (two-handed backhand),153,102,,"$5,524,878",https://upload.wikimedia.org/wikipedia/commons/thumb/1/16/Transylvania_Open2026_Doubles_Final_Wang_Xinyu_Zheng_Saisai_vs_Kamilla_Rakhimova_Sara_Sorribes_07.02.2026_-2026_TransylvaniaOpen_-WTA250_-SoranaC%C3%AErstea_-Semifinals_%28cropped_Sara_Sorribes%29.jpg/330px-thumbnail.jpg?utm_source=en.wikipedia.org&utm_campaign=api&utm_content=thumbnail,F,WTA Tour Official,2026-05-15T06:18:27.931296+00:00
1400,Carolyn Ansari,USA,,290,2026-02-02,2000-12-29,,,Right-handed (two-handed backhand),21,14,,"$18,951",https://upload.wikimedia.org/wikipedia/commons/thumb/f/fd/Carolyn_Ansari_%282023_Wolfpack_Invite%29_02.jpg/330px-Carolyn_Ansari_%282023_Wolfpack_Invite%29_02.jpg,F,WTA Tour Official,2026-05-15T06:18:22.925415+00:00
1441,Elina Avanesyan,ARM,,312,2025-03-17,2002-09-17,1.72m,,Right (two-handed backhand),12,9,,"$32,964",https://upload.wikimedia.org/wikipedia/commons/thumb/8/8f/Avanesyan_WMQ23_%2853061717086%29.jpg/330px-Avanesyan_WMQ23_%2853061717086%29.jpg?utm_source=en.wikipedia.org&utm_campaign=api&utm_content=thumbnail,F,WTA Tour Official,2026-05-15T06:22:07.343379+00:00
1421,Rina Saigo,JPN,,300,2026-02-02,2000-10-17,1.60 m,,Right (two-handed backhand),7,14,,"$8,099",,F,WTA Tour Official,2026-05-15T06:20:04.736392+00:00
1474,Yuriko Lily Miyazaki,GBR,,9999,2024-07-22,1995-11-11,1.65 m,,Right (two-handed backhand),0,0,,$0,https://upload.wikimedia.org/wikipedia/commons/thumb/d/d1/Miyazaki_RGQ23.jpg/330px-Miyazaki_RGQ23.jpg,F,WTA Tour Official,2026-05-15T06:24:44.501489+00:00
1535,Sahaja  Yamalapalli,IND,,284,2024-10-21,2000-10-29,,,Right (two-handed backhand),137,116,,"$109,074",,F,WTA Tour Official,2026-05-15T06:29:14.686773+00:00
1445,Manon Leonard,FRA,,9999,2025-02-03,2001-01-20,,,Right-handed (two-handed backhand),0,0,,$0,https://upload.wikimedia.org/wikipedia/commons/thumb/e/e8/Manon_L%C3%A9onard_1590882.jpg/330px-Manon_L%C3%A9onard_1590882.jpg,F,WTA Tour Official,2026-05-15T06:22:27.524381+00:00
4524,Kimiko Date,JPN,,,,1970-09-28,,,,0,0,,,,F,wta,2026-06-15T05:55:42.646042+00:00
4525,Tathiana Garbin,ITA,,,,1977-06-30,,,,0,0,,,,F,wta,2026-06-15T05:55:42.646042+00:00
4526,Roberta Vinci,ITA,,,,1983-02-18,,,,0,0,,,,F,wta,2026-06-15T05:55:42.646042+00:00
4527,Lucie Hradecka,CZE,,,,1985-05-21,,,,0,0,,,,F,wta,2026-06-15T05:55:42.646042+00:00
4528,Anna-Lena Groenefeld,GER,,,,1985-06-04,,,,0,0,,,,F,wta,2026-06-15T05:55:42.646042+00:00
1126,Viktoriya Tomova,BUL,,46,2024-07-29,1995-02-25,1.70m,,Right (two-handed backhand),511,388,,"$3,409,165",https://upload.wikimedia.org/wikipedia/commons/thumb/7/72/Tomova_RG22_%2820%29_%2852144295919%29.jpg/330px-Tomova_RG22_%2820%29_%2852144295919%29.jpg?utm_source=en.wikipedia.org&utm_campaign=api&utm_content=thumbnail,F,WTA Tour Official,2026-05-15T05:25:12.529448+00:00
721,Roberto Bautista Agut,ESP,,9,2019-11-04,1988-04-14,"6'0"" (183cm)",165 lbs (75kg),"Right-Handed, Two-Handed Backhand",435,298,2005,"$20,267,670",https://upload.wikimedia.org/wikipedia/commons/thumb/4/4a/Bautista_Agut_MCM23_%2814%29_%2852883313449%29.jpg/330px-Bautista_Agut_MCM23_%2814%29_%2852883313449%29.jpg?utm_source=en.wikipedia.org&utm_campaign=api&utm_content=thumbnail,M,ATP Tour,2026-05-15T05:54:54.460311+00:00
1062,Daniel Rincon,ESP,,181,2023-12-04,2003-01-07,"6'1"" (185cm)",187 lbs (85kg),"Left-Handed, Two-Handed Backhand",0,3,,"$516,133",https://www.atptour.com/-/media/alias/player-gladiator-headshot/r0fp,M,ATP Tour,2026-05-15T06:48:40.363503+00:00
1500,Nicolas Moreno De Alboran,USA,,107,2025-01-06,1997-07-14,"6'1"" (185cm)",180 lbs (82kg),"Right-Handed, Two-Handed Backhand",6,12,2019,"$880,189",https://upload.wikimedia.org/wikipedia/commons/thumb/8/87/Nicolas_Moreno_de_Alboran_%282023_Cary%29_03_%28cropped%29.jpg/330px-Nicolas_Moreno_de_Alboran_%282023_Cary%29_03_%28cropped%29.jpg,M,ATP Tour,2026-05-15T07:46:34.651573+00:00
4529,Anna Chakvetadze,RUS,,,,1987-03-05,,,,0,0,,,,F,wta,2026-06-15T05:55:42.646042+00:00
1598,Branko Djuric,SRB,,448,2025-10-20,2005-02-10,"6'2"" (188cm)",176 lbs (80kg),"Right-Handed, Two-Handed Backhand",0,3,,"$48,474",https://upload.wikimedia.org/wikipedia/commons/thumb/e/ef/Branko_Djuric.jpg/330px-Branko_Djuric.jpg?utm_source=en.wikipedia.org&utm_campaign=api&utm_content=thumbnail,M,ATP Tour,2026-05-15T07:59:06.597747+00:00
4530,Barbora Strycova,CZE,,,,1986-03-28,,,,0,0,,,,F,wta,2026-06-15T05:55:42.646042+00:00
1601,Gastao Elias,POR,,589,2016-10-24,1990-11-24,1.83 m,167 lbs (76kg),Right-handed (two-handed backhand),31,56,2008,"$1,563,789",https://upload.wikimedia.org/wikipedia/commons/thumb/4/47/Elias_BOR22_%2852082937622%29.jpg/330px-Elias_BOR22_%2852082937622%29.jpg?utm_source=en.wikipedia.org&utm_campaign=api&utm_content=thumbnail,M,ATP Tour,2026-05-15T07:59:41.096614+00:00
4531,Raluca Olaru,ROU,,,,1989-03-03,,,,0,0,,,,F,wta,2026-06-15T05:55:42.646042+00:00
1621,Karol Filar,POL,,599,2026-05-04,1998-08-31,"6'2"" (188cm)",171 lbs (78kg),"Right-Handed, Two-Handed Backhand",1,0,,"$18,797",https://www.atptour.com/-/media/alias/player-gladiator-headshot/f0hn,M,ATP Tour,2026-05-15T08:02:34.411918+00:00
4503,Gisela Dulko,ARG,,,,1985-01-30,,,,0,0,,,,F,wta,2026-06-15T05:55:42.646042+00:00
4504,Agnes Szavay,HUN,,,,1988-12-29,,,,0,0,,,,F,wta,2026-06-15T05:55:42.646042+00:00
4505,Melinda Czink,HUN,,,,1982-10-22,,,,0,0,,,,F,wta,2026-06-15T05:55:42.646042+00:00
4506,Vera Dushevina,RUS,,,,1986-10-06,,,,0,0,,,,F,wta,2026-06-15T05:55:42.646042+00:00
4507,Lucie Safarova,CZE,,,,1987-02-04,,,,0,0,,,,F,wta,2026-06-15T05:55:42.646042+00:00
4508,Patty Schnyder,SUI,,,,1978-12-14,,,,0,0,,,,F,wta,2026-06-15T05:55:42.646042+00:00
4509,Shuai Peng,CHN,,,,1986-01-08,,,,0,0,,,,F,wta,2026-06-15T05:55:42.646042+00:00
4510,Iveta Melzer,CZE,,,,1983-02-01,,,,0,0,,,,F,wta,2026-06-15T05:55:42.646042+00:00
4511,Magdalena Rybarikova,SVK,,,,1988-10-04,,,,0,0,,,,F,wta,2026-06-15T05:55:42.646042+00:00
4512,Melanie Oudin,USA,,,,1991-09-23,,,,0,0,,,,F,wta,2026-06-15T05:55:42.646042+00:00
4513,Andrea Petkovic,GER,,,,1987-09-09,,,,0,0,,,,F,wta,2026-06-15T05:55:42.646042+00:00
4514,Timea Bacsinszky,SUI,,,,1989-06-08,,,,0,0,,,,F,wta,2026-06-15T05:55:42.646042+00:00
4515,Alizé Cornet,FRA,,,,1990-01-22,,,,0,0,,,,F,wta,2026-06-15T05:55:42.646042+00:00
4516,Yaroslava Shvedova,KAZ,,,,1987-09-12,,,,0,0,,,,F,wta,2026-06-15T05:55:42.646042+00:00
4517,Alexandra Dulgheru,ROU,,,,1989-05-30,,,,0,0,,,,F,wta,2026-06-15T05:55:42.646042+00:00
4518,Olga Govortsova,BLR,,,,1988-08-23,,,,0,0,,,,F,wta,2026-06-15T05:55:42.646042+00:00
4519,Sybille Bammer,AUT,,,,1980-04-27,,,,0,0,,,,F,wta,2026-06-15T05:55:42.646042+00:00
4520,Jelena Dokic,AUS,,,,1983-04-12,,,,0,0,,,,F,wta,2026-06-15T05:55:42.646042+00:00
4521,Sania Mirza,IND,,,,1986-11-15,,,,0,0,,,,F,wta,2026-06-15T05:55:42.646042+00:00
4522,Maria Kirilenko,RUS,,,,1987-01-25,,,,0,0,,,,F,wta,2026-06-15T05:55:42.646042+00:00
4523,Kaia Kanepi,EST,,,,1985-06-10,,,,0,0,,,,F,wta,2026-06-15T05:55:42.646042+00:00
4532,Kirsten Flipkens,BEL,,,,1986-01-10,,,,0,0,,,,F,wta,2026-06-15T05:55:42.646042+00:00
4533,Alberta Brianti,ITA,,,,1980-04-05,,,,0,0,,,,F,wta,2026-06-15T05:55:42.646042+00:00
4534,Stefanie Voegele,SUI,,,,1990-03-10,,,,0,0,,,,F,wta,2026-06-15T05:55:42.646042+00:00
4535,Julie Coin,FRA,,,,1982-12-02,,,,0,0,,,,F,wta,2026-06-15T05:55:42.646042+00:00
4536,Julia Goerges,GER,,,,1988-11-02,,,,0,0,,,,F,wta,2026-06-15T05:55:42.646042+00:00
4537,Jill Craybas,USA,,,,1974-07-04,,,,0,0,,,,F,wta,2026-06-15T05:55:42.646042+00:00
4538,Vania King,USA,,,,1989-02-03,,,,0,0,,,,F,wta,2026-06-15T05:55:42.646042+00:00
4539,Kristina Barrois,GER,,,,1981-09-30,,,,0,0,,,,F,wta,2026-06-15T05:55:42.646042+00:00
4540,Elena Baltacha,GBR,,,,1983-08-14,,,,0,0,,,,F,wta,2026-06-15T05:55:42.646042+00:00
4541,Akgul Amanmuradova,UZB,,,,1984-06-23,,,,0,0,,,,F,wta,2026-06-15T05:55:42.646042+00:00
4542,Latisha Chan,TPE,,,,1989-08-17,,,,0,0,,,,F,wta,2026-06-15T05:55:42.646042+00:00
4543,Viktoriya Kutuzova,UKR,,,,1988-08-19,,,,0,0,,,,F,wta,2026-06-15T05:55:42.646042+00:00
4544,Katie O'Brien,GBR,,,,1986-05-02,,,,0,0,,,,F,wta,2026-06-15T05:55:42.646042+00:00
4545,Alla Kudryavtseva,RUS,,,,1987-11-03,,,,0,0,,,,F,wta,2026-06-15T05:55:42.646042+00:00
4546,Klara Koukalova,CZE,,,,1982-02-24,,,,0,0,,,,F,wta,2026-06-15T05:55:42.646042+00:00
4547,Patricia Mayr-Achleitner,AUT,,,,1986-11-08,,,,0,0,,,,F,wta,2026-06-15T05:55:42.646042+00:00
4548,Ayumi Morita,JPN,,,,1990-03-11,,,,0,0,,,,F,wta,2026-06-15T05:55:42.646042+00:00
4549,Karolina Sprem,CRO,,,,1984-10-25,,,,0,0,,,,F,wta,2026-06-15T05:55:42.646042+00:00
4550,Arantxa Parra Santonja,ESP,,,,1982-11-09,,,,0,0,,,,F,wta,2026-06-15T05:55:42.646042+00:00
4551,Kai-Chen Chang,TPE,,,,1991-01-13,,,,0,0,,,,F,wta,2026-06-15T05:55:42.646042+00:00
4552,Anastasia Rodionova,AUS,,,,1982-05-12,,,,0,0,,,,F,wta,2026-06-15T05:55:42.646042+00:00
4553,Sandra Zahlavova,CZE,,,,1985-10-10,,,,0,0,,,,F,wta,2026-06-15T05:55:42.646042+00:00
4554,Rossana De Los Ríos,PAR,,,,1975-09-16,,,,0,0,,,,F,wta,2026-06-15T05:55:42.646042+00:00
4555,Evgeniya Rodina,RUS,,,,1989-02-04,,,,0,0,,,,F,wta,2026-06-15T05:55:42.646042+00:00
4556,Tamarine Tanasugarn,THA,,,,1977-05-24,,,,0,0,,,,F,wta,2026-06-15T05:55:42.646042+00:00
1698,Amelia Rajecki,GBR,,152,2026-03-30,2002-06-03,1.73 m,,Right (two-handed backhand),92,41,,"$121,744",https://upload.wikimedia.org/wikipedia/commons/thumb/d/dd/Amelia_Rajecki_%282023_Wolfpack_Invite%29_02_%28cropped%29.jpg/330px-Amelia_Rajecki_%282023_Wolfpack_Invite%29_02_%28cropped%29.jpg,F,WTA Tour Official,2026-05-15T06:42:44.174684+00:00
4282,Noppadol Noikor,THA,,2123,,,,,,0,0,,,,M,ATP Tour,2026-05-07T12:08:37.549377+00:00
4284,Calin Teodor Stirbu,ROU,,2123,,,,,,0,0,,,,M,ATP Tour,2026-05-07T12:08:39.962575+00:00
1069,Moise Kouame,FRA,,313,2026-05-04,2009-03-06,"6'3"" (191cm)",161 lbs (73kg),"Right-Handed, Two-Handed Backhand",1,3,,"$171,944",https://upload.wikimedia.org/wikipedia/commons/thumb/4/44/Moise_Kouame_Orange_Bowl_ITF_J500_final_2024_%28cropped%29.png/330px-Moise_Kouame_Orange_Bowl_ITF_J500_final_2024_%28cropped%29.png,M,ATP Tour,2026-05-15T06:49:41.836393+00:00
1596,Gabriel Ghetu,ROU,,586,2026-05-04,2007-11-07,"5'11"" (180cm)",156 lbs (71kg),"Right-Handed, Two-Handed Backhand",1,1,,"$25,935",https://www.atptour.com/-/media/alias/player-gladiator-headshot/g0me,M,ATP Tour,2026-05-15T07:58:53.090673+00:00
4557,Stephane Robert,FRA,,,,1980-05-17,,,,0,0,,,https://upload.wikimedia.org/wikipedia/commons/thumb/b/bc/Robert_RG18_%281%29_%2842978782401%29.jpg/330px-Robert_RG18_%281%29_%2842978782401%29.jpg,M,atp,2026-06-15T06:06:51.839409+00:00
4559,Rainer Schuettler,GER,,,,1976-04-25,,,,0,0,,,https://upload.wikimedia.org/wikipedia/commons/thumb/3/3d/Rainer_Sch%C3%BCttler_2011.jpg/330px-Rainer_Sch%C3%BCttler_2011.jpg,M,atp,2026-06-15T06:06:51.839409+00:00
1631,Amandine Hesse,FRA,,404,2016-05-09,1993-01-16,"5' 4"" (1.64 m)",,Right (two-handed backhand),8,7,,"$18,725",https://upload.wikimedia.org/wikipedia/commons/thumb/6/68/Hesse_WMQ23_%2853061703986%29.jpg/330px-Hesse_WMQ23_%2853061703986%29.jpg,F,WTA Tour Official,2026-05-15T06:36:59.187640+00:00
1689,Wushuang Zheng,CHN,,171,2026-01-05,1998-11-29,,,Right (two-handed backhand),9,11,,"$12,273",,F,WTA Tour Official,2026-05-15T06:41:52.625516+00:00
1566,Dalila Jakupovic,SLO,,117,2018-09-10,1991-03-24,5' 7'' (1.70 m),,,5,11,,"$13,507",https://upload.wikimedia.org/wikipedia/commons/thumb/a/a5/Jakupovic_RGQ23.jpg/330px-Jakupovic_RGQ23.jpg,F,WTA Tour Official,2026-05-15T06:31:46.261432+00:00
1174,Jessika Ponchet,FRA,,176,2022-11-28,1996-09-26,5 ft 9 in,,Right (one-handed backhand),7,3,,"$49,150",https://upload.wikimedia.org/wikipedia/commons/thumb/8/85/Ponchet_WMQ23_%2853062186248%29.jpg/330px-Ponchet_WMQ23_%2853062186248%29.jpg?utm_source=en.wikipedia.org&utm_campaign=api&utm_content=thumbnail,F,WTA Tour Official,2026-05-15T05:59:39.444036+00:00
4558,Denis Istomin,UZB,,,,1986-09-07,,,,0,0,,,https://upload.wikimedia.org/wikipedia/commons/thumb/a/a6/Istomin_WM16_%287%29_%2827802974453%29.jpg/330px-Istomin_WM16_%287%29_%2827802974453%29.jpg,M,atp,2026-06-15T06:06:51.839409+00:00
1556,Sakura Hosogi,JPN,,368,2023-02-27,2000-03-25,1.59 m,,Right (two-handed both sides),13,10,,"$9,263",,F,WTA Tour Official,2026-05-15T06:31:03.467502+00:00
1579,Miriana Tona,ITA,,300,2025-09-08,1995-01-09,,,Right-handed (two-handed backhand),10,3,,"$19,053",,F,WTA Tour Official,2026-05-15T06:32:44.375394+00:00
1606,Zhibek Kulambayeva,KAZ,,187,2025-09-15,2000-03-26,1.72 m,,Right (two-handed backhand),12,0,,"$198,647",,F,WTA Tour Official,2026-05-15T06:34:47.101489+00:00
1669,Sofia Shapatava,GEO,,186,2014-09-08,1989-01-12,,,Right (two-handed backhand),588,555,,"$476,645",https://upload.wikimedia.org/wikipedia/commons/thumb/3/31/Shapatava_WMQ14_%287%29_%2814626919883%29.jpg/330px-Shapatava_WMQ14_%287%29_%2814626919883%29.jpg?utm_source=en.wikipedia.org&utm_campaign=api&utm_content=thumbnail,F,WTA Tour Official,2026-05-15T06:40:12.236620+00:00
1610,Weronika Ewald,POL,,382,2026-04-06,2006-02-20,,,Right-handed (two-handed backhand),92,61,,"$52,037",,F,WTA Tour Official,2026-05-15T06:35:08.398987+00:00
1691,Ayano Shimizu,JPN,,106,2025-10-20,1998-04-11,,,Right (two-handed backhand),211,126,,"$342,774",https://upload.wikimedia.org/wikipedia/commons/thumb/e/e4/Shimizu_WMQ18_%2811%29_%2843504527752%29.jpg/330px-Shimizu_WMQ18_%2811%29_%2843504527752%29.jpg?utm_source=en.wikipedia.org&utm_campaign=api&utm_content=thumbnail,F,WTA Tour Official,2026-05-15T06:42:03.826153+00:00
1687,Lea Boskovic,CRO,,432,2024-09-09,1999-09-22,,,Right (one-handed backhand),7,11,,"$6,628",https://upload.wikimedia.org/wikipedia/commons/thumb/9/91/Boskovic_WMQ22_%282%29_%2852191665080%29.jpg/330px-Boskovic_WMQ22_%282%29_%2852191665080%29.jpg?utm_source=en.wikipedia.org&utm_campaign=api&utm_content=thumbnail,F,WTA Tour Official,2026-05-15T06:41:42.577498+00:00
4560,Santiago Giraldo,COL,,,,1987-11-27,,,,0,0,,,https://upload.wikimedia.org/wikipedia/commons/thumb/2/29/Giraldo_RG15_%2819%29_%2818687293873%29.jpg/330px-Giraldo_RG15_%2819%29_%2818687293873%29.jpg,M,atp,2026-06-15T06:06:51.839409+00:00
1614,Nastasja Schunk,GER,,395,2022-08-08,2003-08-17,"5' 6"" (1.71 m)",,Left-handed (two-handed backhand),4,7,,"$5,778",https://upload.wikimedia.org/wikipedia/commons/thumb/8/8c/Schunk_RGQ22_%2819%29_%2852129770809%29.jpg/330px-Schunk_RGQ22_%2819%29_%2852129770809%29.jpg,F,WTA Tour Official,2026-05-15T06:35:27.738296+00:00
1695,Fernanda Labrana,CHI,,408,2026-02-02,1999-03-13,1.73 m,,Right (two-handed backhand),12,3,,"$4,543",https://photoresources.wtatennis.com/photo-resources/2024/01/02/3fa2ca14-33b9-40a7-83dd-3f6d837e3186/Labrana_crop.jpg?width=258&height=345,F,WTA Tour Official,2026-05-15T06:42:24.184627+00:00
4561,Yvonne Meusburger,AUT,,,,1983-10-03,,,,0,0,,,,F,wta,2026-06-15T06:06:51.839409+00:00
1586,Mell Reasco Gonzalez,ECU,,258,2026-05-04,2002-07-23,,,Left (two-handed backhand),11,6,,"$9,798",https://upload.wikimedia.org/wikipedia/commons/thumb/b/bf/MELL_REASCO_%2835038385872%29_%28cropped%29.jpg/330px-MELL_REASCO_%2835038385872%29_%28cropped%29.jpg?utm_source=en.wikipedia.org&utm_campaign=api&utm_content=thumbnail,F,WTA Tour Official,2026-05-15T06:33:18.544801+00:00
1616,Yasmine Mansouri,FRA,,215,2024-08-19,2001-05-15,,,Right (two-handed backhand),203,119,,"$147,808",https://upload.wikimedia.org/wikipedia/commons/thumb/2/24/Fontainebleau_tournoi_2025_Cormontreuil_1598987_%28recadr%C3%A9%29.jpg/330px-Fontainebleau_tournoi_2025_Cormontreuil_1598987_%28recadr%C3%A9%29.jpg,F,WTA Tour Official,2026-05-15T06:35:37.246937+00:00
1592,Cagla Buyukakcay,TUR,,60,2016-09-12,1989-09-28,"5' 8"" (1.72 m)",,Right-handed (two-handed backhand),574,482,,"$1,321,919",https://upload.wikimedia.org/wikipedia/commons/thumb/c/cc/Buyukakcay_WMQ19_%2815%29.jpg/330px-Buyukakcay_WMQ19_%2815%29.jpg,F,WTA Tour Official,2026-05-15T06:33:47.199891+00:00
4562,Regina Kulikova,RUS,,,,1989-01-30,,,,0,0,,,,F,wta,2026-06-15T06:06:51.839409+00:00
4563,David Nalbandian,ARG,,,,1982-01-01,,,,0,0,,,https://upload.wikimedia.org/wikipedia/commons/thumb/2/26/David_Nalbandian_Boodles.jpg/330px-David_Nalbandian_Boodles.jpg,M,atp,2026-06-15T06:07:23.550390+00:00
4564,Jarkko Nieminen,FIN,,,,1981-07-23,,,,0,0,,,https://upload.wikimedia.org/wikipedia/commons/thumb/8/85/Jarkko_Nieminen_-_Roland-Garros_2013_-_005.jpg/330px-Jarkko_Nieminen_-_Roland-Garros_2013_-_005.jpg,M,atp,2026-06-15T06:07:23.550390+00:00
1638,Yuki Mochizuki,JPN,,471,2023-08-07,1997-11-23,"5'8"" (173cm)",132 lbs (60kg),"Right-Handed, Two-Handed Backhand",0,0,,"$111,767",https://www.atptour.com/-/media/alias/player-gladiator-headshot/m0b2,M,ATP Tour,2026-05-15T08:04:40.031813+00:00
1644,Toufik Sahtali,ALG,,610,2026-05-04,1999-01-07,"5'8"" (173cm)",143 lbs (65kg),"Right-Handed, Two-Handed Backhand",0,0,,"$23,640",https://www.atptour.com/-/media/alias/player-gladiator-headshot/sy94,M,ATP Tour,2026-05-15T08:05:25.788440+00:00
1663,Santiago De La Fuente,ARG,,334,2026-04-20,2002-02-06,"5'9"" (175cm)",178 lbs (81kg),"Right-Handed, Two-Handed Backhand",0,0,,"$51,217",https://www.atptour.com/-/media/alias/player-gladiator-headshot/d0dk,M,ATP Tour,2026-05-15T08:07:57.884731+00:00
1673,Arthur Bouquier,FRA,,249,2023-02-13,2000-12-25,"6'2"" (188cm)",189 lbs (86kg),"Right-Handed, Two-Handed Backhand",0,0,,"$284,052",https://www.atptour.com/-/media/alias/player-gladiator-headshot/b0er,M,ATP Tour,2026-05-15T08:09:06.485133+00:00
1680,Max Wiskandt,GER,,534,2026-05-04,2002-02-01,"6'3"" (191cm)",180 lbs (82kg),"Right-Handed, Unknown Backhand",0,0,,"$90,327",https://www.atptour.com/-/media/alias/player-gladiator-headshot/w0bb,M,ATP Tour,2026-05-15T08:09:52.252190+00:00
1701,Hyeon Chung,KOR,,19,2018-04-02,1996-05-19,"6'2"" (188cm)",196 lbs (89kg),"Right-Handed, Two-Handed Backhand",88,71,2014,"$3,784,234",https://upload.wikimedia.org/wikipedia/commons/thumb/2/2b/Hyeon_Chung.jpg/330px-Hyeon_Chung.jpg,M,ATP Tour,2026-05-15T08:12:27.784516+00:00
1688,Marcel Zielinski,POL,,633,2026-04-13,2000-10-27,"5'11"" (180cm)",176 lbs (80kg),"Right-Handed, Two-Handed Backhand",0,0,,"$33,063",https://www.atptour.com/-/media/alias/player-gladiator-headshot/z0c9,M,ATP Tour,2026-05-15T08:11:00.824726+00:00
1696,Yuta Kawahashi,JPN,,637,2026-01-12,1998-01-26,"5'9"" (175cm)",156 lbs (71kg),"Right-Handed, Two-Handed Backhand",0,0,,,https://www.atptour.com/-/media/alias/player-gladiator-headshot/k0ak,M,ATP Tour,2026-05-15T08:12:01.917203+00:00
1782,Kristina Dmitruk,BLR,,196,2025-06-09,2003-09-25,,,Right (two-handed backhand),140,82,,"$251,426",https://upload.wikimedia.org/wikipedia/commons/thumb/f/fe/Dmitruk_WMQ23_%2853062200863%29.jpg/330px-Dmitruk_WMQ23_%2853062200863%29.jpg,F,WTA Tour Official,2026-05-15T06:49:23.599691+00:00
1713,Maximo Zeitune,ARG,,646,2026-05-04,2006-02-01,"6'5"" (196cm)",215 lbs (98kg),"Right-Handed, One-Handed Backhand",0,0,,"$23,138",https://www.atptour.com/-/media/alias/player-gladiator-headshot/z0co,M,ATP Tour,2026-05-15T08:14:10.087095+00:00
1654,Gerard Campana Lee,KOR,,318,2024-06-24,2004-10-01,"6'0"" (183cm)",183 lbs (83kg),"Right-Handed, Two-Handed Backhand",0,1,,"$100,885",https://www.atptour.com/-/media/alias/player-gladiator-headshot/c0mh,M,ATP Tour,2026-05-15T08:06:51.452623+00:00
1710,Stuart Parker,GBR,,346,2022-10-17,1997-07-30,"6'1"" (185cm)",173 lbs (78kg),"Right-Handed, Two-Handed Backhand",0,0,,"$178,564",https://www.atptour.com/-/media/alias/player-gladiator-headshot/p0bk,M,ATP Tour,2026-05-15T08:13:43.269847+00:00
1719,Yan Bai,CHN,,200,2016-03-21,1989-05-21,"6'1"" (185cm)",176 lbs (80kg),"Right-Handed, Two-Handed Backhand",5,8,,"$479,521",https://www.atptour.com/-/media/alias/player-gladiator-headshot/be69,M,ATP Tour,2026-05-15T08:14:54.224960+00:00
1729,Yuta Kikuchi,JPN,,588,2025-09-15,1999-09-27,"5'8"" (173cm)",148 lbs (67kg),"Right-Handed, Unknown Backhand",0,0,,"$37,965",https://www.atptour.com/-/media/alias/player-gladiator-headshot/k0ez,M,ATP Tour,2026-05-15T08:16:08.981605+00:00
1740,Daniel Antonio Nunez,CHI,,522,2026-03-16,2001-06-02,"0'0"" (0cm)",154 lbs (70kg),"Right-Handed, Two-Handed Backhand",0,0,,"$59,956",https://www.atptour.com/-/media/alias/player-gladiator-headshot/n0bu,M,ATP Tour,2026-05-15T08:18:06.398379+00:00
1735,Elmar Ejupovic,GER,,273,2023-04-17,1993-02-01,"6'4"" (193cm)",198 lbs (90kg),"Right-Handed, One-Handed Backhand",0,0,,"$175,807",https://www.atptour.com/-/media/alias/player-gladiator-headshot/e811,M,ATP Tour,2026-05-15T08:17:23.265429+00:00
1690,Mitsuki Wei Kang Leong,MAS,,605,2025-06-30,2004-08-06,"5'9"" (175cm)",147 lbs (67kg),"Right-Handed, Unknown Backhand",0,0,,"$56,060",https://www.atptour.com/-/media/alias/player-gladiator-headshot/l0i5,M,ATP Tour,2026-05-15T08:11:14.462080+00:00
1686,S D Prajwal Dev,IND,,595,2024-02-12,1996-05-27,"5'9"" (175cm)",165 lbs (75kg),"Right-Handed, Two-Handed Backhand",0,0,,"$111,526",https://www.atptour.com/-/media/alias/player-gladiator-headshot/dh23,M,ATP Tour,2026-05-15T08:10:46.226450+00:00
1803,Ipek Oz,TUR,,385,2026-03-16,1999-07-08,1.78m,,Left-handed (two-handed backhand),5,6,,"$8,064",https://upload.wikimedia.org/wikipedia/commons/thumb/e/ea/%C4%B0pek_%C3%96z_%282023_US_Open%29_02_%28cropped%29.jpg/330px-%C4%B0pek_%C3%96z_%282023_US_Open%29_02_%28cropped%29.jpg?utm_source=en.wikipedia.org&utm_campaign=api&utm_content=thumbnail,F,WTA Tour Official,2026-05-15T06:51:11.881576+00:00
1732,Radu David Turcanu,ROU,,619,2026-02-02,2006-03-16,"6'1"" (185cm)",160 lbs (73kg),"Left-Handed, Two-Handed Backhand",0,0,,"$24,571",https://www.atptour.com/-/media/alias/player-gladiator-headshot/t0jz,M,ATP Tour,2026-05-15T08:16:50.199945+00:00
1830,Weronika Falkowska,POL,,504,,2000-06-17,1.76 m,,Right (two-handed backhand),0,0,,"$190,311",,F,WTA Tour Official,2026-05-11T11:16:08.011641+00:00
1850,Anastasia Kulikova,FIN,,514,,2000-02-15,1.77 m,,Left (two-handed backhand),0,0,,"US$213,325",https://upload.wikimedia.org/wikipedia/commons/thumb/f/fa/Kulikova_RGQ22_%2812%29_%2852129560936%29.jpg/330px-Kulikova_RGQ22_%2812%29_%2852129560936%29.jpg,F,WTA Tour Official,2026-05-11T11:16:57.330978+00:00
1858,Oceane Dodin,FRA,,517,,1996-10-24,1.83 m,,Right-handed (two-handed backhand),0,0,,"US$ 2,825,516",https://upload.wikimedia.org/wikipedia/commons/thumb/9/97/Dodin_WMQ19_%2814%29.jpg/330px-Dodin_WMQ19_%2814%29.jpg,F,WTA Tour Official,2026-05-11T11:17:15.273072+00:00
1862,Fangzhou Liu,CHN,,519,,1995-12-12,5 ft 11 in,,Right (two-handed backhand),0,0,,"US$ 531,947",https://upload.wikimedia.org/wikipedia/commons/thumb/4/46/Liu_F._WMQ19_%2812%29.jpg/330px-Liu_F._WMQ19_%2812%29.jpg,F,WTA Tour Official,2026-05-11T11:17:29.545260+00:00
1876,Ania Hertel,POL,,526,,2000-10-27,,,,0,0,,"$61,145",,F,WTA Tour Official,2026-05-11T11:18:12.363625+00:00
1880,Shrivalli Bhamidipaty,IND,,528,,2001-12-12,,,Right (double-handed backhand),0,0,,"$69,470",,F,WTA Tour Official,2026-05-11T11:18:25.873689+00:00
1888,Nina Stojanovic,SRB,,532,,1996-07-30,1.76 m,,Right-handed (two-handed backhand),0,0,,"$1,542,829",https://upload.wikimedia.org/wikipedia/commons/thumb/e/e3/Stojanovic_POI19_%2857%29_%2849307328373%29.jpg/330px-Stojanovic_POI19_%2857%29_%2849307328373%29.jpg,F,WTA Tour Official,2026-05-11T11:18:47.325066+00:00
1158,Greet Minnen,BEL,,172,2023-10-16,1997-08-14,1.75 m,,Right-handed (two-handed backhand),11,10,,"$75,206",https://upload.wikimedia.org/wikipedia/commons/thumb/3/36/Transylvania_Open_2026_-_Emma_Raducanu_vs_Greet_Minnen_6-0%2C_6-4_-_01.02.2026_%2855077278670%29_%28cropped%29.jpg/330px-Transylvania_Open_2026_-_Emma_Raducanu_vs_Greet_Minnen_6-0%2C_6-4_-_01.02.2026_%2855077278670%29_%28cropped%29.jpg,F,WTA Tour Official,2026-05-15T05:57:25.497607+00:00
1083,Akira Santillan,JPN,,144,2017-11-13,1997-05-22,"5'11"" (180cm)",172 lbs (78kg),"Right-Handed, One-Handed Backhand",2,7,2013,"$550,326",https://upload.wikimedia.org/wikipedia/commons/thumb/4/45/2017_US_Open_Tennis_-_Qualifying_Rounds_-_Akira_Santillan_%28AUS%29_def._Uladzimir_Ignatik_%28BLR%29_%2836213145704%29.jpg/330px-2017_US_Open_Tennis_-_Qualifying_Rounds_-_Akira_Santillan_%28AUS%29_def._Uladzimir_Ignatik_%28BLR%29_%2836213145704%29.jpg,M,ATP Tour,2026-05-15T06:51:35.235497+00:00
1623,Christopher Eubanks,USA,,29,2023-07-31,1996-05-05,"6'7"" (201cm)",180 lbs (82kg),"Right-Handed, One-Handed Backhand",44,68,2017,"$3,862,361",https://upload.wikimedia.org/wikipedia/commons/thumb/e/ef/Eubanks_BOR22_%2852083970356%29.jpg/330px-Eubanks_BOR22_%2852083970356%29.jpg?utm_source=en.wikipedia.org&utm_campaign=api&utm_content=thumbnail,M,ATP Tour,2026-05-15T08:02:48.857074+00:00
4565,Marcel Granollers,ESP,,,,1986-04-12,,,,0,0,,,https://upload.wikimedia.org/wikipedia/commons/thumb/d/d9/Granollers_RG21_%285%29_%2851375380137%29.jpg/330px-Granollers_RG21_%285%29_%2851375380137%29.jpg,M,atp,2026-06-15T06:07:23.550390+00:00
4571,Karol Beck,SVK,,,,1982-04-03,,,,0,0,,,https://upload.wikimedia.org/wikipedia/commons/thumb/8/8e/Karol_Beck_2o11.jpg/330px-Karol_Beck_2o11.jpg,M,atp,2026-06-15T06:07:59.604246+00:00
4572,Santiago Ventura,ESP,,,,,,,,0,0,,,,M,atp,2026-06-15T06:07:59.604246+00:00
4286,Matei Varbanciu,ROU,,2123,,,,,,0,0,,,,M,ATP Tour,2026-05-07T12:08:42.355141+00:00
4573,Andrey Golubev,KAZ,,,,1987-07-22,,,,0,0,,,https://upload.wikimedia.org/wikipedia/commons/thumb/3/3f/Golubev_MA14_%284%29_%2814403051656%29.jpg/330px-Golubev_MA14_%284%29_%2814403051656%29.jpg,M,atp,2026-06-15T06:07:59.604246+00:00
4574,Steve Darcis,BEL,,,,1984-03-13,,,,0,0,,,https://upload.wikimedia.org/wikipedia/commons/thumb/a/a4/Darcis_WMQ14_%2819%29_%2814627029543%29.jpg/330px-Darcis_WMQ14_%2819%29_%2814627029543%29.jpg,M,atp,2026-06-15T06:07:59.604246+00:00
1817,Rasheeda Mcadoo,USA,,149,2025-06-09,1995-06-30,1.80 m,,Right-handed (two-handed backhand),14,6,,"$9,503",https://upload.wikimedia.org/wikipedia/commons/thumb/d/d3/Rasheeda_McAdoo_-_13917102232_%28cropped%29.jpg/330px-Rasheeda_McAdoo_-_13917102232_%28cropped%29.jpg?utm_source=en.wikipedia.org&utm_campaign=api&utm_content=thumbnail,F,WTA Tour Official,2026-05-15T06:52:26.027465+00:00
1659,Dmitry Popko,KAZ,,155,2025-04-21,1996-10-24,"6'3"" (191cm)",192 lbs (87kg),"Right-Handed, Two-Handed Backhand",4,9,2011,"$968,265",https://upload.wikimedia.org/wikipedia/commons/thumb/9/91/Popko_RGQ22_%2812%29_%2852129553023%29.jpg/330px-Popko_RGQ22_%2812%29_%2852129553023%29.jpg?utm_source=en.wikipedia.org&utm_campaign=api&utm_content=thumbnail,M,ATP Tour,2026-05-15T08:07:29.200072+00:00
4575,Sofia Arvidsson,SWE,,,,1984-02-16,,,,0,0,,,,F,wta,2026-06-15T06:07:59.604246+00:00
1743,Duncan Chan,CAN,,650,2025-11-17,2005-07-29,"6'0"" (183cm)",170 lbs (77kg),"Right-Handed, Two-Handed Backhand",0,0,,"$22,704",https://www.atptour.com/-/media/alias/player-gladiator-headshot/c0of,M,ATP Tour,2026-05-15T08:18:37.265446+00:00
1759,Mariano Kestelboim,ARG,,387,2017-09-18,1996-02-06,"6'1"" (185cm)",173 lbs (78kg),"Right-Handed, Two-Handed Backhand",0,0,,"$231,442",https://upload.wikimedia.org/wikipedia/commons/thumb/0/0a/Mariano_Kestelboim._C%C3%B3rdoba%2C_Abril_2021..jpg/330px-Mariano_Kestelboim._C%C3%B3rdoba%2C_Abril_2021..jpg,M,ATP Tour,2026-05-15T08:20:39.980388+00:00
4566,Mario Ancic,CRO,,,,1984-03-30,,,,0,0,,,https://upload.wikimedia.org/wikipedia/commons/thumb/3/32/Ancic_Toronto_Masters_2008.jpg/330px-Ancic_Toronto_Masters_2008.jpg,M,atp,2026-06-15T06:07:23.550390+00:00
4567,Yen Hsun Lu,TPE,,,,1983-08-14,,,,0,0,,,https://upload.wikimedia.org/wikipedia/commons/thumb/1/1b/Lu_Yen-hsun.jpg/330px-Lu_Yen-hsun.jpg,M,atp,2026-06-15T06:07:23.550390+00:00
4568,Tsvetana Pironkova,BUL,,,,1987-09-13,,,,0,0,,,,F,wta,2026-06-15T06:07:23.550390+00:00
4569,Anne Keothavong,GBR,,,,1983-09-16,,,,0,0,,,,F,wta,2026-06-15T06:07:23.550390+00:00
4570,Alexandr Dolgopolov,UKR,,,,1988-11-07,,,,0,0,,,https://upload.wikimedia.org/wikipedia/commons/thumb/9/98/Alexandr_Dolgopolov_%2818627153608%29.jpg/330px-Alexandr_Dolgopolov_%2818627153608%29.jpg,M,atp,2026-06-15T06:07:59.604246+00:00
4576,Mariana Duque-Mariño,COL,,,,1989-08-12,,,,0,0,,,,F,wta,2026-06-15T06:07:59.604246+00:00
4577,Blaz Kavcic,SLO,,,,1987-03-05,,,,0,0,,,https://upload.wikimedia.org/wikipedia/commons/thumb/a/a8/Blaz_Kavcic_-_2011_Wimbledon.jpg/330px-Blaz_Kavcic_-_2011_Wimbledon.jpg,M,atp,2026-06-15T06:08:39.941429+00:00
4578,Justine Henin,BEL,,,,1982-06-01,,,,0,0,,,,F,wta,2026-06-15T06:08:39.941429+00:00
4579,Shenay Perry,USA,,,,1984-07-06,,,,0,0,,,,F,wta,2026-06-15T06:08:39.941429+00:00
4580,Pere Riba,ESP,,,,1988-04-07,,,,0,0,,,https://upload.wikimedia.org/wikipedia/commons/thumb/7/7e/Pere_Riba_2%2C_2015_Wimbledon_Qualifying_-_Diliff.jpg/330px-Pere_Riba_2%2C_2015_Wimbledon_Qualifying_-_Diliff.jpg,M,atp,2026-06-15T06:08:49.351261+00:00
4581,Pauline Parmentier,FRA,,,,1986-01-31,,,,0,0,,,,F,wta,2026-06-15T06:08:49.351261+00:00
4582,Maria Elena Camerin,ITA,,,,1982-03-21,,,,0,0,,,,F,wta,2026-06-15T06:08:49.351261+00:00
4583,Ricardo Mello,BRA,,,,1980-12-21,,,,0,0,,,https://upload.wikimedia.org/wikipedia/commons/thumb/1/1f/Ricardo_Mello.jpg/330px-Ricardo_Mello.jpg,M,atp,2026-06-15T06:08:58.271951+00:00
4584,Michal Przysiezny,POL,,,,1984-02-16,,,,0,0,,,https://upload.wikimedia.org/wikipedia/commons/thumb/e/e6/Michal_Przysiezny_at_the_2010_US_Open_01.jpg/330px-Michal_Przysiezny_at_the_2010_US_Open_01.jpg,M,atp,2026-06-15T06:08:58.271951+00:00
4585,Alicia Molik,AUS,,,,1981-01-27,,,,0,0,,,,F,wta,2026-06-15T06:08:58.271951+00:00
4586,Jarmila Wolfe,AUS,,,,1987-04-26,,,,0,0,,,,F,wta,2026-06-15T06:08:58.271951+00:00
4587,Renata Voracova,CZE,,,,1983-10-06,,,,0,0,,,,F,wta,2026-06-15T06:09:15.053129+00:00
4588,Anna Lapushchenkova,RUS,,,,1986-10-24,,,,0,0,,,,F,wta,2026-06-15T06:09:15.053129+00:00
4589,Edina Gallovits-Hall,USA,,,,1984-12-10,,,,0,0,,,,F,wta,2026-06-15T06:09:15.053129+00:00
4590,Dustin Brown,JAM,,,,,,,,0,0,,,,M,atp,2026-06-15T06:09:19.099859+00:00
4591,Teymuraz Gabashvili,RUS,,,,1985-05-23,,,,0,0,,,https://upload.wikimedia.org/wikipedia/commons/thumb/1/15/Gabashvili_WM16_%282%29_%2828419012335%29.jpg/330px-Gabashvili_WM16_%282%29_%2828419012335%29.jpg,M,atp,2026-06-15T06:09:26.218365+00:00
1773,Nikolay Vylegzhanin,RUS,,459,2025-10-13,2000-04-18,"5'10"" (178cm)",178 lbs (81kg),"Right-Handed, Two-Handed Backhand",0,0,,"$64,337",https://www.atptour.com/-/media/alias/player-gladiator-headshot/v0bd,M,ATP Tour,2026-05-15T08:22:34.340296+00:00
1837,M Rifki Fitriadi,INA,,612,2026-02-23,1999-01-23,"5'9"" (175cm)",158 lbs (72kg),"Right-Handed, One-Handed Backhand",2,2,,"$40,597",https://upload.wikimedia.org/wikipedia/commons/thumb/0/05/Davis_Cup_2026_World_Group_II_Playoff_-_Muhammad_Rifqi_Fitriadi_%28INA%29.jpg/330px-Davis_Cup_2026_World_Group_II_Playoff_-_Muhammad_Rifqi_Fitriadi_%28INA%29.jpg?utm_source=en.wikipedia.org&utm_campaign=api&utm_content=thumbnail,M,ATP Tour,2026-05-15T08:30:00.905111+00:00
1783,Yusuke Kusuhara,JPN,,239,2026-01-12,1997-08-09,"5'8"" (173cm)",154 lbs (70kg),"Right-Handed, Two-Handed Backhand",0,0,,"$36,769",https://www.atptour.com/-/media/alias/player-gladiator-headshot/k0es,M,ATP Tour,2026-05-15T08:23:53.387482+00:00
1802,Michiel De Krom,NED,,325,2024-11-25,1998-06-27,"6'0"" (183cm)",176 lbs (80kg),"Right-Handed, Two-Handed Backhand",0,0,,"$93,142",https://www.atptour.com/-/media/alias/player-gladiator-headshot/dh55,M,ATP Tour,2026-05-15T08:25:49.207096+00:00
1807,James Watt,NZL,,84,2026-03-16,2000-06-09,"6'9"" (206cm)",226 lbs (103kg),"Right-Handed, Two-Handed Backhand",4,5,,"$99,585",https://upload.wikimedia.org/wikipedia/commons/thumb/1/15/Watt_James_von_Breda.jpg/330px-Watt_James_von_Breda.jpg?utm_source=en.wikipedia.org&utm_campaign=api&utm_content=thumbnail,M,ATP Tour,2026-05-15T08:26:17.694518+00:00
1821,Ignacio Monzon,ARG,,476,2023-04-24,1998-01-05,"5'8"" (173cm)",162 lbs (73kg),"Right-Handed, Two-Handed Backhand",0,0,,"$116,672",https://www.atptour.com/-/media/alias/player-gladiator-headshot/mv75,M,ATP Tour,2026-05-15T08:28:03.297938+00:00
1829,Pablo Martinez Gomez,ESP,,688,2025-11-17,2006-03-10,"6'4"" (193cm)",187 lbs (85kg),"Right-Handed, Unknown Backhand",0,0,,"$12,198",https://www.atptour.com/-/media/alias/player-gladiator-headshot/m0o6,M,ATP Tour,2026-05-15T08:28:55.952043+00:00
1864,Loann Massard,FRA,,508,2025-05-19,2005-07-27,"5'11"" (180cm)",165 lbs (75kg),"Right-Handed, Two-Handed Backhand",0,0,,"$55,698",https://www.atptour.com/-/media/alias/player-gladiator-headshot/m0qk,M,ATP Tour,2026-05-15T08:33:45.865352+00:00
4288,Qiulin Wang,CHN,,2123,,,,,,0,0,,,,M,ATP Tour,2026-05-07T12:08:44.748737+00:00
4290,Suk Ann,KOR,,2155,,,,,,0,0,,,,M,ATP Tour,2026-05-07T12:08:47.171587+00:00
1859,Mwendwa Mbithi,USA,,536,2025-12-15,1998-01-10,"5'11"" (180cm)",165 lbs (75kg),"Right-Handed, Unknown Backhand",0,0,,"$41,161",https://www.atptour.com/-/media/alias/player-gladiator-headshot/mw69,M,ATP Tour,2026-05-15T08:33:15.736634+00:00
1881,Oskar Brostrom Poulsen,DEN,,272,2026-05-04,2002-01-15,"6'4"" (193cm)",187 lbs (85kg),"Right-Handed, Two-Handed Backhand",0,0,,"$19,930",https://www.atptour.com/-/media/alias/player-gladiator-headshot/p0in,M,ATP Tour,2026-05-15T08:36:09.487146+00:00
1899,Maximilian Marterer,GER,,45,2018-08-13,1995-06-15,"6'2"" (188cm)",171 lbs (78kg),"Left-Handed, Two-Handed Backhand",42,79,2015,"$3,191,005",https://upload.wikimedia.org/wikipedia/commons/thumb/4/44/Marterer_WMQ23_%2853061122527%29.jpg/330px-Marterer_WMQ23_%2853061122527%29.jpg,M,ATP Tour,2026-05-15T08:38:28.266237+00:00
1887,Fernando Cavallo,ARG,,733,2026-05-04,2005-12-13,"6'2"" (188cm)",176 lbs (80kg),"Right-Handed, Two-Handed Backhand",0,0,,"$21,915",https://www.atptour.com/-/media/alias/player-gladiator-headshot/c0o4,M,ATP Tour,2026-05-15T08:36:55.426238+00:00
1891,Alejandro Juan Mano,ESP,,718,2026-03-30,2005-01-14,"6'1"" (185cm)",158 lbs (72kg),"Right-Handed, Two-Handed Backhand",0,0,,"$17,444",https://www.atptour.com/-/media/alias/player-gladiator-headshot/j0dg,M,ATP Tour,2026-05-15T08:37:25.406028+00:00
1952,Haruna Arakawa,JPN,,564,,1999-10-27,,,Right (double-handed backhand),0,0,,"$136,521",,F,WTA Tour Official,2026-05-11T11:21:21.862402+00:00
1895,Samuel Alejandro Linde Palacios,COL,,736,2026-04-20,2007-10-25,"5'10"" (178cm)",145 lbs (66kg),"Right-Handed, Two-Handed Backhand",0,0,,"$21,665",https://www.atptour.com/-/media/alias/player-gladiator-headshot/l0ld,M,ATP Tour,2026-05-15T08:37:53.745908+00:00
1906,Pierre Delage,FRA,,668,2026-02-02,2001-01-22,"6'6"" (198cm)",213 lbs (97kg),"Right-Handed, Two-Handed Backhand",0,0,,"$49,076",https://www.atptour.com/-/media/alias/player-gladiator-headshot/d0db,M,ATP Tour,2026-05-15T08:39:31.574194+00:00
2057,Maria Mateas,USA,,615,,1999-07-21,180 cm,,Right (two-handed backhand),0,0,,"$265,029",https://upload.wikimedia.org/wikipedia/commons/thumb/5/54/Maria_Mateas_%282024_Cary%29_01.jpg/330px-Maria_Mateas_%282024_Cary%29_01.jpg,F,WTA Tour Official,2026-05-11T11:25:32.953473+00:00
2083,Jennifer Brady,USA,,627,,1995-04-12,1.78 m,,Right (two-handed backhand),0,0,,"US$ 5,095,495",https://upload.wikimedia.org/wikipedia/commons/thumb/2/2e/Jennifer_Brady_%282023_DC_Open%29_12.jpg/330px-Jennifer_Brady_%282023_DC_Open%29_12.jpg,F,WTA Tour Official,2026-05-11T11:26:30.976824+00:00
2142,Johanne Svendsen,DEN,,655,,2004-05-15,,,Right-handed (two-handed backhand),0,0,,"$47,298",,F,WTA Tour Official,2026-05-11T11:28:38.983553+00:00
2146,Sayaka Ishii,JPN,,657,,2005-08-31,1.73 m,,Right-handed (two-handed backhand),0,0,,"US $170,282",https://upload.wikimedia.org/wikipedia/commons/thumb/f/f2/Sayaka_Ishii_%282024_Cary%29_01.jpg/330px-Sayaka_Ishii_%282024_Cary%29_01.jpg,F,WTA Tour Official,2026-05-11T11:28:52.964916+00:00
2173,Usue Maitane Arconada,USA,,671,,1998-10-28,1.65 m,,Right (two-handed backhand),0,0,,"$564,087",https://upload.wikimedia.org/wikipedia/commons/thumb/0/09/Usue_Maitane_Arconada_%28USA%29_%2821622188872%29.jpg/330px-Usue_Maitane_Arconada_%28USA%29_%2821622188872%29.jpg,F,WTA Tour Official,2026-05-11T11:29:48.971698+00:00
2205,Eudice Chong,HKG,,687,,1996-04-22,,,,0,0,,"US$ 254,513",https://upload.wikimedia.org/wikipedia/commons/thumb/5/5a/Eudice_Chong.jpg/330px-Eudice_Chong.jpg,F,WTA Tour Official,2026-05-11T11:30:57.134443+00:00
2253,Caroline Garcia,FRA,,714,,1993-10-16,5 ft 10 in,,Right-handed (two-handed backhand),0,0,,"US$ 18,778,616[2]
33rd in all-time rankings",https://upload.wikimedia.org/wikipedia/commons/thumb/4/45/Caroline_Garcia_during_the_Web_Summit_2025_at_the_MEO_Arena_in_Lisbon%2C_Portugal_%28cropped%29.jpg/330px-Caroline_Garcia_during_the_Web_Summit_2025_at_the_MEO_Arena_in_Lisbon%2C_Portugal_%28cropped%29.jpg,F,WTA Tour Official,2026-05-11T11:32:52.239358+00:00
2302,Punnin Kovapitukted,THA,,739,,2003-02-05,,,,0,0,,"$70,505",,F,WTA Tour Official,2026-05-11T11:34:56.375333+00:00
4593,Chanelle Scheepers,RSA,,,,1984-03-13,,,,0,0,,,,F,wta,2026-06-15T06:09:26.218365+00:00
4594,Johanna Larsson,SWE,,,,1988-08-17,,,,0,0,,,,F,wta,2026-06-15T06:09:41.738467+00:00
4595,Romina Oprandi,SUI,,,,1986-03-29,,,,0,0,,,,F,wta,2026-06-15T06:09:43.891973+00:00
4596,Bojana Jovanovski Petrovic,SRB,,,,1991-12-31,,,,0,0,,,,F,wta,2026-06-15T06:09:43.891973+00:00
4597,Bethanie Mattek-Sands,USA,,,,1985-03-23,,,,0,0,,,,F,wta,2026-06-15T06:09:43.891973+00:00
2381,Giulia Safina Popa,ROU,,779,,2009-11-09,,,Left-handed (two-handed backhand),0,0,,"$9,041",,F,WTA Tour Official,2026-05-11T11:37:49.502991+00:00
2404,Kamilla Bartone,LAT,,790,,2002-06-07,,,Right (two-handed backhand),0,0,,"$64,361",https://upload.wikimedia.org/wikipedia/commons/thumb/2/2a/Bartone_BIA21_%2833%29_%2851378573818%29.jpg/330px-Bartone_BIA21_%2833%29_%2851378573818%29.jpg,F,WTA Tour Official,2026-05-11T11:38:39.065509+00:00
2412,Yanina Wickmayer,BEL,,794,,1989-10-20,1.82 m,,Right-handed (two-handed backhand),0,0,,"$6,211,775",https://upload.wikimedia.org/wikipedia/commons/thumb/1/14/Wickmayer_WMQ22_%2835%29_%2852191130673%29.jpg/330px-Wickmayer_WMQ22_%2835%29_%2852191130673%29.jpg,F,WTA Tour Official,2026-05-11T11:38:55.363098+00:00
4598,Ruben Ramirez Hidalgo,ESP,,,,1978-01-06,,,,0,0,,,https://upload.wikimedia.org/wikipedia/commons/thumb/8/8d/Ramirez_Hidalgo_WMQ16_%2827%29_%2828107146482%29.jpg/330px-Ramirez_Hidalgo_WMQ16_%2827%29_%2828107146482%29.jpg,M,atp,2026-06-15T06:09:47.944215+00:00
4599,Brian Dabul,ARG,,,,1984-02-24,,,,0,0,,,https://upload.wikimedia.org/wikipedia/commons/thumb/6/6a/Dabul_Roland_Garros_2009_1.jpg/330px-Dabul_Roland_Garros_2009_1.jpg,M,atp,2026-06-15T06:09:47.944215+00:00
4600,Tobias Kamke,GER,,,,1986-05-21,,,,0,0,,,https://upload.wikimedia.org/wikipedia/commons/thumb/d/da/Tobias_Kamke_02%2C_2015_Wimbledon_Qualifying_-_Diliff.jpg/330px-Tobias_Kamke_02%2C_2015_Wimbledon_Qualifying_-_Diliff.jpg,M,atp,2026-06-15T06:09:47.944215+00:00
4601,Ksenia Pervak,RUS,,,,1991-05-27,,,,0,0,,,,F,wta,2026-06-15T06:09:47.944215+00:00
1107,Adrian Boitan,ROU,,284,2026-02-23,1999-07-11,"6'1"" (185cm)",180 lbs (82kg),"Right-Handed, Two-Handed Backhand",2,3,,"$126,539",https://www.atptour.com/-/media/alias/player-gladiator-headshot/b0c0,M,ATP Tour,2026-05-15T06:55:06.525334+00:00
1694,Patrick Maloney,USA,,319,2025-08-04,2000-02-09,"6'4"" (193cm)",185 lbs (84kg),"Right-Handed, Two-Handed Backhand",0,0,,"$110,122",https://www.atptour.com/-/media/alias/player-gladiator-headshot/m0re,M,ATP Tour,2026-05-15T08:11:43.103666+00:00
4602,Somdev Devvarman,IND,,,,1985-02-13,,,,0,0,,,https://upload.wikimedia.org/wikipedia/commons/thumb/f/f8/Somdev_Devvarman_5%2C_2015_Wimbledon_Qualifying_-_Diliff.jpg/330px-Somdev_Devvarman_5%2C_2015_Wimbledon_Qualifying_-_Diliff.jpg,M,atp,2026-06-15T06:10:10.530746+00:00
4292,Patricio Betancourt Gonzalez,MEX,,2155,,,,,,0,0,,,,M,ATP Tour,2026-05-07T12:08:49.569532+00:00
838,Iva Jovic,USA,16,17,2026-03-30,2007-12-06,1.73m,,Right (two-handed backhand),19,9,,"$866,508",https://upload.wikimedia.org/wikipedia/commons/thumb/e/e6/Iva_Jovic%2C_Roma_7_May_2026_%28cropped_v2%29.jpg/330px-Iva_Jovic%2C_Roma_7_May_2026_%28cropped_v2%29.jpg,F,WTA Tour Official,2026-07-22T08:57:30.899008+00:00
1912,Pierre Yves Bailly,BEL,,740,2025-06-23,2003-10-15,(cm),lbs (kg),"Unknown, Unknown Backhand",0,0,,"$18,944",https://www.atptour.com/-/media/alias/player-gladiator-headshot/b0m3,M,ATP Tour,2026-05-15T08:40:18.378540+00:00
4603,Donald Young,USA,,,,,,,,0,0,,,,M,atp,2026-06-15T06:10:10.530746+00:00
1916,Andreja Petrovic,NOR,,748,2026-05-04,2000-02-01,"6'2"" (188cm)",170 lbs (77kg),"Right-Handed, Two-Handed Backhand",0,1,,"$24,043",https://www.atptour.com/-/media/alias/player-gladiator-headshot/p0ep,M,ATP Tour,2026-05-15T08:40:55.500170+00:00
4604,Filippo Volandri,ITA,,,,1981-09-05,,,,0,0,,,https://upload.wikimedia.org/wikipedia/commons/thumb/8/80/Volandri_WM14_%289%29_%2814663421663%29.jpg/330px-Volandri_WM14_%289%29_%2814663421663%29.jpg,M,atp,2026-06-15T06:10:24.895115+00:00
1920,Nikolai Barsukov,GER,,747,2026-04-20,2006-11-06,"6'2"" (188cm)",176 lbs (80kg),"Right-Handed, Two-Handed Backhand",0,0,,"$12,325",https://www.atptour.com/-/media/alias/player-gladiator-headshot/b0w9,M,ATP Tour,2026-05-15T08:41:25.730589+00:00
1925,Kai Wehnelt,GER,,513,2019-09-09,1995-11-27,"6'2"" (188cm)",180 lbs (82kg),"Right-Handed, Two-Handed Backhand",0,0,,"$156,662",https://www.atptour.com/-/media/alias/player-gladiator-headshot/w712,M,ATP Tour,2026-05-15T08:41:57.866994+00:00
1929,Federico Coria,ARG,,49,2023-02-13,1992-03-09,"5'11"" (180cm)",161 lbs (73kg),"Right-Handed, Two-Handed Backhand",56,79,2010,"$3,437,201",https://upload.wikimedia.org/wikipedia/commons/thumb/7/7b/Coria_RG22_%284%29_%2852143065527%29.jpg/330px-Coria_RG22_%284%29_%2852143065527%29.jpg?utm_source=en.wikipedia.org&utm_campaign=api&utm_content=thumbnail,M,ATP Tour,2026-05-15T08:42:31.000388+00:00
4592,Bjorn Phau,GER,,,,1979-10-04,,,,0,0,,,https://upload.wikimedia.org/wikipedia/commons/thumb/e/e7/Bjorn_Phau_at_the_2011_Australian_Open1.jpg/330px-Bjorn_Phau_at_the_2011_Australian_Open1.jpg,M,atp,2026-06-15T06:09:26.218365+00:00
4605,Carlos Berlocq,ARG,,,,1983-02-03,,,,0,0,,,https://upload.wikimedia.org/wikipedia/commons/thumb/c/cf/Berlocq_RG15_%2810%29_%2818685731354%29.jpg/330px-Berlocq_RG15_%2810%29_%2818685731354%29.jpg,M,atp,2026-06-15T06:10:24.895115+00:00
4606,Robin Haase,NED,,,,1987-04-06,,,,0,0,,,https://upload.wikimedia.org/wikipedia/commons/thumb/a/a0/Haase_RG19_%2814%29_%2848199227592%29.jpg/330px-Haase_RG19_%2814%29_%2848199227592%29.jpg,M,atp,2026-06-15T06:10:24.895115+00:00
4607,Monica Niculescu,ROU,,,,1987-09-25,,,,0,0,,,,F,wta,2026-06-15T06:10:24.895115+00:00
4608,Edouard Roger Vasselin,FRA,,,,,,,,0,0,,,,M,atp,2026-06-15T06:10:46.720102+00:00
4609,Zuzana Ondraskova,CZE,,,,1980-05-03,,,,0,0,,,,F,wta,2026-06-15T06:10:46.720102+00:00
4610,Pablo Andujar,ESP,,,,1986-01-23,,,,0,0,,,https://upload.wikimedia.org/wikipedia/commons/thumb/3/3c/Andujar_WM19_%2834%29_%2848521860961%29.jpg/330px-Andujar_WM19_%2834%29_%2848521860961%29.jpg,M,atp,2026-06-15T06:10:52.611634+00:00
4611,Greta Arn,HUN,,,,1979-04-13,,,,0,0,,,,F,wta,2026-06-15T06:10:52.611634+00:00
4612,Lourdes Domínguez Lino,ESP,,,,1981-03-31,,,,0,0,,,,F,wta,2026-06-15T06:10:52.611634+00:00
4613,Mathilde Johansson,FRA,,,,1985-04-28,,,,0,0,,,,F,wta,2026-06-15T06:10:52.611634+00:00
4614,Marsel Ilhan,TUR,,,,1987-06-11,,,,0,0,,,https://upload.wikimedia.org/wikipedia/commons/thumb/c/c5/Ilhan_WMQ14_%289%29_%2814606383492%29.jpg/330px-Ilhan_WMQ14_%289%29_%2814606383492%29.jpg,M,atp,2026-06-15T06:11:03.601385+00:00
4615,Rui Machado,POR,,,,1984-04-10,,,,0,0,,,https://upload.wikimedia.org/wikipedia/commons/thumb/2/25/Rui_Machado_5%2C_2015_Wimbledon_Qualifying_-_Diliff.jpg/330px-Rui_Machado_5%2C_2015_Wimbledon_Qualifying_-_Diliff.jpg,M,atp,2026-06-15T06:11:10.101230+00:00
4616,Mirjana Lucic-Baroni,CRO,,,,1982-03-09,,,,0,0,,,,F,wta,2026-06-15T06:11:10.101230+00:00
1968,Alex Knaff,LUX,,486,2023-09-11,1997-11-26,"6'4"" (193cm)",187 lbs (85kg),"Right-Handed, Two-Handed Backhand",9,7,,"$78,926",https://www.atptour.com/-/media/alias/player-gladiator-headshot/kj00,M,ATP Tour,2026-05-15T08:47:48.405263+00:00
1985,Kasra Rahmani,IRI,,782,2026-05-04,2006-09-07,"6'0"" (183cm)",158 lbs (72kg),"Left-Handed, Two-Handed Backhand",0,0,,"$13,773",https://www.atptour.com/-/media/alias/player-gladiator-headshot/r0k4,M,ATP Tour,2026-05-15T08:50:04.357263+00:00
1979,Jack Anthrop,USA,,700,2025-11-24,2003-11-05,"6'2"" (188cm)",165 lbs (75kg),"Right-Handed, Two-Handed Backhand",0,0,,"$26,288",https://www.atptour.com/-/media/alias/player-gladiator-headshot/a0ih,M,ATP Tour,2026-05-15T08:49:20.438874+00:00
2584,Kate Mansfield,USA,,839,,2004-10-24,,,,0,0,,,https://upload.wikimedia.org/wikipedia/commons/thumb/5/5f/Katherine_Mansfield_%28no_signature%29.jpg/330px-Katherine_Mansfield_%28no_signature%29.jpg,F,WTA Tour Official,2026-05-07T11:00:37.002500+00:00
1993,Luca Castagnola,ITA,,575,2025-08-04,2002-06-14,"6'0"" (183cm)",158 lbs (72kg),"Right-Handed, Two-Handed Backhand",0,0,,"$54,241",https://www.atptour.com/-/media/alias/player-gladiator-headshot/c0hv,M,ATP Tour,2026-05-15T08:51:19.195042+00:00
1996,Enzo Couacaud,FRA,,151,2023-07-17,1995-03-01,"6'0"" (183cm)",172 lbs (78kg),"Right-Handed, Two-Handed Backhand",2,9,2013,"$1,370,273",https://upload.wikimedia.org/wikipedia/commons/thumb/d/d8/Couacaud_WMQ23_%2853061712906%29.jpg/330px-Couacaud_WMQ23_%2853061712906%29.jpg?utm_source=en.wikipedia.org&utm_campaign=api&utm_content=thumbnail,M,ATP Tour,2026-05-15T08:51:44.874876+00:00
2010,Stijn Slump,NED,,795,2024-12-16,1999-01-21,"6'2"" (188cm)",185 lbs (84kg),"Right-Handed, Unknown Backhand",0,0,,,https://www.atptour.com/-/media/alias/player-gladiator-headshot/s0e6,M,ATP Tour,2026-05-15T08:53:31.111085+00:00
2947,Ines Murta,POR,,927,,1997-05-31,,,,0,0,,,,F,WTA Tour Official,2026-05-07T11:06:50.809284+00:00
2018,Thijs Boogaard,NED,,797,2026-04-13,2008-07-05,"6'0"" (183cm)",171 lbs (78kg),"Right-Handed, Two-Handed Backhand",0,1,,"$37,896",https://www.atptour.com/-/media/alias/player-gladiator-headshot/b0t6,M,ATP Tour,2026-05-15T08:54:45.711077+00:00
4173,Nicholas Steiglehner,USA,,1954,,,,,,0,0,,,,M,ATP Tour,2026-05-07T12:06:06.130100+00:00
2035,Linang Xiao,CHN,,637,2025-07-21,2000-03-18,"5'8"" (173cm)",149 lbs (68kg),"Right-Handed, Two-Handed Backhand",0,0,,"$83,233",https://www.atptour.com/-/media/alias/player-gladiator-headshot/x01a,M,ATP Tour,2026-05-15T08:56:57.054173+00:00
2071,Evgenii Tiurnev,RUS,,265,2022-02-14,1997-04-08,"6'3"" (191cm)",187 lbs (85kg),"Right-Handed, Two-Handed Backhand",0,2,,"$236,725",https://www.atptour.com/-/media/alias/player-gladiator-headshot/td47,M,ATP Tour,2026-05-15T09:01:53.100568+00:00
2039,Jorge Plans,ESP,,802,2026-03-16,2002-01-28,(cm),lbs (kg),"Unknown, Unknown Backhand",0,0,,"$22,830",https://www.atptour.com/-/media/alias/player-gladiator-headshot/p0e2,M,ATP Tour,2026-05-15T08:57:28.189457+00:00
2056,Axel Garcian,FRA,,301,2025-10-27,2002-06-07,"5'10"" (178cm)",158 lbs (72kg),"Right-Handed, Unknown Backhand",0,0,,"$57,801",https://www.atptour.com/-/media/alias/player-gladiator-headshot/g0ff,M,ATP Tour,2026-05-15T08:59:54.427554+00:00
2062,Martin Van Der Meerschen,BEL,,451,2026-04-20,2000-06-14,(cm),lbs (kg),"Unknown, Unknown Backhand",0,0,,"$29,521",https://www.atptour.com/-/media/alias/player-gladiator-headshot/v0bs,M,ATP Tour,2026-05-15T09:00:35.725430+00:00
2013,Thiago Cigarran,ARG,,455,2026-04-20,2000-03-26,"6'0"" (183cm)",162 lbs (73kg),"Right-Handed, One-Handed Backhand",0,0,,"$47,200",https://www.atptour.com/-/media/alias/player-gladiator-headshot/c0gk,M,ATP Tour,2026-05-15T08:53:58.573454+00:00
2068,Keisuke Saitoh,JPN,,458,2024-06-17,2001-04-29,"5'4"" (163cm)",149 lbs (68kg),"Left-Handed, Two-Handed Backhand",0,0,,"$65,903",https://www.atptour.com/-/media/alias/player-gladiator-headshot/s0ld,M,ATP Tour,2026-05-15T09:01:18.273619+00:00
4294,Maxi Carrascosa Diaz,ESP,,2155,,,,,,0,0,,,,M,ATP Tour,2026-05-07T12:08:51.984137+00:00
2076,Rafael Izquierdo Luque,ESP,,302,2026-03-02,2000-01-10,"6'3"" (191cm)",195 lbs (88kg),"Right-Handed, Two-Handed Backhand",0,0,,"$34,883",https://www.atptour.com/-/media/alias/player-gladiator-headshot/i09u,M,ATP Tour,2026-05-15T09:02:34.136681+00:00
2513,Diana Marcinkevica,LAT,,820,,1992-08-03,1.70 m,,Right (two-handed backhand),0,0,,"$385,340",https://upload.wikimedia.org/wikipedia/commons/thumb/9/94/Marcinkevica_WMQ14_%2810%29_%2814420513237%29.jpg/330px-Marcinkevica_WMQ14_%2810%29_%2814420513237%29.jpg,F,WTA Tour Official,2026-05-11T11:40:39.670146+00:00
2518,Eugenie Bouchard,CAN,,821,,1994-02-25,1.78 m,,Right (two-handed backhand),0,0,,"$6,940,637",https://upload.wikimedia.org/wikipedia/commons/thumb/2/29/Bouchard_WMQ23_%2853061135097%29.jpg/330px-Bouchard_WMQ23_%2853061135097%29.jpg,F,WTA Tour Official,2026-05-11T11:40:44.043542+00:00
2649,Ana Konjuh,CRO,,853,,1997-12-27,1.74 m,,Right-handed (two-handed backhand),0,0,,"US$3,063,267",https://upload.wikimedia.org/wikipedia/commons/thumb/2/2b/Konjuh_RGQ23.jpg/330px-Konjuh_RGQ23.jpg,F,WTA Tour Official,2026-05-11T11:42:49.360803+00:00
1699,Jan Kumstat,CZE,,549,2026-04-20,2007-01-02,"6'5"" (196cm)",184 lbs (83kg),"Right-Handed, Two-Handed Backhand",0,0,,"$26,011",https://www.atptour.com/-/media/alias/player-gladiator-headshot/k0jh,M,ATP Tour,2026-05-15T08:12:16.757168+00:00
2688,Federica Di Sarra,ITA,,865,,1990-05-16,,,Right (two-handed backhand),0,0,,"US$ 287,150",https://upload.wikimedia.org/wikipedia/commons/thumb/1/1e/Di_Sarra_RGQ22_%2821%29_%2852130127210%29.jpg/330px-Di_Sarra_RGQ22_%2821%29_%2852130127210%29.jpg,F,WTA Tour Official,2026-05-11T11:43:43.767045+00:00
2689,Petra Hule,AUS,,866,,1999-03-05,,,Right-handed,0,0,,"$179,974",,F,WTA Tour Official,2026-05-11T11:43:51.003574+00:00
2741,Irina Bara,ROU,,877,,1995-03-18,1.64 m,,Right (two-handed backhand),0,0,,"US$ 1,616,569",https://upload.wikimedia.org/wikipedia/commons/thumb/d/d6/Bara_WMQ23_%2853061134967%29.jpg/330px-Bara_WMQ23_%2853061134967%29.jpg,F,WTA Tour Official,2026-05-11T11:44:48.400143+00:00
2745,Julia Garcia Ruiz,MEX,,878,,2003-08-05,,,Left-handed (two-handed backhand),0,0,,"US$29,248",,F,WTA Tour Official,2026-05-11T11:44:56.211645+00:00
2799,Allura Zamarripa,USA,,890,,2002-08-15,,,Left-handed (two-handed backhand)[2],0,0,,"$40,063",,F,WTA Tour Official,2026-05-11T11:45:39.238033+00:00
2803,Abigail Rencheli,USA,,891,,2002-04-05,,,Right-handed,0,0,,"$28,962",https://upload.wikimedia.org/wikipedia/commons/thumb/f/fe/Abigail_Rencheli_%282023_Kitty_Harrison_Invitational%29_17_%28cropped%29.jpg/330px-Abigail_Rencheli_%282023_Kitty_Harrison_Invitational%29_17_%28cropped%29.jpg,F,WTA Tour Official,2026-05-11T11:45:42.296178+00:00
2912,Annika Penickova,USA,,919,,2009-09-11,,,Left-handed (two-handed backhand),0,0,,"$6,056",,F,WTA Tour Official,2026-05-11T11:47:31.613286+00:00
2107,Xiaofei Wang,CHN,,694,2022-08-01,2003-01-10,"5'11"" (180cm)",158 lbs (72kg),"Right-Handed, Two-Handed Backhand",0,0,,"$35,373",https://www.atptour.com/-/media/alias/player-gladiator-headshot/w0b3,M,ATP Tour,2026-05-15T09:06:44.012982+00:00
2111,Wilson Leite,BRA,,341,2014-04-14,1991-11-06,"5'10"" (178cm)",158 lbs (72kg),"Right-Handed, Two-Handed Backhand",0,0,2008,"$218,214",https://www.atptour.com/-/media/alias/player-gladiator-headshot/la54,M,ATP Tour,2026-05-15T09:07:16.944755+00:00
4617,Ivan Dodig,CRO,,,,1985-01-02,,,,0,0,,,https://upload.wikimedia.org/wikipedia/commons/thumb/a/a0/Dodig_MCM23_%285%29_%2852883527210%29.jpg/330px-Dodig_MCM23_%285%29_%2852883527210%29.jpg,M,atp,2026-06-15T06:11:17.858969+00:00
2116,Carles Hernandez,ESP,,830,2025-09-22,2001-04-25,"5'9"" (175cm)",154 lbs (70kg),"Right-Handed, Two-Handed Backhand",0,0,,"$22,966",https://www.atptour.com/-/media/alias/player-gladiator-headshot/h0dq,M,ATP Tour,2026-05-15T09:08:03.932874+00:00
4618,Andrea Sestini Hlavackova,CZE,,,,1986-08-10,,,,0,0,,,,F,wta,2026-06-15T06:11:28.584971+00:00
2120,Jeffrey Von Der Schulenburg,SUI,,509,2026-03-16,2002-02-13,"6'0"" (183cm)",169 lbs (77kg),"Right-Handed, Two-Handed Backhand",0,0,,,https://www.atptour.com/-/media/alias/player-gladiator-headshot/v0e3,M,ATP Tour,2026-05-13T22:57:37.093414+00:00
2129,Iannis Miletich,ITA,,709,2025-08-04,2005-08-27,"5'10"" (178cm)",165 lbs (75kg),"Right-Handed, Two-Handed Backhand",0,0,,,https://www.atptour.com/-/media/alias/player-gladiator-headshot/m0ro,M,ATP Tour,2026-05-13T22:58:30.882914+00:00
2135,Seydina Andre,SEN,,721,2026-05-04,2003-08-08,"6'5"" (196cm)",195 lbs (88kg),"Right-Handed, Two-Handed Backhand",0,1,,,https://www.atptour.com/-/media/alias/player-gladiator-headshot/a0ie,M,ATP Tour,2026-05-13T22:59:02.507773+00:00
2147,Dinko Dinev,BUL,,716,2026-02-16,2004-02-13,"6'2"" (188cm)",173 lbs (78kg),"Right-Handed, Two-Handed Backhand",0,0,,,https://www.atptour.com/-/media/alias/player-gladiator-headshot/d0hs,M,ATP Tour,2026-05-13T23:00:09.868620+00:00
2151,Younes Lalami,MAR,,286,2026-04-20,2001-04-18,"6'2"" (188cm)",182 lbs (83kg),"Right-Handed, Two-Handed Backhand",3,7,,,https://www.atptour.com/-/media/alias/player-gladiator-headshot/l0ck,M,ATP Tour,2026-05-13T23:00:30.557539+00:00
2155,Tomas Curras Abasolo,ESP,,729,2025-12-01,2000-05-02,"5'8"" (173cm)",151 lbs (68kg),"Right-Handed, Two-Handed Backhand",0,0,,,https://www.atptour.com/-/media/alias/player-gladiator-headshot/cn44,M,ATP Tour,2026-05-13T23:00:51.850846+00:00
2176,Mert Naci Turker,TUR,,792,2025-07-14,1998-08-16,"6'2"" (188cm)",165 lbs (75kg),"Right-Handed, Two-Handed Backhand",1,0,,,https://www.atptour.com/-/media/alias/player-gladiator-headshot/td49,M,ATP Tour,2026-05-13T23:02:32.573091+00:00
4174,Gustaf Strom,SWE,,1954,,,,,,0,0,,,,M,ATP Tour,2026-05-07T12:06:07.351100+00:00
4175,Leonardo Suarez,BOL,,1954,,,,,,0,0,,,,M,ATP Tour,2026-05-07T12:06:08.548870+00:00
2102,Alexandre Aubriot,FRA,,735,2026-04-20,1999-06-06,"6'2"" (188cm)",187 lbs (85kg),"Right-Handed, One-Handed Backhand",0,0,,"$47,833",https://www.atptour.com/-/media/alias/player-gladiator-headshot/a0eu,M,ATP Tour,2026-05-15T09:05:43.301566+00:00
2180,Artur Kukasian,RUS,,773,2025-10-13,2004-03-21,"6'1"" (185cm)",171 lbs (78kg),"Right-Handed, Two-Handed Backhand",0,0,,,https://www.atptour.com/-/media/alias/player-gladiator-headshot/k0hu,M,ATP Tour,2026-05-13T23:02:53.510881+00:00
2186,Emon Van Loben Sels,USA,,836,2025-08-18,2004-12-19,"6'0"" (183cm)",170 lbs (77kg),"Right-Handed, Two-Handed Backhand",0,0,,,https://www.atptour.com/-/media/alias/player-gladiator-headshot/v0hg,M,ATP Tour,2026-05-13T23:03:24.349100+00:00
2190,Victor Lilov,USA,,497,2023-11-13,2004-02-11,"6'0"" (183cm)",182 lbs (83kg),"Right-Handed, Two-Handed Backhand",0,0,,"$53,939",https://www.atptour.com/-/media/alias/player-gladiator-headshot/l0g8,M,ATP Tour,2026-05-13T23:03:45.772335+00:00
2197,Michael Zhu,USA,,660,2019-01-14,1992-08-12,"5'9"" (175cm)",169 lbs (77kg),"Right-Handed, Two-Handed Backhand",0,0,,,https://www.atptour.com/-/media/alias/player-gladiator-headshot/z350,M,ATP Tour,2026-05-13T23:04:17.174704+00:00
2210,Alexander Vasilev,BUL,,889,2026-04-20,2007-05-14,"6'1"" (185cm)",167 lbs (76kg),"Left-Handed, Two-Handed Backhand",2,1,,,https://www.atptour.com/-/media/alias/player-gladiator-headshot/v0gr,M,ATP Tour,2026-05-13T23:05:32.267123+00:00
2218,Kristijan Juhas,SRB,,810,2025-10-13,2001-06-04,"6'0"" (183cm)",180 lbs (82kg),"Right-Handed, Two-Handed Backhand",0,0,,,https://www.atptour.com/-/media/alias/player-gladiator-headshot/j0bq,M,ATP Tour,2026-05-13T23:06:12.777476+00:00
2233,Lorenzo Rottoli,ITA,,245,2024-06-24,2002-02-19,"0'0"" (0cm)",140 lbs (64kg),"Right-Handed, Two-Handed Backhand",0,0,,,https://www.atptour.com/-/media/alias/player-gladiator-headshot/r0b6,M,ATP Tour,2026-05-13T23:07:27.437407+00:00
4296,Edoardo De Filippo,ITA,,2155,,,,,,0,0,,,,M,ATP Tour,2026-05-07T12:08:54.382136+00:00
2236,Benjamin Thomas George,CAN,,515,2025-09-29,2002-12-20,"6'2"" (188cm)",165 lbs (75kg),"Left-Handed, Two-Handed Backhand",0,0,,,https://www.atptour.com/-/media/alias/player-gladiator-headshot/g0mh,M,ATP Tour,2026-05-13T23:07:51.607253+00:00
2243,Matthew Forbes,USA,,896,2025-11-17,2006-04-06,"6'3"" (191cm)",190 lbs (86kg),"Right-Handed, Two-Handed Backhand",0,1,,,https://upload.wikimedia.org/wikipedia/commons/thumb/a/a0/Matthew_Forbes_%282024_US_Open%29_01.jpg/330px-Matthew_Forbes_%282024_US_Open%29_01.jpg,M,ATP Tour,2026-05-13T23:08:21.451460+00:00
2259,Enzo Kohlmann De Freitas,BRA,,704,2025-11-03,2006-09-16,"5'10"" (178cm)",165 lbs (75kg),"Right-Handed, Unknown Backhand",0,0,,,https://www.atptour.com/-/media/alias/player-gladiator-headshot/k0mx,M,ATP Tour,2026-05-13T23:09:36.632249+00:00
2266,Thantub Suksumrarn,THA,,515,2026-05-04,2001-05-18,"5'7"" (170cm)",147 lbs (67kg),"Right-Handed, Two-Handed Backhand",2,1,,,https://www.atptour.com/-/media/alias/player-gladiator-headshot/s0mj,M,ATP Tour,2026-05-13T23:10:10.510497+00:00
2281,Aleksa Ciric,SRB,,910,2025-11-17,2000-06-21,"6'2"" (188cm)",187 lbs (85kg),"Right-Handed, Two-Handed Backhand",0,0,,,https://www.atptour.com/-/media/alias/player-gladiator-headshot/c0fj,M,ATP Tour,2026-05-13T23:11:28.605002+00:00
2286,Salvador Price,COL,,911,2025-11-24,2005-02-19,"5'8"" (173cm)",143 lbs (65kg),"Right-Handed, Two-Handed Backhand",0,0,,,https://www.atptour.com/-/media/alias/player-gladiator-headshot/p0lg,M,ATP Tour,2026-05-13T23:11:59.561997+00:00
2297,Daniele Rapagnetta,ITA,,929,2026-02-23,2006-12-03,"5'8"" (173cm)",145 lbs (66kg),"Right-Handed, Two-Handed Backhand",0,0,,,https://www.atptour.com/-/media/alias/player-gladiator-headshot/r0km,M,ATP Tour,2026-05-13T23:12:53.733223+00:00
1702,Maxence Beauge,FRA,,289,2026-04-20,2000-06-08,"6'0"" (183cm)",154 lbs (70kg),"Right-Handed, Two-Handed Backhand",0,0,,"$92,405",https://www.atptour.com/-/media/alias/player-gladiator-headshot/b0a0,M,ATP Tour,2026-05-15T08:12:43.127134+00:00
4619,Milos Raonic,CAN,,,,1990-12-27,,,,0,0,,,https://upload.wikimedia.org/wikipedia/commons/thumb/5/5e/Raonic_WM17_%2854%29_%2835793471790%29.jpg/330px-Raonic_WM17_%2854%29_%2835793471790%29.jpg,M,atp,2026-06-15T06:11:33.157844+00:00
2250,Keaton Hance,USA,,916,2026-05-04,2008-03-06,"5'11"" (180cm)",160 lbs (73kg),"Right-Handed, Two-Handed Backhand",0,0,,"US $6,369",https://www.atptour.com/-/media/alias/player-gladiator-headshot/h0m1,M,ATP Tour,2026-05-11T12:04:01.211461+00:00
2301,Lucca Helguera Casado,ESP,,940,2026-05-04,2005-12-01,"5'11"" (180cm)",169 lbs (77kg),"Right-Handed, Two-Handed Backhand",0,0,,,https://www.atptour.com/-/media/alias/player-gladiator-headshot/h0hc,M,ATP Tour,2026-05-11T12:08:29.169999+00:00
2315,J.J. Wolf,USA,,39,2023-02-13,1998-12-21,"6'0"" (183cm)",178 lbs (81kg),"Right-Handed, Two-Handed Backhand",45,53,2019,"US $2,498,488",https://upload.wikimedia.org/wikipedia/commons/thumb/0/06/J.J._Wolf_%282023_US_Open%29_01_%28cropped%29.jpg/330px-J.J._Wolf_%282023_US_Open%29_01_%28cropped%29.jpg,M,ATP Tour,2026-05-13T23:14:33.738042+00:00
2326,William Rejchtman Vinciguerra,SWE,,951,2026-04-06,2007-02-10,"5'10"" (178cm)",169 lbs (77kg),"Left-Handed, Two-Handed Backhand",0,1,,,https://www.atptour.com/-/media/alias/player-gladiator-headshot/r0iu,M,ATP Tour,2026-05-13T23:15:38.724612+00:00
2331,Isaac Becroft,NZL,,652,2026-05-04,2000-10-29,"5'11"" (180cm)",165 lbs (75kg),"Right-Handed, Unknown Backhand",0,0,,,https://www.atptour.com/-/media/alias/player-gladiator-headshot/b0hy,M,ATP Tour,2026-05-13T23:15:57.942143+00:00
2347,Bastian Malla,CHI,,362,2015-12-14,1996-09-22,(cm),lbs (kg),"Unknown, Unknown Backhand",0,0,,,https://www.atptour.com/-/media/alias/player-gladiator-headshot/mm24,M,ATP Tour,2026-05-13T23:17:21.334699+00:00
2353,Enzo Wallart,USA,,594,2022-08-08,1997-02-12,"6'1"" (185cm)",167 lbs (76kg),"Right-Handed, Two-Handed Backhand",0,0,,,https://www.atptour.com/-/media/alias/player-gladiator-headshot/w749,M,ATP Tour,2026-05-13T23:17:54.523750+00:00
4136,Matyas Kozlovsky,CZE,,1954,,,,,,0,0,,,,M,ATP Tour,2026-05-07T12:05:21.116060+00:00
4137,Veljko Krstic,SRB,,1954,,,,,,0,0,,,,M,ATP Tour,2026-05-07T12:05:22.341975+00:00
4138,Tomas Lanik,SVK,,1954,,,,,,0,0,,,,M,ATP Tour,2026-05-07T12:05:23.549927+00:00
4139,Anes Latifovic,GER,,1954,,,,,,0,0,,,,M,ATP Tour,2026-05-07T12:05:24.744906+00:00
4140,Jordan Lee,USA,,1954,,,,,,0,0,,,,M,ATP Tour,2026-05-07T12:05:25.951030+00:00
4141,Tim Loosen,GER,,1954,,,,,,0,0,,,,M,ATP Tour,2026-05-07T12:05:27.138304+00:00
4142,Mikolaj Lorens,POL,,1954,,,,,,0,0,,,,M,ATP Tour,2026-05-07T12:05:28.341451+00:00
4143,Martin Maldonado,ECU,,1954,,,,,,0,0,,,,M,ATP Tour,2026-05-07T12:05:29.533085+00:00
4144,Tomas Marin,COL,,1954,,,,,,0,0,,,,M,ATP Tour,2026-05-07T12:05:30.732258+00:00
4145,Marco Migliorati,ITA,,1954,,,,,,0,0,,,,M,ATP Tour,2026-05-07T12:05:31.933960+00:00
4146,Milos Mikovic,SRB,,1954,,,,,,0,0,,,,M,ATP Tour,2026-05-07T12:05:33.143606+00:00
4147,Ali Missoum,MAR,,1954,,,,,,0,0,,,,M,ATP Tour,2026-05-07T12:05:34.323339+00:00
4148,Luis Jose Nakamine,PER,,1954,,,,,,0,0,,,,M,ATP Tour,2026-05-07T12:05:35.529021+00:00
4149,Seiya Nakanishi,JPN,,1954,,,,,,0,0,,,,M,ATP Tour,2026-05-07T12:05:36.720962+00:00
4150,Pierre Ngijol Carre,FRA,,1954,,,,,,0,0,,,,M,ATP Tour,2026-05-07T12:05:37.932696+00:00
4151,Dingzheng Nima,CHN,,1954,,,,,,0,0,,,,M,ATP Tour,2026-05-07T12:05:39.121392+00:00
4152,Maximilian Oezcelik,GER,,1954,,,,,,0,0,,,,M,ATP Tour,2026-05-07T12:05:40.323242+00:00
4153,Alexander Ikenna Okonkwo,GBR,,1954,,,,,,0,0,,,,M,ATP Tour,2026-05-07T12:05:41.517254+00:00
4154,Yshai Oliel,ISR,,1954,,,,,,0,0,,,,M,ATP Tour,2026-05-07T12:05:42.734656+00:00
4155,Seungmin Park,KOR,,1954,,,,,,0,0,,,,M,ATP Tour,2026-05-07T12:05:43.920995+00:00
4156,Bogdan Pavel,ROU,,1954,,,,,,0,0,,,,M,ATP Tour,2026-05-07T12:05:45.149591+00:00
4157,Alexander Petrov,BUL,,1954,,,,,,0,0,,,,M,ATP Tour,2026-05-07T12:05:46.341792+00:00
4158,Mattias Pisanu,ITA,,1954,,,,,,0,0,,,,M,ATP Tour,2026-05-07T12:05:47.555754+00:00
4159,Tadija Radovanovic,SRB,,1954,,,,,,0,0,,,,M,ATP Tour,2026-05-07T12:05:48.748896+00:00
4160,Yannik Rahman,USA,,1954,,,,,,0,0,,,,M,ATP Tour,2026-05-07T12:05:49.955047+00:00
4161,Philippe Renard,FRA,,1954,,,,,,0,0,,,,M,ATP Tour,2026-05-07T12:05:51.644399+00:00
4162,Rodrigo Reyna,MEX,,1954,,,,,,0,0,,,,M,ATP Tour,2026-05-07T12:05:52.891729+00:00
4163,Freddie Ridout,GBR,,1954,,,,,,0,0,,,,M,ATP Tour,2026-05-07T12:05:54.084336+00:00
4164,Pablo Robledo,COL,,1954,,,,,,0,0,,,,M,ATP Tour,2026-05-07T12:05:55.288090+00:00
4165,Tim Ruehl,GER,,1954,,,,,,0,0,,,,M,ATP Tour,2026-05-07T12:05:56.463588+00:00
4166,Jan Sadzik,POL,,1954,,,,,,0,0,,,,M,ATP Tour,2026-05-07T12:05:57.704972+00:00
4167,Fabien Salle,FRA,,1954,,,,,,0,0,,,,M,ATP Tour,2026-05-07T12:05:58.938913+00:00
4168,Manuel Sanchez,MEX,,1954,,,,,,0,0,,,,M,ATP Tour,2026-05-07T12:06:00.148734+00:00
4169,Jonas Schaer,SUI,,1954,,,,,,0,0,,,,M,ATP Tour,2026-05-07T12:06:01.329277+00:00
4170,Rafael Segado Esteve,ESP,,1954,,,,,,0,0,,,,M,ATP Tour,2026-05-07T12:06:02.530232+00:00
4171,Rethin Pranav Senthil Kumar,IND,,1954,,,,,,0,0,,,,M,ATP Tour,2026-05-07T12:06:03.713011+00:00
4172,Stephen Slocombe,BAR,,1954,,,,,,0,0,,,,M,ATP Tour,2026-05-07T12:06:04.924791+00:00
4298,Matteo Gribaldo,ITA,,2155,,,,,,0,0,,,,M,ATP Tour,2026-05-07T12:08:56.774993+00:00
4300,Petr Iamachkine,PER,,2155,,,,,,0,0,,,,M,ATP Tour,2026-05-07T12:08:59.195809+00:00
2364,Ozan Baris,USA,,521,2024-08-19,2004-03-31,"6'1"" (185cm)",185 lbs (84kg),"Right-Handed, Two-Handed Backhand",0,0,,"$33,856",https://www.atptour.com/-/media/alias/player-gladiator-headshot/c0hx,M,ATP Tour,2026-05-13T23:18:49.943759+00:00
2370,Egor Gerasimov,BLR,,65,2020-02-24,1992-11-11,"6'5"" (196cm)",190 lbs (86kg),"Right-Handed, Two-Handed Backhand",63,60,2010,"US$2,091,386",https://upload.wikimedia.org/wikipedia/commons/thumb/f/fb/Gerasimov_RGQ22_%28114%29_%2852129855729%29.jpg/330px-Gerasimov_RGQ22_%28114%29_%2852129855729%29.jpg,M,ATP Tour,2026-05-13T23:19:22.933146+00:00
2378,Alvin Nicholas Tudorica,CAN,,416,2025-07-21,2002-02-13,"5'10"" (178cm)",165 lbs (75kg),"Left-Handed, Two-Handed Backhand",0,0,,,https://www.atptour.com/-/media/alias/player-gladiator-headshot/t0iz,M,ATP Tour,2026-05-13T23:20:06.986804+00:00
2382,Peter Buldorini,IRL,,685,2025-02-10,2004-08-09,"6'0"" (183cm)",162 lbs (73kg),"Right-Handed, Two-Handed Backhand",1,1,,,https://www.atptour.com/-/media/alias/player-gladiator-headshot/b0pd,M,ATP Tour,2026-05-13T23:20:28.125625+00:00
2388,Karl Friberg,SWE,,355,2023-06-19,1999-03-25,"6'3"" (191cm)",187 lbs (85kg),"Right-Handed, Two-Handed Backhand",0,2,,,https://www.atptour.com/-/media/alias/player-gladiator-headshot/f09j,M,ATP Tour,2026-05-13T23:21:00.197916+00:00
2397,Dylan Dietrich,SUI,,970,2026-03-16,2004-09-22,"6'4"" (193cm)",171 lbs (78kg),"Right-Handed, Two-Handed Backhand",0,0,,,https://www.atptour.com/-/media/alias/player-gladiator-headshot/d0hx,M,ATP Tour,2026-05-13T23:21:55.673391+00:00
2400,Trey Hilderbrand,USA,,94,2026-03-16,2000-05-15,"6'5"" (196cm)",190 lbs (86kg),"Right-Handed, Two-Handed Backhand",0,5,,"$120,829",https://www.atptour.com/-/media/alias/player-gladiator-headshot/h0b7,M,ATP Tour,2026-05-13T23:22:06.660731+00:00
2407,Dominik Recek,CZE,,977,2025-10-27,1995-02-19,"6'3"" (191cm)",176 lbs (80kg),"Right-Handed, Two-Handed Backhand",0,0,,,https://www.atptour.com/-/media/alias/player-gladiator-headshot/rd58,M,ATP Tour,2026-05-13T23:22:48.263601+00:00
2413,Yuto Oki,JPN,,954,2026-04-06,2005-10-18,"5'10"" (178cm)",165 lbs (75kg),"Right-Handed, Two-Handed Backhand",0,0,,,https://www.atptour.com/-/media/alias/player-gladiator-headshot/o0e1,M,ATP Tour,2026-05-13T23:23:21.506571+00:00
1109,Taro Daniel,JPN,,58,2024-01-15,1993-01-27,"6'3"" (191cm)",185 lbs (84kg),"Right-Handed, Two-Handed Backhand",91,155,2010,"$5,003,950",https://upload.wikimedia.org/wikipedia/commons/thumb/f/fe/Taro_Daniel_%282025_DC_Open%29_02_%28cropped%29.jpg/330px-Taro_Daniel_%282025_DC_Open%29_02_%28cropped%29.jpg,M,ATP Tour,2026-05-15T06:55:21.543118+00:00
4176,Elias Sumann,AUT,,1954,,,,,,0,0,,,,M,ATP Tour,2026-05-07T12:06:09.771752+00:00
4178,Daniel Tazabekov,KAZ,,1954,,,,,,0,0,,,,M,ATP Tour,2026-05-07T12:06:12.207452+00:00
4180,Aadarsh Tripathi,USA,,1954,,,,,,0,0,,,,M,ATP Tour,2026-05-07T12:06:14.616048+00:00
4182,Iker Urribarrens Ramirez,ESP,,1954,,,,,,0,0,,,,M,ATP Tour,2026-05-07T12:06:17.025500+00:00
4184,Julian Valenzuela,CHI,,1954,,,,,,0,0,,,,M,ATP Tour,2026-05-07T12:06:19.425373+00:00
4186,Franco Ariel Vazquez,ARG,,1954,,,,,,0,0,,,,M,ATP Tour,2026-05-07T12:06:21.804642+00:00
4188,Finn Willman,NZL,,1954,,,,,,0,0,,,,M,ATP Tour,2026-05-07T12:06:24.189769+00:00
4190,Fernando Yamacita,BRA,,1954,,,,,,0,0,,,,M,ATP Tour,2026-05-07T12:06:26.599144+00:00
4192,Vitaliy Zatsepin,KAZ,,1954,,,,,,0,0,,,,M,ATP Tour,2026-05-07T12:06:28.999866+00:00
4194,Danielle Abadia,PHI,,2059,,,,,,0,0,,,,M,ATP Tour,2026-05-07T12:06:41.252250+00:00
4196,Marco Alvarez,MEX,,2059,,,,,,0,0,,,,M,ATP Tour,2026-05-07T12:06:43.672617+00:00
4198,Flavio Bocci,ITA,,2059,,,,,,0,0,,,,M,ATP Tour,2026-05-07T12:06:46.076996+00:00
4200,Thanaphat Boosarawongse,THA,,2059,,,,,,0,0,,,,M,ATP Tour,2026-05-07T12:06:48.459822+00:00
4202,Andres Gabriel Ciurletti,ITA,,2059,,,,,,0,0,,,,M,ATP Tour,2026-05-07T12:06:50.902602+00:00
4204,Clement Deleersnyder,FRA,,2059,,,,,,0,0,,,,M,ATP Tour,2026-05-07T12:06:53.319407+00:00
4206,Thomas Drayton,GBR,,2059,,,,,,0,0,,,,M,ATP Tour,2026-05-07T12:06:55.705747+00:00
4208,Tarek Erlewein,GER,,2059,,,,,,0,0,,,,M,ATP Tour,2026-05-07T12:06:58.107587+00:00
4210,Barney Fitzpatrick,GBR,,2059,,,,,,0,0,,,,M,ATP Tour,2026-05-07T12:07:00.502117+00:00
4212,Sai Karteek Reddy Ganta,IND,,2059,,,,,,0,0,,,,M,ATP Tour,2026-05-07T12:07:02.896480+00:00
4214,Anthony Genov,BUL,,2059,,,,,,0,0,,,,M,ATP Tour,2026-05-07T12:07:05.301251+00:00
4216,Javier Guzman,CHI,,2059,,,,,,0,0,,,,M,ATP Tour,2026-05-07T12:07:07.702102+00:00
4218,Ilan Zheng Xiong Hediger,SUI,,2059,,,,,,0,0,,,,M,ATP Tour,2026-05-07T12:07:10.115344+00:00
4220,Sean Hess,ARG,,2059,,,,,,0,0,,,,M,ATP Tour,2026-05-07T12:07:12.504087+00:00
4222,Viktor Jovic,SRB,,2059,,,,,,0,0,,,,M,ATP Tour,2026-05-07T12:07:14.917847+00:00
4224,Rhys Lawlor,GBR,,2059,,,,,,0,0,,,,M,ATP Tour,2026-05-07T12:07:17.299700+00:00
4226,Adam Majchrzak,POL,,2059,,,,,,0,0,,,,M,ATP Tour,2026-05-07T12:07:19.720305+00:00
4228,Franco Marini,ARG,,2059,,,,,,0,0,,,,M,ATP Tour,2026-05-07T12:07:22.137698+00:00
4230,Jordi Mas De Ugarte,ESP,,2059,,,,,,0,0,,,,M,ATP Tour,2026-05-07T12:07:24.537364+00:00
4232,Stefan Menichella,USA,,2059,,,,,,0,0,,,,M,ATP Tour,2026-05-07T12:07:26.932481+00:00
4234,Daniele Minighini,ITA,,2059,,,,,,0,0,,,,M,ATP Tour,2026-05-07T12:07:29.322143+00:00
4236,Vicente Monge,PER,,2059,,,,,,0,0,,,,M,ATP Tour,2026-05-07T12:07:31.721486+00:00
4238,Fabrizio Karol Pio Osti,ITA,,2059,,,,,,0,0,,,,M,ATP Tour,2026-05-07T12:07:34.119776+00:00
4240,Oscar Pinto Sansano,ESP,,2059,,,,,,0,0,,,,M,ATP Tour,2026-05-07T12:07:36.508564+00:00
4242,Kase Schinnerer,USA,,2059,,,,,,0,0,,,,M,ATP Tour,2026-05-07T12:07:38.894496+00:00
4244,Joao Silva,POR,,2059,,,,,,0,0,,,,M,ATP Tour,2026-05-07T12:07:41.291839+00:00
4246,Filip Stidell,SWE,,2059,,,,,,0,0,,,,M,ATP Tour,2026-05-07T12:07:43.683964+00:00
4248,Bjorn Swenson,USA,,2059,,,,,,0,0,,,,M,ATP Tour,2026-05-07T12:07:46.085474+00:00
4250,Alexander Ushakov,RUS,,2059,,,,,,0,0,,,,M,ATP Tour,2026-05-07T12:07:48.476195+00:00
4252,Niels Peter Van Noord,CAN,,2059,,,,,,0,0,,,,M,ATP Tour,2026-05-07T12:07:50.868384+00:00
4254,Henrik Villanger,NOR,,2059,,,,,,0,0,,,,M,ATP Tour,2026-05-07T12:07:53.262990+00:00
4256,Maximus Zavier Wong,SGP,,2059,,,,,,0,0,,,,M,ATP Tour,2026-05-07T12:07:55.661164+00:00
4258,Mohammad Alkotop,JOR,,2123,,,,,,0,0,,,,M,ATP Tour,2026-05-07T12:08:08.674860+00:00
4260,Charlie Camus,FRA,,2123,,,,,,0,0,,,,M,ATP Tour,2026-05-07T12:08:11.060510+00:00
4262,Luc Fomba,FRA,,2123,,,,,,0,0,,,,M,ATP Tour,2026-05-07T12:08:13.481202+00:00
4264,Hong Lin Fu,TPE,,2123,,,,,,0,0,,,,M,ATP Tour,2026-05-07T12:08:15.929227+00:00
4266,Seonyong Han,KOR,,2123,,,,,,0,0,,,,M,ATP Tour,2026-05-07T12:08:18.323964+00:00
4268,Adam Heinonen,SWE,,2123,,,,,,0,0,,,,M,ATP Tour,2026-05-07T12:08:20.740928+00:00
4270,Roan Jones,GBR,,2123,,,,,,0,0,,,,M,ATP Tour,2026-05-07T12:08:23.139010+00:00
4272,Rein Koenders,NED,,2123,,,,,,0,0,,,,M,ATP Tour,2026-05-07T12:08:25.516846+00:00
4274,Samuil Konov,BUL,,2123,,,,,,0,0,,,,M,ATP Tour,2026-05-07T12:08:27.939054+00:00
4276,Norbert Marosik,SVK,,2123,,,,,,0,0,,,,M,ATP Tour,2026-05-07T12:08:30.356463+00:00
4278,Vicente Menezes Freda,BRA,,2123,,,,,,0,0,,,,M,ATP Tour,2026-05-07T12:08:32.754609+00:00
4302,Ruslan Kastsiukevich,BLR,,2155,,,,,,0,0,,,,M,ATP Tour,2026-05-07T12:09:01.586863+00:00
4304,Daniel Lara Salmeron,ESP,,2155,,,,,,0,0,,,,M,ATP Tour,2026-05-07T12:09:03.996981+00:00
4306,Nikos Lehmann,ARG,,2155,,,,,,0,0,,,,M,ATP Tour,2026-05-07T12:09:06.419047+00:00
4308,Goncalo Marques,POR,,2155,,,,,,0,0,,,,M,ATP Tour,2026-05-07T12:09:08.801689+00:00
4310,Jack Patrick Mcgary,USA,,2155,,,,,,0,0,,,,M,ATP Tour,2026-05-07T12:09:11.295290+00:00
4312,Ramazan Kaan Oktay,TUR,,2155,,,,,,0,0,,,,M,ATP Tour,2026-05-07T12:09:13.694152+00:00
4314,Glauco Pinheiro Da Cruz Junior,BRA,,2155,,,,,,0,0,,,,M,ATP Tour,2026-05-07T12:09:16.097955+00:00
4316,Matteo Sciahbasi,ITA,,2155,,,,,,0,0,,,,M,ATP Tour,2026-05-07T12:09:18.776270+00:00
4318,Dmitrii Vasilev,RUS,,2155,,,,,,0,0,,,,M,ATP Tour,2026-05-07T12:09:21.234920+00:00
4320,Romain Andres,FRA,,2184,,,,,,0,0,,,,M,ATP Tour,2026-05-07T12:09:23.618558+00:00
4322,Rahul Dhokia,GBR,,2184,,,,,,0,0,,,,M,ATP Tour,2026-05-07T12:09:25.990157+00:00
4324,Ludvig Fredrik Hede,SWE,,2184,,,,,,0,0,,,,M,ATP Tour,2026-05-07T12:09:28.381605+00:00
4177,Jin Peng Tang,CHN,,1954,,,,,,0,0,,,,M,ATP Tour,2026-05-07T12:06:10.968273+00:00
4179,Kai Thompson,HKG,,1954,,,,,,0,0,,,,M,ATP Tour,2026-05-07T12:06:13.412862+00:00
4181,Nathan Trouve,FRA,,1954,,,,,,0,0,,,,M,ATP Tour,2026-05-07T12:06:15.822686+00:00
4183,Abdulaziz Usmonjonov,UZB,,1954,,,,,,0,0,,,,M,ATP Tour,2026-05-07T12:06:18.213799+00:00
4185,Jip Van Assendelft,NED,,1954,,,,,,0,0,,,,M,ATP Tour,2026-05-07T12:06:20.602423+00:00
4187,Aaron James Williams,GER,,1954,,,,,,0,0,,,,M,ATP Tour,2026-05-07T12:06:22.991490+00:00
4189,Kai An Wu,TPE,,1954,,,,,,0,0,,,,M,ATP Tour,2026-05-07T12:06:25.382110+00:00
4191,Arturs Zagars,LAT,,1954,,,,,,0,0,,,,M,ATP Tour,2026-05-07T12:06:27.780925+00:00
4193,Carlos Zerega,MEX,,1954,,,,,,0,0,,,,M,ATP Tour,2026-05-07T12:06:30.192331+00:00
4195,Damir Abdusamadov,UZB,,2059,,,,,,0,0,,,,M,ATP Tour,2026-05-07T12:06:42.466744+00:00
4197,Felipe Assuncao Garla,BRA,,2059,,,,,,0,0,,,,M,ATP Tour,2026-05-07T12:06:44.875986+00:00
4199,Enrique Bogo,ITA,,2059,,,,,,0,0,,,,M,ATP Tour,2026-05-07T12:06:47.265484+00:00
4201,David Cristian Carteputreda,ROU,,2059,,,,,,0,0,,,,M,ATP Tour,2026-05-07T12:06:49.671958+00:00
4203,Enrique Collar,ESP,,2059,,,,,,0,0,,,,M,ATP Tour,2026-05-07T12:06:52.103421+00:00
4205,João Pedro Didoni Bonini,BRA,,2059,,,,,,0,0,,,,M,ATP Tour,2026-05-07T12:06:54.500651+00:00
4207,Vincent Dullinger,GER,,2059,,,,,,0,0,,,,M,ATP Tour,2026-05-07T12:06:56.882947+00:00
4209,Andres Fernandez Canovas,ESP,,2059,,,,,,0,0,,,,M,ATP Tour,2026-05-07T12:06:59.290808+00:00
4211,Luis Andres Flores Avila,MEX,,2059,,,,,,0,0,,,,M,ATP Tour,2026-05-07T12:07:01.700062+00:00
4213,Filippo Francesco Garbero,ITA,,2059,,,,,,0,0,,,,M,ATP Tour,2026-05-07T12:07:04.085453+00:00
4215,Nicolas Rafael Goldberg Alviani,ESP,,2059,,,,,,0,0,,,,M,ATP Tour,2026-05-07T12:07:06.480715+00:00
4217,Julius Maximilian Haus,GER,,2059,,,,,,0,0,,,,M,ATP Tour,2026-05-07T12:07:08.899921+00:00
4219,Kaeri Hernandez Mariona,GUA,,2059,,,,,,0,0,,,,M,ATP Tour,2026-05-07T12:07:11.296217+00:00
4221,Toru Horie,JPN,,2059,,,,,,0,0,,,,M,ATP Tour,2026-05-07T12:07:13.709609+00:00
4223,Dorian Juszczak,POL,,2059,,,,,,0,0,,,,M,ATP Tour,2026-05-07T12:07:16.097125+00:00
4225,Isaac Lhomond,FRA,,2059,,,,,,0,0,,,,M,ATP Tour,2026-05-07T12:07:18.494621+00:00
4227,Aron Janos Major,HUN,,2059,,,,,,0,0,,,,M,ATP Tour,2026-05-07T12:07:20.899676+00:00
4229,Benjamin  Martin,FRA,,2059,,,,,,0,0,,,,M,ATP Tour,2026-05-07T12:07:23.323570+00:00
4231,Maciej Matuszczyk,POL,,2059,,,,,,0,0,,,,M,ATP Tour,2026-05-07T12:07:25.725205+00:00
4233,Matteo Mesaglio,ITA,,2059,,,,,,0,0,,,,M,ATP Tour,2026-05-07T12:07:28.119683+00:00
4235,Eyad Reda Ezzat Mohamed Sherif,EGY,,2059,,,,,,0,0,,,,M,ATP Tour,2026-05-07T12:07:30.511074+00:00
4237,François Musitelli,FRA,,2059,,,,,,0,0,,,,M,ATP Tour,2026-05-07T12:07:32.905562+00:00
4239,Tomas Pinho,POR,,2059,,,,,,0,0,,,,M,ATP Tour,2026-05-07T12:07:35.308862+00:00
4241,Lautaro Rocha,ARG,,2059,,,,,,0,0,,,,M,ATP Tour,2026-05-07T12:07:37.691049+00:00
4243,Hidde Schoenmakers,NED,,2059,,,,,,0,0,,,,M,ATP Tour,2026-05-07T12:07:40.097031+00:00
4245,Andre Souza,BRA,,2059,,,,,,0,0,,,,M,ATP Tour,2026-05-07T12:07:42.476157+00:00
4247,Samuel Stolarik,SVK,,2059,,,,,,0,0,,,,M,ATP Tour,2026-05-07T12:07:44.886240+00:00
4249,Adam Gabor Szoke,HUN,,2059,,,,,,0,0,,,,M,ATP Tour,2026-05-07T12:07:47.271482+00:00
4251,Tim Vaisman,ISR,,2059,,,,,,0,0,,,,M,ATP Tour,2026-05-07T12:07:49.664229+00:00
4253,Alexander Vikhlyantsev,RUS,,2059,,,,,,0,0,,,,M,ATP Tour,2026-05-07T12:07:52.055026+00:00
4255,Jakub Vrba,CZE,,2059,,,,,,0,0,,,,M,ATP Tour,2026-05-07T12:07:54.447510+00:00
4257,Ahmed Zaki,EGY,,2059,,,,,,0,0,,,,M,ATP Tour,2026-05-07T12:07:56.841803+00:00
4259,Marcin Andrzejczak,POL,,2123,,,,,,0,0,,,,M,ATP Tour,2026-05-07T12:08:09.854176+00:00
4261,Penn Charusorn,THA,,2123,,,,,,0,0,,,,M,ATP Tour,2026-05-07T12:08:12.254500+00:00
4263,Jose Freitas,POR,,2123,,,,,,0,0,,,,M,ATP Tour,2026-05-07T12:08:14.696327+00:00
4265,Santiago Giamichelle,ARG,,2123,,,,,,0,0,,,,M,ATP Tour,2026-05-07T12:08:17.107903+00:00
4267,Hugo Hashimoto,USA,,2123,,,,,,0,0,,,,M,ATP Tour,2026-05-07T12:08:19.522821+00:00
4269,Jan Jermar,CZE,,2123,,,,,,0,0,,,,M,ATP Tour,2026-05-07T12:08:21.927527+00:00
4271,Patrick Jozwicki,AUT,,2123,,,,,,0,0,,,,M,ATP Tour,2026-05-07T12:08:24.318989+00:00
4273,Yuhei Kono,JPN,,2123,,,,,,0,0,,,,M,ATP Tour,2026-05-07T12:08:26.695531+00:00
4275,Matic Kriznik,SLO,,2123,,,,,,0,0,,,,M,ATP Tour,2026-05-07T12:08:29.131265+00:00
4277,Alejandro Melero Kretzer,ESP,,2123,,,,,,0,0,,,,M,ATP Tour,2026-05-07T12:08:31.556125+00:00
4279,Matteo Mura,ITA,,2123,,,,,,0,0,,,,M,ATP Tour,2026-05-07T12:08:33.955474+00:00
4281,Saba George Nanobashvili,SWE,,2123,,,,,,0,0,,,,M,ATP Tour,2026-05-07T12:08:36.343762+00:00
4283,Vihaan Reddy,USA,,2123,,,,,,0,0,,,,M,ATP Tour,2026-05-07T12:08:38.758507+00:00
4285,Sarthak Suden,IND,,2123,,,,,,0,0,,,,M,ATP Tour,2026-05-07T12:08:41.154842+00:00
4287,Jiri Vesely,CZE,,2123,,,,,,0,0,,,,M,ATP Tour,2026-05-07T12:08:43.535784+00:00
4289,Weitao Xu,CHN,,2123,,,,,,0,0,,,,M,ATP Tour,2026-05-07T12:08:45.942897+00:00
4291,Mario Arce Fernandez,ESP,,2155,,,,,,0,0,,,,M,ATP Tour,2026-05-07T12:08:48.356120+00:00
4293,Jonah Braswell,USA,,2155,,,,,,0,0,,,,M,ATP Tour,2026-05-07T12:08:50.763388+00:00
4295,Pedro Henrique Chabalgoity,BRA,,2155,,,,,,0,0,,,,M,ATP Tour,2026-05-07T12:08:53.176713+00:00
4297,Andrei Corneliu Gadoiu,ROU,,2155,,,,,,0,0,,,,M,ATP Tour,2026-05-07T12:08:55.566884+00:00
4299,Alexandru Toubi Hebhang Balan,CAN,,2155,,,,,,0,0,,,,M,ATP Tour,2026-05-07T12:08:57.971772+00:00
4301,Reid Jarvis,USA,,2155,,,,,,0,0,,,,M,ATP Tour,2026-05-07T12:09:00.378955+00:00
4303,Rafael Kis Balazs,HUN,,2155,,,,,,0,0,,,,M,ATP Tour,2026-05-07T12:09:02.778695+00:00
4305,Karl Kazuma Lee,USA,,2155,,,,,,0,0,,,,M,ATP Tour,2026-05-07T12:09:05.201611+00:00
4307,Niels Lootsma,NED,,2155,,,,,,0,0,,,,M,ATP Tour,2026-05-07T12:09:07.600427+00:00
4309,Pablo Masjuan Ginel,ESP,,2155,,,,,,0,0,,,,M,ATP Tour,2026-05-07T12:09:09.984368+00:00
4311,Salvador Monteiro,POR,,2155,,,,,,0,0,,,,M,ATP Tour,2026-05-07T12:09:12.489470+00:00
4313,Daniil Piatrouski,BLR,,2155,,,,,,0,0,,,,M,ATP Tour,2026-05-07T12:09:14.886466+00:00
4315,Oswaldo Alejandro Reyes Tirado,MEX,,2155,,,,,,0,0,,,,M,ATP Tour,2026-05-07T12:09:17.522169+00:00
4317,Kyle Seelig,USA,,2155,,,,,,0,0,,,,M,ATP Tour,2026-05-07T12:09:20.018905+00:00
4319,Alberto Odiseo Alvarado Berrospi,PER,,2184,,,,,,0,0,,,,M,ATP Tour,2026-05-07T12:09:22.419521+00:00
4321,Gregorio Biondolillo,ITA,,2184,,,,,,0,0,,,,M,ATP Tour,2026-05-07T12:09:24.793320+00:00
4323,Gregor Hausberger,AUT,,2184,,,,,,0,0,,,,M,ATP Tour,2026-05-07T12:09:27.174206+00:00
4333,Zhou Mingzhou,CHN,,2184,,,,,,0,0,,,,M,ATP Tour,2026-05-07T12:09:39.205123+00:00
4335,Peter Sallay,HUN,,2184,,,,,,0,0,,,,M,ATP Tour,2026-05-07T12:09:41.595032+00:00
4337,Cedric Stanke,GER,,2184,,,,,,0,0,,,,M,ATP Tour,2026-05-07T12:09:43.983779+00:00
4339,Lazar Vojinovic,SRB,,2184,,,,,,0,0,,,,M,ATP Tour,2026-05-07T12:09:46.377284+00:00
4341,Pablo Aunion,ESP,,2206,,,,,,0,0,,,,M,ATP Tour,2026-05-07T12:09:59.750464+00:00
1115,Oliver Tarvet,GBR,,324,2026-02-16,2003-10-29,"6'1"" (185cm)",195 lbs (88kg),"Right-Handed, Two-Handed Backhand",1,1,,"$165,798",https://upload.wikimedia.org/wikipedia/commons/thumb/b/b9/Oliver_Tarvet_%28tennis_player%29.jpg/330px-Oliver_Tarvet_%28tennis_player%29.jpg,M,ATP Tour,2026-05-15T06:56:07.442276+00:00
1123,Giles Hussey,GBR,,304,2024-08-12,1997-05-26,"6'1"" (185cm)",165 lbs (75kg),"Left-Handed, Two-Handed Backhand",1,1,,"$160,116",https://www.atptour.com/-/media/alias/player-gladiator-headshot/h0dc,M,ATP Tour,2026-05-15T06:57:07.713554+00:00
1728,Cruz Hewitt,AUS,,653,2026-05-04,2008-12-11,"6'1"" (185cm)",154 lbs (70kg),"Right-Handed, Two-Handed Backhand",0,0,,"$93,307",https://www.atptour.com/-/media/alias/player-gladiator-headshot/h0k0,M,ATP Tour,2026-05-15T08:15:55.831441+00:00
4620,Nicolas Mahut,FRA,,,,1982-01-21,,,,0,0,,,https://upload.wikimedia.org/wikipedia/commons/thumb/6/6e/2013_US_Open_%28Tennis%29_-_Nicolas_Mahut_%289657563933%29_%28cropped%29.jpg/330px-2013_US_Open_%28Tennis%29_-_Nicolas_Mahut_%289657563933%29_%28cropped%29.jpg,M,atp,2026-06-15T06:11:33.157844+00:00
4621,Gilles Muller,LUX,,,,1983-05-09,,,,0,0,,,https://upload.wikimedia.org/wikipedia/commons/thumb/b/b1/Muller_WM17_%288%29_%2836143089196%29.jpg/330px-Muller_WM17_%288%29_%2836143089196%29.jpg,M,atp,2026-06-15T06:11:33.157844+00:00
4342,Daniil Bogatov,RUS,,2206,,,,,,0,0,,,,M,ATP Tour,2026-05-07T12:10:00.935710+00:00
4343,Alvaro Bueno Gil,ESP,,2206,,,,,,0,0,,,,M,ATP Tour,2026-05-07T12:10:03.269367+00:00
4344,Adrien Burdet,SUI,,2206,,,,,,0,0,,,,M,ATP Tour,2026-05-07T12:10:04.410593+00:00
4345,Ian Luca Cervantes Tomas,MEX,,2206,,,,,,0,0,,,,M,ATP Tour,2026-05-07T12:10:05.545887+00:00
4346,Xirui Han,CHN,,2206,,,,,,0,0,,,,M,ATP Tour,2026-05-07T12:10:06.691183+00:00
4347,Vladimir Holban,GRE,,2206,,,,,,0,0,,,,M,ATP Tour,2026-05-07T12:10:07.825527+00:00
4348,Krittin Koaykul,THA,,2206,,,,,,0,0,,,,M,ATP Tour,2026-05-07T12:10:08.978763+00:00
4349,Lucky Candra Kurniawan,INA,,2206,,,,,,0,0,,,,M,ATP Tour,2026-05-07T12:10:10.124066+00:00
4350,Kyle Overmyer,USA,,2206,,,,,,0,0,,,,M,ATP Tour,2026-05-07T12:10:11.258769+00:00
4351,Jaden Dewandaka Tan,INA,,2206,,,,,,0,0,,,,M,ATP Tour,2026-05-07T12:10:12.405387+00:00
4352,Cagan Efe Tufekci,TUR,,2206,,,,,,0,0,,,,M,ATP Tour,2026-05-07T12:10:13.534390+00:00
4353,Zachary Adam Gedge,AUS,,2218,,,,,,0,0,,,,M,ATP Tour,2026-05-07T12:10:14.680284+00:00
4354,Mateo Carballo,ARG,,2218,,,,,,0,0,,,,M,ATP Tour,2026-05-07T12:10:15.833927+00:00
4355,Lorenzo Ferri,ITA,,2218,,,,,,0,0,,,,M,ATP Tour,2026-05-07T12:10:16.972607+00:00
4356,Ivan Iutkin,RUS,,2218,,,,,,0,0,,,,M,ATP Tour,2026-05-07T12:10:18.114439+00:00
4357,Yong Joon Park,KOR,,2218,,,,,,0,0,,,,M,ATP Tour,2026-05-07T12:10:19.266697+00:00
4358,Essa Qabazard,KUW,,2218,,,,,,0,0,,,,M,ATP Tour,2026-05-07T12:10:20.416515+00:00
4359,Breno Rossetto Urvaneja,BRA,,2218,,,,,,0,0,,,,M,ATP Tour,2026-05-07T12:10:21.574074+00:00
4360,Yassin Ahmed Wageh,EGY,,2218,,,,,,0,0,,,,M,ATP Tour,2026-05-07T12:10:22.725910+00:00
4361,Tsz Fu Wong,HKG,,2218,,,,,,0,0,,,,M,ATP Tour,2026-05-07T12:10:23.878031+00:00
4362,Liam Delicata,MLT,,2227,,,,,,0,0,,,,M,ATP Tour,2026-05-07T12:10:25.018716+00:00
4363,Isaac Nortey,GHA,,2227,,,,,,0,0,,,,M,ATP Tour,2026-05-07T12:10:26.157361+00:00
4364,Adrian Arcon,AUS,,2229,,,,,,0,0,,,,M,ATP Tour,2026-05-07T12:10:27.311612+00:00
4365,Carlos Giraldi,ESP,,2229,,,,,,0,0,,,,M,ATP Tour,2026-05-07T12:10:28.566998+00:00
4366,Matic Dimic,SLO,,2231,,,,,,0,0,,,,M,ATP Tour,2026-05-07T12:10:29.701659+00:00
4367,Atharva Sharma,IND,,2232,,,,,,0,0,,,,M,ATP Tour,2026-05-07T12:10:30.844583+00:00
4368,Adam Farag Cao,CAN,,2233,,,,,,0,0,,,,M,ATP Tour,2026-05-07T12:10:31.988736+00:00
4369,Bogdan Seleznev,RUS,,2233,,,,,,0,0,,,,M,ATP Tour,2026-05-07T12:10:33.142810+00:00
4370,Zhenxiong Dong,CHN,,2235,,,,,,0,0,,,,M,ATP Tour,2026-05-07T12:10:34.295287+00:00
4638,Nuria Llagostera Vives,ESP,,,,1980-05-16,,,,0,0,,,,F,wta,2026-06-15T06:12:59.629889+00:00
4639,Vesna Dolonc,SRB,,,,1989-07-21,,,,0,0,,,,F,wta,2026-06-15T06:12:59.629889+00:00
4640,Anna Tatishvili,USA,,,,1990-02-03,,,,0,0,,,,F,wta,2026-06-15T06:13:16.362423+00:00
1125,Cezar Cretu,ROU,,288,2024-11-04,2001-04-24,"6'2"" (188cm)",187 lbs (85kg),"Right-Handed, Two-Handed Backhand",4,0,2019,"$154,952",https://upload.wikimedia.org/wikipedia/commons/thumb/c/c0/Cezar_Cretu.jpg/330px-Cezar_Cretu.jpg,M,ATP Tour,2026-05-15T06:57:22.968897+00:00
845,Stefanos Sakellaridis,GRE,,200,2026-05-04,2004-09-13,"6'6"" (198cm)",206 lbs (93kg),"Right-Handed, Two-Handed Backhand",4,7,,"$256,296",https://www.atptour.com/-/media/alias/player-gladiator-headshot/s0kt,M,ATP Tour,2026-05-15T06:20:59.177933+00:00
909,Barbora Krejcikova,CZE,26,2,2022-02-28,1995-12-18,1.78m,,Right-handed (two-handed backhand),411,236,,"$18,350,515",https://upload.wikimedia.org/wikipedia/commons/thumb/9/90/Barbora_Krej%C4%8D%C3%ADkov%C3%A1_%282023_US_Open%29_03_%28cropped%29.jpg/330px-Barbora_Krej%C4%8D%C3%ADkov%C3%A1_%282023_US_Open%29_03_%28cropped%29.jpg,F,WTA Tour Official,2026-08-07T06:19:33.141654+00:00
1133,Marc Polmans,AUS,,116,2020-10-12,1997-05-02,"6'2"" (188cm)",172 lbs (78kg),"Right-Handed, Two-Handed Backhand",6,17,2015,"$2,112,636",https://upload.wikimedia.org/wikipedia/commons/thumb/c/c1/Marc_Polmans_%282023_US_Open%29_01_%28cropped%29.jpg/330px-Marc_Polmans_%282023_US_Open%29_01_%28cropped%29.jpg?utm_source=en.wikipedia.org&utm_campaign=api&utm_content=thumbnail,M,ATP Tour,2026-05-15T06:58:24.085611+00:00
1137,Li Tu,AUS,,160,2025-07-14,1996-05-27,"6'0"" (183cm)",176 lbs (80kg),"Right-Handed, One-Handed Backhand",2,12,,"$1,000,175",https://upload.wikimedia.org/wikipedia/commons/thumb/f/f6/Tu_RGQ23_%2852942973432%29.jpg/330px-Tu_RGQ23_%2852942973432%29.jpg?utm_source=en.wikipedia.org&utm_campaign=api&utm_content=thumbnail,M,ATP Tour,2026-05-15T06:58:55.214898+00:00
1143,Yuta Shimizu,JPN,,143,2023-06-12,1999-06-09,"5'4"" (163cm)",136 lbs (62kg),"Left-Handed, Two-Handed Backhand",0,0,,"$514,855",https://upload.wikimedia.org/wikipedia/commons/thumb/0/03/Yuta_Shimizu_%282023_US_Open%29_01.jpg/330px-Yuta_Shimizu_%282023_US_Open%29_01.jpg?utm_source=en.wikipedia.org&utm_campaign=api&utm_content=thumbnail,M,ATP Tour,2026-05-15T06:59:58.875763+00:00
1742,Kaylan Bigun,USA,,662,2026-05-04,2006-05-23,"6'0"" (183cm)",175 lbs (79kg),"Left-Handed, Two-Handed Backhand",0,0,,"$66,982",https://upload.wikimedia.org/wikipedia/commons/thumb/4/49/Boys_ITF_J300_San_Diego_2023_Final_%281%29_%28cropped%29.png/330px-Boys_ITF_J300_San_Diego_2023_Final_%281%29_%28cropped%29.png,M,ATP Tour,2026-05-15T08:18:22.129789+00:00
4622,Robert Kendrick,USA,,,,1979-11-15,,,,0,0,,,https://upload.wikimedia.org/wikipedia/commons/thumb/f/fe/Robert_Kendrick_at_the_2008_Legg_Mason_Tennis_Classic.jpg/330px-Robert_Kendrick_at_the_2008_Legg_Mason_Tennis_Classic.jpg,M,atp,2026-06-15T06:11:54.857702+00:00
4623,Laura Pous-Tio,ESP,,,,1984-10-01,,,,0,0,,,,F,wta,2026-06-15T06:11:54.857702+00:00
4624,Coco Vandeweghe,USA,,,,1991-12-06,,,,0,0,,,,F,wta,2026-06-15T06:11:54.857702+00:00
4625,Ryan Sweeting,USA,,,,1987-07-14,,,,0,0,,,https://upload.wikimedia.org/wikipedia/commons/thumb/e/ea/Sweeting_2009_US_Open_01.jpg/330px-Sweeting_2009_US_Open_01.jpg,M,atp,2026-06-15T06:12:05.952050+00:00
4626,Andreas Haider Maurer,AUT,,,,,,,,0,0,,,,M,atp,2026-06-15T06:12:05.952050+00:00
4627,Go Soeda,JPN,,,,1984-09-05,,,,0,0,,,https://upload.wikimedia.org/wikipedia/commons/thumb/e/ec/Soeda_WMQ18_%2815%29_%2828664119437%29.jpg/330px-Soeda_WMQ18_%2815%29_%2828664119437%29.jpg,M,atp,2026-06-15T06:12:05.952050+00:00
4628,Julian Reister,GER,,,,1986-04-02,,,,0,0,,,https://upload.wikimedia.org/wikipedia/commons/thumb/9/9a/Julian_Reister_%2819637886658%29.jpg/330px-Julian_Reister_%2819637886658%29.jpg,M,atp,2026-06-15T06:12:05.952050+00:00
4629,Matthias Bachinger,GER,,,,1987-04-02,,,,0,0,,,https://upload.wikimedia.org/wikipedia/commons/thumb/0/04/Bachinger_RGQ19_%282%29_%2848002718238%29.jpg/330px-Bachinger_RGQ19_%282%29_%2848002718238%29.jpg,M,atp,2026-06-15T06:12:05.952050+00:00
4630,Christina Mchale,USA,,,,1992-05-11,,,,0,0,,,,F,wta,2026-06-15T06:12:05.952050+00:00
4631,Anastasiya Yakimova,BLR,,,,1986-11-01,,,,0,0,,,,F,wta,2026-06-15T06:12:05.952050+00:00
4632,Alex Bogomolov Jr.,RUS,,,,1983-04-23,,,,0,0,,,https://upload.wikimedia.org/wikipedia/commons/thumb/f/fc/BogomolovINDIANWELLS.jpeg/330px-BogomolovINDIANWELLS.jpeg,M,atp,2026-06-15T06:12:42.289810+00:00
4633,Denis Gremelmayr,GER,,,,1981-08-16,,,,0,0,,,https://upload.wikimedia.org/wikipedia/commons/thumb/f/f2/Denis-Gremelmayr-SAP-Open-San-Jose-2008.jpg/330px-Denis-Gremelmayr-SAP-Open-San-Jose-2008.jpg,M,atp,2026-06-15T06:12:42.289810+00:00
4634,Anastasia Pivovarova,RUS,,,,1990-06-16,,,,0,0,,,,F,wta,2026-06-15T06:12:56.533120+00:00
4635,Petra Cetkovska,CZE,,,,1985-02-08,,,,0,0,,,,F,wta,2026-06-15T06:12:56.533120+00:00
4636,Lukas Rosol,CZE,,,,1985-07-24,,,,0,0,,,https://upload.wikimedia.org/wikipedia/commons/thumb/9/91/Rosol_WM17_%284%29_%2836183432025%29.jpg/330px-Rosol_WM17_%284%29_%2836183432025%29.jpg,M,atp,2026-06-15T06:12:59.629889+00:00
4637,Thomas Schoorel,NED,,,,1989-04-08,,,,0,0,,,https://upload.wikimedia.org/wikipedia/commons/thumb/a/ac/Thomas_Schoorel_2015.jpg/330px-Thomas_Schoorel_2015.jpg,M,atp,2026-06-15T06:12:59.629889+00:00
4641,Ryan Harrison,USA,,,,1992-05-07,,,,0,0,,,https://upload.wikimedia.org/wikipedia/commons/thumb/a/a1/Ryan_Harrison_%282023_DC_Open%29_09_%28cropped%29.jpg/330px-Ryan_Harrison_%282023_DC_Open%29_09_%28cropped%29.jpg,M,atp,2026-06-15T06:13:19.317630+00:00
4642,Eric Prodon,FRA,,,,1981-06-27,,,,0,0,,,https://upload.wikimedia.org/wikipedia/commons/thumb/4/40/%C3%89ric_Prodon.jpg/330px-%C3%89ric_Prodon.jpg,M,atp,2026-06-15T06:13:19.317630+00:00
4643,Joao Souza,BRA,,,,1988-05-27,,,,0,0,,,https://upload.wikimedia.org/wikipedia/commons/thumb/f/fb/Jo%C3%A3o_Souza_7%2C_2015_Wimbledon_Championships_-_Diliff.jpg/330px-Jo%C3%A3o_Souza_7%2C_2015_Wimbledon_Championships_-_Diliff.jpg,M,atp,2026-06-15T06:13:19.317630+00:00
4644,Diego Junqueira,ARG,,,,1980-12-28,,,,0,0,,,https://upload.wikimedia.org/wikipedia/commons/thumb/d/d9/Diego_Junqueira%2C_2009_%28cropped%29.jpg/330px-Diego_Junqueira%2C_2009_%28cropped%29.jpg,M,atp,2026-06-15T06:13:19.317630+00:00
4645,Irina Falconi Hartman,USA,,,,1990-05-04,,,,0,0,,,,F,wta,2026-06-15T06:13:19.317630+00:00
4646,Marina Erakovic,NZL,,,,1988-03-06,,,,0,0,,,,F,wta,2026-06-15T06:13:19.317630+00:00
4647,Eleni Daniilidou,GRE,,,,1982-09-19,,,,0,0,,,,F,wta,2026-06-15T06:13:19.317630+00:00
4648,Paul Capdeville,CHI,,,,1983-04-02,,,,0,0,,,https://upload.wikimedia.org/wikipedia/commons/thumb/2/26/Paul-capdeville.jpg/330px-Paul-capdeville.jpg,M,atp,2026-06-15T06:13:51.870845+00:00
4649,Galina Voskoboeva,KAZ,,,,1984-12-18,,,,0,0,,,,F,wta,2026-06-15T06:13:51.870845+00:00
4650,Stéphanie Dubois,CAN,,,,1986-10-31,,,,0,0,,,,F,wta,2026-06-15T06:13:51.870845+00:00
673,Jack Draper,GBR,,4,2025-06-09,2001-12-22,"6'4"" (193cm)",187 lbs (85kg),"Left-Handed, Two-Handed Backhand",114,64,2018,"$8,896,074",https://upload.wikimedia.org/wikipedia/commons/thumb/7/70/Draper_MCM23_%2855%29_%2852883527225%29.jpg/330px-Draper_MCM23_%2855%29_%2852883527225%29.jpg,M,ATP Tour,2026-05-15T05:44:34.671574+00:00
697,Reilly Opelka,USA,,17,2022-02-28,1997-08-28,"6'11"" (211cm)",225 lbs (102kg),"Right-Handed, Two-Handed Backhand",127,123,2015,"$6,049,053",https://upload.wikimedia.org/wikipedia/commons/thumb/7/74/Reilly_Opelka_%282024_DC_Open%29_03_%28cropped%29.jpg/330px-Reilly_Opelka_%282024_DC_Open%29_03_%28cropped%29.jpg,M,ATP Tour,2026-05-15T05:49:40.649927+00:00
732,Titouan Droguet,FRA,,109,2026-05-04,2001-06-15,"6'3"" (191cm)",176 lbs (80kg),"Right-Handed, Two-Handed Backhand",8,7,2018,"$940,700",https://upload.wikimedia.org/wikipedia/commons/thumb/d/d8/Droguet_MLC21_%282%29_%2851603173155%29.jpg/330px-Droguet_MLC21_%282%29_%2851603173155%29.jpg?utm_source=en.wikipedia.org&utm_campaign=api&utm_content=thumbnail,M,ATP Tour,2026-05-15T05:57:28.413885+00:00
772,Michael Zheng,USA,,145,2026-03-02,2004-01-27,"6'2"" (188cm)",160 lbs (73kg),"Right-Handed, Two-Handed Backhand",1,3,,"$394,224",https://upload.wikimedia.org/wikipedia/commons/thumb/b/bb/Michael_Zheng_%282023_US_Open%29_13_%28cropped%29.jpg/330px-Michael_Zheng_%282023_US_Open%29_13_%28cropped%29.jpg,M,ATP Tour,2026-05-15T06:07:57.871187+00:00
796,Liam Draxl,CAN,,113,2025-07-28,2001-12-05,"6'1"" (185cm)",175 lbs (79kg),"Right-Handed, Two-Handed Backhand",3,4,,"$596,472",https://upload.wikimedia.org/wikipedia/commons/thumb/5/55/LiamDraxl_3.2.23_Colmar.jpg/330px-LiamDraxl_3.2.23_Colmar.jpg?utm_source=en.wikipedia.org&utm_campaign=api&utm_content=thumbnail,M,ATP Tour,2026-05-15T06:13:29.925853+00:00
800,Yoshihito Nishioka,JPN,,24,2023-06-19,1995-09-27,"5'7"" (170cm)",141 lbs (64kg),"Left-Handed, Two-Handed Backhand",145,166,2014,"$7,461,830",https://upload.wikimedia.org/wikipedia/commons/thumb/e/ef/Yoshi_Nishioka_%282023_DC_Open%29_05.jpg/330px-Yoshi_Nishioka_%282023_DC_Open%29_05.jpg?utm_source=en.wikipedia.org&utm_campaign=api&utm_content=thumbnail,M,ATP Tour,2026-05-15T06:14:28.085668+00:00
870,Yu Hsiou Hsu,TPE,,158,2023-10-16,1999-04-02,"5'10"" (178cm)",165 lbs (75kg),"Right-Handed, Two-Handed Backhand",6,4,2016,"$819,561",https://upload.wikimedia.org/wikipedia/commons/thumb/6/62/2023_Roland_Garros_Qualifying_Tournament_-_27_%28cropped%29.jpg/330px-2023_Roland_Garros_Qualifying_Tournament_-_27_%28cropped%29.jpg,M,ATP Tour,2026-05-15T06:24:06.347592+00:00
866,Harold Mayot,FRA,,103,2024-10-14,2002-02-04,"5'11"" (180cm)",176 lbs (80kg),"Right-Handed, Two-Handed Backhand",8,17,2020,"$1,212,529",https://upload.wikimedia.org/wikipedia/commons/thumb/8/81/Mayot_WMQ23_%2853061888044%29.jpg/330px-Mayot_WMQ23_%2853061888044%29.jpg,M,ATP Tour,2026-05-15T06:23:38.323440+00:00
1127,Federico Bondioli,ITA,,189,2026-01-19,2005-05-16,"6'1"" (185cm)",169 lbs (77kg),"Left-Handed, Two-Handed Backhand",1,1,,"$143,731",https://www.atptour.com/-/media/alias/player-gladiator-headshot/b0pe,M,ATP Tour,2026-05-15T06:57:37.150732+00:00
1750,Daniel De Jonge,NED,,456,2026-05-04,1999-08-17,"6'4"" (193cm)",198 lbs (90kg),"Right-Handed, Two-Handed Backhand",0,1,,"$46,996",https://www.atptour.com/-/media/alias/player-gladiator-headshot/d0cu,M,ATP Tour,2026-05-15T08:19:23.253548+00:00
4651,Flavio Cipolla,ITA,,,,1983-10-20,,,,0,0,,,https://upload.wikimedia.org/wikipedia/commons/thumb/5/51/Cipolla_WMQ14_%2825%29_%2814420655387%29.jpg/330px-Cipolla_WMQ14_%2825%29_%2814420655387%29.jpg,M,atp,2026-06-15T06:14:04.238541+00:00
1042,Dominika Salkova,CZE,,112,2026-03-30,2004-06-28,,,Right (two-handed backhand),101,51,,"$508,892",https://upload.wikimedia.org/wikipedia/commons/thumb/7/7a/Dominika_Salkova_1599356_%28cropped%29.jpg/330px-Dominika_Salkova_1599356_%28cropped%29.jpg,F,WTA Tour Official,2026-05-15T05:18:38.349463+00:00
874,Genaro Alberto Olivieri,ARG,,131,2023-10-02,1998-08-04,"5'9"" (175cm)",161 lbs (73kg),"Right-Handed, Two-Handed Backhand",2,1,2016,"$736,682",https://upload.wikimedia.org/wikipedia/commons/thumb/4/49/Road_2_Australia_-_Burruchaga_V_Olivieri_semifinal_-_BugWarp_001214_%28cropped%29.jpg/330px-Road_2_Australia_-_Burruchaga_V_Olivieri_semifinal_-_BugWarp_001214_%28cropped%29.jpg?utm_source=en.wikipedia.org&utm_campaign=api&utm_content=thumbnail,M,ATP Tour,2026-05-15T06:24:35.937206+00:00
908,Oliver Crawford,GBR,,183,2025-09-15,1999-04-30,"5'11"" (180cm)",180 lbs (82kg),"Right-Handed, Two-Handed Backhand",0,1,2020,"$543,815",https://www.atptour.com/-/media/alias/player-gladiator-headshot/c0ak,M,ATP Tour,2026-05-15T06:28:45.351955+00:00
875,Andy Andrade,ECU,,215,2026-05-04,1998-12-14,"5'11"" (180cm)",160 lbs (73kg),"Right-Handed, Two-Handed Backhand",6,4,,"$247,714",https://www.atptour.com/-/media/alias/player-gladiator-headshot/ag08,M,ATP Tour,2026-05-15T06:24:50.197852+00:00
930,Alejandro Moro Canas,ESP,,142,2024-08-26,2000-12-07,"6'0"" (183cm)",171 lbs (78kg),"Right-Handed, Two-Handed Backhand",1,3,,"$584,049",https://www.atptour.com/-/media/alias/player-gladiator-headshot/m0ht,M,ATP Tour,2026-05-15T06:31:35.196471+00:00
914,Felix Gill,GBR,,224,2026-04-06,2002-06-01,"5'9"" (175cm)",176 lbs (80kg),"Left-Handed, Two-Handed Backhand",0,0,,"$206,045",https://upload.wikimedia.org/wikipedia/commons/thumb/5/58/Gill_WMQ22_%2815%29_%2852190158367%29.jpg/330px-Gill_WMQ22_%2815%29_%2852190158367%29.jpg,M,ATP Tour,2026-05-15T06:29:34.304806+00:00
962,Henri Squire,GER,,169,2024-07-15,2000-09-27,"6'5"" (196cm)",180 lbs (82kg),"Right-Handed, Two-Handed Backhand",1,5,,"$526,182",https://upload.wikimedia.org/wikipedia/commons/thumb/8/8e/Henri_Squire_at_the_2023_Tampere_Open.jpg/330px-Henri_Squire_at_the_2023_Tampere_Open.jpg,M,ATP Tour,2026-05-15T06:35:36.876456+00:00
976,Stefan Kozlov,USA,,103,2022-07-18,1998-02-01,"6'0"" (183cm)",174 lbs (79kg),"Right-Handed, Two-Handed Backhand",9,26,2013,"$1,115,418",https://upload.wikimedia.org/wikipedia/commons/thumb/5/5f/Kozlov_BOR22_%2852084206899%29.jpg/330px-Kozlov_BOR22_%2852084206899%29.jpg?utm_source=en.wikipedia.org&utm_campaign=api&utm_content=thumbnail,M,ATP Tour,2026-05-15T06:37:16.028743+00:00
986,Daniel Elahi Galan,COL,,56,2023-07-17,1996-06-18,"6'3"" (191cm)",159 lbs (72kg),"Right-Handed, Two-Handed Backhand",54,79,2015,"$3,435,431",https://upload.wikimedia.org/wikipedia/commons/thumb/9/9e/Daniel_Elahi_Gal%C3%A1n_%282024_DC_Open%29_01_%28cropped%29.jpg/330px-Daniel_Elahi_Gal%C3%A1n_%282024_DC_Open%29_01_%28cropped%29.jpg,M,ATP Tour,2026-05-15T06:38:44.359284+00:00
1050,Abdullah Shelbayh,JOR,,181,2024-01-29,2003-11-16,"5'11"" (180cm)",162 lbs (73kg),"Left-Handed, Two-Handed Backhand",3,12,,"$690,148",https://upload.wikimedia.org/wikipedia/commons/thumb/a/aa/Abedallah_Shelbayh_%282023_Cary%29_01_%28cropped%29.jpg/330px-Abedallah_Shelbayh_%282023_Cary%29_01_%28cropped%29.jpg,M,ATP Tour,2026-05-15T06:46:56.208445+00:00
1071,Lilian Marmousez,FRA,,289,2026-03-02,2002-01-03,"5'11"" (180cm)",180 lbs (82kg),"Right-Handed, One-Handed Backhand",0,0,,"$92,982",https://www.atptour.com/-/media/alias/player-gladiator-headshot/m0gy,M,ATP Tour,2026-05-15T06:49:56.463343+00:00
1054,Michael Geerts,BEL,,212,2023-04-03,1995-01-17,"5'10"" (178cm)",160 lbs (73kg),"Right-Handed, Two-Handed Backhand",1,2,,"$447,416",https://upload.wikimedia.org/wikipedia/commons/thumb/d/d3/Geerts_RGQ23_%2852944097163%29.jpg/330px-Geerts_RGQ23_%2852944097163%29.jpg,M,ATP Tour,2026-05-15T06:47:24.442823+00:00
1086,Blaise Bicknell,JAM,,306,2024-05-27,2001-11-26,"6'3"" (191cm)",180 lbs (82kg),"Right-Handed, Two-Handed Backhand",8,5,,"$101,413",https://www.atptour.com/-/media/alias/player-gladiator-headshot/b0i5,M,ATP Tour,2026-05-15T06:52:08.189492+00:00
1073,Dimitar Kuzmanov,BUL,,159,2022-08-29,1993-07-28,"6'0"" (183cm)",170 lbs (77kg),"Right-Handed, Two-Handed Backhand",21,20,2009,"$907,650",https://upload.wikimedia.org/wikipedia/commons/thumb/2/2b/MG_2772_-_MIKO.jpg/330px-MG_2772_-_MIKO.jpg,M,ATP Tour,2026-05-15T06:50:11.133304+00:00
1111,Mats Rosenkranz,GER,,254,2025-11-17,1998-08-23,"6'4"" (193cm)",191 lbs (87kg),"Left-Handed, Two-Handed Backhand",0,0,,"$208,729",https://upload.wikimedia.org/wikipedia/commons/thumb/6/63/Rosenkranz_REN21_%2851602481649%29.jpg/330px-Rosenkranz_REN21_%2851602481649%29.jpg?utm_source=en.wikipedia.org&utm_campaign=api&utm_content=thumbnail,M,ATP Tour,2026-05-15T06:55:35.629496+00:00
1092,Jacopo Berrettini,ITA,,298,2025-11-17,1998-11-27,"6'3"" (191cm)",193 lbs (88kg),"Right-Handed, Two-Handed Backhand",1,1,2016,"$231,322",https://www.atptour.com/-/media/alias/player-gladiator-headshot/bu10,M,ATP Tour,2026-05-15T06:53:09.745415+00:00
1098,Inaki Montes De La Torre,ESP,,219,2025-10-20,2002-10-03,"5'10"" (178cm)",175 lbs (79kg),"Right-Handed, Two-Handed Backhand",0,0,,"$113,373",https://www.atptour.com/-/media/alias/player-gladiator-headshot/m0nl,M,ATP Tour,2026-05-15T06:53:54.310579+00:00
1100,Renta Tokuda,JPN,,289,2018-08-27,1998-03-29,"5'10"" (178cm)",152 lbs (69kg),"Right-Handed, Two-Handed Backhand",0,0,,"$156,190",https://www.atptour.com/-/media/alias/player-gladiator-headshot/td55,M,ATP Tour,2026-05-15T06:54:10.032785+00:00
1103,Andre Ilagan,USA,,332,2026-05-04,2000-11-16,"5'8"" (173cm)",142 lbs (64kg),"Left-Handed, Unknown Backhand",0,0,,"$105,863",https://www.atptour.com/-/media/alias/player-gladiator-headshot/i0b0,M,ATP Tour,2026-05-15T06:54:37.077224+00:00
1120,Alex Rybakov,USA,,261,2025-10-13,1997-01-27,"6'1"" (185cm)",170 lbs (77kg),"Left-Handed, One-Handed Backhand",0,1,2019,"$248,759",https://upload.wikimedia.org/wikipedia/commons/thumb/2/27/Rybakov_BLO22_%2819%29_%2852157051163%29.jpg/330px-Rybakov_BLO22_%2819%29_%2852157051163%29.jpg,M,ATP Tour,2026-05-15T06:56:52.226861+00:00
1129,Luca Castelnuovo,SUI,,345,2026-05-04,1997-01-29,"6'2"" (188cm)",163 lbs (74kg),"Left-Handed, One-Handed Backhand",0,0,,"$136,730",https://www.atptour.com/-/media/alias/player-gladiator-headshot/ch80,M,ATP Tour,2026-05-15T06:57:52.726109+00:00
1147,Kilian Feldbausch,SUI,,334,2025-09-15,2005-09-07,"6'3"" (191cm)",162 lbs (73kg),"Right-Handed, Two-Handed Backhand",0,0,,"$111,774",https://www.atptour.com/-/media/alias/player-gladiator-headshot/f0f4,M,ATP Tour,2026-05-15T07:00:30.412823+00:00
1149,Norbert Gombos,SVK,,80,2017-10-02,1990-08-13,"6'4"" (193cm)",187 lbs (85kg),"Right-Handed, Two-Handed Backhand",31,62,2009,"$2,324,491",https://upload.wikimedia.org/wikipedia/commons/thumb/2/2e/Gombos_MLC22.jpg/330px-Gombos_MLC22.jpg?utm_source=en.wikipedia.org&utm_campaign=api&utm_content=thumbnail,M,ATP Tour,2026-05-15T07:00:45.390574+00:00
1757,Tuncay Duran,TUR,,666,2025-09-08,2004-06-02,"6'3"" (191cm)",176 lbs (80kg),"Right-Handed, One-Handed Backhand",0,0,,"$31,125",https://www.atptour.com/-/media/alias/player-gladiator-headshot/d0io,M,ATP Tour,2026-05-15T08:20:25.155885+00:00
4652,Sílvia Soler-Espinosa,ESP,,,,1987-11-19,,,,0,0,,,,F,wta,2026-06-15T06:14:04.238541+00:00
4653,Stéphanie Foretz,FRA,,,,1981-05-03,,,,0,0,,,,F,wta,2026-06-15T06:14:04.238541+00:00
1443,Margaux Rouvroy,FRA,,211,2024-09-16,2001-03-22,,,,205,149,,"$282,591",https://upload.wikimedia.org/wikipedia/commons/thumb/3/3f/Rouvroy_9252.jpg/330px-Rouvroy_9252.jpg,F,WTA Tour Official,2026-05-15T06:22:17.280167+00:00
1152,Ioannis Xilas,GRE,,347,2026-03-16,2001-05-12,"5'10"" (178cm)",160 lbs (73kg),"Right-Handed, Two-Handed Backhand",1,1,,"$48,802",https://www.atptour.com/-/media/alias/player-gladiator-headshot/x01c,M,ATP Tour,2026-05-15T07:01:16.454856+00:00
1155,Hayato Matsuoka,JPN,,360,2025-12-15,2005-01-15,"5'11"" (180cm)",154 lbs (70kg),"Right-Handed, Two-Handed Backhand",0,0,,"$61,680",https://www.atptour.com/-/media/alias/player-gladiator-headshot/m0sc,M,ATP Tour,2026-05-15T07:01:44.810970+00:00
1167,Carlos Sanchez Jover,ESP,,260,2025-03-31,2000-07-21,"5'8"" (173cm)",147 lbs (67kg),"Left-Handed, Two-Handed Backhand",0,0,,"$208,334",https://www.atptour.com/-/media/alias/player-gladiator-headshot/s0cg,M,ATP Tour,2026-05-15T07:03:15.318373+00:00
1220,Tommaso Compagnucci,ITA,,393,2026-03-30,1999-11-05,"5'8"" (173cm)",143 lbs (65kg),"Right-Handed, Two-Handed Backhand",0,0,,,https://www.atptour.com/-/media/alias/player-gladiator-headshot/c0bb,M,ATP Tour,2026-05-15T07:10:01.727419+00:00
1180,Daniel Milavsky,USA,,187,2026-05-04,2001-09-12,"6'4"" (193cm)",200 lbs (91kg),"Right-Handed, Two-Handed Backhand",0,0,,"$65,474",https://www.atptour.com/-/media/alias/player-gladiator-headshot/m0rg,M,ATP Tour,2026-05-15T07:04:41.746576+00:00
1201,Luciano Emanuel Ambrogi,ARG,,342,2025-07-14,2003-11-19,"6'2"" (188cm)",169 lbs (77kg),"Right-Handed, Two-Handed Backhand",0,0,,"$112,712",https://www.atptour.com/-/media/alias/player-gladiator-headshot/a0ik,M,ATP Tour,2026-05-15T07:07:26.723413+00:00
1209,Max Alcala Gurri,ESP,,359,2026-04-13,2002-09-11,"5'10"" (178cm)",149 lbs (68kg),"Right-Handed, Two-Handed Backhand",0,0,,"$126,652",https://www.atptour.com/-/media/alias/player-gladiator-headshot/a0ea,M,ATP Tour,2026-05-15T07:08:27.756450+00:00
1229,Lui Maxted,GBR,,398,2026-04-06,2003-12-02,1.80 m,166 lbs (75kg),Right-handed (one-handed backhand),0,1,,"US $57,834",https://www.atptour.com/-/media/alias/player-gladiator-headshot/m0nj,M,ATP Tour,2026-05-15T07:11:22.405415+00:00
1228,Mathys Erhard,FRA,,249,2025-07-28,2001-10-26,"6'2"" (188cm)",185 lbs (84kg),"Right-Handed, Two-Handed Backhand",0,0,,"$237,141",https://www.atptour.com/-/media/alias/player-gladiator-headshot/e0ac,M,ATP Tour,2026-05-15T07:11:02.307524+00:00
1264,Mees Rottgering,NED,,416,2026-05-04,2007-07-07,"5'11"" (180cm)",176 lbs (80kg),"Left-Handed, Two-Handed Backhand",0,2,,"$89,481",https://www.atptour.com/-/media/alias/player-gladiator-headshot/r0kd,M,ATP Tour,2026-05-15T07:15:52.422784+00:00
1234,Rudolf Molleker,GER,,146,2019-07-29,2000-10-26,"6'2"" (188cm)",180 lbs (82kg),"Right-Handed, Two-Handed Backhand",5,13,2017,"$781,143",https://upload.wikimedia.org/wikipedia/commons/thumb/e/e2/Molleker_RGQ19_%2844%29_%2848002619507%29.jpg/330px-Molleker_RGQ19_%2844%29_%2848002619507%29.jpg,M,ATP Tour,2026-05-15T07:11:51.563081+00:00
1241,Jack Loge,BEL,,403,2026-05-04,2004-11-16,"5'11"" (180cm)",160 lbs (73kg),"Right-Handed, Two-Handed Backhand",0,0,,"$48,817",https://www.atptour.com/-/media/alias/player-gladiator-headshot/l0id,M,ATP Tour,2026-05-15T07:12:43.784174+00:00
1244,Stefan Palosi,ROU,,395,2026-03-02,2000-01-28,"5'11"" (180cm)",178 lbs (81kg),"Right-Handed, One-Handed Backhand",0,1,,"$89,632",https://www.atptour.com/-/media/alias/player-gladiator-headshot/p0cy,M,ATP Tour,2026-05-15T07:13:15.874412+00:00
1248,Eduardo Ribeiro,BRA,,162,2026-05-04,1998-03-17,"5'10"" (178cm)",165 lbs (75kg),"Right-Handed, Two-Handed Backhand",0,0,,"$157,616",https://www.atptour.com/-/media/alias/player-gladiator-headshot/r09v,M,ATP Tour,2026-05-15T07:13:43.155262+00:00
1252,Milos Karol,SVK,,138,2025-07-21,2002-12-13,"6'6"" (198cm)",198 lbs (90kg),"Right-Handed, Two-Handed Backhand",1,2,,"$136,143",https://www.atptour.com/-/media/alias/player-gladiator-headshot/k0hg,M,ATP Tour,2026-05-15T07:14:11.971825+00:00
1277,Justin Boulais,CAN,,302,2026-04-06,2001-10-20,"6'0"" (183cm)",170 lbs (77kg),"Left-Handed, One-Handed Backhand",0,1,,"$122,222",https://www.atptour.com/-/media/alias/player-gladiator-headshot/b0f8,M,ATP Tour,2026-05-15T07:17:20.838714+00:00
1304,Corentin Denolly,FRA,,270,2025-04-07,1997-06-06,"6'2"" (188cm)",174 lbs (79kg),"Left-Handed, Two-Handed Backhand",1,1,2015,"$315,070",https://upload.wikimedia.org/wikipedia/commons/thumb/5/50/Denolly_RGQ19_%2838%29_%2848002682997%29.jpg/330px-Denolly_RGQ19_%2838%29_%2848002682997%29.jpg?utm_source=en.wikipedia.org&utm_campaign=api&utm_content=thumbnail,M,ATP Tour,2026-05-15T07:21:00.243638+00:00
1333,Radu Albot,MDA,,39,2019-08-05,1989-11-11,"5'9"" (175cm)",151 lbs (68kg),"Right-Handed, Two-Handed Backhand",107,148,2008,"$5,596,614",https://upload.wikimedia.org/wikipedia/commons/thumb/3/33/Radu_Albot_%282023_DC_Open%29_38_%28cropped%29.jpg/330px-Radu_Albot_%282023_DC_Open%29_38_%28cropped%29.jpg?utm_source=en.wikipedia.org&utm_campaign=api&utm_content=thumbnail,M,ATP Tour,2026-05-15T07:24:30.368494+00:00
1327,Aidan Mchugh,GBR,,298,2022-02-28,2000-07-09,"5'11"" (180cm)",155 lbs (70kg),"Right-Handed, One-Handed Backhand",0,0,,"$239,010",https://www.atptour.com/-/media/alias/player-gladiator-headshot/m0cw,M,ATP Tour,2026-05-15T07:23:46.336926+00:00
1344,Matthew Dellavedova,AUS,,334,2024-12-16,2000-05-30,"6'3"" (191cm)",182 lbs (83kg),"Right-Handed, Two-Handed Backhand",0,0,,"$155,497",https://upload.wikimedia.org/wikipedia/commons/thumb/8/8f/Matthew_Dellavedova_%2849166301537%29_%28cropped%29.jpg/330px-Matthew_Dellavedova_%2849166301537%29_%28cropped%29.jpg,M,ATP Tour,2026-05-15T07:25:55.419968+00:00
1358,Jacopo Vasami,ITA,,464,2026-05-04,2007-12-19,"6'4"" (193cm)",184 lbs (83kg),"Left-Handed, Two-Handed Backhand",0,0,,"$55,064",https://www.atptour.com/-/media/alias/player-gladiator-headshot/v0j1,M,ATP Tour,2026-05-15T07:27:53.527869+00:00
1356,Samuele Pieri,ITA,,463,2026-05-04,2002-02-28,"6'0"" (183cm)",180 lbs (82kg),"Right-Handed, Unknown Backhand",0,0,,"$48,440",https://www.atptour.com/-/media/alias/player-gladiator-headshot/p0hy,M,ATP Tour,2026-05-15T07:27:41.676869+00:00
1378,Matthew William Donald,CZE,,474,2026-05-04,2004-11-08,"5'9"" (175cm)",151 lbs (68kg),"Right-Handed, Two-Handed Backhand",0,0,,"$57,865",https://www.atptour.com/-/media/alias/player-gladiator-headshot/d0hm,M,ATP Tour,2026-05-15T07:30:08.740984+00:00
1380,Filip Peliwo,POL,,475,2018-05-21,1994-01-30,1.80 m,167 lbs (76kg),Right-handed (two-handed backhand),2,6,2013,"US $426,521",https://upload.wikimedia.org/wikipedia/commons/thumb/1/1c/FilipPeliwo.jpg/330px-FilipPeliwo.jpg?utm_source=en.wikipedia.org&utm_campaign=api&utm_content=thumbnail,M,ATP Tour,2026-05-15T07:30:30.242852+00:00
1575,Alexander Ritschard,SUI,,99,2024-09-30,1994-03-24,"6'4"" (193cm)",180 lbs (82kg),"Right-Handed, Two-Handed Backhand",4,8,2018,"$928,279",https://upload.wikimedia.org/wikipedia/commons/thumb/0/08/Ritschard_WMQ23_%28cropped%29.jpg/330px-Ritschard_WMQ23_%28cropped%29.jpg?utm_source=en.wikipedia.org&utm_campaign=api&utm_content=thumbnail,M,ATP Tour,2026-05-15T07:55:55.143501+00:00
1574,Lucciana Perez Alarcon,PER,,365,2025-07-28,2005-05-08,,,Right (two-handed backhand),67,30,,"$54,395",https://upload.wikimedia.org/wikipedia/commons/thumb/8/8a/Lucciana_P%C3%A9rez_%28May_2024%29_05.jpg/330px-Lucciana_P%C3%A9rez_%28May_2024%29_05.jpg,F,WTA Tour Official,2026-05-15T06:32:23.204652+00:00
1386,Enrico Dalla Valle,ITA,,242,2024-06-24,1998-03-21,"6'5"" (196cm)",198 lbs (90kg),"Right-Handed, Two-Handed Backhand",0,0,,"$225,572",https://www.atptour.com/-/media/alias/player-gladiator-headshot/dg80,M,ATP Tour,2026-05-15T07:31:32.378680+00:00
1418,Fares Zakaria,EGY,,449,2026-03-30,2001-05-13,"6'0"" (183cm)",182 lbs (83kg),"Right-Handed, Two-Handed Backhand",1,2,,"$58,026",https://www.atptour.com/-/media/alias/player-gladiator-headshot/z0bl,M,ATP Tour,2026-05-15T07:35:50.701594+00:00
1434,Antoine Escoffier,FRA,,135,2023-10-16,1992-02-29,"6'1"" (185cm)",173 lbs (78kg),"Right-Handed, Two-Handed Backhand",0,1,,"$709,804",https://upload.wikimedia.org/wikipedia/commons/thumb/8/89/Escoffier_WMQ23_%2853062200928%29.jpg/330px-Escoffier_WMQ23_%2853062200928%29.jpg?utm_source=en.wikipedia.org&utm_campaign=api&utm_content=thumbnail,M,ATP Tour,2026-05-15T07:37:54.760018+00:00
1426,Paulo Andre Saraiva Dos Santos,BRA,,204,2025-03-03,2000-06-23,"5'11"" (180cm)",171 lbs (78kg),"Right-Handed, Two-Handed Backhand",0,0,,"$94,314",https://www.atptour.com/-/media/alias/player-gladiator-headshot/s0iv,M,ATP Tour,2026-05-15T07:36:57.009628+00:00
1439,Anton Matusevich,GBR,,388,2021-08-02,2001-05-30,"6'1"" (185cm)",189 lbs (86kg),"Right-Handed, Two-Handed Backhand",0,0,,"$189,514",https://upload.wikimedia.org/wikipedia/commons/thumb/c/cf/Matusevich_WMQ22_%2852191133331%29.jpg/330px-Matusevich_WMQ22_%2852191133331%29.jpg,M,ATP Tour,2026-05-15T07:38:36.311449+00:00
1563,Ryuki Matsuda,JPN,,211,2025-12-01,1999-12-28,"5'2"" (157cm)",132 lbs (60kg),"Right-Handed, Two-Handed Backhand",0,0,,"$102,155",https://www.atptour.com/-/media/alias/player-gladiator-headshot/m0g0,M,ATP Tour,2026-05-15T07:54:29.733310+00:00
1465,Omar Jasika,AUS,,177,2024-11-25,1997-05-18,"6'0"" (183cm)",132 lbs (60kg),"Left-Handed, Two-Handed Backhand",1,5,,"$796,437",https://www.atptour.com/-/media/alias/player-gladiator-headshot/j553,M,ATP Tour,2026-05-15T07:41:55.452454+00:00
1475,Felix Balshaw,FRA,,523,2026-05-04,2006-06-15,"6'3"" (191cm)",171 lbs (78kg),"Right-Handed, One-Handed Backhand",0,0,,"$29,880",https://www.atptour.com/-/media/alias/player-gladiator-headshot/b0wl,M,ATP Tour,2026-05-15T07:43:13.947741+00:00
1498,Emile Hudd,GBR,,248,2024-07-22,2000-05-27,"6'4"" (193cm)",192 lbs (87kg),"Right-Handed, Two-Handed Backhand",0,0,,"$60,727",https://www.atptour.com/-/media/alias/player-gladiator-headshot/h0ek,M,ATP Tour,2026-05-15T07:46:20.455175+00:00
1509,Kirill Kivattsev,RUS,,477,2024-05-06,1997-10-10,"6'4"" (193cm)",lbs (kg),"Right-Handed, One-Handed Backhand",0,0,,"$122,714",https://www.atptour.com/-/media/alias/player-gladiator-headshot/ki71,M,ATP Tour,2026-05-15T07:47:34.066786+00:00
1520,Robin Catry,FRA,,491,2026-03-30,2002-03-06,"6'5"" (196cm)",184 lbs (83kg),"Right-Handed, One-Handed Backhand",0,0,,"$44,535",https://www.atptour.com/-/media/alias/player-gladiator-headshot/c0jt,M,ATP Tour,2026-05-15T07:49:04.315692+00:00
1583,Max Hans Rehberg,GER,,230,2025-03-31,2003-09-13,"6'0"" (183cm)",176 lbs (80kg),"Right-Handed, Two-Handed Backhand",0,4,,"$220,879",https://www.atptour.com/-/media/alias/player-gladiator-headshot/r0ed,M,ATP Tour,2026-05-15T07:57:07.394332+00:00
1595,Alan Fernando Rubio Fierros,MEX,,569,2026-03-30,1999-02-03,"5'9"" (175cm)",165 lbs (75kg),"Right-Handed, Two-Handed Backhand",1,3,,"$70,500",https://www.atptour.com/-/media/alias/player-gladiator-headshot/rh88,M,ATP Tour,2026-05-15T07:58:36.562221+00:00
1605,Ergi Kirkin,TUR,,251,2024-05-06,1999-01-27,"5'11"" (180cm)",171 lbs (78kg),"Right-Handed, Two-Handed Backhand",3,4,,"$226,162",https://www.atptour.com/-/media/alias/player-gladiator-headshot/ki48,M,ATP Tour,2026-05-15T08:00:11.661701+00:00
1611,Mario Gonzalez Fernandez,ESP,,594,2025-03-17,2002-04-28,"6'1"" (185cm)",167 lbs (76kg),"Right-Handed, Two-Handed Backhand",0,0,,,https://www.atptour.com/-/media/alias/player-gladiator-headshot/g0g2,M,ATP Tour,2026-05-15T08:01:10.665152+00:00
1626,Adhithya Ganesan,USA,,544,2025-09-22,2005-10-24,"6'4"" (193cm)",180 lbs (82kg),"Right-Handed, Two-Handed Backhand",0,0,,"$46,785",https://upload.wikimedia.org/wikipedia/commons/thumb/9/95/Adhithya_Ganesan_%282025_DC_Open%29_01_%28cropped%29.jpg/330px-Adhithya_Ganesan_%282025_DC_Open%29_01_%28cropped%29.jpg,M,ATP Tour,2026-05-15T08:03:12.940015+00:00
1615,Dan Alexandru Tomescu,ROU,,451,2025-01-27,1999-03-30,"6'0"" (183cm)",187 lbs (85kg),"Right-Handed, Two-Handed Backhand",0,0,,"$88,265",https://www.atptour.com/-/media/alias/player-gladiator-headshot/t0aa,M,ATP Tour,2026-05-15T08:01:39.900638+00:00
1668,Yanis Ghazouani Durand,FRA,,403,2024-10-28,2000-07-04,"6'0"" (183cm)",162 lbs (73kg),"Right-Handed, Two-Handed Backhand",0,0,,"$42,569",https://www.atptour.com/-/media/alias/player-gladiator-headshot/g0lg,M,ATP Tour,2026-05-15T08:08:38.402492+00:00
1640,Adrian Oetzbach,GER,,502,2024-08-05,1997-10-29,"6'1"" (185cm)",176 lbs (80kg),"Right-Handed, Two-Handed Backhand",0,0,,"$71,973",https://www.atptour.com/-/media/alias/player-gladiator-headshot/o656,M,ATP Tour,2026-05-15T08:04:54.346580+00:00
1647,Alexander Weis,ITA,,285,2023-08-07,1997-04-24,"6'2"" (188cm)",182 lbs (83kg),"Right-Handed, Two-Handed Backhand",0,0,,"$185,212",https://www.atptour.com/-/media/alias/player-gladiator-headshot/wb19,M,ATP Tour,2026-05-15T08:05:53.099733+00:00
794,Denis Klok,RUS,,496,2024-02-26,1998-05-26,"5'11"" (180cm)",180 lbs (82kg),"Right-Handed, Two-Handed Backhand",0,0,,"$99,317",https://www.atptour.com/-/media/alias/player-gladiator-headshot/kg49,M,ATP Tour,2026-05-15T08:06:22.087201+00:00
1666,Nino Ehrenschneider,GER,,517,2025-12-01,2001-03-31,"6'1"" (185cm)",182 lbs (83kg),"Left-Handed, Unknown Backhand",0,0,,"$30,891",https://www.atptour.com/-/media/alias/player-gladiator-headshot/e0bo,M,ATP Tour,2026-05-15T08:08:25.592731+00:00
1408,Jake Delaney,AUS,,434,2024-09-23,1997-05-14,"6'1"" (185cm)",178 lbs (81kg),"Right-Handed, Two-Handed Backhand",0,0,,"$136,876",https://www.atptour.com/-/media/alias/player-gladiator-headshot/dc38,M,ATP Tour,2026-05-15T07:34:15.531107+00:00
1485,Carlos Maria Zarate,ARG,,528,2026-04-20,2005-03-30,"6'3"" (191cm)",180 lbs (82kg),"Right-Handed, Two-Handed Backhand",0,0,,"$29,548",https://www.atptour.com/-/media/alias/player-gladiator-headshot/z0da,M,ATP Tour,2026-05-15T07:44:29.322683+00:00
1492,Eric Vanshelboim,UKR,,357,2024-02-19,2001-07-15,"6'2"" (188cm)",192 lbs (87kg),"Right-Handed, One-Handed Backhand",0,0,,"$146,333",https://www.atptour.com/-/media/alias/player-gladiator-headshot/v0d4,M,ATP Tour,2026-05-15T07:45:35.205298+00:00
1692,Leonardo Rossi,ITA,,605,2025-06-16,2002-08-05,"5'11"" (180cm)",176 lbs (80kg),"Right-Handed, Two-Handed Backhand",0,0,,"$48,721",https://www.atptour.com/-/media/alias/player-gladiator-headshot/r0h6,M,ATP Tour,2026-05-15T08:11:28.733746+00:00
1890,Jodie Burrage,GBR,,533,,1999-05-28,1.75 m,,Right-handed (two-handed backhand),0,0,,"US$ 1,408,272",https://upload.wikimedia.org/wikipedia/commons/thumb/a/a3/Transylvania_Open_2023_Doubles_Final_-_Burrage_Teichmann_vs_Jeanjean_Strahova_%2853281217569%29_%28cropped%29.jpg/330px-Transylvania_Open_2023_Doubles_Final_-_Burrage_Teichmann_vs_Jeanjean_Strahova_%2853281217569%29_%28cropped%29.jpg,F,WTA Tour Official,2026-05-11T11:18:53.346827+00:00
1927,Katy Dunne,GBR,,551,,1995-02-16,,,,0,0,,"$352,868",https://upload.wikimedia.org/wikipedia/commons/thumb/f/fa/Dunne_WMQ16_%2810%29_%2828211169115%29.jpg/330px-Dunne_WMQ16_%2810%29_%2828211169115%29.jpg,F,WTA Tour Official,2026-05-11T11:20:25.180656+00:00
1950,Emina Bektas,USA,,563,,1993-03-30,,,Right-handed (two-handed backhand),0,0,,"$1,090,467",https://upload.wikimedia.org/wikipedia/commons/thumb/4/46/Bektas_WMQ22_%289%29_%2852191212708%29.jpg/330px-Bektas_WMQ22_%289%29_%2852191212708%29.jpg,F,WTA Tour Official,2026-05-11T11:21:14.854180+00:00
2020,Sara Cakarevic,FRA,,597,,1997-03-12,,,Right (two-handed backhand),0,0,,"$146,622",https://upload.wikimedia.org/wikipedia/commons/thumb/7/71/Cakarevic_RG18_%289%29_%2842260490764%29.jpg/330px-Cakarevic_RG18_%289%29_%2842260490764%29.jpg,F,WTA Tour Official,2026-05-11T11:24:10.147718+00:00
2052,Erika Sema,JPN,,613,,1988-11-24,1.63 m,,Right-handed,0,0,,"US$483,755",https://upload.wikimedia.org/wikipedia/commons/thumb/0/06/Sema_E._WMQ14_%2816%29_%2814604859584%29.jpg/330px-Sema_E._WMQ14_%2816%29_%2814604859584%29.jpg,F,WTA Tour Official,2026-05-11T11:25:23.284522+00:00
1704,Michael Bassem Sobhy,EGY,,614,2026-05-04,2004-05-07,"0'0"" (0cm)",0 lbs (0kg),"Right-Handed, Two-Handed Backhand",0,1,,"$40,626",https://www.atptour.com/-/media/alias/player-gladiator-headshot/b0lv,M,ATP Tour,2026-05-15T08:12:57.255821+00:00
1681,Ryan Dickerson,USA,,456,2026-01-05,1997-05-08,"6'2"" (188cm)",185 lbs (84kg),"Right-Handed, Two-Handed Backhand",0,0,,"$33,380",https://www.atptour.com/-/media/alias/player-gladiator-headshot/d0in,M,ATP Tour,2026-05-15T08:10:04.785787+00:00
1724,Lorenzo Sciahbasi,ITA,,617,2026-02-02,2005-11-04,"6'2"" (188cm)",162 lbs (73kg),"Right-Handed, Two-Handed Backhand",0,0,,"$28,988",https://www.atptour.com/-/media/alias/player-gladiator-headshot/s0w4,M,ATP Tour,2026-05-15T08:15:24.577044+00:00
1711,Aleksandre Bakshi,GEO,,448,2025-05-19,1997-07-15,"5'11"" (180cm)",161 lbs (73kg),"Left-Handed, Two-Handed Backhand",4,3,2019,"$135,146",https://www.atptour.com/-/media/alias/player-gladiator-headshot/bp74,M,ATP Tour,2026-05-15T08:13:57.278257+00:00
1790,Yaroslav Demin,RUS,,624,2024-11-04,2005-08-30,"6'1"" (185cm)",173 lbs (78kg),"Right-Handed, Two-Handed Backhand",0,0,,"$45,443",https://upload.wikimedia.org/wikipedia/commons/thumb/7/77/Yaroslav_Demin_%282023_French_Open%29_01.jpg/330px-Yaroslav_Demin_%282023_French_Open%29_01.jpg,M,ATP Tour,2026-05-15T08:24:22.920955+00:00
1725,Igor Kudriashov,RUS,,625,2025-11-10,2003-09-27,"6'4"" (193cm)",191 lbs (87kg),"Right-Handed, Two-Handed Backhand",0,0,,"$27,829",https://www.atptour.com/-/media/alias/player-gladiator-headshot/k0ga,M,ATP Tour,2026-05-15T08:15:40.032429+00:00
1734,Chase Ferguson,AUS,,569,2026-05-04,1999-01-02,"6'1"" (185cm)",176 lbs (80kg),"Right-Handed, Two-Handed Backhand",0,0,,"$32,094",https://www.atptour.com/-/media/alias/player-gladiator-headshot/f0c0,M,ATP Tour,2026-05-15T08:17:05.586196+00:00
1745,Aziz Dougaz,TUN,,185,2025-04-14,1997-03-26,"6'2"" (188cm)",180 lbs (82kg),"Left-Handed, Two-Handed Backhand",6,15,2020,"$654,497",https://upload.wikimedia.org/wikipedia/commons/thumb/9/9a/Dougaz_WMQ23_%2853061130777%29.jpg/330px-Dougaz_WMQ23_%2853061130777%29.jpg?utm_source=en.wikipedia.org&utm_campaign=api&utm_content=thumbnail,M,ATP Tour,2026-05-15T08:18:52.729272+00:00
1753,Richard Gasquet,FRA,,7,2007-07-09,1986-06-18,"6'0"" (183cm)",174 lbs (79kg),"Right-Handed, One-Handed Backhand",610,408,2002,"$21,504,662",https://upload.wikimedia.org/wikipedia/commons/thumb/0/01/Gasquet_BOR22_%2852084213479%29.jpg/330px-Gasquet_BOR22_%2852084213479%29.jpg,M,ATP Tour,2026-05-15T08:19:53.050342+00:00
1755,Gavin Young,USA,,668,2026-03-16,2002-09-17,"6'4"" (193cm)",185 lbs (84kg),"Right-Handed, Two-Handed Backhand",0,0,,"$19,204",https://www.atptour.com/-/media/alias/player-gladiator-headshot/y0bf,M,ATP Tour,2026-05-15T08:20:07.570124+00:00
1775,Tadeas Paroulek,CZE,,429,2025-10-13,1999-12-30,"5'9"" (175cm)",154 lbs (70kg),"Right-Handed, One-Handed Backhand",0,0,,"$64,512",https://www.atptour.com/-/media/alias/player-gladiator-headshot/p0bm,M,ATP Tour,2026-05-15T08:22:51.877447+00:00
1779,Michal Krajci,SVK,,576,2026-03-16,2005-01-14,"6'0"" (183cm)",178 lbs (81kg),"Right-Handed, Two-Handed Backhand",0,0,,"$32,486",https://www.atptour.com/-/media/alias/player-gladiator-headshot/k0l1,M,ATP Tour,2026-05-15T08:23:24.380891+00:00
1800,Ali Yazdani,IRI,,684,2025-09-08,2003-09-09,(cm),lbs (kg),"Unknown, Unknown Backhand",0,0,,"$17,667",https://www.atptour.com/-/media/alias/player-gladiator-headshot/y0bb,M,ATP Tour,2026-05-15T08:25:32.815568+00:00
1849,Matthew Summers,GBR,,691,2025-11-03,1998-09-25,"5'11"" (180cm)",169 lbs (77kg),"Left-Handed, One-Handed Backhand",0,0,,"$31,529",https://www.atptour.com/-/media/alias/player-gladiator-headshot/s0y7,M,ATP Tour,2026-05-15T08:31:38.604930+00:00
1820,Matyas Cerny,CZE,,699,2026-05-04,2001-10-15,"5'10"" (178cm)",176 lbs (80kg),"Right-Handed, Two-Handed Backhand",0,0,,"$33,139",https://www.atptour.com/-/media/alias/player-gladiator-headshot/c0gu,M,ATP Tour,2026-05-15T08:27:48.822110+00:00
1831,Andres Santamarta Roig,ESP,,604,2026-02-02,2007-01-23,"5'11"" (180cm)",154 lbs (70kg),"Right-Handed, Two-Handed Backhand",0,0,,"$24,221",https://www.atptour.com/-/media/alias/player-gladiator-headshot/s0y0,M,ATP Tour,2026-05-15T08:29:11.056895+00:00
1833,Sora Fukuda,JPN,,378,2017-11-13,1997-10-03,"5'11"" (180cm)",159 lbs (72kg),"Left-Handed, Two-Handed Backhand",0,0,,"$80,385",https://www.atptour.com/-/media/alias/player-gladiator-headshot/f965,M,ATP Tour,2026-05-15T08:29:27.755083+00:00
1842,Jose Pereira,BRA,,232,2015-09-14,1991-01-26,"5'11"" (180cm)",163 lbs (74kg),"Right-Handed, Two-Handed Backhand",0,0,,"$240,721",https://www.atptour.com/-/media/alias/player-gladiator-headshot/pc09,M,ATP Tour,2026-05-15T08:30:56.331446+00:00
1861,Shinji Hazawa,JPN,,249,2023-04-17,1999-04-12,"5'9"" (175cm)",160 lbs (73kg),"Right-Handed, Two-Handed Backhand",0,0,,"$80,880",https://www.atptour.com/-/media/alias/player-gladiator-headshot/h0ba,M,ATP Tour,2026-05-15T08:33:31.488719+00:00
749,Tristan Schoolkate,AUS,,95,2025-09-15,2001-02-26,"6'0"" (183cm)",184 lbs (83kg),"Right-Handed, Two-Handed Backhand",7,17,,"$1,471,401",https://upload.wikimedia.org/wikipedia/commons/thumb/7/78/Tristan_Schoolkate_%282024_DC_Open%29_01.jpg/330px-Tristan_Schoolkate_%282024_DC_Open%29_01.jpg?utm_source=en.wikipedia.org&utm_campaign=api&utm_content=thumbnail,M,ATP Tour,2026-05-15T06:02:10.599487+00:00
2109,Briana Szabo,ROU,,639,,2005-11-26,,,Left (Two Handed),0,0,,"$52,352",https://upload.wikimedia.org/wikipedia/commons/thumb/4/4d/Day_1_-_Qualifying_TransylvaniaOpen_Hina_Inoue_vs_Briana_Szabo_6-1%2C6-2_%2854320861543%29_%28cropped_Briana_Szab%C3%B3%29.jpg/330px-Day_1_-_Qualifying_TransylvaniaOpen_Hina_Inoue_vs_Briana_Szabo_6-1%2C6-2_%2854320861543%29_%28cropped_Briana_Szab%C3%B3%29.jpg,F,WTA Tour Official,2026-05-11T11:27:25.697434+00:00
2230,Sachia Vickery,USA,,701,,1995-05-11,1.63 m,,Right (two-handed backhand),0,0,,"US$ 2,173,289",https://upload.wikimedia.org/wikipedia/commons/thumb/3/35/Vickery_WMQ23_%2853061864174%29.jpg/330px-Vickery_WMQ23_%2853061864174%29.jpg,F,WTA Tour Official,2026-05-11T11:31:57.328489+00:00
2267,Emma Lene,FRA,,721,,1999-07-15,,,Right-handed (two-handed backhand),0,0,,"$97,728",https://upload.wikimedia.org/wikipedia/commons/thumb/6/68/Lene_RGQ23_%2852943728679%29.jpg/330px-Lene_RGQ23_%2852943728679%29.jpg,F,WTA Tour Official,2026-05-11T11:33:35.228373+00:00
2644,Kristina Mladenovic,FRA,,852,,1993-05-14,1.84 m,,Right-handed (two-handed backhand),0,0,,"US$14,175,994[1]
45th in all-time rankings",https://upload.wikimedia.org/wikipedia/commons/thumb/c/c9/Mladenovic_RG22_%2819%29_%2852144559920%29.jpg/330px-Mladenovic_RG22_%2819%29_%2852144559920%29.jpg,F,WTA Tour Official,2026-05-11T11:42:45.570442+00:00
2840,Aleksandra Krunic,SRB,,903,,1993-03-15,1.63 m,,Right-handed (two-handed backhand),0,0,,"US $4,696,805",https://upload.wikimedia.org/wikipedia/commons/thumb/0/04/Aleksandra_Kruni%C4%87_%2852172764509%29_%28cropped%29.jpg/330px-Aleksandra_Kruni%C4%87_%2852172764509%29_%28cropped%29.jpg,F,WTA Tour Official,2026-05-11T11:46:31.368744+00:00
3071,Victoria Luiza Barros,BRA,,956,,2009-12-21,1.73 m,,Right-handed (two-handed backhand),0,0,,,,F,WTA Tour Official,2026-05-11T11:49:52.920756+00:00
1936,Theo Papamalamis,FRA,,595,2025-09-29,2006-01-09,"6'0"" (183cm)",167 lbs (76kg),"Right-Handed, Two-Handed Backhand",0,1,,"$62,640",https://www.atptour.com/-/media/alias/player-gladiator-headshot/p0k5,M,ATP Tour,2026-05-15T08:43:38.574307+00:00
1961,Ryan Colby,USA,,767,2026-04-20,2003-09-18,"5'11"" (180cm)",155 lbs (70kg),"Right-Handed, Two-Handed Backhand",0,0,,"$12,800",https://www.atptour.com/-/media/alias/player-gladiator-headshot/c0kv,M,ATP Tour,2026-05-15T08:47:05.319382+00:00
1943,Patrick Schoen,SUI,,761,2026-05-04,2005-05-04,"6'1"" (185cm)",143 lbs (65kg),"Right-Handed, Two-Handed Backhand",0,0,,"$19,832",https://www.atptour.com/-/media/alias/player-gladiator-headshot/s0wx,M,ATP Tour,2026-05-15T08:44:29.216245+00:00
1957,Aleksandr Braynin,UKR,,431,2026-04-20,1999-08-29,"6'7"" (201cm)",187 lbs (85kg),"Right-Handed, Two-Handed Backhand",0,0,,"$62,148",https://www.atptour.com/-/media/alias/player-gladiator-headshot/b0bk,M,ATP Tour,2026-05-15T08:46:35.345325+00:00
1976,Conner Huertas Del Pino,PER,,520,2022-08-01,1995-12-20,"6'2"" (188cm)",184 lbs (83kg),"Right-Handed, Two-Handed Backhand",2,2,,"$129,247",https://www.atptour.com/-/media/alias/player-gladiator-headshot/hg90,M,ATP Tour,2026-05-15T08:48:46.929953+00:00
1992,William Grant,USA,,614,2024-09-09,2001-02-13,(cm),185 lbs (84kg),"Right-Handed, Two-Handed Backhand",0,0,,"$41,735",https://www.atptour.com/-/media/alias/player-gladiator-headshot/g0dd,M,ATP Tour,2026-05-15T08:51:02.533512+00:00
1988,Diego Augusto Barreto Sanchez,ESP,,546,2024-07-15,2002-04-18,"6'0"" (183cm)",182 lbs (83kg),"Left-Handed, Two-Handed Backhand",0,0,,"$69,263",https://www.atptour.com/-/media/alias/player-gladiator-headshot/b0hf,M,ATP Tour,2026-05-15T08:50:31.616543+00:00
2008,Marko Miladinovic,SRB,,451,2020-01-13,2000-12-07,"5'10"" (178cm)",160 lbs (73kg),"Right-Handed, Two-Handed Backhand",0,0,,"$42,765",https://www.atptour.com/-/media/alias/player-gladiator-headshot/m0cg,M,ATP Tour,2026-05-15T08:53:12.943774+00:00
2002,Roger Pascual Ferra,ESP,,756,2025-10-13,2006-03-11,"5'7"" (170cm)",149 lbs (68kg),"Left-Handed, Two-Handed Backhand",0,0,,"$12,761",https://www.atptour.com/-/media/alias/player-gladiator-headshot/p0k3,M,ATP Tour,2026-05-15T08:52:30.385751+00:00
2051,Arklon Huertas Del Pino Cordova,PER,,174,2024-01-15,1994-07-16,"6'0"" (183cm)",178 lbs (81kg),"Right-Handed, Two-Handed Backhand",2,5,,"$127,119",https://www.atptour.com/-/media/alias/player-gladiator-headshot/h0c9,M,ATP Tour,2026-05-15T08:59:11.064536+00:00
2029,Attila Boros,HUN,,744,2025-09-08,2003-12-22,"6'1"" (185cm)",167 lbs (76kg),"Right-Handed, Two-Handed Backhand",0,0,,"$21,740",https://www.atptour.com/-/media/alias/player-gladiator-headshot/b0mp,M,ATP Tour,2026-05-15T08:56:12.113208+00:00
2031,Uisung Park,KOR,,212,2026-03-30,2000-09-27,"5'9"" (175cm)",165 lbs (75kg),"Right-Handed, Two-Handed Backhand",1,1,,"$71,324",https://www.atptour.com/-/media/alias/player-gladiator-headshot/p0av,M,ATP Tour,2026-05-15T08:56:27.275684+00:00
2069,Dragos Nicolae Cazacu,ROU,,474,2025-12-15,2004-02-10,"5'11"" (180cm)",154 lbs (70kg),"Left-Handed, Two-Handed Backhand",0,0,,"$35,977",https://www.atptour.com/-/media/alias/player-gladiator-headshot/c0mx,M,ATP Tour,2026-05-15T09:01:31.602517+00:00
2088,Rigele Te,CHN,,395,2018-10-22,1997-10-09,"6'2"" (188cm)",176 lbs (80kg),"Right-Handed, Two-Handed Backhand",2,4,,"$238,526",https://www.atptour.com/-/media/alias/player-gladiator-headshot/tg30,M,ATP Tour,2026-05-15T09:04:00.865124+00:00
2079,Nikita Mashtakov,UKR,,575,2020-01-13,1999-03-18,"5'10"" (178cm)",171 lbs (78kg),"Right-Handed, Two-Handed Backhand",0,1,,"$54,910",https://www.atptour.com/-/media/alias/player-gladiator-headshot/mw62,M,ATP Tour,2026-05-15T09:02:49.464980+00:00
2082,Andrea Fiorentini,ITA,,832,2026-04-06,2001-02-02,"5'10"" (178cm)",167 lbs (76kg),"Right-Handed, One-Handed Backhand",0,0,,"$21,684",https://www.atptour.com/-/media/alias/player-gladiator-headshot/f0c2,M,ATP Tour,2026-05-15T09:03:17.837613+00:00
2090,Tiago Cacao,POR,,394,2018-12-17,1998-02-28,"6'1"" (185cm)",85 lbs (39kg),"Right-Handed, Two-Handed Backhand",0,0,,"$90,012",https://www.atptour.com/-/media/alias/player-gladiator-headshot/cn88,M,ATP Tour,2026-05-15T09:04:16.368168+00:00
2099,Axel Nefve,USA,,577,2024-09-16,2000-07-22,"6'4"" (193cm)",195 lbs (88kg),"Left-Handed, Two-Handed Backhand",0,0,,"$37,241",https://www.atptour.com/-/media/alias/player-gladiator-headshot/n0ba,M,ATP Tour,2026-05-15T09:05:28.300006+00:00
1910,Lorenzo Angelini,ITA,,745,2026-05-04,2006-03-04,"5'7"" (170cm)",149 lbs (68kg),"Right-Handed, One-Handed Backhand",0,0,,"$18,456",https://www.atptour.com/-/media/alias/player-gladiator-headshot/a0hz,M,ATP Tour,2026-05-15T08:40:00.651788+00:00
1931,Fryderyk Lechno Wasiutynski,POL,,754,2026-04-20,2005-03-20,"6'2"" (188cm)",165 lbs (75kg),"Right-Handed, Unknown Backhand",0,0,,"$16,562",https://www.atptour.com/-/media/alias/player-gladiator-headshot/l0k7,M,ATP Tour,2026-05-15T08:42:49.802117+00:00
1947,Luca Wiedenmann,GER,,544,2024-02-05,1998-04-28,"5'10"" (178cm)",158 lbs (72kg),"Right-Handed, Two-Handed Backhand",0,0,,"$34,060",https://www.atptour.com/-/media/alias/player-gladiator-headshot/w09t,M,ATP Tour,2026-05-15T08:45:02.060868+00:00
4670,Casey Dellacqua,AUS,,,,1985-02-11,,,,0,0,,,,F,wta,2026-06-15T06:15:09.555674+00:00
4671,Jurgen Zopp,EST,,,,1988-03-29,,,,0,0,,,https://upload.wikimedia.org/wikipedia/commons/thumb/7/71/Zopp_WM13-015_%289486900133%29.jpg/330px-Zopp_WM13-015_%289486900133%29.jpg,M,atp,2026-06-15T06:15:19.142541+00:00
2125,Gabriele Bosio,ITA,,713,2023-05-29,2000-11-25,"0'0"" (0cm)",176 lbs (80kg),"Right-Handed, Two-Handed Backhand",0,0,,,https://www.atptour.com/-/media/alias/player-gladiator-headshot/b0g4,M,ATP Tour,2026-05-13T22:58:10.576720+00:00
2127,Taiyo Yamanaka,JPN,,675,2026-03-16,2001-09-05,"5'7"" (170cm)",145 lbs (66kg),"Right-Handed, One-Handed Backhand",0,0,,,https://www.atptour.com/-/media/alias/player-gladiator-headshot/y0a8,M,ATP Tour,2026-05-13T22:58:21.542302+00:00
750,Otto Virtanen,FIN,,91,2024-11-11,2001-06-21,"6'4"" (193cm)",180 lbs (82kg),"Right-Handed, Two-Handed Backhand",17,25,2018,"$1,392,828",https://upload.wikimedia.org/wikipedia/commons/thumb/d/df/Virtanen_WMQ23_%2853061681146%29.jpg/330px-Virtanen_WMQ23_%2853061681146%29.jpg,M,ATP Tour,2026-05-15T06:02:24.830851+00:00
1157,Garrett Johns,USA,,266,2026-05-04,2000-12-17,"5'11"" (180cm)",155 lbs (70kg),"Right-Handed, Two-Handed Backhand",0,0,,"$181,381",https://upload.wikimedia.org/wikipedia/commons/thumb/8/8f/Garrett_Johns_%282023_Cary_2%29_11.jpg/330px-Garrett_Johns_%282023_Cary_2%29_11.jpg?utm_source=en.wikipedia.org&utm_campaign=api&utm_content=thumbnail,M,ATP Tour,2026-05-15T07:02:01.393485+00:00
1169,Juan Manuel La Serna,ARG,,340,2026-03-02,2004-02-05,"6'2"" (188cm)",182 lbs (83kg),"Left-Handed, Two-Handed Backhand",0,0,,"$76,252",https://www.atptour.com/-/media/alias/player-gladiator-headshot/l0gr,M,ATP Tour,2026-05-15T07:03:29.251669+00:00
1781,Alexander Donski,BUL,,525,2022-04-11,1998-08-01,"6'2"" (188cm)",176 lbs (80kg),"Right-Handed, Two-Handed Backhand",1,1,2017,"$201,689",https://upload.wikimedia.org/wikipedia/commons/thumb/2/28/DonskiMK2024.jpg/330px-DonskiMK2024.jpg?utm_source=en.wikipedia.org&utm_campaign=api&utm_content=thumbnail,M,ATP Tour,2026-05-15T08:23:38.727571+00:00
1786,Michael Agwi,IRL,,407,2024-12-23,2003-09-04,"6'4"" (193cm)",187 lbs (85kg),"Right-Handed, Two-Handed Backhand",4,6,,"$44,313",https://upload.wikimedia.org/wikipedia/commons/thumb/3/3a/Michael_Agwi_Serving_%28cropped%29.jpg/330px-Michael_Agwi_Serving_%28cropped%29.jpg,M,ATP Tour,2026-05-15T08:24:09.007783+00:00
2104,Borna Coric,CRO,,12,2018-11-05,1996-11-14,"6'2"" (188cm)",187 lbs (85kg),"Right-Handed, Two-Handed Backhand",223,202,2013,"$13,515,306",https://upload.wikimedia.org/wikipedia/commons/thumb/d/d9/Coric_RG22_%2840%29_%2852144326399%29.jpg/330px-Coric_RG22_%2840%29_%2852144326399%29.jpg,M,ATP Tour,2026-05-15T09:06:01.374706+00:00
4672,Lesia Tsurenko,UKR,,,,1989-05-30,,,,0,0,,,,F,wta,2026-06-15T06:15:19.142541+00:00
2114,Finn Murgett,GBR,,288,2026-05-04,2001-09-17,"5'8"" (173cm)",154 lbs (70kg),"Right-Handed, Two-Handed Backhand",0,0,,"$27,213",https://www.atptour.com/-/media/alias/player-gladiator-headshot/m0hy,M,ATP Tour,2026-05-15T09:07:48.377979+00:00
4654,Matthew Ebden,AUS,,,,1987-11-26,,,,0,0,,,https://upload.wikimedia.org/wikipedia/commons/thumb/d/d3/Ebden_RG22_%2854%29_%2852144570795%29.jpg/330px-Ebden_RG22_%2854%29_%2852144570795%29.jpg,M,atp,2026-06-15T06:14:16.524808+00:00
4655,Alexandra Cadantu-Ignatik,ROU,,,,1990-05-03,,,,0,0,,,,F,wta,2026-06-15T06:14:16.524808+00:00
4656,Iryna Bremond,FRA,,,,1984-10-05,,,,0,0,,,,F,wta,2026-06-15T06:14:16.524808+00:00
4657,Michaella Krajicek,NED,,,,1989-01-09,,,,0,0,,,,F,wta,2026-06-15T06:14:28.982495+00:00
4658,Eva Birnerova,CZE,,,,1984-08-14,,,,0,0,,,,F,wta,2026-06-15T06:14:31.113893+00:00
4659,Nina Bratchikova,RUS,,,,1985-06-28,,,,0,0,,,,F,wta,2026-06-15T06:14:33.484010+00:00
4660,Alexandra Panova,RUS,,,,1989-03-02,,,,0,0,,,,F,wta,2026-06-15T06:14:38.329455+00:00
4661,Mandy Minella,LUX,,,,1985-11-22,,,,0,0,,,,F,wta,2026-06-15T06:14:38.329455+00:00
4662,Tatsuma Ito,JPN,,,,1988-05-18,,,,0,0,,,https://upload.wikimedia.org/wikipedia/commons/thumb/b/b8/Tatsuma_Ito%2C_2015_Wimbledon_Qualifying_-_Diliff.jpg/330px-Tatsuma_Ito%2C_2015_Wimbledon_Qualifying_-_Diliff.jpg,M,atp,2026-06-15T06:14:41.385906+00:00
4663,Malek Jaziri,TUN,,,,1984-01-20,,,,0,0,,,https://upload.wikimedia.org/wikipedia/commons/thumb/7/78/Jaziri_RG19_%288%29_%2848199238637%29.jpg/330px-Jaziri_RG19_%288%29_%2848199238637%29.jpg,M,atp,2026-06-15T06:14:41.385906+00:00
4664,Adrian Ungur,ROU,,,,1985-01-22,,,,0,0,,,https://upload.wikimedia.org/wikipedia/commons/thumb/f/f2/Ungur_WMQ16_%288%29_%2828210805805%29.jpg/330px-Ungur_WMQ16_%288%29_%2828210805805%29.jpg,M,atp,2026-06-15T06:14:41.385906+00:00
4665,Vasek Pospisil,CAN,,,,1990-06-23,,,,0,0,,,https://upload.wikimedia.org/wikipedia/commons/thumb/4/4d/Pospisil_WMQ23_%2853061116437%29.jpg/330px-Pospisil_WMQ23_%2853061116437%29.jpg,M,atp,2026-06-15T06:14:41.385906+00:00
4666,Timea Babos,HUN,,,,1993-05-10,,,,0,0,,,,F,wta,2026-06-15T06:14:41.385906+00:00
4667,Su-Wei Hsieh,TPE,,,,1986-01-04,,,,0,0,,,,F,wta,2026-06-15T06:14:41.385906+00:00
4668,Jamie Hampton,USA,,,,1990-01-08,,,,0,0,,,,F,wta,2026-06-15T06:14:41.385906+00:00
4669,Marinko Matosevic,AUS,,,,1985-08-08,,,,0,0,,,https://upload.wikimedia.org/wikipedia/commons/thumb/3/30/Marinko_Matosevic_5%2C_2015_Wimbledon_Championships_-_Diliff.jpg/330px-Marinko_Matosevic_5%2C_2015_Wimbledon_Championships_-_Diliff.jpg,M,atp,2026-06-15T06:15:09.555674+00:00
4673,Karin Knapp,ITA,,,,1987-06-28,,,,0,0,,,,F,wta,2026-06-15T06:15:26.166182+00:00
4674,Brian Baker,USA,,,,,,,,0,0,,,,M,atp,2026-06-15T06:15:28.283328+00:00
4675,Jesse Levine,CAN,,,,1987-10-15,,,,0,0,,,https://upload.wikimedia.org/wikipedia/commons/thumb/c/cd/Levine_WM13-011_%289487270514%29.jpg/330px-Levine_WM13-011_%289487270514%29.jpg,M,atp,2026-06-15T06:15:28.283328+00:00
4676,Rogerio Dutra Silva,BRA,,,,1984-02-03,,,,0,0,,,https://upload.wikimedia.org/wikipedia/commons/thumb/a/aa/Dutra_Silva_WMQ14_%2823%29_%2814420413039%29.jpg/330px-Dutra_Silva_WMQ14_%2823%29_%2814420413039%29.jpg,M,atp,2026-06-15T06:15:28.283328+00:00
4677,Camila Giorgi,ITA,,,,1991-12-30,,,,0,0,,,,F,wta,2026-06-15T06:15:28.283328+00:00
4678,Jerzy Janowicz,POL,,,,1990-11-13,,,,0,0,,,https://upload.wikimedia.org/wikipedia/commons/thumb/4/4d/Jerzy_Janowicz_in_Aachen_%282010-11-08%29.jpg/330px-Jerzy_Janowicz_in_Aachen_%282010-11-08%29.jpg,M,atp,2026-06-15T06:15:52.799681+00:00
4679,Garbiñe Muguruza,ESP,,,,1993-10-08,,,,0,0,,,,F,wta,2026-06-15T06:15:52.799681+00:00
4680,Laura Robson,GBR,,,,1994-01-21,,,,0,0,,,,F,wta,2026-06-15T06:15:52.799681+00:00
4681,Igor Sijsling,NED,,,,1987-08-18,,,,0,0,,,https://upload.wikimedia.org/wikipedia/commons/thumb/7/7f/Igor_Sijsling_2%2C_2015_Wimbledon_Qualifying_-_Diliff.jpg/330px-Igor_Sijsling_2%2C_2015_Wimbledon_Qualifying_-_Diliff.jpg,M,atp,2026-06-15T06:16:00.899848+00:00
4682,Aljaz Bedene,SLO,,,,1989-07-18,,,,0,0,,,https://upload.wikimedia.org/wikipedia/commons/thumb/5/56/Bedene_RG21_%289%29_%2851376184346%29.jpg/330px-Bedene_RG21_%289%29_%2851376184346%29.jpg,M,atp,2026-06-15T06:16:00.899848+00:00
4683,Grega Zemlja,SLO,,,,1986-09-29,,,,0,0,,,https://upload.wikimedia.org/wikipedia/commons/thumb/2/25/Zemlja_WMQ16_%284%29_%2828177275766%29.jpg/330px-Zemlja_WMQ16_%284%29_%2828177275766%29.jpg,M,atp,2026-06-15T06:16:00.899848+00:00
4684,Sesil Karatantcheva,BUL,,,,1989-08-08,,,,0,0,,,,F,wta,2026-06-15T06:16:00.899848+00:00
4685,Lara Arruabarrena,ESP,,,,1992-03-20,,,,0,0,,,,F,wta,2026-06-15T06:16:24.823190+00:00
3216,Jaimee Fourlis,AUS,,993,,1999-09-17,1.68 m,,Right (two-handed backhand),0,0,,"US$1,031,158",https://upload.wikimedia.org/wikipedia/commons/thumb/9/9f/Fourlis_WMQ22_%2821%29_%2852191652405%29.jpg/330px-Fourlis_WMQ22_%2821%29_%2852191652405%29.jpg,F,WTA Tour Official,2026-05-11T11:51:56.003981+00:00
2141,Thanapet Chanta,THA,,655,2025-06-16,1999-09-09,"5'6"" (168cm)",160 lbs (73kg),"Right-Handed, Two-Handed Backhand",0,2,,,https://www.atptour.com/-/media/alias/player-gladiator-headshot/c0ds,M,ATP Tour,2026-05-13T22:59:36.008041+00:00
2159,Hoyoung Roh,KOR,,806,2025-07-28,2006-04-20,"6'1"" (185cm)",176 lbs (80kg),"Right-Handed, Two-Handed Backhand",0,0,,,https://www.atptour.com/-/media/alias/player-gladiator-headshot/r0j1,M,ATP Tour,2026-05-13T23:01:12.652596+00:00
2172,Petros Tsitsipas,GRE,,727,2021-08-30,2000-07-27,"6'1"" (185cm)",167 lbs (76kg),"Right-Handed, One-Handed Backhand",3,4,2019,,https://upload.wikimedia.org/wikipedia/commons/thumb/a/a6/Petros_Tsitsipas_%282023_Cary%29_01.jpg/330px-Petros_Tsitsipas_%282023_Cary%29_01.jpg,M,ATP Tour,2026-05-13T23:02:13.041037+00:00
2184,Niccolo Catini,ITA,,330,2024-12-23,1997-12-09,"5'10"" (178cm)",162 lbs (73kg),"Right-Handed, Two-Handed Backhand",0,0,,,https://www.atptour.com/-/media/alias/player-gladiator-headshot/c0c1,M,ATP Tour,2026-05-13T23:03:13.753219+00:00
2195,Franco Ribero,ARG,,246,2026-04-20,1999-09-09,"6'2"" (188cm)",181 lbs (82kg),"Right-Handed, Two-Handed Backhand",0,0,,,https://www.atptour.com/-/media/alias/player-gladiator-headshot/r0bf,M,ATP Tour,2026-05-13T23:04:05.295281+00:00
2202,Nicolas Ian Kotzen,USA,,815,2026-05-04,2003-03-22,"6'5"" (196cm)",190 lbs (86kg),"Right-Handed, Two-Handed Backhand",0,0,,,https://www.atptour.com/-/media/alias/player-gladiator-headshot/k0lx,M,ATP Tour,2026-05-13T23:04:49.661032+00:00
2204,Johannes Ingildsen,DEN,,638,2022-09-12,1997-07-01,"6'4"" (193cm)",185 lbs (84kg),"Right-Handed, Two-Handed Backhand",1,2,,,https://www.atptour.com/-/media/alias/player-gladiator-headshot/i411,M,ATP Tour,2026-05-13T23:05:01.195469+00:00
2222,Ilya Snitari,MDA,,332,2023-04-17,2002-03-20,"6'2"" (188cm)",176 lbs (80kg),"Right-Handed, Two-Handed Backhand",0,1,,"$64,573",https://upload.wikimedia.org/wikipedia/commons/a/a6/Ilia_snitari_tennis_tournament%2C_june_2023._jpg.jpg,M,ATP Tour,2026-05-13T23:06:25.825480+00:00
2227,Christopher Li,PER,,833,2026-05-04,2003-07-15,"5'9"" (175cm)",172 lbs (78kg),"Right-Handed, Two-Handed Backhand",0,0,,,https://www.atptour.com/-/media/alias/player-gladiator-headshot/l0do,M,ATP Tour,2026-05-13T23:06:55.922642+00:00
2235,Gabriele Maria Noce,ITA,,793,2020-02-24,1995-10-29,"5'11"" (180cm)",187 lbs (85kg),"Right-Handed, Two-Handed Backhand",0,0,,,https://www.atptour.com/-/media/alias/player-gladiator-headshot/n724,M,ATP Tour,2026-05-13T23:07:38.614256+00:00
2245,Theodore Dean,USA,,656,2026-02-02,2002-03-25,"5'10"" (178cm)",163 lbs (74kg),"Right-Handed, Two-Handed Backhand",0,0,,,https://www.atptour.com/-/media/alias/player-gladiator-headshot/d0n2,M,ATP Tour,2026-05-13T23:08:32.366070+00:00
2247,Christian Sigsgaard,DEN,,501,2025-08-18,1997-03-14,"6'2"" (188cm)",193 lbs (88kg),"Right-Handed, One-Handed Backhand",3,6,,"US $30,945",https://www.atptour.com/-/media/alias/player-gladiator-headshot/sy00,M,ATP Tour,2026-05-13T23:08:42.575930+00:00
2274,Paul Inchauspe,FRA,,888,2025-08-18,2004-02-25,"6'5"" (196cm)",200 lbs (91kg),"Right-Handed, Two-Handed Backhand",0,0,,,https://www.atptour.com/-/media/alias/player-gladiator-headshot/i0b6,M,ATP Tour,2026-05-13T23:10:56.057233+00:00
2276,Aleksandr Lobanov,RUS,,260,2024-08-05,2001-04-01,"6'3"" (191cm)",178 lbs (81kg),"Right-Handed, One-Handed Backhand",0,0,,,https://upload.wikimedia.org/wikipedia/commons/a/a7/Alexander_Lobanov.jpg,M,ATP Tour,2026-05-13T23:11:07.317638+00:00
2290,Pietro Romeo Scomparin,ITA,,925,2026-04-13,2001-04-07,(cm),lbs (kg),"Right-Handed, Unknown Backhand",0,0,,,https://www.atptour.com/-/media/alias/player-gladiator-headshot/s0i7,M,ATP Tour,2026-05-13T23:12:20.930356+00:00
2293,Dev Javia,IND,,410,2025-08-04,2002-03-16,"5'9"" (175cm)",165 lbs (75kg),"Left-Handed, Two-Handed Backhand",0,0,,,https://www.atptour.com/-/media/alias/player-gladiator-headshot/j0cl,M,ATP Tour,2026-05-13T23:12:32.025084+00:00
2303,Niklas Schell,GER,,218,2023-04-03,1999-01-03,"6'3"" (191cm)",188 lbs (85kg),"Right-Handed, Two-Handed Backhand",0,0,,,https://www.atptour.com/-/media/alias/player-gladiator-headshot/sz36,M,ATP Tour,2026-05-13T23:13:29.888938+00:00
2306,Nicolas Jadoun,FRA,,757,2026-04-20,2002-08-09,"6'0"" (183cm)",176 lbs (80kg),"Right-Handed, Two-Handed Backhand",0,1,,,https://www.atptour.com/-/media/alias/player-gladiator-headshot/j0dl,M,ATP Tour,2026-05-13T23:13:52.474241+00:00
2310,Grigoriy Lomakin,KAZ,,713,2024-07-29,1998-03-18,"6'6"" (198cm)",172 lbs (78kg),"Right-Handed, Unknown Backhand",0,0,,"$96,631",https://upload.wikimedia.org/wikipedia/commons/thumb/e/ee/Lomakin_BLO22_%2837%29_%2852157041596%29.jpg/330px-Lomakin_BLO22_%2837%29_%2852157041596%29.jpg,M,ATP Tour,2026-05-13T23:14:13.611199+00:00
2312,Nicolas Barrientos,COL,,237,2015-09-21,1987-04-24,"5'9"" (175cm)",160 lbs (73kg),"Right-Handed, Two-Handed Backhand",1,5,2009,"$ 829,708",https://upload.wikimedia.org/wikipedia/commons/thumb/e/e3/Nicolas_Barrientos_%28cropped%29.jpg/330px-Nicolas_Barrientos_%28cropped%29.jpg,M,ATP Tour,2026-05-13T23:14:22.164449+00:00
2318,Micah Braswell,USA,,411,2025-05-26,2001-11-04,"6'0"" (183cm)",165 lbs (75kg),"Right-Handed, Two-Handed Backhand",0,0,,,https://www.atptour.com/-/media/alias/player-gladiator-headshot/b0j8,M,ATP Tour,2026-05-13T23:14:56.707790+00:00
2328,Qian Sun,CHN,,470,2023-09-18,2001-07-12,"6'2"" (188cm)",171 lbs (78kg),"Right-Handed, Two-Handed Backhand",0,0,,,https://www.atptour.com/-/media/alias/player-gladiator-headshot/s0jv,M,ATP Tour,2026-05-13T23:15:48.456529+00:00
2340,Gianluca Brunkow,USA,,946,2026-03-30,2002-10-12,"6'0"" (183cm)",175 lbs (79kg),"Right-Handed, Two-Handed Backhand",0,0,,,https://www.atptour.com/-/media/alias/player-gladiator-headshot/b0n0,M,ATP Tour,2026-05-13T23:16:39.714531+00:00
2345,Ronit Karki,USA,,951,2026-04-13,2007-11-23,"5'8"" (173cm)",152 lbs (69kg),"Right-Handed, Two-Handed Backhand",0,0,,,https://www.atptour.com/-/media/alias/player-gladiator-headshot/k0oy,M,ATP Tour,2026-05-13T23:17:10.317210+00:00
2357,Ewen Lumsden,GBR,,496,2025-07-21,2000-02-17,(cm),lbs (kg),"Right-Handed, Unknown Backhand",0,0,,,https://www.atptour.com/-/media/alias/player-gladiator-headshot/l0af,M,ATP Tour,2026-05-13T23:18:18.447996+00:00
2368,Filip Pieczonka,POL,,84,2026-05-04,2004-04-09,"6'5"" (196cm)",189 lbs (86kg),"Left-Handed, Two-Handed Backhand",1,1,,"US $80,780",https://www.atptour.com/-/media/alias/player-gladiator-headshot/p0fu,M,ATP Tour,2026-05-13T23:19:12.116481+00:00
2392,Rares Teodor Pieleanu,ROU,,750,2026-05-04,2007-02-10,"5'11"" (180cm)",154 lbs (70kg),"Right-Handed, Two-Handed Backhand",0,1,,,https://www.atptour.com/-/media/alias/player-gladiator-headshot/p0ms,M,ATP Tour,2026-05-13T23:21:22.770849+00:00
2395,Giannicola Misasi,ITA,,951,2025-12-29,2000-09-12,"6'1"" (185cm)",187 lbs (85kg),"Right-Handed, Two-Handed Backhand",0,0,,,https://www.atptour.com/-/media/alias/player-gladiator-headshot/m0ic,M,ATP Tour,2026-05-13T23:21:45.517142+00:00
4686,Olga Puchkova,RUS,,,,1987-09-27,,,,0,0,,,,F,wta,2026-06-15T06:16:24.823190+00:00
4687,Andrey Kuznetsov,RUS,,,,,,,,0,0,,,,M,atp,2026-06-15T06:16:27.875962+00:00
4688,Julia Cohen,USA,,,,1989-03-23,,,,0,0,,,,F,wta,2026-06-15T06:16:27.875962+00:00
2403,Kalin Ivanovski,MKD,,305,2023-10-16,2004-05-11,"6'5"" (196cm)",195 lbs (88kg),"Right-Handed, Two-Handed Backhand",0,0,,,https://www.atptour.com/-/media/alias/player-gladiator-headshot/i0ap,M,ATP Tour,2026-05-13T23:22:27.212104+00:00
2411,Ryotaro Taguchi,JPN,,325,2025-07-14,2000-06-30,"5'8"" (173cm)",154 lbs (70kg),"Right-Handed, Two-Handed Backhand",0,0,,,https://www.atptour.com/-/media/alias/player-gladiator-headshot/t0ia,M,ATP Tour,2026-05-13T23:23:10.117640+00:00
2418,Andrew Delgado,USA,,975,2026-02-02,2005-05-22,"6'2"" (188cm)",170 lbs (77kg),"Left-Handed, Two-Handed Backhand",0,0,,,https://www.atptour.com/-/media/alias/player-gladiator-headshot/d0mb,M,ATP Tour,2026-05-13T23:23:44.932988+00:00
1162,Harriet Dart,GBR,,59,2024-10-14,1996-07-28,1.75m,,Right (two-handed backhand),217,154,,"$3,272,652",https://upload.wikimedia.org/wikipedia/commons/thumb/8/83/Dart_RGQ23.jpg/330px-Dart_RGQ23.jpg,F,WTA Tour Official,2026-05-15T05:57:39.951296+00:00
1161,Marat Sharipov,RUS,,243,2025-05-26,2002-10-09,"6'2"" (188cm)",170 lbs (77kg),"Right-Handed, Two-Handed Backhand",0,0,,"$150,033",https://www.atptour.com/-/media/alias/player-gladiator-headshot/s0mn,M,ATP Tour,2026-05-15T07:02:28.641674+00:00
712,Patrick Kypson,USA,,89,2026-05-04,1999-10-28,"6'2"" (188cm)",180 lbs (82kg),"Right-Handed, Two-Handed Backhand",4,13,2019,"$1,028,935",https://upload.wikimedia.org/wikipedia/commons/thumb/f/f6/Patrick_Kypson_%282023_Cary_2%29_05_%28cropped%29.jpg/330px-Patrick_Kypson_%282023_Cary_2%29_05_%28cropped%29.jpg?utm_source=en.wikipedia.org&utm_campaign=api&utm_content=thumbnail,M,ATP Tour,2026-05-15T05:52:51.618587+00:00
831,Vitaliy Sachko,UKR,,156,2023-07-31,1997-07-14,"6'2"" (188cm)",162 lbs (73kg),"Right-Handed, Two-Handed Backhand",3,10,,"$777,373",https://upload.wikimedia.org/wikipedia/commons/thumb/8/86/Sachko_WMQ22_%288%29_-_52191377479.jpg/330px-Sachko_WMQ22_%288%29_-_52191377479.jpg,M,ATP Tour,2026-05-15T06:19:18.759700+00:00
1312,Selena Janicijevic,FRA,,153,2024-09-16,2002-07-23,1.83m,,Right-handed (two-handed backhand),201,162,,"$743,588",https://upload.wikimedia.org/wikipedia/commons/thumb/e/e0/Janicijevic_BIA21_%2877%29_%2851377592132%29.jpg/330px-Janicijevic_BIA21_%2877%29_%2851377592132%29.jpg,F,WTA Tour Official,2026-05-15T06:11:21.313345+00:00
1804,Dimitris Sakellaridis,GRE,,311,2025-09-29,2006-04-30,"0'0"" (0cm)",154 lbs (70kg),"Right-Handed, Two-Handed Backhand",0,1,,"$59,135",https://www.atptour.com/-/media/alias/player-gladiator-headshot/s0s9,M,ATP Tour,2026-05-15T08:26:03.124244+00:00
751,Leandro Riedi,SUI,,117,2024-08-05,2002-01-27,"6'3"" (191cm)",171 lbs (78kg),"Right-Handed, Two-Handed Backhand",7,11,,"$1,154,536",https://upload.wikimedia.org/wikipedia/commons/thumb/5/5a/Leandro_Riedi_%282024_DC_Open%29_01_%28cropped%29.jpg/330px-Leandro_Riedi_%282024_DC_Open%29_01_%28cropped%29.jpg,M,ATP Tour,2026-05-15T06:02:39.740434+00:00
4689,Joao Sousa,POR,,,,1989-03-30,,,,0,0,,,https://upload.wikimedia.org/wikipedia/commons/thumb/a/af/Sousa_J._RG22_%2818%29_%2852144295269%29.jpg/330px-Sousa_J._RG22_%2818%29_%2852144295269%29.jpg,M,atp,2026-06-15T06:16:36.952173+00:00
4690,María-Teresa Torró-Flor,ESP,,,,1992-05-02,,,,0,0,,,,F,wta,2026-06-15T06:16:36.952173+00:00
4691,Guillaume Rufin,FRA,,,,1990-05-26,,,,0,0,,,https://upload.wikimedia.org/wikipedia/commons/thumb/a/a8/Rufin_WM13-009_%289485456930%29.jpg/330px-Rufin_WM13-009_%289485456930%29.jpg,M,atp,2026-06-15T06:16:46.581713+00:00
1240,Olivia Gadecki,AUS,,52,2025-12-08,2002-04-24,,,Right-handed,126,64,,"$1,929,371",https://upload.wikimedia.org/wikipedia/commons/thumb/9/99/Olivia_Gadecki_%282023_US_Open%29_01_%28cropped%29.jpg/330px-Olivia_Gadecki_%282023_US_Open%29_01_%28cropped%29.jpg?utm_source=en.wikipedia.org&utm_campaign=api&utm_content=thumbnail,F,WTA Tour Official,2026-05-15T06:05:02.726589+00:00
892,Liam Broady,GBR,,93,2023-09-25,1994-01-04,"6'0"" (183cm)",172 lbs (78kg),"Left-Handed, Two-Handed Backhand",21,34,2014,"$2,139,217",https://upload.wikimedia.org/wikipedia/commons/thumb/7/70/Liam_Broady_%282023_Cary%29_05.jpg/330px-Liam_Broady_%282023_Cary%29_05.jpg?utm_source=en.wikipedia.org&utm_campaign=api&utm_content=thumbnail,M,ATP Tour,2026-05-15T06:26:45.553870+00:00
899,Dan Added,FRA,,194,2025-11-17,1999-04-13,"6'0"" (183cm)",165 lbs (75kg),"Right-Handed, Two-Handed Backhand",0,1,,"$463,643",https://upload.wikimedia.org/wikipedia/commons/thumb/9/90/Added_REN21_%281%29.jpg/330px-Added_REN21_%281%29.jpg?utm_source=en.wikipedia.org&utm_campaign=api&utm_content=thumbnail,M,ATP Tour,2026-05-15T06:27:46.225830+00:00
893,Hugo Grenier,FRA,,95,2022-09-12,1996-03-23,"6'5"" (196cm)",187 lbs (85kg),"Right-Handed, Two-Handed Backhand",8,18,2013,"$1,632,383",https://upload.wikimedia.org/wikipedia/commons/thumb/4/4f/Grenier_WMQ23_%2853061896674%29.jpg/330px-Grenier_WMQ23_%2853061896674%29.jpg,M,ATP Tour,2026-05-15T06:27:01.007914+00:00
4693,Misaki Doi,JPN,,,,1991-04-29,,,,0,0,,,,F,wta,2026-06-15T06:16:46.581713+00:00
1095,Maddison Inglis,AUS,,112,2020-03-02,1998-01-14,"5' 7"" (1.71 m)",,Right (two-handed backhand),314,223,,"$1,786,896",https://upload.wikimedia.org/wikipedia/commons/thumb/3/3d/Inglis_WMQ22_%2818%29_%2852191635135%29.jpg/330px-Inglis_WMQ22_%2818%29_%2852191635135%29.jpg,F,WTA Tour Official,2026-05-15T05:22:42.236031+00:00
705,Sebastian Ofner,AUT,,37,2024-01-08,1996-05-12,"6'3"" (191cm)",179 lbs (81kg),"Right-Handed, Two-Handed Backhand",51,69,2015,"$3,676,182",https://upload.wikimedia.org/wikipedia/commons/thumb/6/66/Ofner_RGQ23.jpg/330px-Ofner_RGQ23.jpg,M,ATP Tour,2026-05-15T05:51:16.930809+00:00
710,Damir Dzumhur,BIH,,23,2018-07-02,1992-05-20,"5'9"" (175cm)",150 lbs (68kg),"Right-Handed, Two-Handed Backhand",156,183,2011,"$6,714,788",https://upload.wikimedia.org/wikipedia/commons/thumb/9/94/Dzumhur_WMQ23_%2853062101320%29.jpg/330px-Dzumhur_WMQ23_%2853062101320%29.jpg,M,ATP Tour,2026-07-22T08:57:30.899008+00:00
761,Alex Bolt,AUS,,125,2019-03-04,1993-01-05,"6'0"" (183cm)",200 lbs (91kg),"Left-Handed, Two-Handed Backhand",18,34,2011,"$2,141,199",https://upload.wikimedia.org/wikipedia/commons/thumb/7/71/Bolt_RGQ23_%2852944096863%29.jpg/330px-Bolt_RGQ23_%2852944096863%29.jpg?utm_source=en.wikipedia.org&utm_campaign=api&utm_content=thumbnail,M,ATP Tour,2026-05-15T06:05:07.428717+00:00
1116,Caroline Dolehide,USA,,51,2024-08-26,1998-09-05,1.78m,,Right-handed (two-handed backhand),4,0,,"$29,528",https://upload.wikimedia.org/wikipedia/commons/thumb/7/70/Caroline_Dolehide_%282025_DC_Open%29_03_%28cropped%29.jpg/330px-Caroline_Dolehide_%282025_DC_Open%29_03_%28cropped%29.jpg?utm_source=en.wikipedia.org&utm_campaign=api&utm_content=thumbnail,F,WTA Tour Official,2026-05-15T05:54:36.311673+00:00
715,Eliot Spizzirri,USA,,67,2026-02-16,2001-12-23,"6'1"" (185cm)",175 lbs (79kg),"Right-Handed, Two-Handed Backhand",11,10,,"$1,098,007",https://upload.wikimedia.org/wikipedia/commons/thumb/8/81/Eliot_Spizzirri_%282023_Cary%29_04_%28cropped%29.jpg/330px-Eliot_Spizzirri_%282023_Cary%29_04_%28cropped%29.jpg,M,ATP Tour,2026-05-15T05:53:30.587183+00:00
1130,Rebeka Masarova,SUI,,62,2023-12-11,1999-08-06,1.86m,,Right (two-handed backhand),273,168,,"$2,012,734",https://upload.wikimedia.org/wikipedia/commons/thumb/c/cd/2023-06_Rebeka_Masarova_%28cropped%29.jpg/330px-2023-06_Rebeka_Masarova_%28cropped%29.jpg,F,WTA Tour Official,2026-05-15T05:25:29.960875+00:00
722,Aleksandar Vukic,AUS,,48,2023-08-14,1996-04-06,"6'2"" (188cm)",187 lbs (85kg),"Right-Handed, Two-Handed Backhand",58,87,2018,"$3,716,741",https://upload.wikimedia.org/wikipedia/commons/thumb/e/ef/Vukic_RGQ22_%285%29_%2852128494517%29.jpg/330px-Vukic_RGQ22_%285%29_%2852128494517%29.jpg?utm_source=en.wikipedia.org&utm_campaign=api&utm_content=thumbnail,M,ATP Tour,2026-05-15T05:55:07.534843+00:00
748,Stan Wawrinka,SUI,,3,2014-01-27,1985-03-28,"6'0"" (183cm)",179 lbs (81kg),"Right-Handed, One-Handed Backhand",588,386,2002,"$38,335,441",https://upload.wikimedia.org/wikipedia/commons/thumb/d/d9/Wawrinka_RG19_%2816%29_%2848199015787%29.jpg/330px-Wawrinka_RG19_%2816%29_%2848199015787%29.jpg,M,ATP Tour,2026-05-15T06:01:52.590371+00:00
881,Michael Mmoh,USA,,81,2023-09-11,1998-01-10,"6'2"" (188cm)",198 lbs (90kg),"Right-Handed, Two-Handed Backhand",33,44,2016,"$2,398,413",https://upload.wikimedia.org/wikipedia/commons/thumb/6/6e/Mmoh_WMQ23_%2853062186043%29.jpg/330px-Mmoh_WMQ23_%2853062186043%29.jpg,M,ATP Tour,2026-05-15T06:25:35.430960+00:00
1011,Paula Badosa,ESP,84,2,2022-04-25,1997-11-15,1.80m,,Right-handed (two-handed backhand),388,223,,"$9,637,356",https://upload.wikimedia.org/wikipedia/commons/thumb/1/1d/Badosa_RG21_%2814%29_%2851376409698%29_%28cropped%29.jpg/330px-Badosa_RG21_%2814%29_%2851376409698%29_%28cropped%29.jpg,F,WTA Tour Official,2026-07-30T05:00:38.386160+00:00
773,Christopher O'Connell,AUS,,53,2023-09-11,1994-06-03,"6'0"" (183cm)",172 lbs (78kg),"Right-Handed, One-Handed Backhand",62,96,2011,"$4,274,125",https://upload.wikimedia.org/wikipedia/commons/thumb/9/92/O%27Connell_RG21_%2813%29_%2851376328688%29.jpg/330px-O%27Connell_RG21_%2813%29_%2851376328688%29.jpg?utm_source=en.wikipedia.org&utm_campaign=api&utm_content=thumbnail,M,ATP Tour,2026-05-15T06:08:12.142654+00:00
774,Luca Nardi,ITA,,67,2025-03-03,2003-08-06,"6'1"" (185cm)",176 lbs (80kg),"Right-Handed, Two-Handed Backhand",18,41,,"$2,324,053",https://upload.wikimedia.org/wikipedia/commons/thumb/0/08/Nardi_WMQ23_%2853061881614%29.jpg/330px-Nardi_WMQ23_%2853061881614%29.jpg,M,ATP Tour,2026-05-15T06:08:27.146667+00:00
787,Giulio Zeppieri,ITA,,110,2024-01-29,2001-12-07,"6'0"" (183cm)",180 lbs (82kg),"Left-Handed, Two-Handed Backhand",7,20,2019,"$1,425,843",https://upload.wikimedia.org/wikipedia/commons/thumb/2/2b/Zeppieri_RG22_%2833%29_%2852144298564%29.jpg/330px-Zeppieri_RG22_%2833%29_%2852144298564%29.jpg?utm_source=en.wikipedia.org&utm_campaign=api&utm_content=thumbnail,M,ATP Tour,2026-05-15T06:11:42.023313+00:00
793,Grigor Dimitrov,BUL,,3,2017-11-20,1991-05-16,"6'3"" (191cm)",178 lbs (81kg),"Right-Handed, One-Handed Backhand",479,310,2008,"$31,809,918",https://upload.wikimedia.org/wikipedia/commons/thumb/1/18/Grigor_Dimitrov_%282023_DC_Open%29_01.jpg/330px-Grigor_Dimitrov_%282023_DC_Open%29_01.jpg,M,ATP Tour,2026-05-15T06:13:14.101571+00:00
833,Bernard Tomic,AUS,,17,2016-01-11,1992-10-21,"6'5"" (196cm)",201 lbs (91kg),"Right-Handed, Two-Handed Backhand",187,184,2008,"$6,717,849",https://upload.wikimedia.org/wikipedia/commons/thumb/7/7a/Bernard_Tomi%C4%87_%282025_DC_Open%29_03_%28cropped%29.jpg/330px-Bernard_Tomi%C4%87_%282025_DC_Open%29_03_%28cropped%29.jpg,M,ATP Tour,2026-05-15T06:19:33.055795+00:00
808,Marco Cecchinato,ITA,,16,2019-02-25,1992-09-30,"6'1"" (185cm)",171 lbs (78kg),"Right-Handed, One-Handed Backhand",78,127,2010,"$5,201,301",https://upload.wikimedia.org/wikipedia/commons/thumb/4/45/Cecchinato_RG18_%2842260493614%29.jpg/330px-Cecchinato_RG18_%2842260493614%29.jpg?utm_source=en.wikipedia.org&utm_campaign=api&utm_content=thumbnail,M,ATP Tour,2026-05-15T06:16:36.787524+00:00
820,Jerome Kym,SUI,,123,2025-05-19,2003-02-12,"6'6"" (198cm)",192 lbs (87kg),"Right-Handed, Two-Handed Backhand",7,5,2019,"$701,125",https://upload.wikimedia.org/wikipedia/commons/thumb/8/89/J%C3%A9r%C3%B4me_Kym%2C_Swiss_Indoors_Basel_2024.jpg/330px-J%C3%A9r%C3%B4me_Kym%2C_Swiss_Indoors_Basel_2024.jpg?utm_source=en.wikipedia.org&utm_campaign=api&utm_content=thumbnail,M,ATP Tour,2026-05-15T06:17:56.340136+00:00
843,Roberto Carballes Baena,ESP,,49,2023-04-10,1993-03-23,"6'0"" (183cm)",170 lbs (77kg),"Right-Handed, Two-Handed Backhand",130,165,2011,"$6,263,568",https://upload.wikimedia.org/wikipedia/commons/thumb/e/e5/Carballes_Baena_RG19_%282%29_%2848199369226%29.jpg/330px-Carballes_Baena_RG19_%282%29_%2848199369226%29.jpg,M,ATP Tour,2026-05-15T06:20:44.632075+00:00
1429,Lizette Cabrera,AUS,,305,2020-02-03,1997-12-19,"5' 6"" (1.68 m)",,Right (two-handed backhand),17,9,,"$76,492",https://upload.wikimedia.org/wikipedia/commons/thumb/e/ed/Cabrera_WMQ22_%2833%29_%2852191666675%29.jpg/330px-Cabrera_WMQ22_%2833%29_%2852191666675%29.jpg,F,WTA Tour Official,2026-05-15T06:20:54.023418+00:00
1430,Erika Andreeva,RUS,,65,2024-10-21,2004-06-24,,,Right-handed (two-handed backhand),207,134,,"$1,427,891",https://upload.wikimedia.org/wikipedia/commons/thumb/4/45/Andreeva_E._WMQ23_%2853061900319%29.jpg/330px-Andreeva_E._WMQ23_%2853061900319%29.jpg?utm_source=en.wikipedia.org&utm_campaign=api&utm_content=thumbnail,F,WTA Tour Official,2026-05-15T06:21:05.898097+00:00
857,Lorenzo Giustino,ITA,,127,2019-08-12,1991-09-10,"5'11"" (180cm)",176 lbs (80kg),"Right-Handed, Two-Handed Backhand",1,7,2007,"$1,068,293",https://upload.wikimedia.org/wikipedia/commons/thumb/b/b6/Giustino_WMQ14_%286%29_%2814420597417%29.jpg/330px-Giustino_WMQ14_%286%29_%2814420597417%29.jpg,M,ATP Tour,2026-05-15T06:22:24.474771+00:00
1449,Lea Ma,USA,,310,2026-04-06,2001-02-01,5 ft 9 in,,Right-handed (two-handed backhand),113,73,,"$64,381",,F,WTA Tour Official,2026-05-15T06:22:46.324661+00:00
1486,Jana Fett,CRO,,334,2017-10-30,1996-11-02,"5' 6"" (1.68 m)",,Right-handed (two-handed backhand),0,0,,$0,https://upload.wikimedia.org/wikipedia/commons/thumb/a/ad/Fett_RGQ22_%2834%29_%2852130109285%29.jpg/330px-Fett_RGQ22_%2834%29_%2852130109285%29.jpg,F,WTA Tour Official,2026-05-15T06:25:36.723111+00:00
910,Matteo Gigante,ITA,,125,2025-07-28,2002-01-04,"5'11"" (180cm)",149 lbs (68kg),"Left-Handed, Two-Handed Backhand",6,7,,"$982,468",https://upload.wikimedia.org/wikipedia/commons/thumb/2/22/Gigante_RGQ23_%2852943034627%29.jpg/330px-Gigante_RGQ23_%2852943034627%29.jpg,M,ATP Tour,2026-05-15T06:29:00.824061+00:00
924,Zhizhen Zhang,CHN,,31,2024-07-22,1996-10-16,"6'4"" (193cm)",192 lbs (87kg),"Right-Handed, Two-Handed Backhand",64,79,2012,"$4,407,472",https://upload.wikimedia.org/wikipedia/commons/thumb/e/ea/Zhang_Zhizhen_%282023_US_Open%29_05_%28cropped%29.jpg/330px-Zhang_Zhizhen_%282023_US_Open%29_05_%28cropped%29.jpg,M,ATP Tour,2026-05-15T06:30:49.366342+00:00
767,Roman Safiullin,RUS,,36,2024-01-08,1997-08-07,"6'1"" (185cm)",165 lbs (75kg),"Right-Handed, Two-Handed Backhand",57,73,2015,"$4,167,603",https://upload.wikimedia.org/wikipedia/commons/thumb/9/9c/Safiullin_MLC21_%2851602479998%29.jpg/330px-Safiullin_MLC21_%2851602479998%29.jpg?utm_source=en.wikipedia.org&utm_campaign=api&utm_content=thumbnail,M,ATP Tour,2026-07-30T05:01:15.710966+00:00
970,Yosuke Watanuki,JPN,,72,2023-10-30,1998-04-12,"5'11"" (180cm)",162 lbs (73kg),"Right-Handed, Two-Handed Backhand",22,25,2016,"$1,539,915",https://upload.wikimedia.org/wikipedia/commons/thumb/a/a3/Yosuke_Watanuki_%28cropped%29.jpeg/330px-Yosuke_Watanuki_%28cropped%29.jpeg,M,ATP Tour,2026-05-15T06:36:36.671540+00:00
1006,Mikhail Kukushkin,KAZ,,39,2019-02-25,1987-12-26,"6'0"" (183cm)",159 lbs (72kg),"Right-Handed, Two-Handed Backhand",175,239,2006,"$7,555,169",https://upload.wikimedia.org/wikipedia/commons/thumb/d/d6/Kukushkin_WM19_%2819%29_%2848521781006%29.jpg/330px-Kukushkin_WM19_%2819%29_%2848521781006%29.jpg?utm_source=en.wikipedia.org&utm_campaign=api&utm_content=thumbnail,M,ATP Tour,2026-05-15T06:41:10.057647+00:00
1039,Ryan Peniston,GBR,,123,2022-07-18,1995-11-10,"5'11"" (180cm)",165 lbs (75kg),"Left-Handed, Two-Handed Backhand",6,7,,"$843,371",https://upload.wikimedia.org/wikipedia/commons/thumb/8/89/Ryan_Peniston_%2850126482307%29_%28cropped%29.jpg/330px-Ryan_Peniston_%2850126482307%29_%28cropped%29.jpg,M,ATP Tour,2026-05-15T06:45:44.435979+00:00
1135,Nicolas Kicker,ARG,,78,2017-06-12,1992-08-16,"5'10"" (178cm)",165 lbs (75kg),"Right-Handed, One-Handed Backhand",19,29,2009,"$1,241,748",https://upload.wikimedia.org/wikipedia/commons/thumb/4/42/Kicker_RGQ23_%2852943970770%29.jpg/330px-Kicker_RGQ23_%2852943970770%29.jpg,M,ATP Tour,2026-05-15T06:58:38.751751+00:00
1087,Tung Lin Wu,TPE,,158,2023-04-03,1998-05-12,"6'2"" (188cm)",179 lbs (81kg),"Right-Handed, Two-Handed Backhand",11,12,2016,"$675,662",https://upload.wikimedia.org/wikipedia/commons/thumb/2/2d/Wu_Tung-lin_%282023_Cary%29_07_%28cropped%29.jpg/330px-Wu_Tung-lin_%282023_Cary%29_07_%28cropped%29.jpg,M,ATP Tour,2026-05-15T06:52:23.127735+00:00
1160,Geoffrey Blancaneaux,FRA,,134,2022-11-14,1998-08-08,"5'11"" (180cm)",165 lbs (75kg),"Right-Handed, Two-Handed Backhand",0,6,2016,"$1,048,112",https://upload.wikimedia.org/wikipedia/commons/thumb/4/49/Blancaneaux_RG18_%2819%29_%2829106557658%29.jpg/330px-Blancaneaux_RG18_%2819%29_%2829106557658%29.jpg?utm_source=en.wikipedia.org&utm_campaign=api&utm_content=thumbnail,M,ATP Tour,2026-05-15T07:02:14.602996+00:00
4698,Martin Alund,ARG,,,,1985-12-26,,,,0,0,,,https://upload.wikimedia.org/wikipedia/en/thumb/5/5f/AlundLiverpoolTrophy.jpg/330px-AlundLiverpoolTrophy.jpg,M,atp,2026-06-15T06:17:17.361393+00:00
1189,Jason Kubler,AUS,,63,2023-04-24,1993-05-19,"5'10"" (178cm)",163 lbs (74kg),"Right-Handed, Two-Handed Backhand",29,35,2011,"$2,956,366",https://upload.wikimedia.org/wikipedia/commons/thumb/3/3c/Kubler_RGQ22_%2811%29_%2852129798709%29.jpg/330px-Kubler_RGQ22_%2811%29_%2852129798709%29.jpg?utm_source=en.wikipedia.org&utm_campaign=api&utm_content=thumbnail,M,ATP Tour,2026-05-15T07:05:56.159079+00:00
1368,Nicolas Alvarez Varona,ESP,,284,2023-04-10,2001-05-18,"6'2"" (188cm)",182 lbs (83kg),"Right-Handed, Two-Handed Backhand",0,0,,"$197,646",https://upload.wikimedia.org/wikipedia/commons/thumb/5/58/Nicolas_Alvarez_Varona_Sao_Leo_Open_2026.jpg/330px-Nicolas_Alvarez_Varona_Sao_Leo_Open_2026.jpg,M,ATP Tour,2026-05-15T07:29:02.496577+00:00
1206,Jil Teichmann,SUI,,21,2022-07-11,1997-07-15,1.70m,,Left-handed (two-handed backhand),346,261,,"$4,159,501",https://upload.wikimedia.org/wikipedia/commons/thumb/a/af/Transylvania_Open_2023_Doubles_Final_-_Burrage_Teichmann_vs_Jeanjean_Strahova_%2853281217684%29_%28cropped%29.jpg/330px-Transylvania_Open_2023_Doubles_Final_-_Burrage_Teichmann_vs_Jeanjean_Strahova_%2853281217684%29_%28cropped%29.jpg?utm_source=en.wikipedia.org&utm_campaign=api&utm_content=thumbnail,F,WTA Tour Official,2026-05-15T06:02:16.640451+00:00
946,George Loffhagen,GBR,,200,2025-10-27,2001-04-19,"6'2"" (188cm)",184 lbs (83kg),"Right-Handed, Two-Handed Backhand",0,4,,"$430,487",https://upload.wikimedia.org/wikipedia/commons/thumb/d/d9/2018-06-25_WimbledonQuali_%2841197484310%29.jpg/330px-2018-06-25_WimbledonQuali_%2841197484310%29.jpg,M,ATP Tour,2026-05-15T06:33:37.839003+00:00
1650,En-Shuo Liang,TPE,,58,2026-05-04,2000-10-02,,,Right (two-handed backhand),189,106,,"$617,251",https://upload.wikimedia.org/wikipedia/commons/thumb/5/50/Liang_WMQ22_%2818%29_%2852191176028%29.jpg/330px-Liang_WMQ22_%2818%29_%2852191176028%29.jpg,F,WTA Tour Official,2026-05-15T06:38:33.632813+00:00
960,Tristan Boyer,USA,,106,2025-09-08,2001-04-21,"6'2"" (188cm)",185 lbs (84kg),"Right-Handed, Two-Handed Backhand",5,9,,"$926,928",https://upload.wikimedia.org/wikipedia/commons/thumb/7/72/Tristan_Boyer_at_2025_US_Open_1.jpg/330px-Tristan_Boyer_at_2025_US_Open_1.jpg,M,ATP Tour,2026-05-15T06:35:23.073991+00:00
1014,Jonas Forejtek,CZE,,217,2022-08-01,2001-03-10,"6'0"" (183cm)",165 lbs (75kg),"Right-Handed, Two-Handed Backhand",3,1,,"$248,134",https://upload.wikimedia.org/wikipedia/commons/thumb/5/54/Forejtek_WMQ22_%285%29_%2852191168496%29.jpg/330px-Forejtek_WMQ22_%285%29_%2852191168496%29.jpg?utm_source=en.wikipedia.org&utm_campaign=api&utm_content=thumbnail,M,ATP Tour,2026-05-15T06:42:25.259883+00:00
988,Filip Cristian Jianu,ROU,,210,2025-06-09,2001-09-18,"5'11"" (180cm)",171 lbs (78kg),"Right-Handed, Two-Handed Backhand",4,5,,"$410,527",https://upload.wikimedia.org/wikipedia/commons/thumb/f/ff/Filip_Cristian_Jianu_in_YOGBA_2018_02_%28cropped%29.jpg/330px-Filip_Cristian_Jianu_in_YOGBA_2018_02_%28cropped%29.jpg,M,ATP Tour,2026-05-15T06:38:59.367156+00:00
1002,Laslo Djere,SRB,,27,2019-06-10,1995-06-02,"6'2"" (188cm)",181 lbs (82kg),"Right-Handed, Two-Handed Backhand",155,166,2013,"$6,747,494",https://upload.wikimedia.org/wikipedia/commons/thumb/a/a9/Djere_MCM22_%283%29_%2852036938695%29_edited.jpg/330px-Djere_MCM22_%283%29_%2852036938695%29_edited.jpg?utm_source=en.wikipedia.org&utm_campaign=api&utm_content=thumbnail,M,ATP Tour,2026-05-15T06:40:40.203374+00:00
1766,Tessah Andrianjafitrimo,FRA,,469,2022-06-20,1998-10-11,5’4” (1.69 m),,Right (two-handed backhand),0,0,,$0,https://upload.wikimedia.org/wikipedia/commons/thumb/5/54/Andrianjafitrimo_WMQ22_%2830%29_%2852191678600%29.jpg/330px-Andrianjafitrimo_WMQ22_%2830%29_%2852191678600%29.jpg,F,WTA Tour Official,2026-05-15T06:48:04.878547+00:00
1056,Yasutaka Uchiyama,JPN,,78,2019-11-04,1992-08-05,"6'0"" (183cm)",172 lbs (78kg),"Right-Handed, Two-Handed Backhand",13,28,2011,"$1,923,580",https://www.atptour.com/-/media/alias/player-gladiator-headshot/u134,M,ATP Tour,2026-05-15T06:47:56.619896+00:00
1065,Dominic Stricker,SUI,,88,2023-10-02,2002-08-16,"6'0"" (183cm)",176 lbs (80kg),"Left-Handed, Two-Handed Backhand",25,32,2020,"$1,952,377",https://upload.wikimedia.org/wikipedia/commons/thumb/5/58/Dominic_Stricker_%282023_US_Open%29_10_%28cropped%29.jpg/330px-Dominic_Stricker_%282023_US_Open%29_10_%28cropped%29.jpg?utm_source=en.wikipedia.org&utm_campaign=api&utm_content=thumbnail,M,ATP Tour,2026-05-15T06:49:12.087239+00:00
1313,Denis Yevseyev,KAZ,,153,2024-07-22,1993-05-22,"6'2"" (188cm)",176 lbs (80kg),"Right-Handed, Two-Handed Backhand",2,3,,"$650,752",https://upload.wikimedia.org/wikipedia/commons/thumb/0/0f/Denis_Yevseyev_%282024_DC_Open%29_04.jpg/330px-Denis_Yevseyev_%282024_DC_Open%29_04.jpg,M,ATP Tour,2026-05-15T07:22:08.193016+00:00
1810,Naoki Nakagawa,JPN,,327,2025-06-23,1996-11-19,"5'11"" (180cm)",165 lbs (75kg),"Right-Handed, Two-Handed Backhand",0,0,,"$149,885",https://www.atptour.com/-/media/alias/player-gladiator-headshot/n707,M,ATP Tour,2026-05-15T08:26:33.822019+00:00
4694,Evgeny Donskoy,RUS,,,,1990-05-09,,,,0,0,,,https://upload.wikimedia.org/wikipedia/commons/thumb/7/78/Donskoy_WMQ23_%2853062200868%29.jpg/330px-Donskoy_WMQ23_%2853062200868%29.jpg,M,atp,2026-06-15T06:16:57.504491+00:00
4695,Guido Pella,ARG,,,,1990-05-17,,,,0,0,,,https://upload.wikimedia.org/wikipedia/commons/thumb/2/22/Pella_RG19_%282%29_%2848199164037%29.jpg/330px-Pella_RG19_%282%29_%2848199164037%29.jpg,M,atp,2026-06-15T06:16:57.504491+00:00
4696,Kristyna Pliskova,CZE,,,,1992-03-21,,,,0,0,,,,F,wta,2026-06-15T06:17:13.851481+00:00
1254,Viktoria Hruncakova,SVK,,134,2021-03-08,1998-05-11,1.80m,,Right-handed (two-handed backhand),18,6,,"$57,232",https://upload.wikimedia.org/wikipedia/commons/thumb/1/10/Vikt%C3%B3ria_Hrun%C4%8D%C3%A1kov%C3%A1_%282023_US_Open%29_06_%28cropped%29.jpg/330px-Vikt%C3%B3ria_Hrun%C4%8D%C3%A1kov%C3%A1_%282023_US_Open%29_06_%28cropped%29.jpg?utm_source=en.wikipedia.org&utm_campaign=api&utm_content=thumbnail,F,WTA Tour Official,2026-05-15T06:06:16.898237+00:00
1284,Tyra Caterina Grant,ITA,,206,2025-11-24,2008-03-12,,,,69,36,,"$217,215",https://upload.wikimedia.org/wikipedia/commons/thumb/2/21/Tyra_Caterina_Grant_%282023_French_Open%29_01.jpg/330px-Tyra_Caterina_Grant_%282023_French_Open%29_01.jpg,F,WTA Tour Official,2026-05-15T06:09:00.875311+00:00
778,Andrea Pellegrino,ITA,,125,2026-03-02,1997-03-23,"6'1"" (185cm)",179 lbs (81kg),"Right-Handed, Two-Handed Backhand",4,5,2016,"$1,059,830",https://upload.wikimedia.org/wikipedia/commons/thumb/8/83/Pellegrino_BOR22_%2852083987913%29.jpg/330px-Pellegrino_BOR22_%2852083987913%29.jpg?utm_source=en.wikipedia.org&utm_campaign=api&utm_content=thumbnail,M,ATP Tour,2026-05-15T06:09:25.760317+00:00
1165,Daniel Masur,GER,,176,2022-03-07,1994-11-06,"6'0"" (183cm)",172 lbs (78kg),"Right-Handed, Two-Handed Backhand",1,7,2013,"$830,785",https://upload.wikimedia.org/wikipedia/commons/thumb/f/f6/Masur_RGQ22_%2837%29_%2852129568618%29.jpg/330px-Masur_RGQ22_%2837%29_%2852129568618%29.jpg,M,ATP Tour,2026-05-15T07:02:57.723840+00:00
1524,Mateus Alves,BRA,,271,2024-11-18,2001-01-23,"6'4"" (193cm)",193 lbs (88kg),"Right-Handed, Two-Handed Backhand",0,1,2018,"$254,709",https://upload.wikimedia.org/wikipedia/commons/thumb/8/86/Mateus_Alves_%282023_DC_Open%29_04_%28cropped%29.jpg/330px-Mateus_Alves_%282023_DC_Open%29_04_%28cropped%29.jpg?utm_source=en.wikipedia.org&utm_campaign=api&utm_content=thumbnail,M,ATP Tour,2026-05-15T07:49:36.973634+00:00
1855,Lucas Gerch,GER,,278,2023-02-13,1994-12-20,"6'4"" (193cm)",189 lbs (86kg),"Left-Handed, Unknown Backhand",0,0,,"$143,551",https://www.atptour.com/-/media/alias/player-gladiator-headshot/gf23,M,ATP Tour,2026-05-15T08:32:42.188027+00:00
4697,Jana Cepelova,SVK,,,,1993-05-29,,,,0,0,,,,F,wta,2026-06-15T06:17:13.851481+00:00
4699,Mallory Burdette,USA,,,,1991-01-28,,,,0,0,,,,F,wta,2026-06-15T06:17:24.244559+00:00
4700,Federico Delbonis,ARG,,,,1990-10-05,,,,0,0,,,https://upload.wikimedia.org/wikipedia/commons/thumb/a/a0/Delbonis_MCM22_%287%29_%2852036670954%29.jpg/330px-Delbonis_MCM22_%287%29_%2852036670954%29.jpg,M,atp,2026-06-15T06:17:29.771211+00:00
4701,Monica Puig,PUR,,,,1993-09-27,,,,0,0,,,,F,wta,2026-06-15T06:17:36.126781+00:00
4702,Estrella Cabeza Candela,ESP,,,,1987-02-20,,,,0,0,,,,F,wta,2026-06-15T06:17:36.126781+00:00
4703,Jack Sock,USA,,,,1992-09-24,,,,0,0,,,https://upload.wikimedia.org/wikipedia/commons/thumb/b/b3/Sock_RG18_%2814%29_%2842929335242%29.jpg/330px-Sock_RG18_%2814%29_%2842929335242%29.jpg,M,atp,2026-06-15T06:17:39.484722+00:00
4704,Denis Kudla,USA,,,,1992-08-17,,,,0,0,,,https://upload.wikimedia.org/wikipedia/commons/thumb/6/6c/Kudla_WMQ23_%2853061887904%29.jpg/330px-Kudla_WMQ23_%2853061887904%29.jpg,M,atp,2026-06-15T06:17:39.484722+00:00
4705,Steve Johnson,USA,,,,,,,,0,0,,,,M,atp,2026-06-15T06:17:39.484722+00:00
4706,Michelle Larcher De Brito,POR,,,,1993-01-29,,,,0,0,,,,F,wta,2026-06-15T06:17:39.484722+00:00
4707,Alison Riske-Amritraj,USA,,,,1990-07-03,,,,0,0,,,,F,wta,2026-06-15T06:18:01.929777+00:00
4708,Anna Karolina Schmiedlova,SVK,,,,1994-09-13,,,,0,0,,,,F,wta,2026-06-15T06:18:01.929777+00:00
4709,Jesse Huta Galung,NED,,,,1985-10-06,,,,0,0,,,https://upload.wikimedia.org/wikipedia/commons/thumb/9/91/Jesse_Huta_Galung_2%2C_2015_Wimbledon_Qualifying_-_Diliff.jpg/330px-Jesse_Huta_Galung_2%2C_2015_Wimbledon_Qualifying_-_Diliff.jpg,M,atp,2026-06-15T06:18:04.705233+00:00
4710,Sharon Fichman,CAN,,,,1990-12-03,,,,0,0,,,,F,wta,2026-06-15T06:18:04.705233+00:00
4711,Dinah Pfizenmaier,GER,,,,1992-01-13,,,,0,0,,,,F,wta,2026-06-15T06:18:04.705233+00:00
4712,Kurumi Nara,JPN,,,,1991-12-30,,,,0,0,,,,F,wta,2026-06-15T06:18:17.682563+00:00
4713,Julia Glushko,ISR,,,,1990-01-01,,,,0,0,,,,F,wta,2026-06-15T06:18:17.682563+00:00
4714,Tim Smyczek,USA,,,,1987-12-30,,,,0,0,,,https://upload.wikimedia.org/wikipedia/commons/thumb/5/5f/Smyczek_WMQ14_%288%29_%2814626922963%29.jpg/330px-Smyczek_WMQ14_%288%29_%2814626922963%29.jpg,M,atp,2026-06-15T06:18:22.196103+00:00
4715,Teliana Pereira,BRA,,,,1988-07-20,,,,0,0,,,,F,wta,2026-06-15T06:18:22.196103+00:00
4716,Aleksandr Nedovyesov,KAZ,,,,1987-02-15,,,,0,0,,,https://upload.wikimedia.org/wikipedia/commons/thumb/3/37/Aleksandr_Nedovyesov_4%2C_2015_Wimbledon_Qualifying_-_Diliff.jpg/330px-Aleksandr_Nedovyesov_4%2C_2015_Wimbledon_Qualifying_-_Diliff.jpg,M,atp,2026-06-15T06:18:29.589262+00:00
4717,Alejandro Gonzalez,COL,,,,,,,,0,0,,,,M,atp,2026-06-15T06:18:37.467860+00:00
4718,Bradley Klahn,USA,,,,1990-08-20,,,,0,0,,,https://upload.wikimedia.org/wikipedia/commons/thumb/9/9d/Klahn_WMQ22_%2838%29_%2852190140917%29.jpg/330px-Klahn_WMQ22_%2838%29_%2852190140917%29.jpg,M,atp,2026-06-15T06:18:37.467860+00:00
4719,Luksika Kumkhum,THA,,,,1993-07-21,,,,0,0,,,,F,wta,2026-06-15T06:18:50.197501+00:00
4720,Peter Gojowczyk,GER,,,,1989-07-15,,,,0,0,,,https://upload.wikimedia.org/wikipedia/commons/thumb/e/e6/Gojowczyk_MLC21_%283%29.jpg/330px-Gojowczyk_MLC21_%283%29.jpg,M,atp,2026-06-15T06:18:55.994303+00:00
4721,Victor Estrella Burgos,DOM,,,,1980-08-02,,,,0,0,,,https://upload.wikimedia.org/wikipedia/commons/thumb/f/fc/Victor_Estrella_Burgos_2013_US_Open.jpg/330px-Victor_Estrella_Burgos_2013_US_Open.jpg,M,atp,2026-06-15T06:19:03.027479+00:00
4722,Alison Van Uytvanck,BEL,,,,1994-03-26,,,,0,0,,,,F,wta,2026-06-15T06:19:03.027479+00:00
4723,Nadiia Kichenok,UKR,,,,1992-07-20,,,,0,0,,,,F,wta,2026-06-15T06:19:13.187059+00:00
4724,Blaz Rola,SLO,,,,1990-10-05,,,,0,0,,,https://upload.wikimedia.org/wikipedia/commons/thumb/8/80/Rola_WM14_%2821%29_%2814620517756%29.jpg/330px-Rola_WM14_%2821%29_%2814620517756%29.jpg,M,atp,2026-06-15T06:19:16.751374+00:00
4725,Diego Schwartzman,ARG,,,,1992-08-16,,,,0,0,,,https://upload.wikimedia.org/wikipedia/commons/thumb/c/c3/Schwartzman_WM19_%2824%29_%2848521748281%29.jpg/330px-Schwartzman_WM19_%2824%29_%2848521748281%29.jpg,M,atp,2026-06-15T06:19:25.555891+00:00
4726,Nick Kyrgios,AUS,,,,1995-04-27,,,,0,0,,,https://upload.wikimedia.org/wikipedia/commons/thumb/f/f6/Kyrgios_WM19_%2875%29_%2848521949772%29.jpg/330px-Kyrgios_WM19_%2875%29_%2848521949772%29.jpg,M,atp,2026-06-15T06:19:32.487989+00:00
4727,Sam Groth,AUS,,,,1987-10-19,,,,0,0,,,https://upload.wikimedia.org/wikipedia/commons/thumb/d/de/Stakhovsky_%26_Groth_%2819646610795%29_%28cropped%29.jpg/330px-Stakhovsky_%26_Groth_%2819646610795%29_%28cropped%29.jpg,M,atp,2026-06-15T06:19:32.487989+00:00
4728,Johanna Konta,GBR,,,,1991-05-17,,,,0,0,,,,F,wta,2026-06-15T06:19:32.487989+00:00
4729,Victoria Duval,USA,,,,1995-11-30,,,,0,0,,,,F,wta,2026-06-15T06:19:32.487989+00:00
4730,Tereza Smitkova,CZE,,,,1994-10-10,,,,0,0,,,,F,wta,2026-06-15T06:19:32.487989+00:00
4731,Frank Dancevic,CAN,,,,1984-09-26,,,,0,0,,,https://upload.wikimedia.org/wikipedia/commons/thumb/f/f2/Frank_Dancevic_2%2C_2015_Wimbledon_Qualifying_-_Diliff.jpg/330px-Frank_Dancevic_2%2C_2015_Wimbledon_Qualifying_-_Diliff.jpg,M,atp,2026-06-15T06:19:46.836785+00:00
931,Elsa Jacquemot,FRA,,53,2026-02-02,2003-05-03,1.76m,,Right-handed (two-handed backhand),207,183,,"$1,948,062",https://upload.wikimedia.org/wikipedia/commons/thumb/8/8d/Elsa_Jacquemot_%282023_US_Open%29_09_%28cropped%29.jpg/330px-Elsa_Jacquemot_%282023_US_Open%29_09_%28cropped%29.jpg,F,WTA Tour Official,2026-07-30T05:00:38.386160+00:00
975,Veronika Erjavec,SLO,,86,2026-05-04,1999-12-30,1.67m,,Right (two-handed backhand),292,174,,"$860,779",https://photoresources.wtatennis.com/photo-resources/2023/08/18/1b6f8823-2152-4194-9bed-dc8e48a6effb/Erjavec-Headshot.png?width=258&height=345,F,WTA Tour Official,2026-07-22T08:57:30.899008+00:00
737,Francisco Comesana,ARG,,54,2025-08-18,2000-10-06,"5'10"" (178cm)",158 lbs (72kg),"Right-Handed, Two-Handed Backhand",26,40,,"$2,210,387",https://upload.wikimedia.org/wikipedia/commons/thumb/5/5f/Francisco_Comesa%C3%B1a_%282023_US_Open%29_03.jpg/330px-Francisco_Comesa%C3%B1a_%282023_US_Open%29_03.jpg,M,ATP Tour,2026-07-30T05:01:15.710966+00:00
725,Jesper De Jong,NED,,71,2026-01-05,2000-05-31,"5'11"" (180cm)",154 lbs (70kg),"Right-Handed, Two-Handed Backhand",20,29,,"$1,970,713",https://upload.wikimedia.org/wikipedia/commons/thumb/f/f6/De_Jong_WMQ23_%2853061896384%29.jpg/330px-De_Jong_WMQ23_%2853061896384%29.jpg,M,ATP Tour,2026-07-22T08:57:30.899008+00:00
731,Emilio Nava,USA,,74,2026-03-16,2001-12-02,"6'1"" (185cm)",174 lbs (79kg),"Right-Handed, Two-Handed Backhand",15,32,2018,"$1,925,342",https://upload.wikimedia.org/wikipedia/commons/thumb/4/47/Nava_BLO22_%2824%29_%2852157277484%29.jpg/330px-Nava_BLO22_%2824%29_%2852157277484%29.jpg?utm_source=en.wikipedia.org&utm_campaign=api&utm_content=thumbnail,M,ATP Tour,2026-07-30T05:01:15.710966+00:00
836,Naomi Osaka,JPN,13,1,2019-01-28,1997-10-16,"5' 11"" (1.80 m)",,Right-handed (two-handed backhand),329,185,,"$25,195,856",https://upload.wikimedia.org/wikipedia/commons/thumb/d/d6/NaomiOsaka-smile-2020_%28cropped_tight%29.png/330px-NaomiOsaka-smile-2020_%28cropped_tight%29.png?utm_source=en.wikipedia.org&utm_campaign=api&utm_content=thumbnail,F,WTA Tour Official,2026-07-22T08:57:30.899008+00:00
824,Elina Svitolina,UKR,9,3,2017-09-11,1994-09-12,1.74m,,Right-handed (two-handed backhand),541,280,,"$28,395,765",https://upload.wikimedia.org/wikipedia/commons/thumb/5/58/Elina_Svitolina_%282023_DC_Open%29_28_%28cropped%29.jpg/330px-Elina_Svitolina_%282023_DC_Open%29_28_%28cropped%29.jpg?utm_source=en.wikipedia.org&utm_campaign=api&utm_content=thumbnail,F,WTA Tour Official,2026-08-07T06:19:33.141654+00:00
828,Belinda Bencic,SUI,14,4,2020-02-17,1997-03-10,1.75m,,Right-handed (two-handed backhand),446,228,,"$16,268,925",https://upload.wikimedia.org/wikipedia/commons/thumb/9/99/Belinda_Bencic_%282023_DC_Open%29_01a_%28cropped%29.jpg/330px-Belinda_Bencic_%282023_DC_Open%29_01a_%28cropped%29.jpg,F,WTA Tour Official,2026-07-22T08:57:30.899008+00:00
925,Varvara Gracheva,FRA,,39,2024-01-08,2000-08-02,1.78m,,Right-handed (two-handed backhand),304,223,,"$4,291,230",https://upload.wikimedia.org/wikipedia/commons/thumb/f/f1/Varvara_Gracheva_%282023_DC_Open%29_18_%28cropped%29.jpg/330px-Varvara_Gracheva_%282023_DC_Open%29_18_%28cropped%29.jpg,F,WTA Tour Official,2026-07-22T08:57:30.899008+00:00
997,Taylor Townsend,USA,,1,2025-07-28,1996-04-16,1.70m,,Left-handed (two-handed backhand),301,103,,"$8,482,923",https://upload.wikimedia.org/wikipedia/commons/thumb/8/8d/Taylor_Townsend_%282025_DC_Open%2906.jpg/330px-Taylor_Townsend_%282025_DC_Open%2906.jpg?utm_source=en.wikipedia.org&utm_campaign=api&utm_content=thumbnail,F,WTA Tour Official,2026-07-22T08:57:30.899008+00:00
669,Gabriel Diallo,CAN,,33,2025-08-18,2001-09-24,"6'8"" (203cm)",198 lbs (90kg),"Right-Handed, Two-Handed Backhand",46,51,2023,"$3,032,744",https://upload.wikimedia.org/wikipedia/commons/thumb/b/ba/Diallo_WMQ23_%2853061896439%29.jpg/330px-Diallo_WMQ23_%2853061896439%29.jpg,M,ATP Tour,2026-07-30T05:01:15.710966+00:00
983,Donna Vekic,CRO,35,89,2025-01-27,1996-06-28,1.79m,,Right-handed (two-handed backhand),14,11,,"$267,006",https://upload.wikimedia.org/wikipedia/commons/thumb/1/11/Donna_Veki%C4%87_%2852171230817%29_%28cropped%29.jpg/330px-Donna_Veki%C4%87_%2852171230817%29_%28cropped%29.jpg,F,WTA Tour Official,2026-07-30T05:00:38.386160+00:00
985,Viktorija Golubic,SUI,51,35,2022-02-28,1992-10-16,1.69m,,Right-handed (one-handed backhand),509,343,,"$5,041,532",https://upload.wikimedia.org/wikipedia/commons/thumb/b/b9/Viktorija_Golubic_%282023_US_Open%29_07_%28cropped%29.jpg/330px-Viktorija_Golubic_%282023_US_Open%29_07_%28cropped%29.jpg?utm_source=en.wikipedia.org&utm_campaign=api&utm_content=thumbnail,F,WTA Tour Official,2026-07-30T05:00:38.386160+00:00
991,Anhelina Kalinina,UKR,54,25,2023-05-22,1997-02-07,1.80m,,Right (two-handed backhand),408,237,,"$4,592,470",https://upload.wikimedia.org/wikipedia/commons/thumb/2/2c/Day_3_-_TransylvaniaOpen_Anhelina_Kalinina_vs_Elena_Gabriela_Ruse_6-2%2C_6-3_%2854320717373%29_%28cropped_Anhelina_Kalinina%29.jpg/330px-Day_3_-_TransylvaniaOpen_Anhelina_Kalinina_vs_Elena_Gabriela_Ruse_6-2%2C_6-3_%2854320717373%29_%28cropped_Anhelina_Kalinina%29.jpg,F,WTA Tour Official,2026-07-30T05:00:38.386160+00:00
1035,Mayar Sherif,EGY,50,31,2023-06-19,1996-05-05,1.80m,,Right-handed (two-handed backhand),312,180,,"$3,126,109",https://upload.wikimedia.org/wikipedia/commons/thumb/4/48/Sherif_RG22_%2837%29_%2852144293999%29.jpg/330px-Sherif_RG22_%2837%29_%2852144293999%29.jpg?utm_source=en.wikipedia.org&utm_campaign=api&utm_content=thumbnail,F,WTA Tour Official,2026-07-30T05:00:38.386160+00:00
4790,Jaqueline Cristian,ROU,39,,,1998-06-05,,,,0,0,,,,F,wta,2026-07-30T05:00:38.386160+00:00
933,Zeynep Sonmez,TUR,52,65,2026-05-04,2002-04-30,1.70m,,Right (two-handed backhand),15,10,,"$455,357",https://upload.wikimedia.org/wikipedia/commons/thumb/a/a1/Sonmez_WMQ23_%2853062069365%29.jpg/330px-Sonmez_WMQ23_%2853062069365%29.jpg,F,WTA Tour Official,2026-07-30T05:00:38.386160+00:00
963,Eva Lys,GER,85,39,2026-01-05,2002-01-12,1.65m,,Right-handed (two-handed backhand),179,122,,"$2,290,297",https://upload.wikimedia.org/wikipedia/commons/thumb/c/c7/Eva_Lys_at_Wimbledon_2024_%28cropped2%29.jpg/330px-Eva_Lys_at_Wimbledon_2024_%28cropped2%29.jpg,F,WTA Tour Official,2026-07-30T05:00:38.386160+00:00
627,Novak Djokovic,SRB,5,1,2011-07-04,1987-05-22,"6'2"" (188cm)",181 lbs (82kg),"Right-Handed, Two-Handed Backhand",1170,235,2003,"$193,215,570",https://upload.wikimedia.org/wikipedia/commons/thumb/d/d7/Novak_Djokovic_2024_Paris_Olympics.jpg/330px-Novak_Djokovic_2024_Paris_Olympics.jpg?utm_source=en.wikipedia.org&utm_campaign=api&utm_content=thumbnail,M,ATP Tour,2026-07-30T05:01:15.710966+00:00
632,Daniil Medvedev,RUS,6,1,2022-02-28,1996-02-11,"6'6"" (198cm)",182 lbs (83kg),"Right-Handed, Two-Handed Backhand",441,187,2014,"$51,373,454",https://upload.wikimedia.org/wikipedia/commons/thumb/3/30/Danill_Medvedev_Miami_2019_%28cropped%29.jpg/330px-Danill_Medvedev_Miami_2019_%28cropped%29.jpg?utm_source=en.wikipedia.org&utm_campaign=api&utm_content=thumbnail,M,ATP Tour,2026-08-07T06:19:33.141654+00:00
637,Andrey Rublev,RUS,16,5,2021-09-13,1997-10-20,"6'2"" (188cm)",165 lbs (75kg),"Right-Handed, Two-Handed Backhand",384,218,2014,"$33,150,587",https://upload.wikimedia.org/wikipedia/commons/thumb/4/40/Andrey_Rublev_%282023_US_Open%29_02_%28cropped%29.jpg/330px-Andrey_Rublev_%282023_US_Open%29_02_%28cropped%29.jpg?utm_source=en.wikipedia.org&utm_campaign=api&utm_content=thumbnail,M,ATP Tour,2026-08-07T06:19:33.141654+00:00
624,Jannik Sinner,ITA,1,1,2024-06-10,2001-08-16,"6'3"" (191cm)",170 lbs (77kg),"Right-Handed, Two-Handed Backhand",351,88,2018,"$63,506,324",https://upload.wikimedia.org/wikipedia/commons/thumb/6/64/Jannik_Sinner_2025_US_Open.jpg/330px-Jannik_Sinner_2025_US_Open.jpg?utm_source=en.wikipedia.org&utm_campaign=api&utm_content=thumbnail,M,ATP Tour,2026-07-22T08:57:30.899008+00:00
714,Pablo Carreno Busta,ESP,68,10,2017-09-11,1991-07-12,"6'2"" (188cm)",172 lbs (78kg),"Right-Handed, Two-Handed Backhand",288,241,2009,"$17,292,244",https://upload.wikimedia.org/wikipedia/commons/thumb/8/82/Carreno_Busta_MCM22_%287%29_%2852035375722%29.jpg/330px-Carreno_Busta_MCM22_%287%29_%2852035375722%29.jpg?utm_source=en.wikipedia.org&utm_campaign=api&utm_content=thumbnail,M,ATP Tour,2026-08-07T06:19:33.141654+00:00
706,Jan Lennard Struff,GER,41,21,2023-06-19,1990-04-25,"6'4"" (193cm)",202 lbs (92kg),"Right-Handed, Two-Handed Backhand",240,272,2009,"$12,598,923",https://www.atptour.com/-/media/alias/player-gladiator-headshot/sl28,M,ATP Tour,2026-08-07T06:19:33.141654+00:00
656,Ugo Humbert,FRA,28,13,2024-04-15,1998-06-26,"6'2"" (188cm)",160 lbs (73kg),"Left-Handed, Two-Handed Backhand",180,156,2016,"$11,059,960",https://upload.wikimedia.org/wikipedia/commons/thumb/7/7e/Ugo_Humbert%2C_Swiss_Indoors_Basel_%28cropped%29.jpg/330px-Ugo_Humbert%2C_Swiss_Indoors_Basel_%28cropped%29.jpg?utm_source=en.wikipedia.org&utm_campaign=api&utm_content=thumbnail,M,ATP Tour,2026-08-07T06:19:33.141654+00:00
668,Adrian Mannarino,FRA,47,17,2024-01-29,1988-06-29,"5'11"" (180cm)",174 lbs (79kg),"Left-Handed, Two-Handed Backhand",322,370,2004,"$14,739,219",https://upload.wikimedia.org/wikipedia/commons/thumb/d/d2/Adrian_Mannarino_%282024_DC_Open%29_01_%28cropped%29.jpg/330px-Adrian_Mannarino_%282024_DC_Open%29_01_%28cropped%29.jpg,M,ATP Tour,2026-07-30T05:01:15.710966+00:00
642,Cameron Norrie,GBR,37,8,2022-09-12,1995-08-23,"6'2"" (188cm)",181 lbs (82kg),"Left-Handed, Two-Handed Backhand",257,190,2017,"$14,609,850",https://upload.wikimedia.org/wikipedia/commons/thumb/e/eb/Norrie_MCM23_%2817%29_%2852883520940%29.jpg/330px-Norrie_MCM23_%2817%29_%2852883520940%29.jpg,M,ATP Tour,2026-08-07T06:19:33.141654+00:00
641,Tommy Paul,USA,21,8,2025-06-09,1997-05-17,"6'1"" (185cm)",180 lbs (82kg),"Right-Handed, Two-Handed Backhand",224,146,2015,"$13,813,138",https://www.atptour.com/-/media/alias/player-gladiator-headshot/pl56,M,ATP Tour,2026-07-30T05:01:15.710966+00:00
646,Alejandro Davidovich Fokina,ESP,25,14,2025-11-03,1999-06-05,"5'11"" (180cm)",180 lbs (82kg),"Right-Handed, Two-Handed Backhand",168,153,2017,"$11,383,686",https://upload.wikimedia.org/wikipedia/commons/thumb/9/93/Alejandro_Davidovich_Fokina_%282023_US_Open%29_06_%28cropped%29.jpg/330px-Alejandro_Davidovich_Fokina_%282023_US_Open%29_06_%28cropped%29.jpg?utm_source=en.wikipedia.org&utm_campaign=api&utm_content=thumbnail,M,ATP Tour,2026-07-30T05:01:15.710966+00:00
699,Kamil Majchrzak,POL,67,53,2026-03-30,1996-01-13,"6'0"" (183cm)",176 lbs (80kg),"Right-Handed, Two-Handed Backhand",53,62,2013,"$3,494,128",https://upload.wikimedia.org/wikipedia/commons/thumb/c/cf/Majchrzak_RG21_%282%29_%2851376823294%29.jpg/330px-Majchrzak_RG21_%282%29_%2851376823294%29.jpg?utm_source=en.wikipedia.org&utm_campaign=api&utm_content=thumbnail,M,ATP Tour,2026-08-07T06:19:33.141654+00:00
666,Sebastian Korda,USA,50,15,2024-08-12,2000-07-05,"6'5"" (196cm)",180 lbs (82kg),"Right-Handed, Two-Handed Backhand",159,103,2018,"$8,999,774",https://upload.wikimedia.org/wikipedia/commons/thumb/6/66/Sebastian_Korda_%282023_DC_Open%29_02.jpg/330px-Sebastian_Korda_%282023_DC_Open%29_02.jpg?utm_source=en.wikipedia.org&utm_campaign=api&utm_content=thumbnail,M,ATP Tour,2026-08-07T06:19:33.141654+00:00
633,Lorenzo Musetti,ITA,13,5,2026-01-12,2002-03-03,"6'1"" (185cm)",172 lbs (78kg),"Right-Handed, One-Handed Backhand",188,139,2019,"$15,156,674",https://upload.wikimedia.org/wikipedia/commons/thumb/6/64/Musetti_MCM23_%2811%29_%2852883593753%29.jpg/330px-Musetti_MCM23_%2811%29_%2852883593753%29.jpg?utm_source=en.wikipedia.org&utm_campaign=api&utm_content=thumbnail,M,ATP Tour,2026-08-07T06:19:33.141654+00:00
625,Carlos Alcaraz,ESP,2,1,2022-09-12,2003-05-05,"6'0"" (183cm)",163 lbs (74kg),"Right-Handed, Two-Handed Backhand",302,68,2018,"$64,997,598",https://upload.wikimedia.org/wikipedia/commons/thumb/5/5f/Carlos_Alcaraz_2025_FO.jpg/330px-Carlos_Alcaraz_2025_FO.jpg?utm_source=en.wikipedia.org&utm_campaign=api&utm_content=thumbnail,M,ATP Tour,2026-08-07T06:19:33.141654+00:00
741,Hugo Gaston,FRA,96,58,2022-07-11,2000-09-26,"5'8"" (173cm)",149 lbs (68kg),"Left-Handed, Two-Handed Backhand",48,77,2018,"$3,810,073",https://upload.wikimedia.org/wikipedia/commons/thumb/2/20/Gaston_BOR22_%2852084213579%29_%28edited%29.jpg/330px-Gaston_BOR22_%2852084213579%29_%28edited%29.jpg?utm_source=en.wikipedia.org&utm_campaign=api&utm_content=thumbnail,M,ATP Tour,2026-08-07T06:19:33.141654+00:00
736,Alex Molcan,SVK,75,38,2022-05-23,1997-12-01,"5'10"" (178cm)",160 lbs (73kg),"Left-Handed, Two-Handed Backhand",57,47,2015,"$2,605,092",https://www.atptour.com/-/media/alias/player-gladiator-headshot/mv14,M,ATP Tour,2026-08-07T06:19:33.141654+00:00
716,Quentin Halys,FRA,54,46,2025-06-30,1996-10-26,"6'3"" (191cm)",187 lbs (85kg),"Right-Handed, Two-Handed Backhand",55,95,2012,"$5,039,937",https://upload.wikimedia.org/wikipedia/commons/thumb/0/08/Halys_BOR22_%2852084206029%29.jpg/330px-Halys_BOR22_%2852084206029%29.jpg?utm_source=en.wikipedia.org&utm_campaign=api&utm_content=thumbnail,M,ATP Tour,2026-08-07T06:19:33.141654+00:00
675,Nuno Borges,POR,55,30,2024-09-09,1997-02-19,"6'1"" (185cm)",171 lbs (78kg),"Right-Handed, Two-Handed Backhand",78,94,2019,"$4,945,148",https://www.atptour.com/-/media/alias/player-gladiator-headshot/bt72,M,ATP Tour,2026-08-07T06:19:33.141654+00:00
720,Luca Van Assche,FRA,49,63,2023-10-23,2004-05-11,"5'10"" (178cm)",158 lbs (72kg),"Right-Handed, Two-Handed Backhand",25,41,2021,"$2,372,104",https://upload.wikimedia.org/wikipedia/commons/thumb/e/e0/Van_Assche_BOR22_%2852084459020%29.jpg/330px-Van_Assche_BOR22_%2852084459020%29.jpg,M,ATP Tour,2026-08-07T06:19:33.141654+00:00
708,Aleksandr Shevchenko,KAZ,89,45,2024-02-19,2000-11-29,"6'2"" (188cm)",176 lbs (80kg),"Right-Handed, Two-Handed Backhand",58,76,2018,"$3,415,812",https://upload.wikimedia.org/wikipedia/commons/thumb/7/79/Aleksandr_Shevchenko.jpg/330px-Aleksandr_Shevchenko.jpg,M,ATP Tour,2026-07-30T05:01:15.710966+00:00
729,Matteo Arnaldi,ITA,35,30,2024-08-12,2001-02-22,"6'1"" (185cm)",170 lbs (77kg),"Right-Handed, Two-Handed Backhand",68,73,2019,"$4,832,778",https://upload.wikimedia.org/wikipedia/commons/thumb/b/b7/Arnaldi_BLO22_%2868%29_%2852157038811%29.jpg/330px-Arnaldi_BLO22_%2868%29_%2852157038811%29.jpg,M,ATP Tour,2026-07-30T05:01:15.710966+00:00
719,Rinky Hijikata,AUS,93,62,2024-08-26,2001-02-23,"5'10"" (178cm)",159 lbs (72kg),"Right-Handed, Two-Handed Backhand",42,62,2021,"$3,881,748",https://upload.wikimedia.org/wikipedia/commons/thumb/f/fa/Rinky_Hijikata_%282023_Cary%29_%28cropped2%29.jpg/330px-Rinky_Hijikata_%282023_Cary%29_%28cropped2%29.jpg?utm_source=en.wikipedia.org&utm_campaign=api&utm_content=thumbnail,M,ATP Tour,2026-07-30T05:01:15.710966+00:00
718,Aleksandar Kovacevic,USA,95,54,2026-01-12,1998-08-29,"6'0"" (183cm)",174 lbs (79kg),"Right-Handed, One-Handed Backhand",37,65,2021,"$2,675,488",https://www.atptour.com/-/media/alias/player-gladiator-headshot/k0az,M,ATP Tour,2026-07-30T05:01:15.710966+00:00
667,Mariano Navone,ARG,44,29,2024-06-10,2001-02-27,"5'10"" (178cm)",160 lbs (73kg),"Right-Handed, Two-Handed Backhand",45,57,,"$2,768,337",https://upload.wikimedia.org/wikipedia/commons/thumb/8/8b/Road_2_Australia_-_Navone_V_Burruchaga_Final_-_BugWarp_206_%28cropped%29.jpg/330px-Road_2_Australia_-_Navone_V_Burruchaga_Final_-_BugWarp_206_%28cropped%29.jpg?utm_source=en.wikipedia.org&utm_campaign=api&utm_content=thumbnail,M,ATP Tour,2026-07-30T05:01:15.710966+00:00
651,Jakub Mensik,CZE,17,12,2026-03-02,2005-09-01,"6'5"" (196cm)",191 lbs (87kg),"Right-Handed, Two-Handed Backhand",78,48,2022,"$5,890,383",https://upload.wikimedia.org/wikipedia/commons/thumb/3/31/Jakub_Men%C5%A1%C3%ADk_%282023_US_Open%29_14_%28cropped%29.jpg/330px-Jakub_Men%C5%A1%C3%ADk_%282023_US_Open%29_14_%28cropped%29.jpg,M,ATP Tour,2026-07-30T05:01:15.710966+00:00
726,Adam Walton,AUS,97,74,2025-10-20,1999-04-17,"6'0"" (183cm)",170 lbs (77kg),"Right-Handed, Two-Handed Backhand",20,40,2022,"$2,097,698",https://upload.wikimedia.org/wikipedia/commons/thumb/a/a6/Adam_Walton_%282023_Cary%29_06.jpg/330px-Adam_Walton_%282023_Cary%29_06.jpg?utm_source=en.wikipedia.org&utm_campaign=api&utm_content=thumbnail,M,ATP Tour,2026-08-07T06:19:33.141654+00:00
703,Mattia Bellucci,ITA,80,63,2025-07-14,2001-06-01,"5'9"" (175cm)",169 lbs (77kg),"Left-Handed, Two-Handed Backhand",21,34,,"$2,225,030",https://upload.wikimedia.org/wikipedia/commons/thumb/e/e0/Mattia_Bellucci_%282024_DC_Open%29_02_%28cropped%29.jpg/330px-Mattia_Bellucci_%282024_DC_Open%29_02_%28cropped%29.jpg?utm_source=en.wikipedia.org&utm_campaign=api&utm_content=thumbnail,M,ATP Tour,2026-08-07T06:19:33.141654+00:00
644,Learner Tien,USA,19,21,2026-03-16,2005-12-02,"5'11"" (180cm)",160 lbs (73kg),"Left-Handed, Two-Handed Backhand",53,38,2023,"$3,915,057",https://upload.wikimedia.org/wikipedia/commons/thumb/c/c8/Learner_Tien_%282024_US_Open%29_04.jpg/330px-Learner_Tien_%282024_US_Open%29_04.jpg?utm_source=en.wikipedia.org&utm_campaign=api&utm_content=thumbnail,M,ATP Tour,2026-08-07T06:19:33.141654+00:00
690,Hamad Medjedovic,SRB,73,57,2025-08-25,2003-07-18,"6'2"" (188cm)",190 lbs (86kg),"Right-Handed, Two-Handed Backhand",44,40,2021,"$2,733,720",https://upload.wikimedia.org/wikipedia/commons/thumb/b/bd/Medjedovic_RGQ23.jpg/330px-Medjedovic_RGQ23.jpg,M,ATP Tour,2026-07-30T05:01:15.710966+00:00
691,Raphael Collignon,BEL,38,59,2026-02-16,2002-01-13,"6'3"" (191cm)",189 lbs (86kg),"Right-Handed, Two-Handed Backhand",15,18,,"$1,138,322",https://upload.wikimedia.org/wikipedia/commons/thumb/b/be/Collignon_WMQ23_%2853061896279%29.jpg/330px-Collignon_WMQ23_%2853061896279%29.jpg,M,ATP Tour,2026-07-30T05:01:15.710966+00:00
694,Valentin Royer,FRA,78,54,2026-02-23,2001-05-29,"6'2"" (188cm)",189 lbs (86kg),"Right-Handed, Two-Handed Backhand",11,21,,"$1,388,056",https://upload.wikimedia.org/wikipedia/commons/thumb/3/30/Royer_MLC22.jpg/330px-Royer_MLC22.jpg?utm_source=en.wikipedia.org&utm_campaign=api&utm_content=thumbnail,M,ATP Tour,2026-07-30T05:01:15.710966+00:00
639,Valentin Vacherot,MON,18,16,2026-05-04,1998-11-16,"6'4"" (193cm)",184 lbs (83kg),"Right-Handed, Two-Handed Backhand",35,20,,"$3,391,669",https://upload.wikimedia.org/wikipedia/commons/thumb/a/a2/Valentin_Vacherot_Basel_2025_%28cropped%29.jpg/330px-Valentin_Vacherot_Basel_2025_%28cropped%29.jpg?utm_source=en.wikipedia.org&utm_campaign=api&utm_content=thumbnail,M,ATP Tour,2026-07-30T05:01:15.710966+00:00
659,Alexander Blockx,BEL,32,36,2026-05-04,2005-04-08,"6'4"" (193cm)",182 lbs (83kg),"Right-Handed, Two-Handed Backhand",15,14,,"$1,595,950",https://www.atptour.com/-/media/alias/player-gladiator-headshot/b0pg,M,ATP Tour,2026-07-30T05:01:15.710966+00:00
707,Adolfo Daniel Vallejo,PAR,66,84,2026-05-04,2004-04-28,"6'1"" (185cm)",167 lbs (76kg),"Right-Handed, Two-Handed Backhand",13,7,2023,"$463,946",https://upload.wikimedia.org/wikipedia/commons/thumb/f/fa/Daniel_Vallejo_%282023_Cary%29_01.jpg/330px-Daniel_Vallejo_%282023_Cary%29_01.jpg,M,ATP Tour,2026-08-07T06:19:33.141654+00:00
717,Martin Landaluce,ESP,64,94,2026-05-04,2006-01-08,"6'4"" (193cm)",176 lbs (80kg),"Right-Handed, Two-Handed Backhand",6,17,,"$1,138,617",https://upload.wikimedia.org/wikipedia/commons/thumb/7/71/MLandaluceOlbia2024.jpg/330px-MLandaluceOlbia2024.jpg,M,ATP Tour,2026-08-07T06:19:33.141654+00:00
709,Daniel Merida,ESP,63,86,2026-05-04,2004-09-26,"6'2"" (188cm)",176 lbs (80kg),"Right-Handed, Two-Handed Backhand",6,3,,"$509,436",https://www.atptour.com/-/media/alias/player-gladiator-headshot/m0n7,M,ATP Tour,2026-08-07T06:19:33.141654+00:00
730,Sho Shimabukuro,JPN,94,107,2026-05-04,1997-07-30,"5'11"" (180cm)",182 lbs (83kg),"Right-Handed, Two-Handed Backhand",6,13,2016,"$929,595",https://upload.wikimedia.org/wikipedia/commons/thumb/3/3f/Shimabukuro_WMQ23_%2853062069285%29.jpg/330px-Shimabukuro_WMQ23_%2853062069285%29.jpg,M,ATP Tour,2026-07-30T05:01:15.710966+00:00
745,Jan Choinski,GBR,77,117,2026-04-13,1996-06-10,"6'5"" (196cm)",193 lbs (88kg),"Right-Handed, Two-Handed Backhand",2,12,,"$1,132,260",https://upload.wikimedia.org/wikipedia/commons/thumb/5/5a/Choinski_RGQ23_%2852944022775%29.jpg/330px-Choinski_RGQ23_%2852944022775%29.jpg?utm_source=en.wikipedia.org&utm_campaign=api&utm_content=thumbnail,M,ATP Tour,2026-08-07T06:19:33.141654+00:00
807,Aryna Sabalenka,BLR,1,1,2023-09-11,1998-05-05,1.82m,,Right-handed (two-handed backhand),505,202,,"$49,195,893",https://upload.wikimedia.org/wikipedia/commons/thumb/f/f0/Aryna_Sabalenka_%282024_DC_Open%29_06.jpg/330px-Aryna_Sabalenka_%282024_DC_Open%29_06.jpg?utm_source=en.wikipedia.org&utm_campaign=api&utm_content=thumbnail,F,WTA Tour Official,2026-07-22T08:57:30.899008+00:00
810,Iga Swiatek,POL,8,1,2022-04-04,2001-05-31,1.76m,,Right-handed (two-handed backhand),418,100,,"$44,990,885",https://upload.wikimedia.org/wikipedia/commons/thumb/9/98/Iga_Swiatek_2023_Cropped_%2B_Retouched.jpg/330px-Iga_Swiatek_2023_Cropped_%2B_Retouched.jpg?utm_source=en.wikipedia.org&utm_campaign=api&utm_content=thumbnail,F,WTA Tour Official,2026-07-22T08:57:30.899008+00:00
898,Maria Sakkari,GRE,33,3,2022-03-21,1995-07-25,1.72m,,Right-handed (two-handed backhand),499,340,,"$14,330,985",https://upload.wikimedia.org/wikipedia/commons/thumb/b/bf/Maria_Sakkari_%282025_DC_Open%29_02_%28cropped%29.jpg/330px-Maria_Sakkari_%282025_DC_Open%29_02_%28cropped%29.jpg,F,WTA Tour Official,2026-07-22T08:57:30.899008+00:00
826,Karolina Muchova,CZE,6,8,2023-09-11,1996-08-21,1.80m,,Right (two-handed backhand),348,166,,"$12,019,163",https://upload.wikimedia.org/wikipedia/commons/thumb/5/57/Karol%C3%ADna_Muchov%C3%A1_%282023_US_Open%29_25_%28cropped2%29.jpg/330px-Karol%C3%ADna_Muchov%C3%A1_%282023_US_Open%29_25_%28cropped2%29.jpg,F,WTA Tour Official,2026-07-22T08:57:30.899008+00:00
809,Elena Rybakina,KAZ,2,2,2026-03-16,1999-06-17,1.84m,,Right-handed (two-handed backhand),417,168,,"$28,493,979",https://upload.wikimedia.org/wikipedia/commons/thumb/d/d3/Elena_Rybakina_%282025_DC_Open%29_11_%28cropped%29.jpg/330px-Elena_Rybakina_%282025_DC_Open%29_11_%28cropped%29.jpg?utm_source=en.wikipedia.org&utm_campaign=api&utm_content=thumbnail,F,WTA Tour Official,2026-07-22T08:57:30.899008+00:00
832,Ekaterina Alexandrova,RUS,19,10,2025-10-13,1994-11-15,1.75m,,Right-handed (two-handed backhand),472,298,,"$10,195,518",https://upload.wikimedia.org/wikipedia/commons/thumb/1/14/Alexandrova_RG22_%2841%29_%2852143062592%29_%28cropped%29.jpg/330px-Alexandrova_RG22_%2841%29_%2852143062592%29_%28cropped%29.jpg,F,WTA Tour Official,2026-07-22T08:57:30.899008+00:00
815,Amanda Anisimova,USA,10,3,2026-01-05,2001-08-31,1.80m,,Right-handed (two-handed backhand),219,122,,"$13,302,982",https://upload.wikimedia.org/wikipedia/commons/thumb/b/b7/Amanda_Anisimova_%282024_DC_Open%29_05_%28cropped4%29.jpg/330px-Amanda_Anisimova_%282024_DC_Open%29_05_%28cropped4%29.jpg?utm_source=en.wikipedia.org&utm_campaign=api&utm_content=thumbnail,F,WTA Tour Official,2026-08-07T06:19:33.141654+00:00
948,Shuai Zhang,CHN,62,2,2022-07-11,1989-01-21,1.77m,,Right (two-handed backhand),424,317,,"$12,701,131",https://upload.wikimedia.org/wikipedia/commons/thumb/0/09/Taylor_Townsend_and_Zhang_Shuai_%282025_DC_Open%29_01_%28cropped_2%29.jpg/330px-Taylor_Townsend_and_Zhang_Shuai_%282025_DC_Open%29_01_%28cropped_2%29.jpg?utm_source=en.wikipedia.org&utm_campaign=api&utm_content=thumbnail,F,WTA Tour Official,2026-08-07T06:19:33.141654+00:00
957,Yulia Putintseva,KAZ,82,77,2025-01-27,1995-01-07,1.63m,,Right-handed (two-handed backhand),12,9,,"$486,871",https://upload.wikimedia.org/wikipedia/commons/thumb/b/b3/Yulia_Putintseva_%282023_US_Open%29_10_%28cropped%29.jpg/330px-Yulia_Putintseva_%282023_US_Open%29_10_%28cropped%29.jpg,F,WTA Tour Official,2026-08-07T06:19:33.141654+00:00
812,Coco Gauff,USA,4,2,2024-06-10,2004-03-13,1.75m,,Right-handed (two-handed backhand),296,123,,"$31,830,631",https://upload.wikimedia.org/wikipedia/commons/thumb/b/bb/Coco_Gauff_Miami_Open.jpg/330px-Coco_Gauff_Miami_Open.jpg?utm_source=en.wikipedia.org&utm_campaign=api&utm_content=thumbnail,F,WTA Tour Official,2026-07-22T08:57:30.899008+00:00
981,Ajla Tomljanovic,AUS,95,32,2023-04-03,1993-05-07,"5' 11"" (1.80 m)",,Right-handed (two-handed backhand),437,336,,"$7,552,856",https://upload.wikimedia.org/wikipedia/commons/thumb/b/b7/Ajla_Tomljanovi%C4%87_%282023_US_Open%29_68_%28cropped%29.jpg/330px-Ajla_Tomljanovi%C4%87_%282023_US_Open%29_68_%28cropped%29.jpg,F,WTA Tour Official,2026-08-07T06:19:33.141654+00:00
856,Sorana Cirstea,ROU,18,21,2013-08-12,1990-04-07,1.76m,,Right-handed (two-handed backhand),595,444,,"$11,402,770",https://upload.wikimedia.org/wikipedia/commons/thumb/6/6c/Transylvania_Open_2026_Final_-_Sorana_C%C3%AErstea_vs_Emma_R%C4%83ducanu_6%E2%80%930%2C_6%E2%80%932_07.02.2026_%28cropped2%29.jpg/330px-Transylvania_Open_2026_Final_-_Sorana_C%C3%AErstea_vs_Emma_R%C4%83ducanu_6%E2%80%930%2C_6%E2%80%932_07.02.2026_%28cropped2%29.jpg,F,WTA Tour Official,2026-08-07T06:19:33.141654+00:00
953,Renata Zarazua,MEX,73,51,2024-11-25,1997-09-30,5' 3'' (1.60 m),,,413,302,,"$2,320,058",https://upload.wikimedia.org/wikipedia/commons/thumb/c/cb/Renata_Zaraz%C3%BAa_%282024_DC_Open%29_04_%28cropped%29.jpg/330px-Renata_Zaraz%C3%BAa_%282024_DC_Open%29_04_%28cropped%29.jpg,F,WTA Tour Official,2026-08-07T06:19:33.141654+00:00
814,Jessica Pegula,USA,3,3,2022-10-24,1994-02-24,1.70m,,Right-handed (two-handed backhand),512,276,,"$24,260,978",https://upload.wikimedia.org/wikipedia/commons/thumb/4/4b/Jessica_Pegula_%282025_DC_Open%29_05_%28cropped%29.jpg/330px-Jessica_Pegula_%282025_DC_Open%29_05_%28cropped%29.jpg?utm_source=en.wikipedia.org&utm_campaign=api&utm_content=thumbnail,F,WTA Tour Official,2026-07-22T08:57:30.899008+00:00
819,Jasmine Paolini,ITA,15,3,2025-10-27,1996-01-04,1.63m,,Right-handed (two-handed backhand),127,89,,"$15,385,161",https://upload.wikimedia.org/wikipedia/commons/thumb/c/c1/Jasmine_Paolini_%282023_US_Open%29_01_%28cropped%29.jpg/330px-Jasmine_Paolini_%282023_US_Open%29_01_%28cropped%29.jpg?utm_source=en.wikipedia.org&utm_campaign=api&utm_content=thumbnail,F,WTA Tour Official,2026-07-22T08:57:30.899008+00:00
880,Anastasia Potapova,AUT,27,21,2023-06-19,2001-03-30,1.75m,,Right-handed (two-handed backhand),255,182,,"$6,038,222",https://upload.wikimedia.org/wikipedia/commons/thumb/c/c2/Day_9_-_Transylvania_Open_Women%27s_Singles_Final_ceremony_-_Anna_Potapova_Lucia_Bronzetti_%2854318974077%29.jpg/330px-Day_9_-_Transylvania_Open_Women%27s_Singles_Final_ceremony_-_Anna_Potapova_Lucia_Bronzetti_%2854318974077%29.jpg,F,WTA Tour Official,2026-07-30T05:00:38.386160+00:00
849,Leylah Fernandez,CAN,34,23,2022-08-08,2002-09-06,1.68m,,Left-handed (two-handed backhand),9,11,,"$559,711",https://upload.wikimedia.org/wikipedia/commons/thumb/a/af/Leylah_Fernandez_%282025_DC_Open%29_03_%28cropped%29.jpg/330px-Leylah_Fernandez_%282025_DC_Open%29_03_%28cropped%29.jpg,F,WTA Tour Official,2026-07-30T05:00:38.386160+00:00
834,Marta Kostyuk,UKR,11,15,2026-05-04,2002-06-28,1.75m,,Right (two-handed backhand),258,152,,"$8,251,260",https://upload.wikimedia.org/wikipedia/commons/thumb/a/af/Marta_Kostyuk_%282023_US_Open%29_20_%28cropped%29.jpg/330px-Marta_Kostyuk_%282023_US_Open%29_20_%28cropped%29.jpg,F,WTA Tour Official,2026-07-22T08:57:30.899008+00:00
860,Ann Li,USA,31,29,2026-05-04,2000-06-26,1.70m,,,273,190,,"$3,517,878",https://photoresources.wtatennis.com/photo-resources/2026/04/14/99e91524-27e7-4918-9a9a-5b1aa18d9588/Li-Torso_326096.png?width=790&height=740,F,WTA Tour Official,2026-07-30T05:00:38.386160+00:00
840,Clara Tauson,DEN,30,12,2025-09-08,2002-12-21,6' (1.82 m),,Right (two-handed backhand),268,133,,"$5,009,508",https://upload.wikimedia.org/wikipedia/commons/thumb/e/e7/Tauson_WMQ23_%2853061681066%29_crop.jpg/330px-Tauson_WMQ23_%2853061681066%29_crop.jpg,F,WTA Tour Official,2026-07-22T08:57:30.899008+00:00
969,Camila Osorio,COL,60,33,2022-04-04,2001-12-22,1.70m,,Right (two-handed backhand),234,149,,"$3,522,281",https://upload.wikimedia.org/wikipedia/commons/thumb/4/4c/Camila_Osorio_wins_the_2026_Philippine_Women%27s_Open.jpg/330px-Camila_Osorio_wins_the_2026_Philippine_Women%27s_Open.jpg?utm_source=en.wikipedia.org&utm_campaign=api&utm_content=thumbnail,F,WTA Tour Official,2026-08-07T06:19:33.141654+00:00
863,Emma Raducanu,GBR,49,10,2022-07-11,2002-11-13,1.75m,,Right-handed (two-handed backhand),154,91,,"$6,330,072",https://upload.wikimedia.org/wikipedia/commons/thumb/7/7a/Transylvania_Open_2026_-_Emma_Raducanu_vs_Greet_Minnen_6-0%2C_6-4_-_01.02.2026_%2855076013277%29_%28cropped%29.jpg/330px-Transylvania_Open_2026_-_Emma_Raducanu_vs_Greet_Minnen_6-0%2C_6-4_-_01.02.2026_%2855076013277%29_%28cropped%29.jpg?utm_source=en.wikipedia.org&utm_campaign=api&utm_content=thumbnail,F,WTA Tour Official,2026-07-30T05:00:38.386160+00:00
938,Elena-Gabriela Ruse,ROU,77,51,2022-05-23,1997-11-06,1.73m,,Right (two-handed backhand),345,216,,"$3,444,372",https://upload.wikimedia.org/wikipedia/commons/thumb/e/e2/Day_3_-_TransylvaniaOpen_Anhelina_Kalinina_vs_Elena_Gabriela_Ruse_6-2%2C_6-3_%2854320717373%29_%28cropped_Elena_Gabriela_Ruse%29.jpg/330px-Day_3_-_TransylvaniaOpen_Anhelina_Kalinina_vs_Elena_Gabriela_Ruse_6-2%2C_6-3_%2854320717373%29_%28cropped_Elena_Gabriela_Ruse%29.jpg?utm_source=en.wikipedia.org&utm_campaign=api&utm_content=thumbnail,F,WTA Tour Official,2026-08-07T06:19:33.141654+00:00
1023,Diane Parry,FRA,64,48,2024-10-28,2002-09-01,1.70m,,Right-handed (one and two-handed backhand),231,192,,"$3,343,448",https://upload.wikimedia.org/wikipedia/commons/thumb/1/19/Diane_Parry_%282023_US_Open%29_07_%28cropped%29.jpg/330px-Diane_Parry_%282023_US_Open%29_07_%28cropped%29.jpg,F,WTA Tour Official,2026-08-07T06:19:33.141654+00:00
1093,Xiyu Wang,CHN,96,49,2023-01-09,2001-03-28,1.82m,,Left-handed (two-handed backhand),254,175,,"$2,895,483",https://upload.wikimedia.org/wikipedia/commons/thumb/b/b1/Wang_Xiyu_%282023_US_Open%29_14_%28cropped%29.jpg/330px-Wang_Xiyu_%282023_US_Open%29_14_%28cropped%29.jpg,F,WTA Tour Official,2026-08-07T06:19:33.141654+00:00
830,Linda Noskova,CZE,7,12,2026-01-05,2004-11-17,1.79m,,Right-handed (two-handed backhand),197,107,,"$5,444,293",https://upload.wikimedia.org/wikipedia/commons/thumb/9/9b/Linda_Noskov%C3%A1_%282023_US_Open%29_01_%28cropped2%29.jpg/330px-Linda_Noskov%C3%A1_%282023_US_Open%29_01_%28cropped2%29.jpg,F,WTA Tour Official,2026-07-22T08:57:30.899008+00:00
979,Tamara Korpatsch,GER,47,71,2023-10-23,1995-05-12,1.68m,,,407,317,,"$2,249,091",https://upload.wikimedia.org/wikipedia/commons/thumb/a/ab/Tamara_Korpatsch_beim_WTA_125_Dubrovnik_Open_%28cropped%29.jpg/330px-Tamara_Korpatsch_beim_WTA_125_Dubrovnik_Open_%28cropped%29.jpg,F,WTA Tour Official,2026-08-07T06:19:33.141654+00:00
961,Alycia Parks,USA,71,79,2023-08-14,2000-12-31,1.85m,,Right-handed (two-handed backhand),16,13,,"$380,267",https://upload.wikimedia.org/wikipedia/commons/thumb/f/f6/Transylvania_Open_2024_-_Ana_Bogdan_vs_Alycia_Parks_%28_7-5%2C_7-5%29_%2853511707138%29_%28cropped%29.jpg/330px-Transylvania_Open_2024_-_Ana_Bogdan_vs_Alycia_Parks_%28_7-5%2C_7-5%29_%2853511707138%29_%28cropped%29.jpg,F,WTA Tour Official,2026-08-07T06:19:33.141654+00:00
865,Cristina Bucsa,ESP,40,16,2026-03-16,1998-01-01,1.76m,,Right-handed (two-handed backhand),238,159,,"$4,735,047",https://upload.wikimedia.org/wikipedia/commons/thumb/2/2f/Cristina_Buc%C8%99a_%282025_DC_Open%29_03_%28cropped%29.jpg/330px-Cristina_Buc%C8%99a_%282025_DC_Open%29_03_%28cropped%29.jpg,F,WTA Tour Official,2026-07-30T05:00:38.386160+00:00
1015,Katie Volynets,USA,91,104,2024-07-29,2001-12-31,1.70m,,Right-handed (two-handed backhand),15,12,,"$260,357",https://upload.wikimedia.org/wikipedia/commons/thumb/7/78/Katie_Volynets_%282023_US_Open%29_41.jpg/330px-Katie_Volynets_%282023_US_Open%29_41.jpg,F,WTA Tour Official,2026-08-07T06:19:33.141654+00:00
873,Emma Navarro,USA,28,8,2024-09-09,2001-05-18,1.70m,,Right-handed (two-handed backhand),240,147,,"$5,889,607",https://upload.wikimedia.org/wikipedia/commons/thumb/5/58/FP_Movement_Emma_Navarro_2026.jpg/330px-FP_Movement_Emma_Navarro_2026.jpg,F,WTA Tour Official,2026-08-07T06:19:33.141654+00:00
817,Mirra Andreeva,RUS,5,5,2025-07-14,2007-04-29,1.75m,,Right (two-handed backhand),175,58,,"$9,327,981",https://upload.wikimedia.org/wikipedia/commons/thumb/6/6d/Mirra_Andreeva_WMQ23_%28cropped%29.jpg/330px-Mirra_Andreeva_WMQ23_%28cropped%29.jpg?utm_source=en.wikipedia.org&utm_campaign=api&utm_content=thumbnail,F,WTA Tour Official,2026-07-22T08:57:30.899008+00:00
1017,Ashlyn Krueger,USA,58,29,2025-07-14,2004-05-07,1.85m,,Right (two-handed backhand),169,139,,"$3,193,532",https://upload.wikimedia.org/wikipedia/commons/thumb/4/45/Ashlyn_Krueger_%282023_DC_Open%29_01_%28cropped%29.jpg/330px-Ashlyn_Krueger_%282023_DC_Open%29_01_%28cropped%29.jpg,F,WTA Tour Official,2026-08-07T06:19:33.141654+00:00
967,Kimberly Birrell,AUS,69,82,2025-05-05,1998-04-29,1.70m,,Right (two-handed backhand),16,10,,"$371,643",https://upload.wikimedia.org/wikipedia/commons/thumb/4/44/Kim_Birrell_%282024_DC_Open%29_06.jpg/330px-Kim_Birrell_%282024_DC_Open%29_06.jpg,F,WTA Tour Official,2026-08-07T06:19:33.141654+00:00
1078,Maria Timofeeva,UZB,98,93,2024-04-01,2003-11-18,5' 6'' (1.67 m),,Right (two-handed backhand),216,132,,"$896,521",https://upload.wikimedia.org/wikipedia/commons/thumb/a/a0/Maria_Timofeeva_%282023_US_Open%29_01_%28cropped%29.jpg/330px-Maria_Timofeeva_%282023_US_Open%29_01_%28cropped%29.jpg?utm_source=en.wikipedia.org&utm_campaign=api&utm_content=thumbnail,F,WTA Tour Official,2026-08-07T06:19:33.141654+00:00
852,Hailey Baptiste,USA,32,25,2026-05-04,2001-11-03,1.72m,,Right-handed (two-handed backhand),241,170,,"$3,426,257",https://upload.wikimedia.org/wikipedia/commons/thumb/d/de/Hailey_Baptiste_%282025_DC_Open%29_02_%28cropped%29.jpg/330px-Hailey_Baptiste_%282025_DC_Open%29_02_%28cropped%29.jpg,F,WTA Tour Official,2026-07-30T05:00:38.386160+00:00
972,Emiliana Arango,COL,97,46,2025-10-13,2000-11-28,1.75m,,Right (two-handed backhand),241,195,,"$1,577,101",https://upload.wikimedia.org/wikipedia/commons/thumb/9/95/Emiliana_Arango_%282025_DC_Open%29_01_%28cropped%29.jpg/330px-Emiliana_Arango_%282025_DC_Open%29_01_%28cropped%29.jpg?utm_source=en.wikipedia.org&utm_campaign=api&utm_content=thumbnail,F,WTA Tour Official,2026-08-07T06:19:33.141654+00:00
871,Maya Joint,AUS,75,34,2026-02-16,2006-04-16,1.67m,,Right-handed,2,8,,"$363,349",https://upload.wikimedia.org/wikipedia/commons/thumb/a/a4/Maya_Joint_%282025_DC_Open%29_04_%28cropped%29.jpg/330px-Maya_Joint_%282025_DC_Open%29_04_%28cropped%29.jpg,F,WTA Tour Official,2026-08-07T06:19:33.141654+00:00
822,Victoria Mboko,CAN,12,9,2026-03-16,2006-08-26,1.78 m,,Right (two-handed backhand),148,59,,"$2,952,098",https://upload.wikimedia.org/wikipedia/commons/thumb/9/9e/Victoria_Mboko_%282025_DC_Open%29_01_%28cropped%29.jpg/330px-Victoria_Mboko_%282025_DC_Open%29_01_%28cropped%29.jpg?utm_source=en.wikipedia.org&utm_campaign=api&utm_content=thumbnail,F,WTA Tour Official,2026-07-22T08:57:30.899008+00:00
947,Solana Sierra,ARG,86,62,2026-02-09,2004-06-17,"5' 8"" (1.72 m)",,Right (two-handed backhand),211,101,,"$1,345,321",https://upload.wikimedia.org/wikipedia/commons/thumb/a/ac/Solana_Sierra_%282024_US_Open%29_01.jpg/330px-Solana_Sierra_%282024_US_Open%29_01.jpg?utm_source=en.wikipedia.org&utm_campaign=api&utm_content=thumbnail,F,WTA Tour Official,2026-07-30T05:00:38.386160+00:00
965,Anastasia Zakharova,RUS,99,65,2026-04-06,2002-01-18,5' 7'' (1.70 m),,Right-handed,300,171,,"$1,489,061",https://upload.wikimedia.org/wikipedia/commons/thumb/b/ba/Zakharova_WMQ23_%2853062168833%29.jpg/330px-Zakharova_WMQ23_%2853062168833%29.jpg,F,WTA Tour Official,2026-08-07T06:19:33.141654+00:00
987,Simona Waltert,SUI,90,9999,2026-02-09,2000-12-13,1.74 m,,Right (two-handed backhand),0,0,,$0,https://upload.wikimedia.org/wikipedia/commons/thumb/e/e2/Simona_Waltert%2C_Roma_2026_%28cropped%29.jpg/330px-Simona_Waltert%2C_Roma_2026_%28cropped%29.jpg?utm_source=en.wikipedia.org&utm_campaign=api&utm_content=thumbnail,F,WTA Tour Official,2026-07-30T05:00:38.386160+00:00
878,Sara Bejlek,CZE,38,34,2026-04-06,2006-01-31,"5' 3"" (1.63 m)",,Left (two-handed backhand),170,78,,"$1,383,822",https://upload.wikimedia.org/wikipedia/commons/thumb/2/2c/S%C3%A1ra_Bejlek_%282023_US_Open%29_10_%28cropped3%29.jpg/330px-S%C3%A1ra_Bejlek_%282023_US_Open%29_10_%28cropped3%29.jpg,F,WTA Tour Official,2026-07-30T05:00:38.386160+00:00
971,Oksana Selekhmeteva,RUS,100,84,2026-03-02,2003-01-13,5' 8'' (1.72 m),,Left-handed (two-handed backhand),12,12,,"$324,909",https://upload.wikimedia.org/wikipedia/commons/thumb/7/7c/Selekhmeteva_RG22_%2829%29_%2852143032722%29.jpg/330px-Selekhmeteva_RG22_%2829%29_%2852143032722%29.jpg?utm_source=en.wikipedia.org&utm_campaign=api&utm_content=thumbnail,F,WTA Tour Official,2026-08-07T06:19:33.141654+00:00
942,Petra Marcinko,CRO,53,69,2026-02-02,2005-12-04,"5' 9"" (1.76 m)",,Right (two-handed backhand),160,87,,"$755,845",https://upload.wikimedia.org/wikipedia/commons/thumb/1/17/Marcinko_RGQ23.jpg/330px-Marcinko_RGQ23.jpg,F,WTA Tour Official,2026-07-30T05:00:38.386160+00:00
940,Oleksandra Oliynykova,UKR,44,68,2026-03-16,2001-01-03,,,,9,7,,"$159,244",https://upload.wikimedia.org/wikipedia/commons/thumb/7/7f/Oleksandra_Oliynykova_Transylvania_Open_2026_%28cropped%29.jpg/330px-Oleksandra_Oliynykova_Transylvania_Open_2026_%28cropped%29.jpg,F,WTA Tour Official,2026-07-30T05:00:38.386160+00:00
994,Daria Snigur,UKR,43,93,2026-03-30,2002-03-27,5'' 8' (1.73 m),,Right-handed (two-handed backhand),279,144,,"$1,226,664",https://upload.wikimedia.org/wikipedia/commons/thumb/2/20/Day_2_-_Qualifying_TransylvaniaOpen_Daria_Snigur_vs_Anca_Alexia_Todoni_7-6%283%29%2C6-4_%2854320797843%29_%28cropped_Daria_Snigur%29.jpg/330px-Day_2_-_Qualifying_TransylvaniaOpen_Daria_Snigur_vs_Anca_Alexia_Todoni_7-6%283%29%2C6-4_%2854320797843%29_%28cropped_Daria_Snigur%29.jpg?utm_source=en.wikipedia.org&utm_campaign=api&utm_content=thumbnail,F,WTA Tour Official,2026-07-30T05:00:38.386160+00:00
993,Nikola Bartunkova,CZE,42,93,2026-04-20,2006-02-25,1.84 m,,Right-handed,157,73,,"$473,262",https://photoresources.wtatennis.com/photo-resources/2026/01/29/fe18ee5a-18ae-466a-8070-7d0746a56d36/Bartunkova-Torso_330364.png?width=790&height=740,F,WTA Tour Official,2026-08-07T06:19:33.141654+00:00
989,Lilli Tagger,AUT,46,92,2026-04-20,2008-02-17,1.85m,,Right-handed (one-handed backhand),18,8,,"$187,239",https://upload.wikimedia.org/wikipedia/commons/thumb/6/60/French_Open_Juniors_Champion_Lilli_Tagger_%28cropped%29.jpg/330px-French_Open_Juniors_Champion_Lilli_Tagger_%28cropped%29.jpg,F,WTA Tour Official,2026-08-07T06:19:33.141654+00:00
1003,Lanlana Tararudee,THA,79,99,2026-05-04,2004-07-07,1.71m,,Right (two-handed backhand),178,94,,"$561,269",https://upload.wikimedia.org/wikipedia/commons/thumb/e/e9/Lanlana_Tararudee_%282024_Cary%29_01_%28cropped%29.jpg/330px-Lanlana_Tararudee_%282024_Cary%29_01_%28cropped%29.jpg,F,WTA Tour Official,2026-08-07T06:19:33.141654+00:00
1034,Maja Chwalinska,POL,22,113,2026-05-04,2001-10-11,"5' 5"" (1.64 m)",,Left (two-handed backhand),266,137,,"$861,237",https://upload.wikimedia.org/wikipedia/commons/c/cf/Qualifying_TransylvaniaOpen_Maja_Chwalinska_vs_Ilinca_Dalina_Amariei_6-1%2C6-1_%2854320887214%29_%28cropped_Maja_Chwalinska%29.jpg?utm_source=en.wikipedia.org&utm_campaign=api&utm_content=thumbnail_unscaled,F,WTA Tour Official,2026-08-07T06:19:33.141654+00:00
1049,Alina Korneeva,RUS,89,121,2026-04-13,2007-06-23,,,Right-handed (two-handed backhand),122,42,,"$415,874",https://upload.wikimedia.org/wikipedia/commons/thumb/1/11/Alina_Korneeva_%282023_French_Open%29_01.jpg/330px-Alina_Korneeva_%282023_French_Open%29_01.jpg,F,WTA Tour Official,2026-07-30T05:00:38.386160+00:00
1019,Darja Vidmanova,CZE,92,106,2026-05-04,2003-01-09,,,Right-handed (two-handed backhand),131,71,,"$319,315",https://photoresources.wtatennis.com/photo-resources/2026/01/30/176fea0a-97c2-4c55-944d-b63bc4b1ac69/Vidmanova-Torso_329057.png?width=790&height=740,F,WTA Tour Official,2026-07-22T08:51:47.758376+00:00
