id,name,country,ranking,birth_date,weight,playing_style,win_percentage,image_url,source,gender,last_updated
1,WANG Chuqin,China,1,2000-05-11,,Left Hand / Shakehand,95.23809523809524,https://wttsimfiles.blob.core.windows.net/wtt-media/photos/400px/121558_Headshot_R_WANG_Chuqin.png,WTT Official,M,2026-05-13T11:03:24.379700+00:00
2,Truls MOREGARD,Sweden,2,2002-02-16,,Right Hand / Shakehand,68.75,https://wttsimfiles.blob.core.windows.net/wtt-media/photos/400px/122044_Headshot_R_MOREGARD_Truls.png,WTT Official,M,2026-05-13T11:03:26.235445+00:00
3,Tomokazu HARIMOTO,Japan,3,2003-06-27,,Right Hand / Shakehand,68.42105263157895,https://wttsimfiles.blob.core.windows.net/wtt-media/photos/400px/123980_Headshot_R_Tomokazu HARIMOTO.png,WTT Official,M,2026-05-13T11:03:29.073834+00:00
4,Felix LEBRUN,France,4,2006-09-12,,Right Hand / Penhold,80.0,https://wttsimfiles.blob.core.windows.net/wtt-media/photos/400px/135977_HEADSHOT_R_Felix_LEBRUN.png,WTT Official,M,2026-05-13T11:03:30.872271+00:00
5,LIN Shidong,China,5,2005-04-18,,Right Hand / Shakehand,64.28571428571429,https://wttsimfiles.blob.core.windows.net/wtt-media/photos/400px/137237_Headshot_R_LIN_Shidong.png,WTT Official,M,2026-05-13T11:03:32.675039+00:00
6,Hugo CALDERANO,Brazil,6,1996-06-22,,Right Hand / Shakehand,64.70588235294117,https://wttsimfiles.blob.core.windows.net/wtt-media/photos/400px/115641_Headshot_R_Hugo_CALDERANO.png,WTT Official,M,2026-05-13T11:03:34.531110+00:00
7,LIN Yun-Ju,Chinese Taipei,7,2001-08-17,,Left Hand / Shakehand,76.19047619047619,https://wttsimfiles.blob.core.windows.net/wtt-media/photos/400px/121582_Headshot_R_LIN_Yun_Ju.png,WTT Official,M,2026-05-13T11:03:36.399720+00:00
383,LI Yu-Jhun,Chinese Taipei,61,1997-12-06,,Right Hand / Shakehand,60.0,https://wttsimfiles.blob.core.windows.net/wtt-media/photos/400px/124162_HEADSHOT_R_LI_Yu-Jhun.png,WTT Official,F,2026-05-13T20:39:08.396261+00:00
9,JANG Woojin,Korea Republic,9,1995-09-10,,Right Hand / Shakehand,68.75,https://wttsimfiles.blob.core.windows.net/wtt-media/photos/400px/114936_Headshot_R_JANG_Woojin.png,WTT Official,M,2026-05-13T11:03:40.097203+00:00
10,Dang QIU,Germany,10,1996-10-29,,Right Hand / Penhold,61.53846153846154,https://wttsimfiles.blob.core.windows.net/wtt-media/photos/400px/114715_Headshot_R_QIU_Dang.png,WTT Official,M,2026-05-13T11:03:41.941969+00:00
12,Alexis LEBRUN,France,12,2003-08-27,,Right Hand / Shakehand,54.54545454545455,https://wttsimfiles.blob.core.windows.net/wtt-media/photos/400px/132992_HEADSHOT_R_LEBRUN_Alexis.png,WTT Official,M,2026-05-13T11:03:45.680099+00:00
13,Benedikt DUDA,Germany,13,1994-04-04,,Left Hand / Shakehand,33.333333333333336,https://wttsimfiles.blob.core.windows.net/wtt-media/photos/400px/116620_Headshot_R_Benedikt DUDA.png,WTT Official,M,2026-05-13T11:03:47.579158+00:00
14,Darko JORGIC,Slovenia,14,1998-07-30,,Right Hand / Shakehand,53.84615384615385,https://wttsimfiles.blob.core.windows.net/wtt-media/photos/400px/118927_Headshot_R_Darko JORGIC.png,WTT Official,M,2026-05-13T11:03:49.435331+00:00
15,Shunsuke TOGAMI,Japan,15,2001-08-24,,Right Hand / Shakehand,45.45454545454545,https://wttsimfiles.blob.core.windows.net/wtt-media/photos/400px/133694_HEADSHOT_R_Shunsuke_TOGAMI.png,WTT Official,M,2026-05-13T11:03:51.291195+00:00
16,LIANG Jingkun,China,16,1996-10-20,,Right Hand / Shakehand,33.333333333333336,https://wttsimfiles.blob.core.windows.net/wtt-media/photos/400px/119588_Headshot_R_LIANG_Jingkun.png,WTT Official,M,2026-05-13T11:03:53.146953+00:00
17,Anders LIND,Denmark,17,1998-12-14,,Left Hand / Shakehand,40.0,https://wttsimfiles.blob.core.windows.net/wtt-media/photos/400px/115029_HEADSHOT_R_Anders_LIND.png,WTT Official,M,2026-05-13T11:03:55.020550+00:00
18,XIANG Peng,China,18,2003-03-07,,Right Hand / Shakehand,36.36363636363637,https://wttsimfiles.blob.core.windows.net/wtt-media/photos/400px/Headshot_R_XIANG_Peng.png,WTT Official,M,2026-05-13T11:03:56.877021+00:00
19,Patrick FRANZISKA,Germany,19,1992-06-11,,Right Hand / Shakehand,64.70588235294117,https://wttsimfiles.blob.core.windows.net/wtt-media/photos/400px/102832_Headshot_R_Patrick FRANZISKA.png,WTT Official,M,2026-05-13T11:03:58.719631+00:00
20,Flavien COTON,France,4,2008-04-07,,N/A,63.1578947368421,https://wttsimfiles.blob.core.windows.net/wtt-media/photos/400px/144528_HEADSHOT_R_COTON_Flavien.png,WTT Official,F,2026-05-13T21:12:57.328736+00:00
21,Simon GAUZY,France,21,1994-10-25,,Right Hand / Shakehand,50.0,https://wttsimfiles.blob.core.windows.net/wtt-media/photos/400px/112062_Headshot_R_GAUZY_Simon.png,WTT Official,M,2026-05-13T11:04:02.355000+00:00
22,AN Jaehyun,Korea Republic,22,1999-12-25,,Right Hand / Shakehand,50.0,https://wttsimfiles.blob.core.windows.net/wtt-media/photos/400px/121514_Headshot_R_AN Jaehyun.png,WTT Official,M,2026-05-13T11:04:04.218961+00:00
23,ZHOU Qihao,China,23,1997-01-12,,Right Hand / Shakehand,66.66666666666667,https://wttsimfiles.blob.core.windows.net/wtt-media/photos/400px/119533_Headshot_R_ZHOU_Qihao.png,WTT Official,M,2026-05-13T11:04:06.088486+00:00
24,Dimitrij OVTCHAROV,Germany,24,1988-09-02,,Right Hand / Shakehand,60.0,https://wttsimfiles.blob.core.windows.net/wtt-media/photos/400px/107028_Headshot_R_Dimitrij_OVTCHAROV.png,WTT Official,M,2026-05-13T11:04:07.956353+00:00
25,CHEN Yuanyu,China,25,2005-07-06,,Right Hand / Shakehand,57.89473684210526,https://wttsimfiles.blob.core.windows.net/wtt-media/photos/400px/135050_Headshot_R_CHEN_Yuanyu.png,WTT Official,M,2026-05-13T11:04:09.785599+00:00
26,Thibault PORET,France,26,2004-06-30,,Right Hand / Shakehand,58.8235294117647,https://wttsimfiles.blob.core.windows.net/wtt-media/photos/400px/134718_HEADSHOT_R_PORET_Thibault.png,WTT Official,M,2026-05-13T11:04:11.699337+00:00
27,Kanak JHA,USA,27,2000-06-19,,Right Hand / Shakehand,14.285714285714286,https://wttsimfiles.blob.core.windows.net/wtt-media/photos/400px/116021_Headshot_R_Kanak JHA.png,WTT Official,M,2026-05-13T11:04:13.485353+00:00
28,Tomislav PUCAR,Croatia,28,1996-01-26,,Right Hand / Shakehand,46.666666666666664,https://wttsimfiles.blob.core.windows.net/wtt-media/photos/400px/116532_Headshot_R_Tomislav PUCAR.png,WTT Official,M,2026-05-13T11:04:15.335416+00:00
29,Yukiya UDA,Japan,29,2001-08-06,,Left Hand / Shakehand,45.45454545454545,https://wttsimfiles.blob.core.windows.net/wtt-media/photos/400px/122777_Headshot_R_Yukiya UDA.png,WTT Official,M,2026-05-13T11:04:17.182801+00:00
30,OH Junsung,Korea Republic,30,2006-06-12,,Right Hand / Shakehand,50.0,https://wttsimfiles.blob.core.windows.net/wtt-media/photos/400px/135367_Headshot_R_OH Junsung.png,WTT Official,M,2026-05-13T11:04:19.003093+00:00
31,Omar ASSAR,Egypt,31,1991-07-22,,Right Hand / Shakehand,22.22222222222222,https://wttsimfiles.blob.core.windows.net/wtt-media/photos/400px/100696_HEADSHOT_R_Omar_ASSAR.png,WTT Official,M,2026-05-13T11:04:20.874248+00:00
32,Anton KALLBERG,Sweden,32,1997-08-17,,Right Hand / Shakehand,53.84615384615385,https://wttsimfiles.blob.core.windows.net/wtt-media/photos/400px/116853_Headshot_R_Anton KALLBERG.png,WTT Official,M,2026-05-13T11:04:22.769857+00:00
33,Hiroto SHINOZUKA,Japan,33,2003-12-23,,Left Hand / Shakehand,61.53846153846154,https://wttsimfiles.blob.core.windows.net/wtt-media/photos/400px/134442_Headshot_R_SHINOZUKA_Hiroto.png,WTT Official,M,2026-05-13T11:04:24.636125+00:00
34,Nicholas LUM,Australia,34,2005-05-29,,Left Hand / Shakehand,25.0,https://wttsimfiles.blob.core.windows.net/wtt-media/photos/400px/134800_Headshot_R_Nicholas LUM.png,WTT Official,M,2026-05-13T11:04:26.454333+00:00
35,Vladimir SIDORENKO,AIN,35,2002-04-07,,Left Hand / Shakehand,64.28571428571429,https://wttsimfiles.blob.core.windows.net/wtt-media/photos/400px/124576_Headshot_R_SIDORENKO_Vladimir.png,WTT Official,M,2026-05-13T11:04:28.297065+00:00
36,Kirill GERASSIMENKO,Kazakhstan,36,1996-12-18,,Right Hand / Shakehand,71.42857142857143,https://wttsimfiles.blob.core.windows.net/wtt-media/photos/400px/117890_Headshot_R_GERASSIMENKO_Kirill.png,WTT Official,M,2026-05-13T11:04:30.122046+00:00
37,Manav THAKKAR,India,37,2000-04-14,,Right Hand / Shakehand,25.0,https://wttsimfiles.blob.core.windows.net/wtt-media/photos/400px/123682_HEADSHOT_R_THAKKAR_Manav.png,WTT Official,M,2026-05-13T11:04:31.912969+00:00
38,Jonathan GROTH,Denmark,38,1992-11-09,,Left Hand / Shakehand,25.0,https://wttsimfiles.blob.core.windows.net/wtt-media/photos/400px/112409_Headshot_R_GROTH_Jonathan.png,WTT Official,M,2026-05-13T11:04:33.741467+00:00
39,CHEN Junsong,China,39,2005-07-04,,N/A,54.54545454545455,https://wttsimfiles.blob.core.windows.net/wtt-media/photos/400px/204288_Headshot_R_CHEN_Junsong.png,WTT Official,M,2026-05-13T11:04:35.538151+00:00
40,Eduard IONESCU,Romania,40,2004-11-09,,Right Hand / Shakehand,50.0,https://wttsimfiles.blob.core.windows.net/wtt-media/photos/400px/135023_HEADSHOT_R_IONESCU_Eduard.png,WTT Official,M,2026-05-13T11:04:37.366097+00:00
41,Tom JARVIS,England,41,1999-12-02,,Right Hand / Shakehand,54.54545454545455,https://wttsimfiles.blob.core.windows.net/wtt-media/photos/400px/121684_Headshot_R_JARVIS_Tom.png,WTT Official,M,2026-05-13T11:04:39.465081+00:00
42,Yuta TANAKA,Japan,42,2000-11-18,,Right Hand / Shakehand,25.0,https://wttsimfiles.blob.core.windows.net/wtt-media/photos/400px/131375_Headshot_R_Yuta TANAKA.png,WTT Official,M,2026-05-13T11:04:41.307877+00:00
43,Kristian KARLSSON,Sweden,43,1991-08-06,,Left Hand / Shakehand,46.15384615384615,https://wttsimfiles.blob.core.windows.net/wtt-media/photos/400px/104379_Headshot_R_Kristian KARLSSON.png,WTT Official,M,2026-05-13T11:04:43.169190+00:00
44,Lubomir JANCARIK,Czechia,44,1987-08-17,,Right Hand / Shakehand,64.28571428571429,https://wttsimfiles.blob.core.windows.net/wtt-media/photos/400px/104036_Headshot_R_JANCARIK_Lubomir.png,WTT Official,M,2026-05-13T11:04:45.091156+00:00
45,Finn LUU,Australia,45,2004-12-14,,Right Hand / Shakehand,14.285714285714286,https://wttsimfiles.blob.core.windows.net/wtt-media/photos/400px/131798_Headshot_R_Finn LUU.png,WTT Official,M,2026-05-13T11:04:46.898831+00:00
46,WONG Chun Ting,"Hong Kong, China",46,1991-09-07,,Right Hand / Penhold,54.54545454545455,https://wttsimfiles.blob.core.windows.net/wtt-media/photos/400px/112620_HEADSHOT_R_WONG_Chun Ting.png,WTT Official,M,2026-05-13T11:04:48.739387+00:00
47,Sathiyan GNANASEKARAN,India,47,1993-01-08,,Right Hand / Shakehand,60.0,https://wttsimfiles.blob.core.windows.net/wtt-media/photos/400px/103126_Headshot_R_GNANASEKARAN_Sathiyan.png,WTT Official,M,2026-05-13T11:04:50.586052+00:00
48,Joe SEYFRIED,France,48,1998-10-12,,Right Hand / Shakehand,72.22222222222223,https://wttsimfiles.blob.core.windows.net/wtt-media/photos/400px/117002_Headshot_R_Joe SEYFRIED.png,WTT Official,M,2026-05-13T11:04:52.408566+00:00
415,PENG Yu-Han,Chinese Taipei,77,2008-03-05,,N/A,73.07692307692308,https://wttsimfiles.blob.core.windows.net/wtt-media/photos/400px/HEADSHOT_R_PENG_Yu-Han.png,WTT Official,F,2026-05-13T20:39:23.459646+00:00
50,Joao GERALDO,Portugal,50,1995-09-29,,Left Hand / Shakehand,60.0,https://wttsimfiles.blob.core.windows.net/wtt-media/photos/400px/115396_HEADSHOT_R_ GERALDO Joao.png,WTT Official,M,2026-05-13T11:04:56.049995+00:00
52,Adrien RASSENFOSSE,Belgium,52,2003-04-27,,Right Hand / Shakehand,55.55555555555556,https://wttsimfiles.blob.core.windows.net/wtt-media/photos/400px/123659_HEADSHOT_R_Adrien_RASSENFOSSE.png,WTT Official,M,2026-05-13T11:04:59.751195+00:00
53,Milosz REDZIMSKI,Poland,53,2006-09-10,,Right Hand / Shakehand,33.333333333333336,https://wttsimfiles.blob.core.windows.net/wtt-media/photos/400px/135019_HEADSHOT_R_REDZIMSKI_Milosz.png,WTT Official,M,2026-05-13T11:05:01.613853+00:00
54,PARK Ganghyeon,Korea Republic,54,1996-06-22,,Left Hand / Shakehand,64.28571428571429,https://wttsimfiles.blob.core.windows.net/wtt-media/photos/400px/116820_HEADSHOT_R_ PARK_Ganghyeon.png,WTT Official,M,2026-05-13T11:05:03.433596+00:00
55,FENG Yi-Hsin,Chinese Taipei,55,2003-01-01,,Right Hand / Shakehand,25.0,https://wttsimfiles.blob.core.windows.net/wtt-media/photos/400px/122727_Headshot_R_FENG_Yi-Hsin.png,WTT Official,M,2026-05-13T11:05:05.256191+00:00
56,Quadri ARUNA,Nigeria,56,1988-08-09,,Right Hand / Shakehand,55.55555555555556,https://wttsimfiles.blob.core.windows.net/wtt-media/photos/400px/112092_HEADSHOT_R_QUADRI_Aruna.png,WTT Official,M,2026-05-13T11:05:07.090716+00:00
57,Youssef ABDELAZIZ,Egypt,57,2000-02-17,,Left Hand / Shakehand,63.63636363636363,https://wttsimfiles.blob.core.windows.net/wtt-media/photos/400px/116723_HEADSHOT_R_ABDELAZIZ_Youssef.png,WTT Official,M,2026-05-13T11:05:08.883015+00:00
58,Manush SHAH,India,58,2001-01-12,,Left Hand / Shakehand,72.72727272727273,https://wttsimfiles.blob.core.windows.net/wtt-media/photos/400px/131879_Headshot_R_Manush SHAH.png,WTT Official,M,2026-05-13T11:05:10.683109+00:00
59,Lilian BARDET,France,59,2001-01-03,,Right Hand / Shakehand,30.0,https://wttsimfiles.blob.core.windows.net/wtt-media/photos/400px/122002_HEADSHOT_R_BARDET_Lilian.png,WTT Official,M,2026-05-13T11:05:12.510102+00:00
60,HUANG Youzheng,China,60,2005-06-09,,Left Hand / Shakehand,72.72727272727273,https://wttsimfiles.blob.core.windows.net/wtt-media/photos/400px/137238_HEADSHOT_R_HUANG_Youzheng.png,WTT Official,M,2026-05-13T11:05:14.336777+00:00
61,LIM Jonghoon,Korea Republic,61,1997-01-21,,Left Hand / Shakehand,55.55555555555556,https://wttsimfiles.blob.core.windows.net/wtt-media/photos/400px/117357_HEADSHOT_R_LIM_Jonghoon.png,WTT Official,M,2026-05-13T11:05:16.178978+00:00
62,Aditya SAREEN,Australia,29,2008-04-28,,N/A,40.0,https://wttsimfiles.blob.core.windows.net/wtt-media/photos/400px/201504_Headshot_R_Aditya SAREEN.png,WTT Official,F,2026-05-13T21:13:17.448750+00:00
63,Leo DE NODREST,France,63,2000-07-31,,Left Hand / Shakehand,66.66666666666667,https://wttsimfiles.blob.core.windows.net/wtt-media/photos/400px/123305_Headshot_R_DE_NODREST_Leo.png,WTT Official,M,2026-05-13T11:05:19.772350+00:00
64,Alvaro ROBLES,Spain,64,1991-04-29,,Left Hand / Shakehand,56.25,https://wttsimfiles.blob.core.windows.net/wtt-media/photos/400px/111050_HEADSHOT_R_ROBLES_Alvaro.png,WTT Official,M,2026-05-13T11:05:21.627785+00:00
65,Elias RANEFUR,Sweden,65,1996-06-29,,Right Hand / Shakehand,68.75,https://wttsimfiles.blob.core.windows.net/wtt-media/photos/400px/114410_HEADSHOT_R_RANEFUR_Elias.png,WTT Official,M,2026-05-13T11:05:23.455914+00:00
66,Kazuki HAMADA,Japan,66,2003-09-12,,Right Hand / Shakehand,66.66666666666667,https://wttsimfiles.blob.core.windows.net/wtt-media/photos/400px/134583_HEADSHOT_R_HAMADA_Kazuki.png,WTT Official,M,2026-05-13T11:05:25.284151+00:00
67,CHO Daeseong,Korea Republic,67,2002-10-13,,Left Hand / Shakehand,37.5,https://wttsimfiles.blob.core.windows.net/wtt-media/photos/400px/123971_Headshot_R_CHO Daeseong.png,WTT Official,M,2026-05-13T11:05:27.162449+00:00
68,CHAN Baldwin,"Hong Kong, China",68,2004-12-24,,Left Hand / Shakehand,64.70588235294117,https://wttsimfiles.blob.core.windows.net/wtt-media/photos/400px/133867_HEADSHOT_R_CHAN_Baldwin.png,WTT Official,M,2026-05-13T11:05:28.979575+00:00
69,Kazuhiro YOSHIMURA,Japan,69,1996-07-28,,Right Hand / Shakehand,50.0,https://wttsimfiles.blob.core.windows.net/wtt-media/photos/400px/123962_Headshot_R_YOSHIMURA_Kazuhiro.png,WTT Official,M,2026-05-13T11:05:30.801855+00:00
778,Tresor NZEYIMANA,Burundi,520,1993-10-24,,N/A,,https://wttwebcmsprod.blob.core.windows.net/websitefiles/images/general/men_default_left.png,WTT Official,M,2026-05-13T11:21:29.442216+00:00
845,LEE Seungeun,Korea Republic,293,2007-12-07,,Right Hand / Shakehand,80.0,https://wttsimfiles.blob.core.windows.net/wtt-media/photos/400px/HEADSHOT_R_LEE_Seungeun.png,WTT Official,F,2026-05-13T20:43:13.998111+00:00
71,Ricardo WALTHER,Germany,71,1991-11-30,,Right Hand / Shakehand,50.0,https://wttsimfiles.blob.core.windows.net/wtt-media/photos/400px/109946_Headshot_R_Ricardo WALTHER.png,WTT Official,M,2026-05-13T11:05:34.434714+00:00
73,Andre BERTELSMEIER,Germany,73,2005-10-25,,N/A,70.58823529411765,https://wttsimfiles.blob.core.windows.net/wtt-media/photos/400px/145799_HEADSHOT_R_BERTELSMEIER_Andre.png,WTT Official,M,2026-05-13T11:05:38.069604+00:00
74,Wim VERDONSCHOT,Germany,74,2005-05-15,,N/A,69.23076923076923,https://wttsimfiles.blob.core.windows.net/wtt-media/photos/400px/201466_HEADSHOT_R_VERDONSCHOT_Wim.png,WTT Official,M,2026-05-13T11:05:40.403309+00:00
75,Csaba ANDRAS,Hungary,75,2002-08-02,,Right Hand / Shakehand,87.5,https://wttsimfiles.blob.core.windows.net/wtt-media/photos/400px/123019_Headshot_R_ANDRAS_Csaba.png,WTT Official,M,2026-05-13T11:05:42.716901+00:00
76,Vladislav URSU,Moldova,76,2001-03-01,,Left Hand / Shakehand,57.142857142857146,https://wttsimfiles.blob.core.windows.net/wtt-media/photos/400px/122320_Headshot_R_Vladislav URSU.png,WTT Official,M,2026-05-13T11:05:44.502948+00:00
77,Mehdi BOULOUSSA,Algeria,77,1995-05-15,,Right Hand / Shakehand,28.571428571428573,https://wttsimfiles.blob.core.windows.net/wtt-media/photos/400px/113679_Headshot_R_BOULOUSSA_Mehdi.png,WTT Official,M,2026-05-13T11:05:46.444416+00:00
78,Marcos FREITAS,Portugal,78,1988-04-08,,Left Hand / Shakehand,37.5,https://wttsimfiles.blob.core.windows.net/wtt-media/photos/400px/102841_HEADSHOT_R_ FREITAS Marcos.png,WTT Official,M,2026-05-13T11:05:48.289105+00:00
79,Horacio CIFUENTES,Argentina,79,1998-03-16,,Right Hand / Shakehand,50.0,https://wttsimfiles.blob.core.windows.net/wtt-media/photos/400px/119316_Headshot_R_Horacio CIFUENTES.png,WTT Official,M,2026-05-13T11:05:50.225463+00:00
80,Iulian CHIRITA,Romania,80,2006-02-02,,Right Hand / Shakehand,40.0,https://wttsimfiles.blob.core.windows.net/wtt-media/photos/400px/134169_HEADSHOT_R_CHIRITA_Iulian.png,WTT Official,M,2026-05-13T11:05:52.045979+00:00
81,CHANG Yu-An,Chinese Taipei,81,2006-05-05,,Left Hand / Shakehand,60.0,https://wttsimfiles.blob.core.windows.net/wtt-media/photos/400px/135924_HEADSHOT_R_CHANG_Yu-An.png,WTT Official,M,2026-05-13T11:05:53.878462+00:00
82,XUE Fei,China,82,1999-02-10,,Right Hand / Penhold,72.72727272727273,https://wttsimfiles.blob.core.windows.net/wtt-media/photos/400px/121412_HEADSHOT_R_XUE_Fei.png,WTT Official,M,2026-05-13T11:05:55.714893+00:00
83,KAO Cheng-Jui,Chinese Taipei,83,2004-12-25,,Right Hand / Shakehand,,https://wttsimfiles.blob.core.windows.net/wtt-media/photos/400px/132824_HEADSHOT_R_KAO_Cheng-Jui.png,WTT Official,M,2026-05-13T11:05:57.611388+00:00
84,Luka MLADENOVIC,Luxembourg,84,1998-12-26,,Right Hand / Shakehand,45.45454545454545,https://wttsimfiles.blob.core.windows.net/wtt-media/photos/400px/120074_Headshot_R_MLADENOVIC_Luka.png,WTT Official,M,2026-05-13T11:05:59.455104+00:00
85,Hwan BAE,Australia,85,2005-03-17,,N/A,20.0,https://wttsimfiles.blob.core.windows.net/wtt-media/photos/400px/134803_Headshot_R_Hwan BAE.png,WTT Official,M,2026-05-13T11:06:01.288852+00:00
86,PARK Gyuhyeon,Korea Republic,86,2005-03-08,,Left Hand / Shakehand,50.0,https://wttsimfiles.blob.core.windows.net/wtt-media/photos/400px/133813_HEADSHOT_R_PARK_Gyuhyeon.png,WTT Official,M,2026-05-13T11:06:03.122731+00:00
87,Yuhi SAKAI,Japan,87,2006-09-19,,N/A,80.0,https://wttsimfiles.blob.core.windows.net/wtt-media/photos/400px/HEADSHOT_R_SAKAI_Yuhi.png,WTT Official,M,2026-05-13T11:06:04.921995+00:00
88,Harmeet DESAI,India,88,1993-07-19,,Right Hand / Shakehand,50.0,https://wttsimfiles.blob.core.windows.net/wtt-media/photos/400px/111641_HEADSHOT_R_DESAI_Harmeet.png,WTT Official,M,2026-05-13T11:06:06.824056+00:00
89,Jules ROLLAND,France,89,2000-09-04,,Right Hand / Shakehand,56.25,https://wttsimfiles.blob.core.windows.net/wtt-media/photos/400px/123300_HEADSHOT_R_ROLLAND_Jules.png,WTT Official,M,2026-05-13T11:06:08.640816+00:00
90,John OYEBODE,Italy,90,2002-02-25,,Right Hand / Shakehand,66.66666666666667,https://wttsimfiles.blob.core.windows.net/wtt-media/photos/400px/122051_HEADSHOT_R_OYEBODE_John.png,WTT Official,M,2026-05-13T11:06:10.467400+00:00
91,Mizuki OIKAWA,Japan,91,1997-06-26,,Right Hand / Shakehand,0.0,https://wttwebcmsprod.blob.core.windows.net/websitefiles/images/general/men_default_left.png,WTT Official,M,2026-05-13T11:06:12.343608+00:00
92,LAM Siu Hang,"Hong Kong, China",92,1996-12-14,,Right Hand / Shakehand,22.22222222222222,https://wttsimfiles.blob.core.windows.net/wtt-media/photos/400px/115546_Headshot_R_LAM_Siu_Hang.png,WTT Official,M,2026-05-13T11:06:14.222990+00:00
93,Deni KOZUL,Slovenia,93,1997-03-18,,Right Hand / Shakehand,61.53846153846154,https://wttsimfiles.blob.core.windows.net/wtt-media/photos/400px/118851_Headshot_R_KOZUL_Deni.png,WTT Official,M,2026-05-13T11:06:16.125859+00:00
94,Lubomir PISTEJ,Slovak Republic,94,1984-03-06,,Right Hand / Shakehand,60.0,https://wttsimfiles.blob.core.windows.net/wtt-media/photos/400px/107445_Headshot_R_PISTEJ_Lubomir.png,WTT Official,M,2026-05-13T11:06:17.968985+00:00
95,Daniel HABESOHN,Austria,95,1986-07-22,,Right Hand / Shakehand,33.333333333333336,https://wttsimfiles.blob.core.windows.net/wtt-media/photos/400px/103345_Headshot_R_HABESOHN_Daniel.png,WTT Official,M,2026-05-13T11:06:19.795808+00:00
96,Nicolas BURGOS,Chile,96,2001-12-17,,Right Hand / Shakehand,75.0,https://wttsimfiles.blob.core.windows.net/wtt-media/photos/400px/133441_HEADSHOT_R_BURGOS_Nicolas.png,WTT Official,M,2026-05-13T11:06:21.637881+00:00
97,Mattias KARLSSON,Sweden,97,1991-09-07,,Right Hand / Shakehand,73.33333333333333,https://wttsimfiles.blob.core.windows.net/wtt-media/photos/400px/112074_Headshot_R_Mattias FALCK.png,WTT Official,M,2026-05-13T11:06:23.442466+00:00
98,Cedric NUYTINCK,Belgium,98,1993-01-06,,Left Hand / Shakehand,40.0,https://wttsimfiles.blob.core.windows.net/wtt-media/photos/400px/106814_Headshot_R_NUYTINCK_Cedric.png,WTT Official,M,2026-05-13T11:06:25.317882+00:00
99,Guilherme TEODORO,Brazil,99,2001-12-03,,Right Hand / Shakehand,50.0,https://wttsimfiles.blob.core.windows.net/wtt-media/photos/400px/123031_Headshot_R_Guilherme TEODORO.png,WTT Official,M,2026-05-13T11:06:27.170859+00:00
100,Eugene WANG,Canada,100,1985-11-13,,Right Hand / Shakehand,75.0,https://wttsimfiles.blob.core.windows.net/wtt-media/photos/400px/114247_Headshot_R_WANG_Eugene.png,WTT Official,M,2026-05-13T11:06:28.976289+00:00
101,Tiago APOLONIA,Portugal,101,1986-07-28,,Right Hand / Shakehand,50.0,https://wttsimfiles.blob.core.windows.net/wtt-media/photos/400px/100621_HEADSHOT_R_APOLONIA Tiago_NAME.png,WTT Official,M,2026-05-13T11:06:43.119949+00:00
102,Florian BOURRASSAUD,France,102,2000-03-22,,Right Hand / Shakehand,42.857142857142854,https://wttsimfiles.blob.core.windows.net/wtt-media/photos/400px/120857_Headshot_R_BOURRASSAUD_Florian.png,WTT Official,M,2026-05-13T11:06:44.936134+00:00
103,Ylane BATIX,Cameroon,103,2005-12-15,,N/A,16.666666666666668,https://wttsimfiles.blob.core.windows.net/wtt-media/photos/400px/200157_Headshot_R_Ylane BATIX.png,WTT Official,M,2026-05-13T11:06:46.730778+00:00
104,QUEK Izaac,Singapore,104,2006-05-26,,Right Hand / Shakehand,50.0,https://wttsimfiles.blob.core.windows.net/wtt-media/photos/400px/133713_Headshot_R_QUEK_Izaac .png,WTT Official,M,2026-05-13T11:06:48.563184+00:00
72,Andrej GACINA,Croatia,72,1986-05-21,,Right Hand / Shakehand,66.66666666666667,https://wttsimfiles.blob.core.windows.net/wtt-media/photos/400px/102891_Headshot_R_GACINA_Andrej.png,WTT Official,M,2026-05-13T20:20:02.796205+00:00
105,Martin ALLEGRO,Belgium,105,1996-04-29,,Left Hand / Shakehand,55.55555555555556,https://wttsimfiles.blob.core.windows.net/wtt-media/photos/400px/114848_HEADSHOT_R_Martin_ALLEGRO.png,WTT Official,M,2026-05-13T11:06:50.420229+00:00
106,Snehit SURAVAJJULA,India,106,2000-07-11,,Right Hand / Shakehand,50.0,https://wttsimfiles.blob.core.windows.net/wtt-media/photos/400px/123680_Headshot_R_SURAVAJJULA_Snehit.png,WTT Official,M,2026-05-13T11:06:52.214277+00:00
107,Leonardo IIZUKA,Brazil,107,2006-04-07,,N/A,53.84615384615385,https://wttsimfiles.blob.core.windows.net/wtt-media/photos/400px/144891_Headshot_R_Leonardo IIZUKA.png,WTT Official,M,2026-05-13T11:06:54.031324+00:00
108,Abdel-Kader SALIFOU,Benin,108,1989-12-07,,Right Hand / Shakehand,50.0,https://wttsimfiles.blob.core.windows.net/wtt-media/photos/400px/108204_Headshot_R_SALIFOU_Abdel-Kader.png,WTT Official,M,2026-05-13T11:06:55.836233+00:00
109,Akash PAL,India,109,2001-11-28,,Right Hand / Shakehand,54.166666666666664,https://wttsimfiles.blob.core.windows.net/wtt-media/photos/400px/137242_HEADSHOT_R_PAL_Akash.png,WTT Official,M,2026-05-13T11:06:57.960333+00:00
110,Noshad ALAMIYAN,Iran,110,1991-11-21,,Left Hand / Shakehand,66.66666666666667,https://wttsimfiles.blob.core.windows.net/wtt-media/photos/400px/110673_Headshot_R_ALAMIYAN_Noshad.png,WTT Official,M,2026-05-13T11:07:00.195577+00:00
111,Edward LY,Canada,111,2003-01-29,,Right Hand / Shakehand,50.0,https://wttsimfiles.blob.core.windows.net/wtt-media/photos/400px/122425_HEADSHOT_R_LY_Edward.png,WTT Official,M,2026-05-13T11:07:01.998076+00:00
112,Gustavo GOMEZ,Chile,112,1994-02-28,,Left Hand / Shakehand,62.5,https://wttsimfiles.blob.core.windows.net/wtt-media/photos/400px/111683_HEADSHOT_R_GOMEZ_Gustavo.png,WTT Official,M,2026-05-13T11:07:03.837315+00:00
113,LIAO Cheng-Ting,Chinese Taipei,113,1996-02-12,,Right Hand / Shakehand,0.0,https://wttsimfiles.blob.core.windows.net/wtt-media/photos/400px/119565_Headshot_R_LIAO_Cheng_Ting.png,WTT Official,M,2026-05-13T11:07:05.681193+00:00
115,CHO Seungmin,Korea Republic,115,1998-05-27,,Left Hand / Shakehand,66.66666666666667,https://wttsimfiles.blob.core.windows.net/wtt-media/photos/400px/119284_Headshot_R_CHO_Seungmin (NEW).png,WTT Official,M,2026-05-13T11:07:09.365842+00:00
116,Yang WANG,Slovak Republic,116,1994-09-24,,Right Hand / Shakehand,72.22222222222223,https://wttsimfiles.blob.core.windows.net/wtt-media/photos/400px/112735_Headshot_R_WANG_Yang.png,WTT Official,M,2026-05-13T11:07:11.218774+00:00
117,Niagol STOYANOV,Italy,117,1987-05-31,,Right Hand / Shakehand,41.666666666666664,https://wttsimfiles.blob.core.windows.net/wtt-media/photos/400px/109002_Headshot_R_STOYANOV_Niagol.png,WTT Official,M,2026-05-13T11:07:13.053482+00:00
119,Dean SHU,New Zealand,119,1999-02-12,,Right Hand / Shakehand,50.0,https://wttsimfiles.blob.core.windows.net/wtt-media/photos/400px/117027_Headshot_R_Dean SHU.png,WTT Official,M,2026-05-13T11:07:16.710589+00:00
996,Eseniia SHIROKOVA,AIN,369,2009-01-06,,N/A,76.66666666666667,https://wttwebcmsprod.blob.core.windows.net/websitefiles/images/general/men_default_left.png,WTT Official,F,2026-05-13T20:44:40.256357+00:00
121,Rogelio CASTRO,Mexico,121,2005-01-17,,N/A,20.0,https://wttsimfiles.blob.core.windows.net/wtt-media/photos/400px/134849_HEADSHOT_R_CASTRO_Rogelio.png,WTT Official,M,2026-05-13T11:07:20.408574+00:00
123,Ovidiu IONESCU,Romania,123,1989-06-28,,Right Hand / Shakehand,25.0,https://wttsimfiles.blob.core.windows.net/wtt-media/photos/400px/103903_HEADSHOT_R_IONESCU_Ovidiu.png,WTT Official,M,2026-05-13T11:07:24.067410+00:00
124,Andreas LEVENKO,Austria,124,1998-07-17,,Right Hand / Shakehand,50.0,https://wttsimfiles.blob.core.windows.net/wtt-media/photos/400px/115449_Headshot_R_LEVENKO_Andreas.png,WTT Official,M,2026-05-13T11:07:26.223179+00:00
125,YUAN Licen,China,125,2000-05-28,,Left Hand / Shakehand,66.66666666666667,https://wttsimfiles.blob.core.windows.net/wtt-media/photos/400px/Headshot_R_YUAN_Licen.png,WTT Official,M,2026-05-13T11:07:28.088604+00:00
128,KIM Taehyun,Malta,128,2003-05-12,,N/A,,https://wttsimfiles.blob.core.windows.net/wtt-media/photos/400px/133347_Headsho_KIM Taehyun_R.png,WTT Official,M,2026-05-13T11:07:33.594262+00:00
131,LIN Gaoyuan,China,131,1995-03-19,,Left Hand / Shakehand,,https://wttsimfiles.blob.core.windows.net/wtt-media/photos/400px/115910_Headshot_R_LIN_Gaoyuan.png,WTT Official,M,2026-05-13T11:07:39.219156+00:00
134,Alan KURMANGALIYEV,Kazakhstan,12,2007-01-12,,Right Hand / Shakehand,68.42105263157895,https://wttsimfiles.blob.core.windows.net/wtt-media/photos/400px/137568_HEADSHOT_R_KURMANGALIYEV_Alan.png,WTT Official,F,2026-05-13T21:13:03.762683+00:00
135,Juan PEREZ,Spain,135,2002-08-19,,Right Hand / Shakehand,66.66666666666667,https://wttsimfiles.blob.core.windows.net/wtt-media/photos/400px/134625_Headshot_R_Juan PEREZ.png,WTT Official,M,2026-05-13T11:07:46.665239+00:00
137,Maciej KUBIK,Poland,137,2003-02-10,,Right Hand / Shakehand,50.0,https://wttsimfiles.blob.core.windows.net/wtt-media/photos/400px/131671_Headshot_R_KUBIK_Maciej.png,WTT Official,M,2026-05-13T11:07:50.377459+00:00
138,Stephane OUAICHE,Algeria,138,1993-09-18,,Left Hand / Shakehand,25.0,https://wttwebcmsprod.blob.core.windows.net/websitefiles/images/general/men_default_left.png,WTT Official,M,2026-05-13T11:07:52.192111+00:00
139,Steffen MENGEL,Germany,139,1988-08-02,,Right Hand / Shakehand,66.66666666666667,https://wttsimfiles.blob.core.windows.net/wtt-media/photos/400px/106050_Headshot_R_MENGEL_Steffen.png,WTT Official,M,2026-05-13T11:07:54.008461+00:00
126,Wassim ESSID,Tunisia,61,2008-02-17,,Right Hand / Shakehand,44.44444444444444,https://wttsimfiles.blob.core.windows.net/wtt-media/photos/400px/136170_HEADSHOT_R_ESSID_Wassim.png,WTT Official,F,2026-05-13T21:13:43.067838+00:00
136,Nikita ARTEMENKO,AIN,136,1999-04-13,,Left Hand / Shakehand,82.3529411764706,https://wttwebcmsprod.blob.core.windows.net/websitefiles/images/general/men_default_left.png,WTT Official,M,2026-05-13T20:21:19.430852+00:00
129,Timothy CHOI,New Zealand,76,2007-10-09,,N/A,44.44444444444444,https://wttsimfiles.blob.core.windows.net/wtt-media/photos/400px/136202_HEADSHOT_R_CHOI_Timothy.png,WTT Official,F,2026-05-13T21:13:55.273867+00:00
114,Kay STUMPER,Germany,114,2002-10-15,,Right Hand / Shakehand,50.0,https://wttsimfiles.blob.core.windows.net/wtt-media/photos/400px/132022_Headshot_R_STUMPER_Kay.png,WTT Official,M,2026-05-13T20:20:58.265838+00:00
130,Cedric MEISSNER,Germany,130,2000-07-13,,Left Hand / Shakehand,50.0,https://wttsimfiles.blob.core.windows.net/wtt-media/photos/400px/133455_Headshot_MEISSNER_Cedric_R.png,WTT Official,M,2026-05-13T20:21:13.692606+00:00
118,Ankur BHATTACHARJEE,India,118,2006-12-26,,N/A,62.5,https://wttsimfiles.blob.core.windows.net/wtt-media/photos/400px/200316_HEADSHOT_R_BHATTACHARJEE_Ankur.png,WTT Official,M,2026-05-13T20:21:02.158327+00:00
122,Evgeny TIKHONOV,AIN,122,2005-10-06,,Right Hand / Shakehand,60.0,https://wttsimfiles.blob.core.windows.net/wtt-media/photos/400px/133251_HEADSHOT_R_TIKHONOV_Evgeny.png,WTT Official,M,2026-05-13T20:21:05.943476+00:00
132,Filip ZELJKO,Croatia,132,1996-11-16,,Right Hand / Shakehand,75.0,https://wttsimfiles.blob.core.windows.net/wtt-media/photos/400px/116680_Headshot_R_ ZELJKO_Filip.png,WTT Official,M,2026-05-13T20:21:15.922839+00:00
133,Payas JAIN,India,133,2004-09-26,,Right Hand / Shakehand,54.54545454545455,https://wttsimfiles.blob.core.windows.net/wtt-media/photos/400px/131917_HEADSHOT_R_JAIN_Payas.png,WTT Official,M,2026-05-13T20:21:16.716699+00:00
140,MA Jinbao,USA,140,2000-02-18,,Right Hand / Shakehand,40.0,https://wttsimfiles.blob.core.windows.net/wtt-media/photos/400px/135745_HEADSHOT_R_MA_Jinbao.png,WTT Official,M,2026-05-13T11:07:55.808915+00:00
141,Marek BADOWSKI,Poland,141,1997-06-23,,Right Hand / Shakehand,76.92307692307692,https://wttwebcmsprod.blob.core.windows.net/websitefiles/images/general/men_default_left.png,WTT Official,M,2026-05-13T11:07:57.603100+00:00
142,Angel NARANJO,Puerto Rico,142,2004-01-28,,Right Hand / Shakehand,50.0,https://wttsimfiles.blob.core.windows.net/wtt-media/photos/400px/131446_HEADSHOT_R_NARANJO_Angel.png,WTT Official,M,2026-05-13T11:07:59.426342+00:00
143,Robert GARDOS,Austria,143,1979-01-16,,Right Hand / Shakehand,62.5,https://wttsimfiles.blob.core.windows.net/wtt-media/photos/400px/102968_Headshot_R_GARDOS_Robert.png,WTT Official,M,2026-05-13T11:08:01.299755+00:00
144,Darius MOVILEANU,Romania,144,2005-08-19,,Left hand / Shakehand,55.55555555555556,https://wttsimfiles.blob.core.windows.net/wtt-media/photos/400px/134693_HEADSHOT_R_MOVILEANU_Darius.png,WTT Official,M,2026-05-13T11:08:04.401903+00:00
145,LI Tianyang,China,145,2006-12-01,,N/A,75.0,https://wttwebcmsprod.blob.core.windows.net/websitefiles/images/general/men_default_left.png,WTT Official,M,2026-05-13T11:08:06.189605+00:00
146,Sid NARESH,USA,146,2004-02-13,,Right Hand / Shakehand,33.333333333333336,https://wttsimfiles.blob.core.windows.net/wtt-media/photos/400px/135769_HEADSHOT_R_NARESH_Sid.png,WTT Official,M,2026-05-13T11:08:07.978526+00:00
147,Yuto KIZUKURI,Japan,147,1999-10-22,,Left Hand / Shakehand,92.85714285714286,https://wttsimfiles.blob.core.windows.net/wtt-media/photos/400px/119794_Headshot_R_KIZUKURI_Yuto.png,WTT Official,M,2026-05-13T11:08:09.791976+00:00
148,Santiago LORENZO,Argentina,148,2001-09-21,,Right Hand / Shakehand,55.55555555555556,https://wttsimfiles.blob.core.windows.net/wtt-media/photos/400px/132793_HEADSHOT_R_LORENZO_Santiago.png,WTT Official,M,2026-05-13T11:08:11.583596+00:00
149,PANG Koen,Singapore,149,2002-05-08,,Left Hand / Shakehand,45.45454545454545,https://wttsimfiles.blob.core.windows.net/wtt-media/photos/400px/131912_Headshot_R_PANG_Koen.png,WTT Official,M,2026-05-13T11:08:13.408099+00:00
150,LIN Yen-Chun,Chinese Taipei,150,2003-11-20,,Right Hand / Shakehand,40.0,https://wttsimfiles.blob.core.windows.net/wtt-media/photos/400px/133827_HEADSHOT_R_LIN_Yen-Chun.png,WTT Official,M,2026-05-13T11:08:15.359042+00:00
1714,Darya FU,Kazakhstan,723,2009-01-31,,N/A,44.44444444444444,https://wttwebcmsprod.blob.core.windows.net/websitefiles/images/general/men_default_left.png,WTT Official,F,2026-05-13T20:49:44.159140+00:00
152,Nandan NARESH,USA,152,2006-12-30,,Right Hand / Shakehand,14.285714285714286,https://wttsimfiles.blob.core.windows.net/wtt-media/photos/400px/135768_HEADSHOT_R_Nandan NARESH.png,WTT Official,M,2026-05-13T11:08:18.974983+00:00
153,Dimitrije LEVAJAC,Serbia,153,2001-08-14,,Right Hand / Shakehand,63.63636363636363,https://wttsimfiles.blob.core.windows.net/wtt-media/photos/400px/123192_Headshot_R_LEVAJAC_Dimitrije.png,WTT Official,M,2026-05-13T11:08:20.801232+00:00
154,Vincent PICARD,France,154,2001-07-11,,Right Hand / Shakehand,50.0,https://wttsimfiles.blob.core.windows.net/wtt-media/photos/400px/121690_Headshot_R_PICARD_Vincent.png,WTT Official,M,2026-05-13T11:08:22.594236+00:00
155,Mohamed ELBEIALI,Egypt,155,1988-07-02,,Right Hand / Shakehand,25.0,https://wttsimfiles.blob.core.windows.net/wtt-media/photos/400px/102486_HEADSHOT_R_ELBEIALY_Mohamed.png,WTT Official,M,2026-05-13T11:08:24.601498+00:00
156,Mihai BOBOCICA,Italy,156,1986-09-08,,Right Hand / Shakehand,70.0,https://wttsimfiles.blob.core.windows.net/wtt-media/photos/400px/101192_Headshot_R_BOBOCICA_Mihai.png,WTT Official,M,2026-05-13T11:08:26.686778+00:00
158,Andrei PUTUNTICA,Moldova,158,1999-01-24,,Left Hand / Shakehand,66.66666666666667,https://wttwebcmsprod.blob.core.windows.net/websitefiles/images/general/men_default_left.png,WTT Official,M,2026-05-13T11:08:30.387915+00:00
160,Connor GREEN,England,160,2006-08-17,,N/A,60.0,https://wttsimfiles.blob.core.windows.net/wtt-media/photos/400px/137863_HEADSHOT_R_GREEN_Connor.png,WTT Official,M,2026-05-13T11:08:34.223627+00:00
161,Samuel KULCZYCKI,Poland,161,2002-08-09,,Right Hand / Shakehand,50.0,https://wttsimfiles.blob.core.windows.net/wtt-media/photos/400px/121031_Headshot_R_KULCZYCKI_Samuel.png,WTT Official,M,2026-05-13T11:08:36.139594+00:00
162,Borgar HAUG,Norway,162,2002-11-21,,Left Hand / Shakehand,36.36363636363637,https://wttsimfiles.blob.core.windows.net/wtt-media/photos/400px/131211_Headshot_R_HAUG_Borgar.png,WTT Official,M,2026-05-13T11:08:37.982644+00:00
163,Panagiotis GIONIS,Greece,163,1980-01-07,,Right Hand / Shakehand,75.0,https://wttsimfiles.blob.core.windows.net/wtt-media/photos/400px/103107_Headshot_R_GIONIS_Panagiotis.png,WTT Official,M,2026-05-13T11:08:39.758817+00:00
164,Francisco SANCHI,Argentina,164,1999-02-07,,Right Hand / Shakehand,50.0,https://wttsimfiles.blob.core.windows.net/wtt-media/photos/400px/117530_Headshot_R_Francisco SANCHI.png,WTT Official,M,2026-05-13T11:08:41.537232+00:00
165,CHUA Josh,Singapore,165,2001-07-22,,Right Hand / Shakehand,50.0,https://wttsimfiles.blob.core.windows.net/wtt-media/photos/400px/133850_Headshot_R_CHUA_Josh.png,WTT Official,M,2026-05-13T11:08:43.323721+00:00
166,Abdullah YIGENLER,Türkiye,166,1999-04-08,,Right Hand / Shakehand,36.36363636363637,https://wttsimfiles.blob.core.windows.net/wtt-media/photos/400px/119585_HEADSHOT_R_YIGENLER_Abdullah.png,WTT Official,M,2026-05-13T11:08:45.204770+00:00
167,Ivor BAN,Croatia,167,2003-04-28,,Left Hand / Shakehand,66.66666666666667,https://wttsimfiles.blob.core.windows.net/wtt-media/photos/400px/122982_HEADSHOT_R_BAN_Ivor.png,WTT Official,M,2026-05-13T11:08:47.050119+00:00
168,Jishan LIANG,USA,168,1991-11-08,,N/A,40.0,https://wttsimfiles.blob.core.windows.net/wtt-media/photos/400px/121222_HEADSHOT_R_LIANG_Jishan.png,WTT Official,M,2026-05-13T11:08:48.860472+00:00
169,Daniel BERZOSA,Spain,169,2006-04-03,,Left Hand / Shakehand,20.0,https://wttsimfiles.blob.core.windows.net/wtt-media/photos/400px/133633_HEADSHOT_R_BERZOSA_Daniel.png,WTT Official,M,2026-05-13T11:08:50.762029+00:00
170,Badr MOSTAFA,Egypt,170,2006-06-25,,Right Hand / Shakehand,66.66666666666667,https://wttsimfiles.blob.core.windows.net/wtt-media/photos/400px/135595_HEADSHOT_R_Badr MOSTAFA.png,WTT Official,M,2026-05-13T11:08:52.591347+00:00
151,HUNG Jing-Kai,Chinese Taipei,17,2007-09-22,,N/A,30.0,https://wttsimfiles.blob.core.windows.net/wtt-media/photos/400px/144705_Headshot_R_HUNG_Jing-Kai.png,WTT Official,F,2026-05-13T21:13:07.791818+00:00
172,Samuel WALKER,England,172,1995-05-07,,Right Hand / Shakehand,50.0,https://wttsimfiles.blob.core.windows.net/wtt-media/photos/400px/114718_Headshot_R_ WALKER_Samuel.png,WTT Official,M,2026-05-13T11:08:56.298156+00:00
173,Fabio RAKOTOARIMANANA,Madagascar,173,2003-07-24,,Right Hand / Shakehand,25.0,https://wttsimfiles.blob.core.windows.net/wtt-media/photos/400px/133367_Headshot_R_Fabio RAKOTOARIMANANA.png,WTT Official,M,2026-05-13T11:08:58.226268+00:00
174,KIM Minhyeok,Korea Republic,174,1996-12-20,,Right Hand / Shakehand,,https://wttsimfiles.blob.core.windows.net/wtt-media/photos/400px/116818_HEADSHOT_R_KIM_Minhyeok.png,WTT Official,M,2026-05-13T11:09:00.016426+00:00
157,Matteo MUTTI,Italy,157,2000-11-21,,Right Hand / Shakehand,66.66666666666667,https://wttsimfiles.blob.core.windows.net/wtt-media/photos/400px/120287_HEADSHOT_R_MUTTI_Matteo.png,WTT Official,M,2026-05-13T20:21:40.512164+00:00
175,Felipe ARADO,Brazil,175,2006-09-06,,N/A,33.333333333333336,https://wttsimfiles.blob.core.windows.net/wtt-media/photos/400px/200389_Headshot_R_Felipe ARADO.png,WTT Official,M,2026-05-13T11:09:01.827737+00:00
1763,Noila KHANIYAZOVA,Kazakhstan,765,2009-01-03,,N/A,75.0,https://wttwebcmsprod.blob.core.windows.net/websitefiles/images/general/men_default_left.png,WTT Official,F,2026-05-13T20:50:26.460062+00:00
177,JANG Seongil,Korea Republic,177,2004-07-05,,N/A,80.0,https://wttsimfiles.blob.core.windows.net/wtt-media/photos/400px/132172_HEADSHOT_R_JANG_Seongil .png,WTT Official,M,2026-05-13T11:09:05.549043+00:00
178,Esteban DORR,France,178,2000-03-11,,Left Hand / Shakehand,57.142857142857146,https://wttsimfiles.blob.core.windows.net/wtt-media/photos/400px/133652_Headshot_R_Esteban DORR.png,WTT Official,M,2026-05-13T11:09:07.378098+00:00
179,Rares SIPOS,Romania,179,2000-10-11,,Right Hand / Shakehand,44.44444444444444,https://wttsimfiles.blob.core.windows.net/wtt-media/photos/400px/120224_Headshot_R_SIPOS_Rares.png,WTT Official,M,2026-05-13T11:09:09.160947+00:00
180,Liam PITCHFORD,England,180,1993-07-12,,Right Hand / Shakehand,,https://wttsimfiles.blob.core.windows.net/wtt-media/photos/400px/112442_HEADSHOT_R_PITCHFORD_Liam.png,WTT Official,M,2026-05-13T11:09:10.979559+00:00
181,Vitor ISHIY,Brazil,181,1995-09-22,,Right Hand / Shakehand,,https://wttsimfiles.blob.core.windows.net/wtt-media/photos/400px/ISHIY-Vitor_R.png,WTT Official,M,2026-05-13T11:09:12.814876+00:00
182,Mahmoud HELMY,Egypt,182,1998-11-09,,Right Hand / Shakehand,0.0,https://wttsimfiles.blob.core.windows.net/wtt-media/photos/400px/116831_Headshot_R_HELMY_Mahmoud.png,WTT Official,M,2026-05-13T11:09:14.612988+00:00
183,Andrei ISTRATE,Romania,183,2005-07-01,,Right Hand / Shakehand,50.0,https://wttsimfiles.blob.core.windows.net/wtt-media/photos/400px/135394_HEADSHOT_R_ISTRATE_Andrei.png,WTT Official,M,2026-05-13T11:09:16.402728+00:00
184,XU Yingbin,China,184,2001-03-12,,Right Hand / Shakehand,72.72727272727273,https://wttsimfiles.blob.core.windows.net/wtt-media/photos/400px/131148_HEADSHOT_R_XU_Yingbin.png,WTT Official,M,2026-05-13T11:09:18.265319+00:00
185,Olajide OMOTAYO,Nigeria,185,1995-07-06,,Right Hand / Shakehand,16.666666666666668,https://wttsimfiles.blob.core.windows.net/wtt-media/photos/400px/113563_Headshot_R_OMOTAYO_Olajide.png,WTT Official,M,2026-05-13T11:09:20.051997+00:00
186,Alexis KOURAICHI,France,186,2004-02-24,,Right Hand / Shakehand,57.142857142857146,https://wttsimfiles.blob.core.windows.net/wtt-media/photos/400px/136116_HEADSHOT_R_KOURAICHI_Alexis.png,WTT Official,M,2026-05-13T11:09:21.833939+00:00
187,Laurens DEVOS,Belgium,187,2000-08-15,,Left Hand / Shakehand,62.5,https://wttsimfiles.blob.core.windows.net/wtt-media/photos/400px/122001_Headshot_R_DEVOS_Lauren.png,WTT Official,M,2026-05-13T11:09:23.621466+00:00
189,WONG Qi Shen,Malaysia,189,2003-08-26,,Right Hand / Shakehand,33.333333333333336,https://wttsimfiles.blob.core.windows.net/wtt-media/photos/400px/136377_Headshot_R_WONG Qi Shen.png,WTT Official,M,2026-05-13T11:09:27.195191+00:00
190,Adam SZUDI,Hungary,190,1996-01-29,,Right Hand / Shakehand,60.0,https://wttsimfiles.blob.core.windows.net/wtt-media/photos/400px/114717_Headshot_R_SZUDI_Adam.png,WTT Official,M,2026-05-13T11:09:29.095956+00:00
191,Ibrahim GUNDUZ,Türkiye,191,1997-10-18,,Left Hand / Shakehand,33.333333333333336,https://wttsimfiles.blob.core.windows.net/wtt-media/photos/400px/120168_Headshot_R_Ibrahim GUNDUZ.png,WTT Official,M,2026-05-13T11:09:30.903177+00:00
192,RI Jong Sik,Korea DPR,192,2000-02-14,,Right Hand / Shakehand,42.857142857142854,https://wttsimfiles.blob.core.windows.net/wtt-media/photos/400px/132881_Headshot_R_RI Jong Sik.png,WTT Official,M,2026-05-13T11:09:33.222429+00:00
193,Fanbo MENG,Germany,193,2000-10-16,,Left Hand / Shakehand,33.333333333333336,https://wttsimfiles.blob.core.windows.net/wtt-media/photos/400px/123293_Headshot_R_MENG_Fanbo.png,WTT Official,M,2026-05-13T11:09:35.007825+00:00
194,Mateusz ZALEWSKI,Poland,194,2005-11-20,,Right Hand / Shakehand,75.0,https://wttsimfiles.blob.core.windows.net/wtt-media/photos/400px/135021_HEADSHOT_R_Zalewski_Mateusz.png,WTT Official,M,2026-05-13T11:09:36.791457+00:00
196,Remi BETELU,France,196,1999-08-26,,Right Hand / Shakehand,28.571428571428573,https://wttwebcmsprod.blob.core.windows.net/websitefiles/images/general/men_default_left.png,WTT Official,M,2026-05-13T11:09:41.333290+00:00
197,Amirreza ABBASI,Malta,197,2000-06-01,,Right Hand / Shakehand,53.84615384615385,https://wttsimfiles.blob.core.windows.net/wtt-media/photos/400px/134246_HEADSHOT_R_ABBASI_Amirreza.png,WTT Official,M,2026-05-13T11:09:43.178078+00:00
198,Jo YOKOTANI,Japan,198,2002-05-01,,N/A,57.142857142857146,https://wttsimfiles.blob.core.windows.net/wtt-media/photos/400px/134317_HEADSHOT_R_YOKOTANI_Jo.png,WTT Official,M,2026-05-13T11:09:45.077719+00:00
199,Satoshi AIDA,Japan,199,1993-03-19,,Right Hand / Shakehand,66.66666666666667,https://wttsimfiles.blob.core.windows.net/wtt-media/photos/400px/132632_HEADSHOT_R_AIDA_Satoshi.png,WTT Official,M,2026-05-13T11:09:46.877684+00:00
200,Marcos MADRID,Mexico,200,1986-09-06,,Right Hand / Shakehand,50.0,https://wttsimfiles.blob.core.windows.net/wtt-media/photos/400px/105679_HEADSHOT_R_MADRID_Marcos.png,WTT Official,M,2026-05-13T11:09:48.698712+00:00
201,XU Haidong,China,201,2000-06-12,,Right Hand / Penhold,66.66666666666667,https://wttsimfiles.blob.core.windows.net/wtt-media/photos/400px/133893_Headshot_R_XU_Haidong.png,WTT Official,M,2026-05-13T11:10:05.620839+00:00
195,Balazs LEI,Hungary,62,2007-02-10,,Right Hand / Shakehand,66.66666666666667,https://wttsimfiles.blob.core.windows.net/wtt-media/photos/400px/135678_HEADSHOT_R_LEI_Balazs.png,WTT Official,F,2026-05-13T21:13:43.864017+00:00
203,HAM Yu Song,Korea DPR,203,1999-02-16,,Right Hand / Shakehand,42.857142857142854,https://wttsimfiles.blob.core.windows.net/wtt-media/photos/400px/132880_Headshot_R_HAM Yu Song.png,WTT Official,M,2026-05-13T11:10:09.193237+00:00
204,Hugo DESCHAMPS,France,204,2004-04-12,,Right Hand / Shakehand,44.44444444444444,https://wttsimfiles.blob.core.windows.net/wtt-media/photos/400px/134590_Headshot_R_DESCHAMPS_Hugo.png,WTT Official,M,2026-05-13T11:10:10.983445+00:00
206,Simeon MARTIN,Canada,206,2005-05-11,,N/A,40.0,https://wttsimfiles.blob.core.windows.net/wtt-media/photos/400px/145641_Headshot_R_MARTIN_Simeon.png,WTT Official,M,2026-05-13T11:10:14.542094+00:00
207,Bojan TOKIC,Slovenia,207,1981-01-13,,Right Hand / Shakehand,50.0,https://wttsimfiles.blob.core.windows.net/wtt-media/photos/400px/109459_Headshot_R_TOKIC_Bojan.png,WTT Official,M,2026-05-13T11:10:16.331810+00:00
188,Matthew KUTI,Nigeria,149,2011-03-28,,N/A,44.44444444444444,https://wttsimfiles.blob.core.windows.net/wtt-media/photos/400px/202627_Headshot_R_Matthew KUTI.png,WTT Official,F,2026-05-13T21:15:07.615845+00:00
209,Diego LILLO,Spain,209,2004-02-09,,Right Hand / Shakehand,66.66666666666667,https://wttwebcmsprod.blob.core.windows.net/websitefiles/images/general/men_default_left.png,WTT Official,M,2026-05-13T11:10:19.949192+00:00
205,Maksim GREBNEV,AIN,205,2002-01-09,,Right Hand / Shakehand,60.0,https://wttsimfiles.blob.core.windows.net/wtt-media/photos/400px/123931_Headshot_R_GREBNEV_Maksim.png,WTT Official,M,2026-05-13T20:22:44.798163+00:00
210,YIU Kwan To,"Hong Kong, China",210,2004-12-30,,Right Hand / Shakehand,62.5,https://wttsimfiles.blob.core.windows.net/wtt-media/photos/400px/132325_Headshot_R_YIU_Kwan_To.png,WTT Official,M,2026-05-13T20:22:50.125800+00:00
211,Tobias RASMUSSEN,Denmark,211,1996-11-26,,Left Hand / Shakehand,60.0,https://wttsimfiles.blob.core.windows.net/wtt-media/photos/400px/118671_HEADSHOT_R_RASMUSSEN_Tobias.png,WTT Official,M,2026-05-13T11:10:23.544009+00:00
212,Shunsuke OKANO,Japan,212,2004-02-09,,N/A,,https://wttwebcmsprod.blob.core.windows.net/websitefiles/images/general/men_default_left.png,WTT Official,M,2026-05-13T11:10:25.322578+00:00
213,Eusebio VOS,Chile,213,2003-06-18,,Left Hand / Shakehand,50.0,https://wttwebcmsprod.blob.core.windows.net/websitefiles/images/general/men_default_left.png,WTT Official,M,2026-05-13T11:10:27.106469+00:00
1817,Zhaniya BEKMUKHAMBETOVA,Kazakhstan,819,2013-05-16,,N/A,100.0,https://wttwebcmsprod.blob.core.windows.net/websitefiles/images/general/men_default_left.png,WTT Official,F,2026-05-13T20:51:32.122062+00:00
215,Nikhil KUMAR,USA,215,2003-01-01,,Right Hand / Shakehand,,https://wttsimfiles.blob.core.windows.net/wtt-media/photos/400px/119463_Headshot_R_KUMAR_Nikhil.png,WTT Official,M,2026-05-13T11:10:30.743159+00:00
216,Griffin BUCHANAN,New Zealand,216,2006-06-20,,N/A,,https://wttwebcmsprod.blob.core.windows.net/websitefiles/images/general/men_default_left.png,WTT Official,M,2026-05-13T11:10:32.528569+00:00
217,Jet LIN,New Zealand,217,2006-03-25,,Right Hand / Shakehand,,https://wttwebcmsprod.blob.core.windows.net/websitefiles/images/general/men_default_left.png,WTT Official,M,2026-05-13T11:10:34.311686+00:00
219,Jeremy DEY,New Caledonia,219,1988-03-27,,N/A,20.0,https://wttsimfiles.blob.core.windows.net/wtt-media/photos/400px/102213_HEADSHOT_R_DEY Jeremy.png,WTT Official,M,2026-05-13T11:10:37.902519+00:00
221,KIM Gaon,Korea Republic,221,2006-02-12,,Right Hand / Shakehand,50.0,https://wttsimfiles.blob.core.windows.net/wtt-media/photos/400px/137007_HEADSHOT_R_KIM_Gaon.png,WTT Official,M,2026-05-13T11:10:41.519997+00:00
222,Florent LAMBIET,Belgium,222,1995-12-22,,Right Hand / Shakehand,66.66666666666667,https://wttsimfiles.blob.core.windows.net/wtt-media/photos/400px/114709_Headshot_R_LAMBIET_Floren.png,WTT Official,M,2026-05-13T11:10:43.334462+00:00
223,Rafael DE LAS HERAS,Spain,223,1999-12-03,,Left Hand / Shakehand,50.0,https://wttwebcmsprod.blob.core.windows.net/websitefiles/images/general/men_default_left.png,WTT Official,M,2026-05-13T11:10:45.110356+00:00
224,Abdulaziz BU SHULAYBI,Saudi Arabia,224,1997-03-16,,Right Hand / Shakehand,37.5,https://wttsimfiles.blob.core.windows.net/wtt-media/photos/400px/115118_HEADSHOT_R_BU SHULAYBI_Abdulaziz.png,WTT Official,M,2026-05-13T11:10:46.907881+00:00
225,Mohammed ABDULWAHHAB,Qatar,225,1999-07-22,,Left Hand / Shakehand,25.0,https://wttsimfiles.blob.core.windows.net/wtt-media/photos/400px/131156_Headshot_R_ABDULWAHHAB_Mohammed.png,WTT Official,M,2026-05-13T11:10:48.735867+00:00
226,Abdulbasit ABDULFATAI,Nigeria,226,2006-06-02,,N/A,,https://wttwebcmsprod.blob.core.windows.net/websitefiles/images/general/men_default_left.png,WTT Official,M,2026-05-13T11:10:50.524134+00:00
227,Joao MONTEIRO,Portugal,227,1983-08-29,,Left Hand / Shakehand,33.333333333333336,https://wttsimfiles.blob.core.windows.net/wtt-media/photos/400px/106296_Headshot_R_Joao MONTEIRO.png,WTT Official,M,2026-05-13T11:10:52.367718+00:00
228,U Tae Ryong,Korea DPR,228,2000-06-25,,Right Hand / Shakehand,42.857142857142854,https://wttwebcmsprod.blob.core.windows.net/websitefiles/images/general/men_default_left.png,WTT Official,M,2026-05-13T11:10:54.151974+00:00
229,Antoine RAZAFINARIVO,Madagascar,229,2004-04-09,,N/A,50.0,https://wttsimfiles.blob.core.windows.net/wtt-media/photos/400px/203934_HEADSHOT_R_RAZAFINARIVO_Antoine.png,WTT Official,M,2026-05-13T11:10:55.931074+00:00
230,Lev KATSMAN,AIN,230,2001-03-31,,Left Hand / Shakehand,50.0,https://wttsimfiles.blob.core.windows.net/wtt-media/photos/400px/123282_Headshot_R_KATSMAN_Lev.png,WTT Official,M,2026-05-13T11:10:57.715393+00:00
231,HUANG Yan-Cheng,Chinese Taipei,231,2003-03-11,,Right Hand / Shakehand,,https://wttsimfiles.blob.core.windows.net/wtt-media/photos/400px/124572_HEADSHOT_R_HUANG_Yan-Cheng.png,WTT Official,M,2026-05-13T11:10:59.548916+00:00
232,Brian AFANADOR,Puerto Rico,232,1997-03-06,,Right Hand / Shakehand,,https://wttsimfiles.blob.core.windows.net/wtt-media/photos/400px/115000_Headshot_R_AFANADOR_Brian.png,WTT Official,M,2026-05-13T11:11:01.378906+00:00
233,Romain BRARD,France,233,2003-06-27,,Right Hand / Shakehand,72.72727272727273,https://wttwebcmsprod.blob.core.windows.net/websitefiles/images/general/men_default_left.png,WTT Official,M,2026-05-13T11:11:03.200279+00:00
234,Ali ALKHADRAWI,Saudi Arabia,234,1997-05-31,,Left Hand / Shakehand,33.333333333333336,https://wttsimfiles.blob.core.windows.net/wtt-media/photos/400px/113376_HEADSHOT_R_ALKHADRAWI_Ali.png,WTT Official,M,2026-05-13T11:11:04.984064+00:00
235,Marius BENCHAT,Morocco,235,2006-03-23,,Right Hand / Shakehand,42.857142857142854,https://wttwebcmsprod.blob.core.windows.net/websitefiles/images/general/men_default_left.png,WTT Official,M,2026-05-13T11:11:06.775118+00:00
236,Sota NODA,Japan,236,2003-02-24,,N/A,50.0,https://wttwebcmsprod.blob.core.windows.net/websitefiles/images/general/men_default_left.png,WTT Official,M,2026-05-13T11:11:08.556761+00:00
237,Maheidine BELLA,Algeria,237,2006-12-05,,N/A,57.142857142857146,https://wttsimfiles.blob.core.windows.net/wtt-media/photos/400px/HEADSHOT_R_A_BELLA_Maheidine.png,WTT Official,M,2026-05-13T11:11:10.346771+00:00
238,Jakub ZELINKA,Slovak Republic,238,2000-03-14,,Left Hand / Shakehand,66.66666666666667,https://wttsimfiles.blob.core.windows.net/wtt-media/photos/400px/121869_Headshot_R_ZELINKA_Jakub.png,WTT Official,M,2026-05-13T11:11:12.160897+00:00
239,Navid SHAMS,Iran,239,2005-07-29,,Right Hand / Shakehand,66.66666666666667,https://wttsimfiles.blob.core.windows.net/wtt-media/photos/400px/121940_Headshot_R_SHAMS_Navid.png,WTT Official,M,2026-05-13T11:11:13.935401+00:00
240,Hiromu KOBAYASHI,Japan,240,2002-09-21,,Left Hand / Shakehand,50.0,https://wttwebcmsprod.blob.core.windows.net/websitefiles/images/general/men_default_left.png,WTT Official,M,2026-05-13T11:11:15.716154+00:00
241,KWAN Man Ho,"Hong Kong, China",241,1998-01-12,,Left Hand / Shakehand,44.44444444444444,https://wttsimfiles.blob.core.windows.net/wtt-media/photos/400px/115545_HEADSHOT_R_KWAN_Man_Ho.png,WTT Official,M,2026-05-13T11:11:17.548168+00:00
243,Luke ABRAHAMS,South Africa,243,1988-07-04,,N/A,37.5,https://wttsimfiles.blob.core.windows.net/wtt-media/photos/400px/100089_Headshot_R_Luke ABRAHAMS.png,WTT Official,M,2026-05-13T11:11:21.393886+00:00
244,Fumiya IGARASHI,Japan,244,1999-09-09,,N/A,,https://wttwebcmsprod.blob.core.windows.net/websitefiles/images/general/men_default_left.png,WTT Official,M,2026-05-13T11:11:23.171110+00:00
245,Martin BUCH,Denmark,245,2000-11-13,,Right Hand / Shakehand,33.333333333333336,https://wttsimfiles.blob.core.windows.net/wtt-media/photos/400px/131176_HEADSHOT_R_ANDERSEN_Martin Buch.png,WTT Official,M,2026-05-13T11:11:24.980474+00:00
246,SUN Yang,China,28,2008-02-28,,N/A,71.42857142857143,https://wttsimfiles.blob.core.windows.net/wtt-media/photos/400px/203029_Headshot_R_SUN Yang.png,WTT Official,F,2026-05-13T21:13:16.654075+00:00
214,Gorkem OCAL,Türkiye,41,2011-09-04,,N/A,67.6923076923077,https://wttsimfiles.blob.core.windows.net/wtt-media/photos/400px/201124_Headshot_R_Gorkem OCAL.png,WTT Official,F,2026-05-13T21:13:27.059905+00:00
218,Ariinui PAMBRUN,Tahiti,332,2008-04-15,,N/A,,https://wttwebcmsprod.blob.core.windows.net/websitefiles/images/general/men_default_left.png,WTT Official,F,2026-05-13T21:18:05.603660+00:00
247,HO Kwan Kit,"Hong Kong, China",247,1997-04-20,,Left Hand / Shakehand,42.857142857142854,https://wttsimfiles.blob.core.windows.net/wtt-media/photos/400px/123690_Headshot_R_HO_Kwan_Kit.png,WTT Official,M,2026-05-13T11:11:29.283376+00:00
248,Miguel PANTOJA,Spain,248,2004-04-19,,Right Hand / Shakehand,50.0,https://wttwebcmsprod.blob.core.windows.net/websitefiles/images/general/men_default_left.png,WTT Official,M,2026-05-13T11:11:31.123951+00:00
1845,YEUNG Yee Lam,"Hong Kong, China",847,2012-06-10,,N/A,46.666666666666664,https://wttsimfiles.blob.core.windows.net/wtt-media/photos/400px/205829_Headshot_R_YEUNG Yee Lam.png,WTT Official,F,2026-05-13T20:52:00.957292+00:00
250,KIM Daewoo,Korea Republic,250,1999-05-14,,Right Hand / Shakehand,,https://wttwebcmsprod.blob.core.windows.net/websitefiles/images/general/men_default_left.png,WTT Official,M,2026-05-13T11:11:34.762101+00:00
251,Milhane JELLOULI,Algeria,251,2005-09-20,,Right Hand / Shakehand,66.66666666666667,https://wttsimfiles.blob.core.windows.net/wtt-media/photos/400px/HEADSHOT_R_JELLOULI_Milhane.png,WTT Official,M,2026-05-13T11:11:36.570064+00:00
252,David SZANTOSI,Hungary,252,2006-04-25,,Right Hand / Shakehand,66.66666666666667,https://wttsimfiles.blob.core.windows.net/wtt-media/photos/400px/136005_Headshot_R_SZANTOSI_David.png,WTT Official,M,2026-05-13T11:11:38.374162+00:00
254,Adam KLAJBER,Slovak Republic,254,2003-08-30,,Right Hand / Shakehand,57.142857142857146,https://wttsimfiles.blob.core.windows.net/wtt-media/photos/400px/131062_Headshot_R_KLAJBER_Adam.png,WTT Official,M,2026-05-13T11:11:41.985985+00:00
256,Maciej KOLODZIEJCZYK,Austria,256,2001-01-14,,Right Hand / Shakehand,50.0,https://wttsimfiles.blob.core.windows.net/wtt-media/photos/400px/122064_Headshot_R_KOLODZIEJCZYK_Maciej.png,WTT Official,M,2026-05-13T11:11:45.599666+00:00
257,Ioannis SGOUROPOULOS,Greece,257,2000-05-08,,Right Hand / Shakehand,73.33333333333333,https://wttsimfiles.blob.core.windows.net/wtt-media/photos/400px/121693_HEADSHOT_R_SGOUROPOULOS_Loannis.png,WTT Official,M,2026-05-13T11:11:47.410734+00:00
258,Clement LAINE,Portugal,258,2006-03-07,,N/A,66.66666666666667,https://wttsimfiles.blob.core.windows.net/wtt-media/photos/400px/203958_Headshot_R_LAINE_Clement.png,WTT Official,M,2026-05-13T11:11:49.216953+00:00
259,Taiwo MATI,Nigeria,259,2005-04-15,,Left Hand / Shakehand,50.0,https://wttsimfiles.blob.core.windows.net/wtt-media/photos/400px/133736_HEADSHOT_R_MATI_Taiwo.png,WTT Official,M,2026-05-13T11:11:51.054919+00:00
260,Horia Stefan URSUT,Romania,260,2006-05-27,,Right Hand / Shakehand,45.45454545454545,https://wttwebcmsprod.blob.core.windows.net/websitefiles/images/general/men_default_left.png,WTT Official,M,2026-05-13T11:11:52.865824+00:00
262,Albert VILARDELL,Spain,262,2002-08-13,,Right Hand / Shakehand,60.0,https://wttwebcmsprod.blob.core.windows.net/websitefiles/images/general/men_default_left.png,WTT Official,M,2026-05-13T11:11:56.479416+00:00
263,Xiangjing ZHANG,USA,263,1995-10-28,,N/A,,https://wttsimfiles.blob.core.windows.net/wtt-media/photos/400px/122586_HEADSHOT_R_Xiangjing_ZHANG.png,WTT Official,M,2026-05-13T11:11:58.282002+00:00
264,Andrea PUPPO,Italy,264,2003-02-20,,Right Hand / Shakehand,50.0,https://wttsimfiles.blob.core.windows.net/wtt-media/photos/400px/122086_Headshot_R_Andrea PUPPO.png,WTT Official,M,2026-05-13T11:12:00.450046+00:00
268,Kirill FADEEV,Germany,268,2001-05-05,,Left Hand / Shakehand,,https://wttwebcmsprod.blob.core.windows.net/websitefiles/images/general/men_default_left.png,WTT Official,M,2026-05-13T11:12:07.687519+00:00
269,Jash MODI,India,269,2005-10-12,,Right Hand / Shakehand,61.53846153846154,https://wttsimfiles.blob.core.windows.net/wtt-media/photos/400px/HEADSHOT_R_MODI_Jash.png,WTT Official,M,2026-05-13T11:12:09.533423+00:00
270,Mudit DANI,India,270,1999-01-05,,Right Hand / Shakehand,57.142857142857146,https://wttsimfiles.blob.core.windows.net/wtt-media/photos/400px/116758_Headshot_R_Mudit DANI.png,WTT Official,M,2026-05-13T11:12:11.351806+00:00
271,Simon BERGLUND,Sweden,271,1997-11-26,,Left Hand / Shakehand,,https://wttsimfiles.blob.core.windows.net/wtt-media/photos/400px/115063_HEADSHOT_R_BERGLUND_Simon.png,WTT Official,M,2026-05-13T11:12:13.210448+00:00
272,Amir Hossein HODAEI,Iran,272,1998-06-15,,Right Hand / Shakehand,33.333333333333336,https://wttsimfiles.blob.core.windows.net/wtt-media/photos/400px/131484_Headshot_R_HODAEI_Amir_Hossein.png,WTT Official,M,2026-05-13T11:12:15.060410+00:00
273,Jerome MORISSEAU,New Caledonia,273,1979-07-14,,N/A,0.0,https://wttsimfiles.blob.core.windows.net/wtt-media/photos/400px/106344_HEADSHOT_R_MORISSEAU Jerome.png,WTT Official,M,2026-05-13T11:12:16.897373+00:00
274,Saheed IDOWU,Congo Brazzaville,274,1990-01-03,,Right Hand / Shakehand,,https://wttwebcmsprod.blob.core.windows.net/websitefiles/images/general/men_default_left.png,WTT Official,M,2026-05-13T11:12:18.734821+00:00
275,Chetan NATHOO,South Africa,275,1989-07-12,,N/A,0.0,https://wttwebcmsprod.blob.core.windows.net/websitefiles/images/general/men_default_left.png,WTT Official,M,2026-05-13T11:12:20.746088+00:00
276,Tyrese KNIGHT,Barbados,276,1999-11-02,,Right Hand / Shakehand,,https://wttwebcmsprod.blob.core.windows.net/websitefiles/images/general/men_default_left.png,WTT Official,M,2026-05-13T11:12:22.616578+00:00
277,Marcelo AGUIRRE,Paraguay,277,1993-01-21,,Left Hand / Shakehand,,https://wttsimfiles.blob.core.windows.net/wtt-media/photos/400px/111115_Headshot_R_AGUIRRE_Marcelo.png,WTT Official,M,2026-05-13T11:12:24.474634+00:00
265,Chulong NIE,Australia,37,2007-10-14,,N/A,90.0,https://wttsimfiles.blob.core.windows.net/wtt-media/photos/400px/136657_Headshot_R_Chulong NIE.png,WTT Official,F,2026-05-13T21:13:23.837966+00:00
255,Priyanuj BHATTACHARYYA,India,44,2008-05-09,,N/A,80.76923076923077,https://wttsimfiles.blob.core.windows.net/wtt-media/photos/400px/200301_Headshot_R_Priyanuj BHATTACHARYYA.png,WTT Official,F,2026-05-13T21:13:29.460024+00:00
280,Irvin BERTRAND,France,280,2000-02-06,,Left Hand / Shakehand,,https://wttsimfiles.blob.core.windows.net/wtt-media/photos/400px/119092_Headshot_R_BERTRAND_Irvin.png,WTT Official,M,2026-05-13T11:12:29.984887+00:00
281,Dmitrii VINOGRADOV,AIN,281,2005-12-02,,N/A,75.0,https://wttwebcmsprod.blob.core.windows.net/websitefiles/images/general/men_default_left.png,WTT Official,M,2026-05-13T11:12:31.791033+00:00
282,Hayate SUZUKI,Japan,282,2004-04-15,,Right Hand / Shakehand,66.66666666666667,https://wttsimfiles.blob.core.windows.net/wtt-media/photos/400px/135627_HEADSHOT_R_SUZUKI_Hayate.png,WTT Official,M,2026-05-13T11:12:33.615640+00:00
279,Thitaphat PREECHAYAN,Thailand,74,2010-03-23,,N/A,62.96296296296296,https://wttsimfiles.blob.core.windows.net/wtt-media/photos/400px/202414_HEADSHOT_R_PREECHAYAN_Thitaphat.png,WTT Official,F,2026-05-13T21:13:53.683379+00:00
253,Uros NINKOVIC,Serbia,82,2007-10-23,,N/A,68.18181818181819,https://wttwebcmsprod.blob.core.windows.net/websitefiles/images/general/men_default_left.png,WTT Official,F,2026-05-13T21:14:00.044598+00:00
266,WOO Hyeonggyu,Korea Republic,266,2002-01-02,,Right Hand / Shakehand,58.333333333333336,https://wttsimfiles.blob.core.windows.net/wtt-media/photos/400px/131413_HEADSHOT_R_WOO_Hyeonggyu.png,WTT Official,M,2026-05-13T20:23:45.654806+00:00
261,Tom SCHWEIGER,Germany,261,2004-08-23,,N/A,66.66666666666667,https://wttsimfiles.blob.core.windows.net/wtt-media/photos/400px/HEADSHOT_R_SCHWEIGER_Tom.png,WTT Official,M,2026-05-13T20:23:40.997876+00:00
283,Iskender KHARKI,Kazakhstan,283,2003-05-17,,Right Hand / Shakehand,35.714285714285715,https://wttsimfiles.blob.core.windows.net/wtt-media/photos/400px/134398_Headshot_R_Iskender KHARKI.png,WTT Official,M,2026-05-13T11:12:35.430788+00:00
284,Sougata SARKAR,India,284,1990-08-24,,N/A,75.0,https://wttwebcmsprod.blob.core.windows.net/websitefiles/images/general/men_default_left.png,WTT Official,M,2026-05-13T11:12:37.243977+00:00
285,ZENG Beixun,China,285,2003-06-12,,Right Hand / Shakehand,50.0,https://wttsimfiles.blob.core.windows.net/wtt-media/photos/400px/135919_Headshot_R_ZENG_Beixun.png,WTT Official,M,2026-05-13T11:12:39.083803+00:00
1894,Yaghmur MAMMADLI,Azerbaijan,896,2011-05-24,,N/A,55.55555555555556,https://wttwebcmsprod.blob.core.windows.net/websitefiles/images/general/men_default_left.png,WTT Official,F,2026-05-13T20:52:51.288705+00:00
287,Romain RUIZ,France,287,1997-03-28,,Right Hand / Shakehand,50.0,https://wttsimfiles.blob.core.windows.net/wtt-media/photos/400px/116641_Headshot_R_Romain_RUIZ.png,WTT Official,M,2026-05-13T11:12:42.733020+00:00
288,SUN Yingsha,China,1,2000-11-04,,Right Hand / Shakehand,93.33333333333333,https://wttsimfiles.blob.core.windows.net/wtt-media/photos/400px/131163_HEADSHOT_R_SUN_Yingsha.png,WTT Official,F,2026-05-13T11:13:13.150088+00:00
289,WANG Manyu,China,2,1999-02-09,,Right Hand / Shakehand,75.0,https://wttsimfiles.blob.core.windows.net/wtt-media/photos/400px/121411_Headshot_R_WANG_Manyu.png,WTT Official,F,2026-05-13T11:13:15.101434+00:00
290,Miwa HARIMOTO,Japan,3,2008-06-16,,Right Hand / Shakehand,80.0,https://wttsimfiles.blob.core.windows.net/wtt-media/photos/400px/136711_Headshot_R_Miwa HARIMOTO.png,WTT Official,F,2026-05-13T11:13:16.960017+00:00
291,CHEN Xingtong,China,4,1997-05-27,,Right Hand / Shakehand,73.33333333333333,https://wttsimfiles.blob.core.windows.net/wtt-media/photos/400px/121403_Headshot_R_CHEN_Xingtong.png,WTT Official,F,2026-05-13T11:13:18.815589+00:00
292,ZHU Yuling,"Macao, China",5,1995-01-10,,Right Hand / Shakehand,86.66666666666667,https://wttsimfiles.blob.core.windows.net/wtt-media/photos/400px/117332_Headshot_R_ZHU Yuling.png,WTT Official,F,2026-05-13T11:13:20.646282+00:00
293,CHEN Yi,China,6,2004-08-24,,Right Hand / Shakehand,69.23076923076923,https://wttsimfiles.blob.core.windows.net/wtt-media/photos/400px/132132_Headshot_R_CHEN_Yi.png,WTT Official,F,2026-05-13T11:13:22.501620+00:00
294,KUAI Man,China,7,2004-02-07,,Left Hand / Shakehand,66.66666666666667,https://wttsimfiles.blob.core.windows.net/wtt-media/photos/400px/135049_Headshot_R_KUAI_Man.png,WTT Official,F,2026-05-13T11:13:24.374206+00:00
295,WANG Yidi,China,8,1997-02-14,,Right Hand / Shakehand,75.0,https://wttsimfiles.blob.core.windows.net/wtt-media/photos/400px/124110_Headshot_R_WANG_Yidi.png,WTT Official,F,2026-05-13T11:13:26.244891+00:00
296,Sabine WINTER,Germany,9,1992-09-27,,Right Hand / Shakehand,69.23076923076923,https://wttsimfiles.blob.core.windows.net/wtt-media/photos/400px/111066_Headshot_R_WINTER_Sabine.png,WTT Official,F,2026-05-13T11:13:28.084312+00:00
297,Hina HAYATA,Japan,10,2000-07-07,,Left Hand / Shakehand,62.5,https://wttsimfiles.blob.core.windows.net/wtt-media/photos/400px/123672_Headshot_R_HAYATA_Hina.png,WTT Official,F,2026-05-13T11:13:29.987894+00:00
298,SHIN Yubin,Korea Republic,11,2004-07-05,,Right Hand / Shakehand,66.66666666666667,https://wttsimfiles.blob.core.windows.net/wtt-media/photos/400px/123977_HEADSHOT_R_SHIN_Yubin.png,WTT Official,F,2026-05-13T11:13:31.839570+00:00
299,Satsuki ODO,Japan,12,2004-05-16,,Right Hand / Shakehand,81.81818181818181,https://wttsimfiles.blob.core.windows.net/wtt-media/photos/400px/133405_Headshot_R_Satsuki ODO.png,WTT Official,F,2026-05-13T11:13:33.705538+00:00
300,Mima ITO,Japan,13,2000-10-21,,Right Hand / Shakehand,57.142857142857146,https://wttsimfiles.blob.core.windows.net/wtt-media/photos/400px/117821_HEADSHOT_R_Mima_ITO 1.png,WTT Official,F,2026-05-13T11:13:35.570818+00:00
301,Honoka HASHIMOTO,Japan,14,1998-07-05,,Right Hand / Shakehand,66.66666666666667,https://wttsimfiles.blob.core.windows.net/wtt-media/photos/400px/133000_Headshot_R_Honoka HASHIMOTO.png,WTT Official,F,2026-05-13T11:13:37.405796+00:00
302,SHI Xunyao,China,15,2001-07-16,,Right Hand / Shakehand,75.0,https://wttsimfiles.blob.core.windows.net/wtt-media/photos/400px/123120_HEADSHOT_R_SHI_Xunyao.png,WTT Official,F,2026-05-13T11:13:39.248382+00:00
303,Miyu NAGASAKI,Japan,16,2002-06-15,,Left Hand / Shakehand,50.0,https://wttsimfiles.blob.core.windows.net/wtt-media/photos/400px/124591_Headshot_R_Miyu NAGASAKI.png,WTT Official,F,2026-05-13T11:13:41.197272+00:00
304,JOO Cheonhui,Korea Republic,17,2002-01-20,,N/A,50.0,https://wttsimfiles.blob.core.windows.net/wtt-media/photos/400px/200413_HEADSHOT_R_JOO_Cheonhui.png,WTT Official,F,2026-05-13T11:13:42.999290+00:00
305,Adriana DIAZ,Puerto Rico,18,2000-10-31,,Right Hand / Shakehand,61.53846153846154,https://wttsimfiles.blob.core.windows.net/wtt-media/photos/400px/115009_HEADSHOT_R_Adriana_DIAZ.png,WTT Official,F,2026-05-13T11:13:44.881263+00:00
306,Ying HAN,Germany,19,1983-04-29,,Right Hand / Shakehand,60.0,https://wttsimfiles.blob.core.windows.net/wtt-media/photos/400px/118762_Headshot_R_Ying HAN.png,WTT Official,F,2026-05-13T11:13:46.731614+00:00
307,Hana GODA,Egypt,20,2007-12-12,,Right Hand / Shakehand,50.0,https://wttsimfiles.blob.core.windows.net/wtt-media/photos/400px/131335_HEADSHOT_R_Hana_GODA.png,WTT Official,F,2026-05-13T11:13:48.588690+00:00
308,Elias AGBODJAN,Togo,288,2006-06-21,,N/A,40.0,https://wttwebcmsprod.blob.core.windows.net/websitefiles/images/general/men_default_left.png,WTT Official,M,2026-05-13T11:13:48.638320+00:00
309,Nima ALAMIAN,Iran,289,1992-12-24,,Right Hand / Shakehand,,https://wttsimfiles.blob.core.windows.net/wtt-media/photos/400px/112035_Headshot_R_ALAMIAN_Nima.png,WTT Official,M,2026-05-13T11:13:50.447323+00:00
310,Jia Nan YUAN,France,21,1985-07-11,,Right Hand / Shakehand,37.5,https://wttsimfiles.blob.core.windows.net/wtt-media/photos/400px/137894_Headshot_R_Jia Nan YUAN.png,WTT Official,F,2026-05-13T11:13:50.460279+00:00
311,Muizz ADEGOKE,Nigeria,290,2006-03-31,,N/A,66.66666666666667,https://wttsimfiles.blob.core.windows.net/wtt-media/photos/400px/200310_Headshot_R_Muizz ADEGOKE.png,WTT Official,M,2026-05-13T11:13:52.237511+00:00
312,CHENG I-Ching,Chinese Taipei,22,1992-02-15,,Right Hand / Shakehand,56.25,https://wttsimfiles.blob.core.windows.net/wtt-media/photos/400px/110797_Headshot_R_CHENG_I_Ching.png,WTT Official,F,2026-05-13T11:13:52.335726+00:00
313,Tommaso GIOVANNETTI,Italy,291,2003-03-28,,Right Hand / Shakehand,60.0,https://wttwebcmsprod.blob.core.windows.net/websitefiles/images/general/men_default_left.png,WTT Official,M,2026-05-13T11:13:54.021252+00:00
314,Bruna TAKAHASHI,Brazil,23,2000-07-19,,Right Hand / Shakehand,42.857142857142854,https://wttsimfiles.blob.core.windows.net/wtt-media/photos/400px/121623_Headshot_R_TAKAHASHI_Bruna.png,WTT Official,F,2026-05-13T11:13:54.186604+00:00
315,Yassine THEOPHILE,Morocco,292,1997-12-02,,N/A,0.0,https://wttwebcmsprod.blob.core.windows.net/websitefiles/images/general/men_default_left.png,WTT Official,M,2026-05-13T11:13:55.806085+00:00
316,Bernadette SZOCS,Romania,24,1995-03-05,,Right Hand / Shakehand,37.5,https://wttsimfiles.blob.core.windows.net/wtt-media/photos/400px/111012_Headshot_R_Bernadette SZOCS.png,WTT Official,F,2026-05-13T11:13:56.064840+00:00
317,Anirban GHOSH,India,293,1998-12-31,,Right Hand / Shakehand,0.0,https://wttsimfiles.blob.core.windows.net/wtt-media/photos/400px/119042_Headshot_R_GHOSH_Anirban.png,WTT Official,M,2026-05-13T11:13:57.579863+00:00
318,Hitomi SATO,Japan,25,1997-12-23,,Right Hand / Shakehand,76.92307692307692,https://wttsimfiles.blob.core.windows.net/wtt-media/photos/400px/122261_HEADSHOT_R_SATO_Hitomi .png,WTT Official,F,2026-05-13T11:13:57.893599+00:00
319,Remi CHAMBET-WEIL,Netherlands,294,2005-07-12,,Left Hand / Shakehand,50.0,https://wttwebcmsprod.blob.core.windows.net/websitefiles/images/general/men_default_left.png,WTT Official,M,2026-05-13T11:13:59.359618+00:00
321,Carlo ROSSI,Italy,295,2001-07-25,,Right Hand / Shakehand,50.0,https://wttsimfiles.blob.core.windows.net/wtt-media/photos/400px/120285_Headshot_R_ROSSI_Carlo.png,WTT Official,M,2026-05-13T11:14:01.267437+00:00
323,Ved SHETH,USA,296,2005-11-17,,Right Hand / Shakehand,0.0,https://wttsimfiles.blob.core.windows.net/wtt-media/photos/400px/134486_Headshot_R_Ved SHETH.png,WTT Official,M,2026-05-13T11:14:03.076249+00:00
325,Benno OEHME,Germany,297,2000-02-02,,N/A,40.0,https://wttsimfiles.blob.core.windows.net/wtt-media/photos/400px/136567_Headshot_R_OEHME_Benno.png,WTT Official,M,2026-05-13T11:14:04.876837+00:00
331,Martin FRIIS,Sweden,300,2002-07-09,,Left Hand / Shakehand,75.0,https://wttsimfiles.blob.core.windows.net/wtt-media/photos/400px/122043_HEADSHOT_R_FRIIS_Martin.png,WTT Official,M,2026-05-13T11:14:10.252168+00:00
339,KANG Dongsoo,Korea Republic,301,1994-03-14,,Right Hand / Shakehand,0.0,https://wttsimfiles.blob.core.windows.net/wtt-media/photos/400px/120845_HEADSHOT_R_KANG_Dongsoo.png,WTT Official,M,2026-05-13T11:14:24.005308+00:00
343,Alexander VALUCH,Slovak Republic,303,1996-04-09,,Right Hand / Shakehand,40.0,https://wttwebcmsprod.blob.core.windows.net/websitefiles/images/general/men_default_left.png,WTT Official,M,2026-05-13T11:14:27.646218+00:00
347,Kenji MATSUDAIRA,Japan,305,1989-04-06,,Right Hand / Shakehand,,https://wttsimfiles.blob.core.windows.net/wtt-media/photos/400px/111033_Headshot_R_Kenji MATSUDAIRA.png,WTT Official,M,2026-05-13T11:14:31.239114+00:00
349,ZHOU Kai,China,306,1996-03-01,,Right Hand / Shakehand,,https://wttsimfiles.blob.core.windows.net/wtt-media/photos/400px/117345_HEADSHOT_R_ZHOU_Kai.png,WTT Official,M,2026-05-13T11:14:33.045323+00:00
351,Angelo UTIA,Tahiti,307,1978-09-02,,N/A,,https://wttwebcmsprod.blob.core.windows.net/websitefiles/images/general/men_default_left.png,WTT Official,M,2026-05-13T11:14:34.822031+00:00
353,Joshua YEE,Fiji,308,2002-07-26,,N/A,0.0,https://wttwebcmsprod.blob.core.windows.net/websitefiles/images/general/men_default_left.png,WTT Official,M,2026-05-13T11:14:36.606629+00:00
355,Yashansh MALIK,India,309,2003-10-03,,Right Hand / Shakehand,60.0,https://wttsimfiles.blob.core.windows.net/wtt-media/photos/400px/134186_HEADSHOT_R_MALIK_Yashansh.png,WTT Official,M,2026-05-13T11:14:38.380348+00:00
357,Olivier CLOUET,New Caledonia,310,1982-05-14,,N/A,20.0,https://wttsimfiles.blob.core.windows.net/wtt-media/photos/400px/206277_HEADSHOT_R_CLOUET Olivier.png,WTT Official,M,2026-05-13T11:14:40.220575+00:00
359,Ondrej KVETON,Czechia,311,2004-04-16,,Right Hand / Shakehand,54.54545454545455,https://wttwebcmsprod.blob.core.windows.net/websitefiles/images/general/men_default_left.png,WTT Official,M,2026-05-13T11:14:42.020627+00:00
361,Reda NEMRAS,Morocco,312,2005-10-06,,N/A,40.0,https://wttwebcmsprod.blob.core.windows.net/websitefiles/images/general/men_default_left.png,WTT Official,M,2026-05-13T11:14:43.792701+00:00
1243,Ahmed DJAMAL,Djibouti,754,1996-08-03,,N/A,,https://wttwebcmsprod.blob.core.windows.net/websitefiles/images/general/men_default_left.png,WTT Official,M,2026-05-13T11:28:55.869970+00:00
1245,Eduardo DARLEY MEJIA,Dominican Republic,755,2006-06-01,,N/A,,https://wttwebcmsprod.blob.core.windows.net/websitefiles/images/general/men_default_left.png,WTT Official,M,2026-05-13T11:28:57.621414+00:00
1247,Diomar ARGUELLE,Cuba,756,2005-02-20,,N/A,,https://wttwebcmsprod.blob.core.windows.net/websitefiles/images/general/men_default_left.png,WTT Official,M,2026-05-13T11:28:59.375164+00:00
1249,Pablo PALOU,Uruguay,757,2000-12-06,,Right Hand / Shakehand,,https://wttwebcmsprod.blob.core.windows.net/websitefiles/images/general/men_default_left.png,WTT Official,M,2026-05-13T11:29:01.132445+00:00
1251,Grace A Dieu MOZIALO,Central Africa,758,1998-12-13,,N/A,,https://wttwebcmsprod.blob.core.windows.net/websitefiles/images/general/men_default_left.png,WTT Official,M,2026-05-13T11:29:02.895783+00:00
1253,Heriberto EKOMBA,Equatorial Guinea,759,1972-12-11,,N/A,,https://wttwebcmsprod.blob.core.windows.net/websitefiles/images/general/men_default_left.png,WTT Official,M,2026-05-13T11:29:04.684225+00:00
1255,Tshireletso SAMUEL,Botswana,760,1998-04-21,,N/A,,https://wttwebcmsprod.blob.core.windows.net/websitefiles/images/general/men_default_left.png,WTT Official,M,2026-05-13T11:29:06.471276+00:00
1257,Ingi Darvis RODRIGUEZ,Iceland,761,2002-11-24,,N/A,,https://wttwebcmsprod.blob.core.windows.net/websitefiles/images/general/men_default_left.png,WTT Official,M,2026-05-13T11:29:08.229568+00:00
1259,Ahmed AKHYAR,Maldives,762,2005-09-15,,N/A,,https://wttwebcmsprod.blob.core.windows.net/websitefiles/images/general/men_default_left.png,WTT Official,M,2026-05-13T11:29:10.005673+00:00
1265,Nour Adam Cyril PETIT JEAN,Morocco,766,2007-12-22,,N/A,,https://wttwebcmsprod.blob.core.windows.net/websitefiles/images/general/men_default_left.png,WTT Official,M,2026-05-13T11:29:17.107148+00:00
1266,Adam GHOUNIM,Morocco,767,2007-07-27,,N/A,,https://wttwebcmsprod.blob.core.windows.net/websitefiles/images/general/men_default_left.png,WTT Official,M,2026-05-13T11:29:18.917765+00:00
1267,Andy PEREIRA,Cuba,768,1989-08-31,,Left Hand / Shakehand,,https://wttsimfiles.blob.core.windows.net/wtt-media/photos/400px/107272_HEADSHOT_R_PEREIRA_Andy.png,WTT Official,M,2026-05-13T11:29:20.850361+00:00
11,WEN Ruibo,China,2,2007-01-05,,N/A,77.77777777777777,https://wttsimfiles.blob.core.windows.net/wtt-media/photos/400px/203067_Headshot_R_WEN Ruibo.png,WTT Official,F,2026-05-13T21:12:55.727424+00:00
1269,Jonathan VAN LANGE,Guyana,770,2006-12-30,,N/A,,https://wttwebcmsprod.blob.core.windows.net/websitefiles/images/general/men_default_left.png,WTT Official,M,2026-05-13T11:29:24.855014+00:00
1271,Chelvy PENA,Congo Brazzaville,771,2005-01-28,,N/A,,https://wttwebcmsprod.blob.core.windows.net/websitefiles/images/general/men_default_left.png,WTT Official,M,2026-05-13T11:29:26.602786+00:00
1273,Ryan DESSCANN,Mauritius,772,2004-03-02,,Right Hand / Shakehand,,https://wttwebcmsprod.blob.core.windows.net/websitefiles/images/general/men_default_left.png,WTT Official,M,2026-05-13T11:29:28.359872+00:00
341,Antoine NOIRAULT,France,24,2007-09-16,,N/A,72.22222222222223,https://wttsimfiles.blob.core.windows.net/wtt-media/photos/400px/146241_Headshot_R_NOIRAULT_Antoine.png,WTT Official,F,2026-05-13T21:13:13.346496+00:00
327,LE Ellsworth,Singapore,114,2008-05-12,,N/A,25.0,https://wttsimfiles.blob.core.windows.net/wtt-media/photos/400px/144488_HEADSHOT_R_LE_Ellsworth.png,WTT Official,F,2026-05-13T21:14:38.920198+00:00
1268,Lassi LEHTOLA,Finland,186,2008-01-23,,N/A,63.63636363636363,https://wttwebcmsprod.blob.core.windows.net/websitefiles/images/general/men_default_left.png,WTT Official,F,2026-05-13T21:15:37.981377+00:00
1264,Charles JANSSENS,Belgium,214,2008-01-14,,N/A,55.55555555555556,https://wttwebcmsprod.blob.core.windows.net/websitefiles/images/general/men_default_left.png,WTT Official,F,2026-05-13T21:16:15.018095+00:00
1261,Charles SHEN,USA,308,2009-04-12,,N/A,66.66666666666667,https://wttwebcmsprod.blob.core.windows.net/websitefiles/images/general/men_default_left.png,WTT Official,F,2026-05-13T21:17:46.240697+00:00
1263,Bogdan SEMENOV,AIN,319,2008-02-11,,N/A,66.66666666666667,https://wttwebcmsprod.blob.core.windows.net/websitefiles/images/general/men_default_left.png,WTT Official,F,2026-05-13T21:17:55.105719+00:00
320,Miyuu KIHARA,Japan,26,2004-08-03,,Right Hand / Shakehand,0.0,https://wttsimfiles.blob.core.windows.net/wtt-media/photos/400px/131036_Headshot_R_Miyuu KIHARA.png,WTT Official,F,2026-05-13T11:13:59.730385+00:00
322,KIM Nayeong,Korea Republic,27,2005-10-01,,Right Hand / Shakehand,45.45454545454545,https://wttsimfiles.blob.core.windows.net/wtt-media/photos/400px/133814_Headshot_R_KIM Nayeong.png,WTT Official,F,2026-05-13T11:14:01.713832+00:00
324,Prithika PAVADE,France,28,2004-08-02,,Left Hand / Shakehand,50.0,https://wttsimfiles.blob.core.windows.net/wtt-media/photos/400px/131100_HEADSHOT_R_PAVADE_Prithika.png,WTT Official,F,2026-05-13T11:14:03.574698+00:00
326,QIN Yuxuan,China,29,2006-09-14,,N/A,57.142857142857146,https://wttsimfiles.blob.core.windows.net/wtt-media/photos/400px/144628_Headshot_R_QIN Yuxuan.png,WTT Official,F,2026-05-13T11:14:05.417620+00:00
328,Yangzi LIU,Australia,30,2002-06-06,,Right Hand / Shakehand,57.142857142857146,https://wttsimfiles.blob.core.windows.net/wtt-media/photos/400px/137627_Headshot_R_Yangzi LIU.png,WTT Official,F,2026-05-13T11:14:07.279024+00:00
330,Sakura YOKOI,Japan,31,2004-04-23,,Right Hand / Shakehand,63.63636363636363,https://wttsimfiles.blob.core.windows.net/wtt-media/photos/400px/135935_Headshot_R_Sakura YOKOI copy.png,WTT Official,F,2026-05-13T11:14:09.157542+00:00
332,DOO Hoi Kem,"Hong Kong, China",32,1996-11-27,,Right Hand / Shakehand,46.15384615384615,https://wttsimfiles.blob.core.windows.net/wtt-media/photos/400px/115543_HEADSHOT_R_DOO_Hoi Kem.png,WTT Official,F,2026-05-13T11:14:11.020662+00:00
333,Miu HIRANO,Japan,33,2000-04-14,,Right Hand / Shakehand,72.72727272727273,https://wttsimfiles.blob.core.windows.net/wtt-media/photos/400px/117820_Headshot_R_Miu HIRANO.png,WTT Official,F,2026-05-13T11:14:12.926618+00:00
334,Anna HURSEY,Wales,34,2006-06-22,,Right Hand / Shakehand,60.0,https://wttsimfiles.blob.core.windows.net/wtt-media/photos/400px/131480_Headshot_R_HURSEY_Anna.png,WTT Official,F,2026-05-13T11:14:14.733401+00:00
335,LEE Eunhye,Korea Republic,35,1995-05-02,,Right Hand / Shakehand,28.571428571428573,https://wttsimfiles.blob.core.windows.net/wtt-media/photos/400px/122052_HEADSHOT_R_LEE_Eunhye.png,WTT Official,F,2026-05-13T11:14:16.567036+00:00
336,Margaryta PESOTSKA,Ukraine,36,1991-08-09,,Right Hand / Shakehand,66.66666666666667,https://wttsimfiles.blob.core.windows.net/wtt-media/photos/400px/107321_Headshot_R_PESOTSKA_Margaryta.png,WTT Official,F,2026-05-13T11:14:18.487662+00:00
337,ZENG Jian,Singapore,37,1996-11-19,,Right Hand / Shakehand,36.36363636363637,https://wttsimfiles.blob.core.windows.net/wtt-media/photos/400px/131342_Headshot_R_ZENG Jian.png,WTT Official,F,2026-05-13T11:14:20.475348+00:00
338,Elizabeta SAMARA,Romania,38,1989-04-15,,Left Hand / Shakehand,28.571428571428573,https://wttsimfiles.blob.core.windows.net/wtt-media/photos/400px/108226_HEADSHOT_R_ SAMARA_Elizabeta.png,WTT Official,F,2026-05-13T11:14:22.925628+00:00
340,Lily ZHANG,USA,39,1996-06-16,,Right Hand / Shakehand,16.666666666666668,https://wttsimfiles.blob.core.windows.net/wtt-media/photos/400px/112221_HEADSHOT_R_ZHANG_Lily.png,WTT Official,F,2026-05-13T11:14:24.718092+00:00
342,HE Zhuojia,China,40,1998-10-25,,Right Hand / Shakehand,62.5,https://wttsimfiles.blob.core.windows.net/wtt-media/photos/400px/119730_Headshot_R_HE Zhuojia.png,WTT Official,F,2026-05-13T11:14:26.567550+00:00
344,Sofia POLCANOVA,Austria,41,1994-09-03,,Left Hand / Shakehand,37.5,https://wttsimfiles.blob.core.windows.net/wtt-media/photos/400px/107477_Headshot_R_Sofia POLCANOVA.png,WTT Official,F,2026-05-13T11:14:28.383880+00:00
346,Kaho AKAE,Japan,42,2004-07-03,,Right Hand / Shakehand,83.33333333333333,https://wttsimfiles.blob.core.windows.net/wtt-media/photos/400px/136309_HEADSHOT_R_AKAE_Kaho.png,WTT Official,F,2026-05-13T11:14:30.554401+00:00
348,YEH Yi-Tian,Chinese Taipei,43,2007-12-01,,Right Hand / Shakehand,66.66666666666667,https://wttsimfiles.blob.core.windows.net/wtt-media/photos/400px/136987_Headshot_R_YEH Yi-Tian.png,WTT Official,F,2026-05-13T11:14:32.319997+00:00
350,Amy WANG,USA,44,2002-12-02,,Right Hand / Shakehand,0.0,https://wttsimfiles.blob.core.windows.net/wtt-media/photos/400px/119022_Headshot_R_WANG_Amy.png,WTT Official,F,2026-05-13T11:14:34.130423+00:00
352,Andreea DRAGOMAN,Romania,45,2000-08-18,,Right Hand / Shakehand,54.54545454545455,https://wttsimfiles.blob.core.windows.net/wtt-media/photos/400px/122428_Headshot_R_DRAGOMAN_Andreea.png,WTT Official,F,2026-05-13T11:14:35.938248+00:00
354,Sreeja AKULA,India,46,1998-07-31,,Right Hand / Shakehand,28.571428571428573,https://wttsimfiles.blob.core.windows.net/wtt-media/photos/400px/122718_Headshot_R_Sreeja AKULA.png,WTT Official,F,2026-05-13T11:14:37.738944+00:00
356,Dina MESHREF,Egypt,47,1994-03-10,,Left Hand / Shakehand,14.285714285714286,https://wttsimfiles.blob.core.windows.net/wtt-media/photos/400px/111656_HEADSHOT_R_MESHREF_Dina.png,WTT Official,F,2026-05-13T11:14:39.577513+00:00
358,Manika BATRA,India,48,1995-06-15,,Right Hand / Shakehand,50.0,https://wttsimfiles.blob.core.windows.net/wtt-media/photos/400px/115920_Headshot_R_BATRA_Manika.png,WTT Official,F,2026-05-13T11:14:41.407419+00:00
362,Nina MITTELHAM,Germany,50,1996-11-23,,Right Hand / Shakehand,58.333333333333336,https://wttsimfiles.blob.core.windows.net/wtt-media/photos/400px/114726_Headshot_R_ MITTELHAM_Nina.png,WTT Official,F,2026-05-13T11:14:44.971124+00:00
363,Fu YU,Portugal,51,1978-11-29,,Right Hand / Penhold,33.333333333333336,https://wttsimfiles.blob.core.windows.net/wtt-media/photos/400px/102863_Headshot_R_YU_Fu.png,WTT Official,F,2026-05-13T11:14:46.767125+00:00
364,Mael VAN DESSEL,Luxembourg,313,2005-04-14,,Right Hand / Shakehand,44.44444444444444,https://wttwebcmsprod.blob.core.windows.net/websitefiles/images/general/men_default_left.png,WTT Official,M,2026-05-13T11:14:46.811183+00:00
365,Norbert TAULER,Spain,314,2003-03-19,,Right Hand / Shakehand,20.0,https://wttwebcmsprod.blob.core.windows.net/websitefiles/images/general/men_default_left.png,WTT Official,M,2026-05-13T11:14:48.618366+00:00
366,Charlotte LUTZ,France,52,2005-05-17,,Right Hand / Shakehand,58.333333333333336,https://wttsimfiles.blob.core.windows.net/wtt-media/photos/400px/135501_Headshot_R_Charlotte LUTZ.png,WTT Official,F,2026-05-13T11:14:48.790286+00:00
360,Elizabet ABRAAMIAN,AIN,49,2003-04-29,,Right Hand / Shakehand,71.42857142857143,https://wttsimfiles.blob.core.windows.net/wtt-media/photos/400px/131231_HEADSHOT_R_ABRAAMIAN_Elizabet.png,WTT Official,F,2026-05-13T20:38:57.332845+00:00
368,Maria XIAO,Spain,53,1994-05-19,,Left Hand / Shakehand,70.0,https://wttsimfiles.blob.core.windows.net/wtt-media/photos/400px/111072_HEADSHOT_R_XIAO_Maria.png,WTT Official,F,2026-05-13T11:14:50.598512+00:00
369,Georgios STAMATOUROS,Greece,316,1999-08-27,,Right Hand / Shakehand,75.0,https://wttwebcmsprod.blob.core.windows.net/websitefiles/images/general/men_default_left.png,WTT Official,M,2026-05-13T11:14:52.227503+00:00
370,Natalia BAJOR,Poland,54,1997-03-07,,Right Hand / Shakehand,55.55555555555556,https://wttsimfiles.blob.core.windows.net/wtt-media/photos/400px/115454_Headshot_R_BAJOR_Natalia.png,WTT Official,F,2026-05-13T20:39:02.014920+00:00
372,Mo ZHANG,Canada,55,1989-01-17,,Right Hand / Shakehand,33.333333333333336,https://wttsimfiles.blob.core.windows.net/wtt-media/photos/400px/110560_Headshot_R_ZHANG_Mo.png,WTT Official,F,2026-05-13T11:14:54.208406+00:00
127,KWON Hyuk,Korea Republic,7,2008-02-12,,Right Hand / Shakehand,65.0,https://wttsimfiles.blob.core.windows.net/wtt-media/photos/400px/135073_HEADSHOT_R_KWON_Hyuk.png,WTT Official,F,2026-05-13T21:12:59.755573+00:00
373,Divyansh SRIVASTAVA,India,318,2005-01-28,,Right Hand / Shakehand,33.333333333333336,https://wttsimfiles.blob.core.windows.net/wtt-media/photos/400px/134868_HEADSHOT_R_SRIVASTAVA_Divyansh.png,WTT Official,M,2026-05-13T11:14:55.883589+00:00
374,Saki SHIBATA,Japan,56,1997-08-25,,Right Hand / Shakehand,62.5,https://wttsimfiles.blob.core.windows.net/wtt-media/photos/400px/123848_Headshot_R_SHIBATA_Saki.png,WTT Official,F,2026-05-13T11:14:55.977849+00:00
389,SU Tsz Tung,"Hong Kong, China",64,2009-02-20,,N/A,77.27272727272727,https://wttsimfiles.blob.core.windows.net/wtt-media/photos/400px/HEADSHOT_R_SU-Tsz_Tung.png,WTT Official,F,2026-05-13T20:39:10.808696+00:00
376,Annett KAUFMANN,Germany,57,2006-06-23,,Left Hand / Shakehand,16.666666666666668,https://wttsimfiles.blob.core.windows.net/wtt-media/photos/400px/135493_Headshot_R_KAUFMANN_Annett.png,WTT Official,F,2026-05-13T11:14:57.776198+00:00
377,Linda BERGSTROM,Sweden,58,1995-01-12,,Right Hand / Shakehand,40.0,https://wttsimfiles.blob.core.windows.net/wtt-media/photos/400px/114905_Headshot_R_Linda BERGSTROM.png,WTT Official,F,2026-05-13T11:14:59.609844+00:00
378,Abdoulaye MOHAMED,Cameroon,320,2000-05-12,,N/A,57.142857142857146,https://wttwebcmsprod.blob.core.windows.net/websitefiles/images/general/men_default_left.png,WTT Official,M,2026-05-13T11:14:59.503244+00:00
379,Lea RAKOVAC,Croatia,59,1996-03-03,,Right Hand / Shakehand,33.333333333333336,https://wttsimfiles.blob.core.windows.net/wtt-media/photos/400px/113944_HEADSHOT_R_RAKOVAC_Lea.png,WTT Official,F,2026-05-13T11:15:01.410218+00:00
380,Simon EBODE,Cameroon,321,1982-06-05,,N/A,28.571428571428573,https://wttwebcmsprod.blob.core.windows.net/websitefiles/images/general/men_default_left.png,WTT Official,M,2026-05-13T11:15:01.501001+00:00
381,YANG Ha Eun,Korea Republic,60,1994-02-25,,Right Hand / Shakehand,54.54545454545455,https://wttsimfiles.blob.core.windows.net/wtt-media/photos/400px/112368_HEADSHOT_R_YANG_Ha Eun.png,WTT Official,F,2026-05-13T11:15:03.213385+00:00
382,Xuqi LIN,Australia,322,1999-03-06,,Right Hand / Shakehand,,https://wttwebcmsprod.blob.core.windows.net/websitefiles/images/general/men_default_left.png,WTT Official,M,2026-05-13T11:15:03.318097+00:00
384,Tom CLOSSET,Belgium,323,2006-02-16,,Right Hand / Shakehand,57.89473684210526,https://wttsimfiles.blob.core.windows.net/wtt-media/photos/400px/134817_HEADSHOT_R_CLOSSET_Tom.png,WTT Official,M,2026-05-13T11:15:05.150392+00:00
385,Sally MOYLAND,USA,62,2007-05-29,,Right Hand / Shakehand,64.28571428571429,https://wttsimfiles.blob.core.windows.net/wtt-media/photos/400px/134489_Headshot_R_Sally MOYLAND.png,WTT Official,F,2026-05-13T11:15:06.789447+00:00
386,Yuto MURAMATSU,Japan,324,1996-10-14,,Right Hand / Shakehand,,https://wttwebcmsprod.blob.core.windows.net/websitefiles/images/general/men_default_left.png,WTT Official,M,2026-05-13T11:15:06.996258+00:00
387,YOO Yerin,Korea Republic,63,2008-10-04,,Right Hand / Shakehand,59.25925925925926,https://wttsimfiles.blob.core.windows.net/wtt-media/photos/400px/137193_HEADSHOT_R_YOO_Yerin.png,WTT Official,F,2026-05-13T11:15:08.607340+00:00
388,Cesar CASTILLO,Venezuela,325,2005-08-24,,N/A,,https://wttsimfiles.blob.core.windows.net/wtt-media/photos/400px/146225_HEADSHOT_R_Cesar Augusto_CASTILLO AROCHA.png,WTT Official,M,2026-05-13T11:15:08.801771+00:00
405,NG Wing Lam,"Hong Kong, China",72,2003-10-20,,Left Hand / Shakehand,50.0,https://wttsimfiles.blob.core.windows.net/wtt-media/photos/400px/132318_HEADSHOT_R_NG_Wing Lam.png,WTT Official,F,2026-05-13T20:39:18.325711+00:00
391,Minhyung JEE,Australia,65,1987-01-05,,Right Hand / Shakehand,0.0,https://wttsimfiles.blob.core.windows.net/wtt-media/photos/400px/104092_HEADSHOT_R_JEE_Minhyung.png,WTT Official,F,2026-05-13T11:15:12.163122+00:00
392,Zhenlong LIU,Austria,327,2005-06-10,,Right Hand / Shakehand,50.0,https://wttwebcmsprod.blob.core.windows.net/websitefiles/images/general/men_default_left.png,WTT Official,M,2026-05-13T11:15:12.471295+00:00
393,Yashaswini GHORPADE,India,66,2004-10-23,,N/A,61.904761904761905,https://wttsimfiles.blob.core.windows.net/wtt-media/photos/400px/137850_HEADSHOT_R_GHORPADE_Yashaswini.png,WTT Official,F,2026-05-13T11:15:13.961148+00:00
394,Alfonso OLAVE,Chile,328,1995-05-30,,Left Hand / Shakehand,,https://wttsimfiles.blob.core.windows.net/wtt-media/photos/400px/115134_Headshot_R_OLAVE_Alfonso.png,WTT Official,M,2026-05-13T11:15:14.273463+00:00
395,HUANG Yu-Jie,Chinese Taipei,67,2003-05-03,,N/A,62.5,https://wttsimfiles.blob.core.windows.net/wtt-media/photos/400px/124584_HEADSHOT_R_HUANG_Yu-Jie.png,WTT Official,F,2026-05-13T11:15:15.858224+00:00
396,Gabrielius CAMARA,Netherlands,329,2005-12-14,,Right Hand / Shakehand,41.666666666666664,https://wttwebcmsprod.blob.core.windows.net/websitefiles/images/general/men_default_left.png,WTT Official,M,2026-05-13T11:15:16.140718+00:00
397,Gaia MONFARDINI,Italy,68,2001-01-03,,Right Hand / Shakehand,61.53846153846154,https://wttsimfiles.blob.core.windows.net/wtt-media/photos/400px/120294_Headshot_R_MONFARDINI_Gaia.png,WTT Official,F,2026-05-13T11:15:17.655469+00:00
398,Raymondo MEDINA,Venezuela,330,2004-12-16,,N/A,,https://wttwebcmsprod.blob.core.windows.net/websitefiles/images/general/men_default_left.png,WTT Official,M,2026-05-13T11:15:17.962899+00:00
399,KIM Seongjin,Korea Republic,69,2005-01-26,,Right Hand / Shakehand,46.15384615384615,https://wttsimfiles.blob.core.windows.net/wtt-media/photos/400px/135370_HEADSHOT_R_KIM_Seongjin.png,WTT Official,F,2026-05-13T11:15:19.426377+00:00
400,Nishant LEBAKA,USA,331,2005-11-09,,N/A,33.333333333333336,https://wttsimfiles.blob.core.windows.net/wtt-media/photos/400px/201508_Headshot_R_Nishant LEBAKA.png,WTT Official,M,2026-05-13T11:15:19.819852+00:00
401,ZONG Geman,China,70,2006-09-20,,N/A,55.55555555555556,https://wttsimfiles.blob.core.windows.net/wtt-media/photos/400px/200907_Headshot_R_ZONG Geman.png,WTT Official,F,2026-05-13T11:15:21.230958+00:00
402,Carlos FERNANDEZ,Peru,332,2004-01-06,,Left Hand / Shakehand,33.333333333333336,https://wttwebcmsprod.blob.core.windows.net/websitefiles/images/general/men_default_left.png,WTT Official,M,2026-05-13T11:15:21.629647+00:00
403,CHIEN Tung-Chuan,Chinese Taipei,71,2002-01-01,,Left Hand / Shakehand,62.5,https://wttsimfiles.blob.core.windows.net/wtt-media/photos/400px/124165_Headshot_R_CHIEN Tung-Chuan.png,WTT Official,F,2026-05-13T11:15:23.001108+00:00
404,Alberto MINO,Ecuador,333,1990-08-21,,Right Hand / Shakehand,50.0,https://wttsimfiles.blob.core.windows.net/wtt-media/photos/400px/106151_Headshot_R_MINO_Alberto.png,WTT Official,M,2026-05-13T11:15:23.443976+00:00
406,Peter HRIBAR,Slovenia,334,1999-11-12,,Left Hand / Shakehand,55.55555555555556,https://wttsimfiles.blob.core.windows.net/wtt-media/photos/400px/120162_Headshot_R_HRIBAR_Peter.png,WTT Official,M,2026-05-13T11:15:25.267843+00:00
407,Jieni SHAO,Portugal,73,1994-01-25,,Left Hand / Shakehand,62.5,https://wttsimfiles.blob.core.windows.net/wtt-media/photos/400px/121401_Headshot_R_SHAO_Jieni.png,WTT Official,F,2026-05-13T11:15:26.625023+00:00
408,CHEW Clarence,Singapore,335,1995-12-27,,Left Hand / Shakehand,57.142857142857146,https://wttsimfiles.blob.core.windows.net/wtt-media/photos/400px/113395_HEADSHOT_R_CHEW_Clarence.png,WTT Official,M,2026-05-13T11:15:27.125952+00:00
375,Mykhailo LOVHA,Slovak Republic,26,2007-06-18,,N/A,80.55555555555556,https://wttsimfiles.blob.core.windows.net/wtt-media/photos/400px/145782_Headshot_R_LOVHA_Mykhailo.png,WTT Official,F,2026-05-13T21:13:15.030045+00:00
409,Constantina PSIHOGIOS,Australia,74,2008-12-15,,N/A,20.0,https://wttsimfiles.blob.core.windows.net/wtt-media/photos/400px/145134_R_Constantina PSIHOGIOS.png,WTT Official,F,2026-05-13T11:15:28.394909+00:00
411,FAN Shuhan,China,75,2004-07-28,,Right Hand / Shakehand,50.0,https://wttwebcmsprod.blob.core.windows.net/websitefiles/images/general/men_default_left.png,WTT Official,F,2026-05-13T11:15:30.185788+00:00
413,Yuka KANEYOSHI,Japan,76,2006-11-01,,N/A,90.3225806451613,https://wttwebcmsprod.blob.core.windows.net/websitefiles/images/general/men_default_left.png,WTT Official,F,2026-05-13T11:15:32.749645+00:00
417,Misuzu TAKEYA,Japan,78,2008-04-17,,N/A,62.5,https://wttsimfiles.blob.core.windows.net/wtt-media/photos/400px/144862_Headshot_R_Misuzu TAKEYA.png,WTT Official,F,2026-05-13T11:15:36.275071+00:00
419,YANG Yiyun,China,79,2003-07-18,,Right Hand / Shakehand,85.71428571428571,https://wttsimfiles.blob.core.windows.net/wtt-media/photos/400px/Headshot_R_YANG_Yiyun.png,WTT Official,F,2026-05-13T11:15:38.103657+00:00
421,WANG Xiaotong,China,80,2000-10-22,,Right Hand / Shakehand,50.0,https://wttsimfiles.blob.core.windows.net/wtt-media/photos/400px/136539_HEADSHOT_R_WANG_Xiaotong.png,WTT Official,F,2026-05-13T11:15:39.938657+00:00
423,Giorgia PICCOLIN,Italy,81,1996-01-15,,Right Hand / Shakehand,28.571428571428573,https://wttsimfiles.blob.core.windows.net/wtt-media/photos/400px/115413_Headshot_R_PICCOLIN_Giorgia.png,WTT Official,F,2026-05-13T11:15:41.761059+00:00
425,SER Lin Qian,Singapore,82,2006-05-01,,Right Hand / Shakehand,37.5,https://wttsimfiles.blob.core.windows.net/wtt-media/photos/400px/132144_Headshot_R_SER_Lin Qian.png,WTT Official,F,2026-05-13T11:15:43.547405+00:00
427,Orawan PARANANG,Thailand,83,1997-09-07,,Left Hand / Shakehand,60.0,https://wttsimfiles.blob.core.windows.net/wtt-media/photos/400px/120972_Headshot_R_PARANANG_Orawan.png,WTT Official,F,2026-05-13T11:15:45.367778+00:00
431,Izabela LUPULESKU,Serbia,85,1999-11-07,,Right Hand / Shakehand,42.857142857142854,https://wttsimfiles.blob.core.windows.net/wtt-media/photos/400px/120187_Headshot_R_ LUPULESKU_Izabela.png,WTT Official,F,2026-05-13T11:15:48.938378+00:00
433,Christina KALLBERG,Sweden,86,2000-04-01,,Right Hand / Shakehand,57.142857142857146,https://wttsimfiles.blob.core.windows.net/wtt-media/photos/400px/118507_Headshot_R_Christina KALLBERG.png,WTT Official,F,2026-05-13T11:15:50.905653+00:00
435,QIAN Tianyi,China,87,2000-01-23,,Left Hand / Shakehand,,https://wttsimfiles.blob.core.windows.net/wtt-media/photos/400px/119797_Headshot_R_QIAN_Tianyi.png,WTT Official,F,2026-05-13T11:15:52.722200+00:00
439,XU Yi,China,89,2005-06-21,,Right Hand / Shakehand,0.0,https://wttsimfiles.blob.core.windows.net/wtt-media/photos/400px/HEADSHOT_R_XU_Yi.png,WTT Official,F,2026-05-13T11:15:56.300019+00:00
443,ZHU Ziyu,China,91,2006-01-11,,N/A,70.0,https://wttsimfiles.blob.core.windows.net/wtt-media/photos/400px/202747_HEADSHOT_R_ZHU_Ziyu.png,WTT Official,F,2026-05-13T11:15:59.985182+00:00
469,Kyoka IDESAWA,Japan,101,2002-06-28,,N/A,50.0,https://wttwebcmsprod.blob.core.windows.net/websitefiles/images/general/men_default_left.png,WTT Official,F,2026-05-13T11:16:31.744835+00:00
471,Jessica REYES LAI,USA,102,2003-12-28,,N/A,25.0,https://wttsimfiles.blob.core.windows.net/wtt-media/photos/400px/208510_HEADSHOT_R_REYES_Jessica.png,WTT Official,F,2026-05-13T11:16:33.521396+00:00
473,Filippa BERGAND,Sweden,103,1999-03-11,,Right Hand / Shakehand,30.76923076923077,https://wttsimfiles.blob.core.windows.net/wtt-media/photos/400px/120125_Headshot_R_Filippa BERGAND.png,WTT Official,F,2026-05-13T11:16:35.307877+00:00
475,Britt EERLAND,Netherlands,104,1994-02-22,,Right Hand / Shakehand,66.66666666666667,https://wttsimfiles.blob.core.windows.net/wtt-media/photos/400px/113701_Headshot_R_EERLAND_Britt.png,WTT Official,F,2026-05-13T11:16:37.092396+00:00
477,Ayhika MUKHERJEE,India,105,1997-06-10,,Right Hand / Shakehand,47.05882352941177,https://wttsimfiles.blob.core.windows.net/wtt-media/photos/400px/119537_HEADSHOT_R_MUKHERJEE_Ayhika.png,WTT Official,F,2026-05-13T11:16:38.885928+00:00
479,Hana ARAPOVIC,Croatia,106,2004-08-26,,Right Hand / Shakehand,30.0,https://wttsimfiles.blob.core.windows.net/wtt-media/photos/400px/132756_HEADSHOT_R_ARAPOVIC_Hana.png,WTT Official,F,2026-05-13T11:16:40.683765+00:00
481,Tatiana KUKULKOVA,Slovak Republic,107,2000-07-18,,Right Hand / Shakehand,36.36363636363637,https://wttsimfiles.blob.core.windows.net/wtt-media/photos/400px/121714_Headshot_R_KUKULKOVA_Tatiana.png,WTT Official,F,2026-05-13T11:16:42.478582+00:00
483,Asuka SASAO,Japan,108,1999-12-15,,Right Hand / Shakehand,71.42857142857143,https://wttsimfiles.blob.core.windows.net/wtt-media/photos/400px/134790_Headshot_R_SASAO_Asuka.png,WTT Official,F,2026-05-13T11:16:44.275257+00:00
485,Daniela ORTEGA,Chile,109,1998-08-25,,Right Hand / Shakehand,55.55555555555556,https://wttsimfiles.blob.core.windows.net/wtt-media/photos/400px/117294_HEADSHOT_R_ORTEGA_Daniela.png,WTT Official,F,2026-05-13T11:16:46.035671+00:00
487,Rachel MORET,Switzerland,110,1989-11-23,,Left Hand / Shakehand,37.5,https://wttsimfiles.blob.core.windows.net/wtt-media/photos/400px/111416_Headshot_R_MORET_Rachel.png,WTT Official,F,2026-05-13T11:16:47.805314+00:00
491,RYU Hanna,Korea Republic,112,2002-04-20,,Left Hand / Shakehand,81.81818181818181,https://wttsimfiles.blob.core.windows.net/wtt-media/photos/400px/132701_HEADSHOT_R_RYU_Hanna.png,WTT Official,F,2026-05-13T11:16:51.378901+00:00
493,Giulia TAKAHASHI,Brazil,113,2005-04-02,,Right Hand / Shakehand,33.333333333333336,https://wttsimfiles.blob.core.windows.net/wtt-media/photos/400px/133478_HEADSHOT_R_TAKAHASHI_Giulia.png,WTT Official,F,2026-05-13T11:16:53.192695+00:00
495,Kotomi OMODA,Japan,114,2004-04-07,,N/A,70.0,https://wttwebcmsprod.blob.core.windows.net/websitefiles/images/general/men_default_left.png,WTT Official,F,2026-05-13T11:16:54.964279+00:00
1244,Marziyya NURMATOVA,Azerbaijan,491,2008-07-12,,N/A,,https://wttwebcmsprod.blob.core.windows.net/websitefiles/images/general/men_default_left.png,WTT Official,F,2026-05-13T11:28:56.694479+00:00
1246,Betul Nur KAHRAMAN,Türkiye,492,2000-08-12,,Right Hand / Shakehand,25.0,https://wttsimfiles.blob.core.windows.net/wtt-media/photos/400px/123638_Headshot_R_Betul Nur KAHRAMAN.png,WTT Official,F,2026-05-13T11:28:58.417641+00:00
1248,Vanda VANISOVA,Slovak Republic,493,2008-10-01,,N/A,54.54545454545455,https://wttwebcmsprod.blob.core.windows.net/websitefiles/images/general/men_default_left.png,WTT Official,F,2026-05-13T11:29:00.140607+00:00
1250,LI YING Im,Malaysia,494,2003-12-14,,N/A,50.0,https://wttsimfiles.blob.core.windows.net/wtt-media/photos/400px/144473_HEADSHOT_R_LI YING_Im.png,WTT Official,F,2026-05-13T11:29:01.862740+00:00
1252,Maryam ALI,Qatar,495,2005-09-25,,Right Hand / Shakehand,0.0,https://wttsimfiles.blob.core.windows.net/wtt-media/photos/400px/133314_Headshot_R_ALI_Maryam.png,WTT Official,F,2026-05-13T11:29:03.592549+00:00
1254,Ema CINCUROVA,Slovak Republic,496,2005-10-15,,Left Hand / Shakehand,25.0,https://wttwebcmsprod.blob.core.windows.net/websitefiles/images/general/men_default_left.png,WTT Official,F,2026-05-13T11:29:05.347865+00:00
429,PARK Gahyeon,Korea Republic,84,2007-08-18,,N/A,72.72727272727273,https://wttsimfiles.blob.core.windows.net/wtt-media/photos/400px/201032_HEADSHOT_R_PARK_Gahyeon.png,WTT Official,F,2026-05-13T20:39:30.489119+00:00
489,Zauresh AKASHEVA,Kazakhstan,111,2000-12-02,,Right Hand / Shakehand,50.0,https://wttsimfiles.blob.core.windows.net/wtt-media/photos/400px/123228_Headshot_R_AKASHEVA_Zauresh.png,WTT Official,F,2026-05-13T20:40:08.479870+00:00
410,Radim MORAVEK,Czechia,336,2003-12-15,,Left Hand / Shakehand,40.0,https://wttwebcmsprod.blob.core.windows.net/websitefiles/images/general/men_default_left.png,WTT Official,M,2026-05-13T11:15:28.971463+00:00
412,Nemanja DILAS,Serbia,337,2001-09-04,,Left Hand / Shakehand,42.857142857142854,https://wttwebcmsprod.blob.core.windows.net/websitefiles/images/general/men_default_left.png,WTT Official,M,2026-05-13T11:15:30.836347+00:00
414,Bakdaulet AKIMALI,Kazakhstan,338,2001-04-20,,Right Hand / Shakehand,60.0,https://wttsimfiles.blob.core.windows.net/wtt-media/photos/400px/133159_Headshot_R_Bakdaulet AKIMALI.png,WTT Official,M,2026-05-13T11:15:33.092987+00:00
416,Shokhrukh ISKANDAROV,Uzbekistan,339,2006-12-31,,N/A,16.666666666666668,https://wttwebcmsprod.blob.core.windows.net/websitefiles/images/general/men_default_left.png,WTT Official,M,2026-05-13T11:15:34.894420+00:00
418,Borna PETEK,Croatia,340,2005-09-13,,Right Hand / Shakehand,33.333333333333336,https://wttwebcmsprod.blob.core.windows.net/websitefiles/images/general/men_default_left.png,WTT Official,M,2026-05-13T11:15:36.729416+00:00
420,SUN Zheng,China,341,2002-04-05,,Right Hand / Shakehand,,https://wttwebcmsprod.blob.core.windows.net/websitefiles/images/general/men_default_left.png,WTT Official,M,2026-05-13T11:15:38.569645+00:00
422,Sadi ISMAILOV,AIN,342,1996-11-04,,Left Hand / Shakehand,,https://wttsimfiles.blob.core.windows.net/wtt-media/photos/400px/118889_Headshot_R_ISMAILOV_Sadi.png,WTT Official,M,2026-05-13T11:15:40.376361+00:00
424,Zsolt PETO,Serbia,343,1987-11-30,,Left Hand / Shakehand,50.0,https://wttwebcmsprod.blob.core.windows.net/websitefiles/images/general/men_default_left.png,WTT Official,M,2026-05-13T11:15:42.213047+00:00
426,Sanil SHETTY,India,344,1989-08-16,,Left Hand / Shakehand,66.66666666666667,https://wttsimfiles.blob.core.windows.net/wtt-media/photos/400px/108574_Headshot_R_SHETTY_Sanil.png,WTT Official,M,2026-05-13T11:15:44.021314+00:00
428,Darara DUFERA,Ethiopia,345,1996-03-31,,N/A,,https://wttwebcmsprod.blob.core.windows.net/websitefiles/images/general/men_default_left.png,WTT Official,M,2026-05-13T11:15:45.856276+00:00
430,Arnav KARNAVAR,India,346,2004-03-18,,Right Hand / Shakehand,0.0,https://wttsimfiles.blob.core.windows.net/wtt-media/photos/400px/136137_HEADSHOT_R_KARNAVAR_Arnav.png,WTT Official,M,2026-05-13T11:15:47.658002+00:00
432,Patryk DZIUBA,Poland,347,2003-05-07,,Right Hand / Shakehand,50.0,https://wttwebcmsprod.blob.core.windows.net/websitefiles/images/general/men_default_left.png,WTT Official,M,2026-05-13T11:15:49.465389+00:00
434,Aboubaker BOURASS,Tunisia,348,2001-01-10,,Right Hand / Shakehand,42.857142857142854,https://wttwebcmsprod.blob.core.windows.net/websitefiles/images/general/men_default_left.png,WTT Official,M,2026-05-13T11:15:51.323062+00:00
445,Xiaoxin YANG,Monaco,92,1988-01-08,,Right Hand / Shakehand,64.70588235294117,https://wttsimfiles.blob.core.windows.net/wtt-media/photos/400px/112868_Headshot_R_YANG_Xiaoxin.png,WTT Official,F,2026-05-13T20:39:37.763323+00:00
437,Sibel ALTINKAYA,Türkiye,88,1993-02-01,,Right Hand / Shakehand,28.571428571428573,https://wttsimfiles.blob.core.windows.net/wtt-media/photos/400px/112944_Headshot_R_ALTINKAYA_Sibel.png,WTT Official,F,2026-05-13T11:15:54.514075+00:00
453,Xiaona SHAN,Germany,96,1983-01-18,,Right Hand / Penhold,53.84615384615385,https://wttsimfiles.blob.core.windows.net/wtt-media/photos/400px/111849_Headshot_R_SHAN_Xiaona.png,WTT Official,F,2026-05-13T20:39:41.614585+00:00
457,Sabina SURJAN,Serbia,98,2000-04-10,,Left Hand / Shakehand,50.0,https://wttsimfiles.blob.core.windows.net/wtt-media/photos/400px/121074_Headshot_R_SURJAN_Sabina.png,WTT Official,F,2026-05-13T20:39:43.250725+00:00
441,Sarah DE NUTTE,Luxembourg,90,1992-11-21,,Right Hand / Shakehand,28.571428571428573,https://wttsimfiles.blob.core.windows.net/wtt-media/photos/400px/112280_Headshot_R_Sarah_DE NUTTE.png,WTT Official,F,2026-05-13T11:15:58.166372+00:00
442,Yuto ABE,Japan,352,2001-04-26,,Right Hand / Shakehand,,https://wttwebcmsprod.blob.core.windows.net/websitefiles/images/general/men_default_left.png,WTT Official,M,2026-05-13T11:15:58.679879+00:00
444,Jann Mari NAYRE,Philippines,353,2000-01-30,,Right Hand / Shakehand,50.0,https://wttwebcmsprod.blob.core.windows.net/websitefiles/images/general/men_default_left.png,WTT Official,M,2026-05-13T11:16:00.712371+00:00
447,Katarzyna WEGRZYN,Poland,93,2001-01-09,,Right Hand / Shakehand,61.53846153846154,https://wttsimfiles.blob.core.windows.net/wtt-media/photos/400px/121041HEADSHOT_R_WEGRYZN_Katarzyna.png,WTT Official,F,2026-05-13T11:16:03.818062+00:00
448,Benjamin FRUCHART,France,355,2003-03-30,,N/A,75.0,https://wttwebcmsprod.blob.core.windows.net/websitefiles/images/general/men_default_left.png,WTT Official,M,2026-05-13T11:16:04.452686+00:00
449,Diya CHITALE,India,94,2003-04-02,,Right Hand / Shakehand,46.15384615384615,https://wttsimfiles.blob.core.windows.net/wtt-media/photos/400px/131395_HEADSHOT_R_CHITALE_Diya.png,WTT Official,F,2026-05-13T11:16:05.632440+00:00
450,Dario ARCE,Mexico,356,2002-04-13,,Right Hand / Shakehand,42.857142857142854,https://wttwebcmsprod.blob.core.windows.net/websitefiles/images/general/men_default_left.png,WTT Official,M,2026-05-13T11:16:06.928978+00:00
451,Mariam ALHODABY,Egypt,95,2000-04-05,,Right Hand / Shakehand,37.5,https://wttsimfiles.blob.core.windows.net/wtt-media/photos/400px/120726_Headshot_R_ALHODABY_Mariam.png,WTT Official,F,2026-05-13T11:16:08.011637+00:00
454,Vladislav ZAKHAROV,Kazakhstan,358,1997-10-31,,N/A,50.0,https://wttwebcmsprod.blob.core.windows.net/websitefiles/images/general/men_default_left.png,WTT Official,M,2026-05-13T11:16:11.760124+00:00
455,Camille LUTZ,France,97,2002-07-17,,Right Hand / Shakehand,57.142857142857146,https://wttsimfiles.blob.core.windows.net/wtt-media/photos/400px/123550_Headshot_R_Camille LUTZ.png,WTT Official,F,2026-05-13T11:16:12.732530+00:00
459,Veronika MATIUNINA,Ukraine,99,2006-08-10,,Right Hand / Shakehand,60.0,https://wttsimfiles.blob.core.windows.net/wtt-media/photos/400px/136755_HEADSHOT_R_MATIUNINA_Veronika.png,WTT Official,F,2026-05-13T11:16:16.227691+00:00
171,Emanuel OTALVARO,Colombia,10,2010-07-14,,N/A,50.0,https://wttsimfiles.blob.core.windows.net/wtt-media/photos/400px/145404_Headshot_R_Emanuel OTALVARO.png,WTT Official,F,2026-05-13T21:13:02.143175+00:00
452,Ivan KAHN,Netherlands,35,2008-02-07,,N/A,84.0,https://wttwebcmsprod.blob.core.windows.net/websitefiles/images/general/men_default_left.png,WTT Official,F,2026-05-13T21:13:22.246791+00:00
458,Lucas ROMANSKI,Brazil,38,2008-12-09,,N/A,90.9090909090909,https://wttsimfiles.blob.core.windows.net/wtt-media/photos/400px/204515_Headshot_R_Lucas ROMANSKI.png,WTT Official,F,2026-05-13T21:13:24.644210+00:00
460,Flavio MOURIER,France,40,2007-01-05,,N/A,65.0,https://wttsimfiles.blob.core.windows.net/wtt-media/photos/400px/144529_R_Flavio MOURIER.png,WTT Official,F,2026-05-13T21:13:26.263439+00:00
446,Muhammad JUNINDRA,Indonesia,79,2008-06-13,,N/A,75.0,https://wttsimfiles.blob.core.windows.net/wtt-media/photos/400px/202405_Headshot_R_Muhammad JUNINDRA.png,WTT Official,F,2026-05-13T21:13:57.658737+00:00
440,Kenan KAHRAMAN,Türkiye,101,2010-06-12,,N/A,56.41025641025641,https://wttsimfiles.blob.core.windows.net/wtt-media/photos/400px/201120_HEADSHOT_R_ KAHRAMAN_Kenan.png,WTT Official,F,2026-05-13T21:14:28.398588+00:00
436,LOY Xing Yao,Singapore,107,2008-05-15,,N/A,25.0,https://wttsimfiles.blob.core.windows.net/wtt-media/photos/400px/202749_HEADSHOT_R_LOY_Xing Yao.png,WTT Official,F,2026-05-13T21:14:33.248399+00:00
461,Tin-Tin HO,England,100,1998-09-03,,Right Hand / Penhold,50.0,https://wttsimfiles.blob.core.windows.net/wtt-media/photos/400px/115430_Headshot_R_ HO_Tin-Tin.png,WTT Official,F,2026-05-13T11:16:17.977128+00:00
1256,Tamadi Kavindya ALAGIYAWADU,Sri Lanka,497,2008-06-11,,N/A,0.0,https://wttwebcmsprod.blob.core.windows.net/websitefiles/images/general/men_default_left.png,WTT Official,F,2026-05-13T11:29:07.082342+00:00
1270,Mariam YOUNES,Egypt,501,2006-10-28,,Right Hand / Shakehand,,https://wttsimfiles.blob.core.windows.net/wtt-media/photos/400px/137516_Headshot_R_Mariam YOUNES.png,WTT Official,F,2026-05-13T11:29:25.914328+00:00
1272,Merve DEMIR,Türkiye,502,2001-09-06,,Left Hand / Shakehand,0.0,https://wttsimfiles.blob.core.windows.net/wtt-media/photos/400px/217412_Headshot_R_Merve_DEMIR.png,WTT Official,F,2026-05-13T11:29:27.640493+00:00
1274,Agathe AVEZOU,France,503,2006-05-21,,N/A,57.142857142857146,https://wttsimfiles.blob.core.windows.net/wtt-media/photos/400px/146231_HEADSHOT_R_AVEZOU_Agathe.png,WTT Official,F,2026-05-13T11:29:29.377401+00:00
1276,ZHAO Wangqi,China,504,2010-01-19,,N/A,84.0,https://wttsimfiles.blob.core.windows.net/wtt-media/photos/400px/206218_HEADSHOT_R_ZHAO_Wangqi.png,WTT Official,F,2026-05-13T11:29:31.093133+00:00
1278,Francesca SEU,Italy,505,2008-01-04,,N/A,73.33333333333333,https://wttwebcmsprod.blob.core.windows.net/websitefiles/images/general/men_default_left.png,WTT Official,F,2026-05-13T11:29:32.813967+00:00
1280,Mille STOFFREGEN,Denmark,506,2005-12-28,,N/A,0.0,https://wttwebcmsprod.blob.core.windows.net/websitefiles/images/general/men_default_left.png,WTT Official,F,2026-05-13T11:29:34.522153+00:00
1282,Nathacha Dennys MATA APONTE,Venezuela,507,2009-01-04,,N/A,54.54545454545455,https://wttwebcmsprod.blob.core.windows.net/websitefiles/images/general/men_default_left.png,WTT Official,F,2026-05-13T11:29:36.458047+00:00
1284,Abigail YU,USA,508,2012-10-19,,N/A,73.91304347826087,https://wttsimfiles.blob.core.windows.net/wtt-media/photos/400px/200564_Headshot_R_YU_Abigail.png,WTT Official,F,2026-05-13T11:29:38.174966+00:00
1286,Roxy GONZALEZ,Venezuela,509,1992-07-15,,Left Hand / Shakehand,,https://wttwebcmsprod.blob.core.windows.net/websitefiles/images/general/men_default_left.png,WTT Official,F,2026-05-13T11:29:39.936470+00:00
1288,Gungun SAHU,India,510,2003-10-12,,N/A,50.0,https://wttsimfiles.blob.core.windows.net/wtt-media/photos/400px/210501_HEADSHOT_R_SAHU_Gungun.png,WTT Official,F,2026-05-13T11:29:41.672053+00:00
1290,Tetyana BILENKO,Ukraine,511,1983-11-23,,Right Hand / Shakehand,18.181818181818183,https://wttsimfiles.blob.core.windows.net/wtt-media/photos/400px/108875_Headshot_R_BILENKO_Tetyana.png,WTT Official,F,2026-05-13T11:29:43.446068+00:00
1292,Varuni JAISWAL,India,512,2000-11-15,,Right Hand / Shakehand,50.0,https://wttwebcmsprod.blob.core.windows.net/websitefiles/images/general/men_default_left.png,WTT Official,F,2026-05-13T11:29:45.255996+00:00
1294,Kaushani NATH,India,513,1999-08-10,,N/A,50.0,https://wttwebcmsprod.blob.core.windows.net/websitefiles/images/general/men_default_left.png,WTT Official,F,2026-05-13T11:29:47.055641+00:00
1295,Kornelija RILISKYTE,Lithuania,514,2003-01-11,,Right Hand / Shakehand,40.0,https://wttwebcmsprod.blob.core.windows.net/websitefiles/images/general/men_default_left.png,WTT Official,F,2026-05-13T11:29:48.795643+00:00
1303,Anna KLEMPEREROVA,Czechia,518,2003-01-24,,Right Hand / Shakehand,25.0,https://wttwebcmsprod.blob.core.windows.net/websitefiles/images/general/men_default_left.png,WTT Official,F,2026-05-13T11:29:55.846103+00:00
1307,Niantsa RANDRIANARISOA,Madagascar,520,2001-12-27,,N/A,,https://wttwebcmsprod.blob.core.windows.net/websitefiles/images/general/men_default_left.png,WTT Official,F,2026-05-13T11:29:59.361229+00:00
1311,Natalie CHAN,Canada,522,2007-11-04,,Right Hand / Shakehand,,https://wttsimfiles.blob.core.windows.net/wtt-media/photos/400px/136594_Headshot_R_Natalie CHAN.png,WTT Official,F,2026-05-13T11:30:03.195178+00:00
1436,Lyntia AGUEH,Benin,588,1996-04-08,,N/A,50.0,https://wttwebcmsprod.blob.core.windows.net/websitefiles/images/general/men_default_left.png,WTT Official,F,2026-05-13T11:32:01.906016+00:00
1437,Anjali ROHILLA,India,589,2002-05-13,,N/A,0.0,https://wttsimfiles.blob.core.windows.net/wtt-media/photos/400px/134867_HEADSHOT_R_ROHILLA_Anjali.png,WTT Official,F,2026-05-13T11:32:03.624914+00:00
1439,Anannya BASAK,India,590,2000-01-15,,N/A,,https://wttsimfiles.blob.core.windows.net/wtt-media/photos/400px/200226_HEADSHOT_R_BASAK_Anannya.png,WTT Official,F,2026-05-13T11:32:05.353905+00:00
1441,Oishiki JOARDAR,India,591,2005-10-03,,N/A,50.0,https://wttsimfiles.blob.core.windows.net/wtt-media/photos/400px/134873_HEADSHOT_R_JOARDAR_Oishiki .png,WTT Official,F,2026-05-13T11:32:07.073062+00:00
1443,NGUYEN Thi Nga,Vietnam,592,1994-03-10,,N/A,,https://wttwebcmsprod.blob.core.windows.net/websitefiles/images/general/men_default_left.png,WTT Official,F,2026-05-13T11:32:08.785557+00:00
1445,Nikita PETROVOVA,Czechia,593,1999-09-26,,Right Hand / Shakehand,,https://wttsimfiles.blob.core.windows.net/wtt-media/photos/400px/121884_Headshot_R_PETROVOVA_Nikita.png,WTT Official,F,2026-05-13T11:32:10.500383+00:00
1447,Shoira KODIROVA,Uzbekistan,594,2007-03-29,,N/A,,https://wttwebcmsprod.blob.core.windows.net/websitefiles/images/general/men_default_left.png,WTT Official,F,2026-05-13T11:32:12.221339+00:00
1449,Guzaloy ABDUKAHHOROVA,Uzbekistan,595,2006-11-07,,N/A,,https://wttwebcmsprod.blob.core.windows.net/websitefiles/images/general/men_default_left.png,WTT Official,F,2026-05-13T11:32:13.931981+00:00
1451,Aleksandra MICHALAK,Poland,596,2001-07-06,,Left Hand / Shakehand,50.0,https://wttwebcmsprod.blob.core.windows.net/websitefiles/images/general/men_default_left.png,WTT Official,F,2026-05-13T11:32:15.650903+00:00
1453,Palak GHIA,India,597,2006-04-13,,N/A,0.0,https://wttwebcmsprod.blob.core.windows.net/websitefiles/images/general/men_default_left.png,WTT Official,F,2026-05-13T11:32:17.382179+00:00
1455,Devi DONGARI,India,598,2005-10-16,,N/A,0.0,https://wttwebcmsprod.blob.core.windows.net/websitefiles/images/general/men_default_left.png,WTT Official,F,2026-05-13T11:32:19.104874+00:00
1457,Lakshita NARANG,India,599,2005-01-18,,Right Hand / Shakehand,0.0,https://wttwebcmsprod.blob.core.windows.net/websitefiles/images/general/men_default_left.png,WTT Official,F,2026-05-13T11:32:20.831966+00:00
1459,Moumita PAL,India,600,2000-01-01,,Right / Handshake,0.0,https://wttsimfiles.blob.core.windows.net/wtt-media/photos/400px/223952_Headshot_R_Moumita Pal.png,WTT Official,F,2026-05-13T11:32:22.555280+00:00
1469,Oro SAHIRI,Cote d'Ivoire,602,1999-12-24,,N/A,,https://wttwebcmsprod.blob.core.windows.net/websitefiles/images/general/men_default_left.png,WTT Official,F,2026-05-13T11:32:38.075913+00:00
1473,Anastasiia IVANOVA,AIN,604,2007-10-05,,Right Hand / Shakehand,0.0,https://wttwebcmsprod.blob.core.windows.net/websitefiles/images/general/men_default_left.png,WTT Official,F,2026-05-13T11:32:41.560251+00:00
1477,LIAO Xiaoqing,China,606,2007-05-29,,N/A,81.81818181818181,https://wttwebcmsprod.blob.core.windows.net/websitefiles/images/general/men_default_left.png,WTT Official,F,2026-05-13T11:32:45.162604+00:00
1481,Natalie DONG,USA,608,2010-08-23,,N/A,33.333333333333336,https://wttwebcmsprod.blob.core.windows.net/websitefiles/images/general/men_default_left.png,WTT Official,F,2026-05-13T11:32:48.799916+00:00
1537,Dragana VIGNJEVIC,Serbia,638,1999-07-12,,Right Hand / Shakehand,,https://wttsimfiles.blob.core.windows.net/wtt-media/photos/400px/120185_Headshot_R_VIGNJEVIC_Dragana.png,WTT Official,F,2026-05-13T11:33:45.144301+00:00
1675,Tetiana PUKALO,Ukraine,704,2010-03-31,,N/A,,https://wttwebcmsprod.blob.core.windows.net/websitefiles/images/general/men_default_left.png,WTT Official,F,2026-05-13T11:35:57.799228+00:00
463,WU Yiran,USA,363,1998-10-22,,N/A,,https://wttwebcmsprod.blob.core.windows.net/websitefiles/images/general/men_default_left.png,WTT Official,M,2026-05-13T11:16:20.733139+00:00
464,Peter TAURAKI,Cook Islands,364,1985-04-26,,N/A,,https://wttwebcmsprod.blob.core.windows.net/websitefiles/images/general/men_default_left.png,WTT Official,M,2026-05-13T11:16:22.522822+00:00
465,Kanta TOKUDA,Japan,365,2004-12-16,,N/A,60.0,https://wttwebcmsprod.blob.core.windows.net/websitefiles/images/general/men_default_left.png,WTT Official,M,2026-05-13T11:16:24.336430+00:00
468,Aidos KENZHIGULOV,Kazakhstan,368,2000-06-08,,Right Hand / Shakehand,50.0,https://wttsimfiles.blob.core.windows.net/wtt-media/photos/400px/131150_Headshot_R_KENZHIGULOV_Aidos_400px.png,WTT Official,M,2026-05-13T11:16:30.305310+00:00
470,Sharky ITAIA,Nauru,369,1987-08-06,,N/A,,https://wttwebcmsprod.blob.core.windows.net/websitefiles/images/general/men_default_left.png,WTT Official,M,2026-05-13T11:16:32.083802+00:00
472,Sergio CARRILLO,Guatemala,370,2003-01-27,,Right Hand / Shakehand,0.0,https://wttsimfiles.blob.core.windows.net/wtt-media/photos/400px/122862_Headshot_R_Sergio CARRILLO.png,WTT Official,M,2026-05-13T11:16:33.856826+00:00
474,Keishi HAGIHARA,Japan,371,2005-11-03,,N/A,71.42857142857143,https://wttsimfiles.blob.core.windows.net/wtt-media/photos/400px/HEADSHOT_R_HAGIHARA_Keishi.png,WTT Official,M,2026-05-13T11:16:35.640880+00:00
480,Samuel PALUSEK,Slovak Republic,374,2006-10-12,,Right Hand / Shakehand,55.55555555555556,https://wttsimfiles.blob.core.windows.net/wtt-media/photos/400px/135529_HEADSHOT_R_Samuel PALUSEK.png,WTT Official,M,2026-05-13T11:16:41.010303+00:00
484,Leon BENKO,Croatia,376,2006-11-21,,Right Hand / Shakehand,55.55555555555556,https://wttsimfiles.blob.core.windows.net/wtt-media/photos/400px/136687_HEADSHOT_R_BENKO_Leon.png,WTT Official,M,2026-05-13T11:16:44.563347+00:00
488,Preyesh SURESH,India,378,2006-03-23,,Right Hand / Shakehand,60.0,https://wttsimfiles.blob.core.windows.net/wtt-media/photos/400px/134934_Headshot_R_Preyesh SURESH.png,WTT Official,M,2026-05-13T11:16:48.117696+00:00
490,KIM Woojin,Korea Republic,379,2001-06-02,,Left Hand / Shakehand,,https://wttwebcmsprod.blob.core.windows.net/websitefiles/images/general/men_default_left.png,WTT Official,M,2026-05-13T11:16:49.892790+00:00
492,Carlos FRANCO,Spain,380,1993-05-11,,Right Hand / Shakehand,75.0,https://wttwebcmsprod.blob.core.windows.net/websitefiles/images/general/men_default_left.png,WTT Official,M,2026-05-13T11:16:51.670370+00:00
496,Maxime ANTOINE MICHARD,France,382,2001-12-21,,N/A,75.0,https://wttwebcmsprod.blob.core.windows.net/websitefiles/images/general/men_default_left.png,WTT Official,M,2026-05-13T11:16:55.228337+00:00
497,Kasumi KIMURA,Japan,115,1999-10-24,,N/A,80.0,https://wttwebcmsprod.blob.core.windows.net/websitefiles/images/general/men_default_left.png,WTT Official,F,2026-05-13T11:16:56.726422+00:00
498,Ricardo GATICA,Guatemala,383,2006-03-19,,N/A,20.0,https://wttwebcmsprod.blob.core.windows.net/websitefiles/images/general/men_default_left.png,WTT Official,M,2026-05-13T11:16:57.008399+00:00
499,Laura WATANABE,Brazil,116,2004-03-26,,Right,30.0,https://wttsimfiles.blob.core.windows.net/wtt-media/photos/400px/136420_HEADSHOT_R_WATANABE_Laura.png,WTT Official,F,2026-05-13T11:16:58.526683+00:00
501,Yuan WAN,Germany,117,1997-05-23,,Right Hand / Shakehand,46.15384615384615,https://wttsimfiles.blob.core.windows.net/wtt-media/photos/400px/118777_Headshot_R_WAN_Yuan.png,WTT Official,F,2026-05-13T11:17:00.318820+00:00
502,Jabdiel TORRES,Puerto Rico,385,2003-05-17,,Left Hand / Shakehand,33.333333333333336,https://wttsimfiles.blob.core.windows.net/wtt-media/photos/400px/135305_HEADSHOT_R_TORRES_Jabdiel.png,WTT Official,M,2026-05-13T11:17:00.574647+00:00
503,Barbora VARADY,Slovak Republic,118,1992-03-18,,Left Hand / Shakehand,60.0,https://wttsimfiles.blob.core.windows.net/wtt-media/photos/400px/100868_Headshot_R_Barbora VARADY.png,WTT Official,F,2026-05-13T11:17:02.132000+00:00
504,Felipe DUFFOO,Peru,386,2001-09-15,,Right Hand / Shakehand,66.66666666666667,https://wttwebcmsprod.blob.core.windows.net/websitefiles/images/general/men_default_left.png,WTT Official,M,2026-05-13T11:17:02.365064+00:00
505,Elena ZAHARIA,Romania,119,2004-11-04,,Right Hand / Shakehand,40.0,https://wttsimfiles.blob.core.windows.net/wtt-media/photos/400px/134011_HEADSHOT_R_ZAHARIA_Elena.png,WTT Official,F,2026-05-13T11:17:03.890659+00:00
249,Shunto IWAIDA,Japan,13,2009-10-14,,N/A,,https://wttsimfiles.blob.core.windows.net/wtt-media/photos/400px/143605_Headshot_R_IWAIDA_Shunto.png,WTT Official,F,2026-05-13T21:13:04.556820+00:00
507,KIM Kum Yong,Korea DPR,120,2001-08-17,,Left Hand / Shakehand,54.54545454545455,https://wttsimfiles.blob.core.windows.net/wtt-media/photos/400px/136607_Headshot_R_KIM Kum Yong.png,WTT Official,F,2026-05-13T11:17:05.645026+00:00
508,Daito ONO,Japan,388,2006-06-29,,N/A,,https://wttsimfiles.blob.core.windows.net/wtt-media/photos/400px/206575_Headshot_R_ONO_Daito.png,WTT Official,M,2026-05-13T11:17:06.010364+00:00
509,Jiamuwa WU,Australia,121,1999-08-19,,Right Hand / Shakehand,25.0,https://wttsimfiles.blob.core.windows.net/wtt-media/photos/400px/131132_Headshot_R_Jiamuwa WU.png,WTT Official,F,2026-05-13T11:17:07.401925+00:00
510,Allan SARMENTO,Brazil,389,1993-07-01,,N/A,,https://wttsimfiles.blob.core.windows.net/wtt-media/photos/400px/SARMENTO-Allan_R.png,WTT Official,M,2026-05-13T11:17:07.794934+00:00
511,Ivana MALOBABIC,Croatia,122,1980-07-04,,Right Hand / Shakehand,40.0,https://wttsimfiles.blob.core.windows.net/wtt-media/photos/400px/105779_Headshot_R_MALOBABIC_Ivana.png,WTT Official,F,2026-05-13T11:17:09.183589+00:00
512,Sohan GILLES,France,390,2005-05-03,,N/A,70.0,https://wttwebcmsprod.blob.core.windows.net/websitefiles/images/general/men_default_left.png,WTT Official,M,2026-05-13T11:17:09.599353+00:00
506,William BERGENBLOCK,Sweden,50,2007-07-02,,N/A,62.5,https://wttsimfiles.blob.core.windows.net/wtt-media/photos/400px/137873_Headshot_R_William BERGENBLOCK.png,WTT Official,F,2026-05-13T21:13:34.291836+00:00
466,Adam WALLIN,Sweden,58,2009-01-14,,N/A,75.0,https://wttsimfiles.blob.core.windows.net/wtt-media/photos/400px/145776_Headshot_R_ WALLIN_Adam.png,WTT Official,F,2026-05-13T21:13:40.678476+00:00
486,Dominykas SAMUOLIS,Denmark,59,2007-02-12,,N/A,60.869565217391305,https://wttsimfiles.blob.core.windows.net/wtt-media/photos/400px/137713_Headshot_R_Dominykas SAMUOLIS.png,WTT Official,F,2026-05-13T21:13:41.478556+00:00
482,Kef NOORANI,USA,68,2010-10-13,,N/A,64.86486486486487,https://wttsimfiles.blob.core.windows.net/wtt-media/photos/400px/200547_Headshot_R_Kef NOORANI.png,WTT Official,F,2026-05-13T21:13:48.873441+00:00
467,Kushal CHOPDA,India,84,2007-04-22,,N/A,50.0,https://wttwebcmsprod.blob.core.windows.net/websitefiles/images/general/men_default_left.png,WTT Official,F,2026-05-13T21:14:01.650270+00:00
494,LEE Hyeonho,Korea Republic,98,2010-02-24,,N/A,57.142857142857146,https://wttsimfiles.blob.core.windows.net/wtt-media/photos/400px/202932_HEADSHOT_R_LEE Hyeonho.png,WTT Official,F,2026-05-13T21:14:12.972416+00:00
478,TAN Nicholas,Singapore,167,2007-01-13,,N/A,57.142857142857146,https://wttsimfiles.blob.core.windows.net/wtt-media/photos/400px/144490_Headshot_R_TAN Nicholas.png,WTT Official,F,2026-05-13T21:15:22.386738+00:00
500,Punit BISWAS,India,262,2008-09-26,,N/A,44.44444444444444,https://wttsimfiles.blob.core.windows.net/wtt-media/photos/400px/205600_HEADSHOT_R_Punit BISWAS.png,WTT Official,F,2026-05-13T21:16:54.672437+00:00
513,Tania MORICE,Algeria,123,2010-10-12,,N/A,44.44444444444444,https://wttsimfiles.blob.core.windows.net/wtt-media/photos/400px/204592_HEADSHOT_R_Tania MORICE.png,WTT Official,F,2026-05-13T11:17:10.970065+00:00
515,Brianna BURGOS,Puerto Rico,124,2005-05-04,,Right Hand / Shakehand,16.666666666666668,https://wttsimfiles.blob.core.windows.net/wtt-media/photos/400px/135306_HEADSHOT_R_BURGOS_Brianna.png,WTT Official,F,2026-05-13T11:17:12.731229+00:00
517,Sutirtha MUKHERJEE,India,125,1995-10-10,,Right Hand / Shakehand,50.0,https://wttsimfiles.blob.core.windows.net/wtt-media/photos/400px/117365_Headshot_R_ MUKHERJEE_Sutirtha.png,WTT Official,F,2026-05-13T11:17:14.520213+00:00
519,Audrey ZARIF,France,126,1998-07-23,,Right Hand / Shakehand,64.70588235294117,https://wttsimfiles.blob.core.windows.net/wtt-media/photos/400px/116874_Headshot_R_Audrey ZARIF.png,WTT Official,F,2026-05-13T11:17:16.274614+00:00
523,Paulina VEGA,Chile,128,1984-03-13,,Left Hand / Shakehand,20.0,https://wttsimfiles.blob.core.windows.net/wtt-media/photos/400px/109777_Headshot_R_VEGA_Paulina.png,WTT Official,F,2026-05-13T11:17:19.797019+00:00
525,Sofia-Xuan ZHANG,Spain,129,1999-09-14,,Left Hand / Shakehand,44.44444444444444,https://wttsimfiles.blob.core.windows.net/wtt-media/photos/400px/115402_Headshot_R_ ZHANG_Sofia-Xuan.png,WTT Official,F,2026-05-13T11:17:21.983552+00:00
527,TAN Zhao Yun,Singapore,130,2005-01-11,,N/A,40.0,https://wttsimfiles.blob.core.windows.net/wtt-media/photos/400px/131966_Headshot_R_TAN Zhao Yun.png,WTT Official,F,2026-05-13T11:17:23.879155+00:00
529,HAN Feier,China,131,2003-02-27,,Left Hand / Shakehand,66.66666666666667,https://wttsimfiles.blob.core.windows.net/wtt-media/photos/400px/133529_HEADSHOT_R_HAN_Feier.png,WTT Official,F,2026-05-13T11:17:25.687212+00:00
531,Jocelyn LAM,New Zealand,132,2008-08-05,,N/A,0.0,https://wttsimfiles.blob.core.windows.net/wtt-media/photos/400px/200210_Headshot_R_LAM_Jocelyn.png,WTT Official,F,2026-05-13T11:17:27.449460+00:00
533,TSAI Yun-En,Chinese Taipei,133,2004-05-09,,Right Hand / Shakehand,61.53846153846154,https://wttsimfiles.blob.core.windows.net/wtt-media/photos/400px/133835_Headshot_R_TSAI Yun-En.png,WTT Official,F,2026-05-13T11:17:29.207548+00:00
534,Jie LI,Netherlands,134,1984-03-06,,Right Hand / Shakehand,75.0,https://wttsimfiles.blob.core.windows.net/wtt-media/photos/400px/111772_HEADSHOT_R_LI_Jie.png,WTT Official,F,2026-05-13T11:17:30.987088+00:00
535,Marwa ALHODABY,Egypt,135,2000-04-05,,Right Hand / Shakehand,85.71428571428571,https://wttsimfiles.blob.core.windows.net/wtt-media/photos/400px/120725_HEADSHOT_R_ALHODABY_Marwa.png,WTT Official,F,2026-05-13T11:17:32.764820+00:00
536,ZHU Sibing,China,136,2000-03-29,,N/A,0.0,https://wttsimfiles.blob.core.windows.net/wtt-media/photos/400px/200908_Headshot_R_ZHU_Sibing.png,WTT Official,F,2026-05-13T11:17:34.566933+00:00
537,Rin MENDE,Japan,137,2007-12-31,,N/A,87.5,https://wttsimfiles.blob.core.windows.net/wtt-media/photos/400px/144860_HEADSHOT_R_MENDE_Rin.png,WTT Official,F,2026-05-13T11:17:36.365976+00:00
538,Chunli LI,New Zealand,138,1962-02-28,,N/A,0.0,https://wttsimfiles.blob.core.windows.net/wtt-media/photos/400px/105310 _Chunli_LI_R.png,WTT Official,F,2026-05-13T11:17:38.300806+00:00
539,Suthasini SAWETTABUT,Thailand,139,1994-12-09,,Right Hand / Shakehand,33.333333333333336,https://wttsimfiles.blob.core.windows.net/wtt-media/photos/400px/111833_Headshot_R_SAWETTABUT_Suthasini.png,WTT Official,F,2026-05-13T11:17:40.086513+00:00
1258,Ella PASHLEY,England,498,2008-09-01,,N/A,25.0,https://wttwebcmsprod.blob.core.windows.net/websitefiles/images/general/men_default_left.png,WTT Official,F,2026-05-13T11:29:08.817314+00:00
543,LEE Zion,Korea Republic,141,1996-05-27,,Right Hand / Shakehand,20.0,https://wttsimfiles.blob.core.windows.net/wtt-media/photos/400px/119285_HEADSHOT_R_LEE_Zion.png,WTT Official,F,2026-05-13T11:17:43.652267+00:00
545,Syndrela DAS,India,142,2009-08-23,,N/A,72.0,https://wttsimfiles.blob.core.windows.net/wtt-media/photos/400px/201368_Headshot_R_DAS_Syndrela.png,WTT Official,F,2026-05-13T11:17:45.409512+00:00
547,HEO Yerim,Korea Republic,143,2010-11-11,,N/A,71.42857142857143,https://wttsimfiles.blob.core.windows.net/wtt-media/photos/400px/204138_R_HEO Yerim.png,WTT Official,F,2026-05-13T11:17:47.161493+00:00
549,PYON Song Gyong,Korea DPR,144,2001-06-24,,Right Hand / Shakehand,87.5,https://wttsimfiles.blob.core.windows.net/wtt-media/photos/400px/132886_Headshot_R_PYON Song Gyong.png,WTT Official,F,2026-05-13T11:17:48.932644+00:00
551,CHEN Szu-Yu,Chinese Taipei,145,1993-08-01,,Right Hand / Shakehand,75.0,https://wttsimfiles.blob.core.windows.net/wtt-media/photos/400px/114105_Headshot_R_CHEN_Szu_Yu.png,WTT Official,F,2026-05-13T11:17:50.755192+00:00
553,Zhiying ZENG,Chile,146,1966-07-17,,N/A,33.333333333333336,https://wttsimfiles.blob.core.windows.net/wtt-media/photos/400px/205401_Headshot_R_Zhiying ZENG.png,WTT Official,F,2026-05-13T11:17:52.519469+00:00
555,Mao TAKAMORI,Japan,147,2008-05-15,,Right Hand / Shakehand,80.0,https://wttsimfiles.blob.core.windows.net/wtt-media/photos/400px/135937_Headshot_R_TAKAMORI_Mao.png,WTT Official,F,2026-05-13T11:17:54.275156+00:00
557,LOY Ming Ying,Singapore,148,2010-10-26,,N/A,66.66666666666667,https://wttsimfiles.blob.core.windows.net/wtt-media/photos/400px/201453_Headshot_R_LOY_Ming Ying.png,WTT Official,F,2026-05-13T11:17:56.034716+00:00
559,LIU Weishan,China,149,1999-10-04,,Right Hand / Shakehand,,https://wttsimfiles.blob.core.windows.net/wtt-media/photos/400px/Headshot_R_LIU_Weishan.png,WTT Official,F,2026-05-13T11:17:57.826490+00:00
561,Nicole ARLIA,Italy,150,2005-12-14,,Right Hand / Shakehand,61.53846153846154,https://wttsimfiles.blob.core.windows.net/wtt-media/photos/400px/131581_HEADSHOT_R_ARLIA_Nicole.png,WTT Official,F,2026-05-13T11:17:59.619460+00:00
521,Sachi AOKI,Japan,127,2007-04-10,,N/A,70.0,https://wttsimfiles.blob.core.windows.net/wtt-media/photos/400px/144861_Headshot_R_Sachi AOKI.png,WTT Official,F,2026-05-13T20:40:23.723161+00:00
1260,Vania YAVARI,Iran,499,2010-01-05,,N/A,42.857142857142854,https://wttsimfiles.blob.core.windows.net/wtt-media/photos/400px/201232_HEADSHOT_R_Vania YAVARI.png,WTT Official,F,2026-05-13T11:29:10.592083+00:00
1262,Nzangani Nephtalie KINDANDI,Congo Democratic,500,2011-06-22,,N/A,0.0,https://wttwebcmsprod.blob.core.windows.net/websitefiles/images/general/men_default_left.png,WTT Official,F,2026-05-13T11:29:12.366809+00:00
1297,Hannah HOLGERSSON,Sweden,515,2002-10-20,,Right Hand / Shakehand,,https://wttsimfiles.blob.core.windows.net/wtt-media/photos/400px/131464_HEADSHOT_R_HOLGERSSON_Hannah.png,WTT Official,F,2026-05-13T11:29:50.514110+00:00
1299,HUANG Ching-Chia,Chinese Taipei,516,2004-05-09,,N/A,33.333333333333336,https://wttsimfiles.blob.core.windows.net/wtt-media/photos/400px/201445_HEADSHOT_R_HUANG_Ching-Chia.png,WTT Official,F,2026-05-13T11:29:52.306475+00:00
1301,Pacharaphorn CHANVANITBORIKAN,Thailand,517,2008-03-17,,N/A,,https://wttsimfiles.blob.core.windows.net/wtt-media/photos/400px/144654_HEADSHOT_R_CHANVANITBORIKAN_Pacharaphorn.png,WTT Official,F,2026-05-13T11:29:54.076064+00:00
1305,Lisa WANG,Germany,519,2009-10-05,,N/A,62.5,https://wttsimfiles.blob.core.windows.net/wtt-media/photos/400px/201055_R_Lisa WANG.png,WTT Official,F,2026-05-13T11:29:57.580077+00:00
1309,SEAK Hui Li,"Macao, China",521,2004-03-10,,N/A,0.0,https://wttwebcmsprod.blob.core.windows.net/websitefiles/images/general/men_default_left.png,WTT Official,F,2026-05-13T11:30:01.333909+00:00
1677,Karin OMAR,Iraq,705,2009-06-10,,N/A,,https://wttwebcmsprod.blob.core.windows.net/websitefiles/images/general/men_default_left.png,WTT Official,F,2026-05-13T11:35:59.587800+00:00
514,Sami KHEROUF,Algeria,391,1988-11-15,,Right Hand / Shakehand,,https://wttwebcmsprod.blob.core.windows.net/websitefiles/images/general/men_default_left.png,WTT Official,M,2026-05-13T11:17:11.412202+00:00
516,Szymon KOLASA,Poland,392,2003-04-12,,Left Hand / Shakehand,50.0,https://wttwebcmsprod.blob.core.windows.net/websitefiles/images/general/men_default_left.png,WTT Official,M,2026-05-13T11:17:13.189993+00:00
518,Jan VALENTA,Czechia,393,2001-03-30,,Right Hand / Shakehand,60.0,https://wttsimfiles.blob.core.windows.net/wtt-media/photos/400px/123664_HEADSHOT_R_VALENTA_Jan.png,WTT Official,M,2026-05-13T11:17:14.964425+00:00
522,Frane KOJIC,Croatia,395,1992-01-08,,Right Hand / Shakehand,0.0,https://wttsimfiles.blob.core.windows.net/wtt-media/photos/400px/104760_Headshot_R_KOJIC_Frane.png,WTT Official,M,2026-05-13T11:17:18.553338+00:00
528,Denis DORCESCU,France,398,2002-06-19,,Right Hand / Shakehand,0.0,https://wttwebcmsprod.blob.core.windows.net/websitefiles/images/general/men_default_left.png,WTT Official,M,2026-05-13T11:17:23.905514+00:00
530,Federico VALLINO,Italy,399,2005-05-02,,Right Hand / Shakehand,100.0,https://wttwebcmsprod.blob.core.windows.net/websitefiles/images/general/men_default_left.png,WTT Official,M,2026-05-13T11:17:25.692728+00:00
540,Stepan BRHEL,Czechia,401,2006-11-12,,Right Hand / Shakehand,40.0,https://wttwebcmsprod.blob.core.windows.net/websitefiles/images/general/men_default_left.png,WTT Official,M,2026-05-13T11:17:40.530861+00:00
544,Amboarasoa RAZAFINDRAKOTO,Madagascar,403,1998-06-01,,N/A,,https://wttwebcmsprod.blob.core.windows.net/websitefiles/images/general/men_default_left.png,WTT Official,M,2026-05-13T11:17:44.078477+00:00
546,Kolasi WASIU,Nigeria,404,2001-02-26,,N/A,,https://wttwebcmsprod.blob.core.windows.net/websitefiles/images/general/men_default_left.png,WTT Official,M,2026-05-13T11:17:45.904960+00:00
548,Rafael TURRINI,Brazil,405,2001-05-04,,Right Hand / Shakehand,,https://wttwebcmsprod.blob.core.windows.net/websitefiles/images/general/men_default_left.png,WTT Official,M,2026-05-13T11:17:47.689335+00:00
552,Milosz SAWCZAK,Poland,407,2005-04-14,,Right Hand / Shakehand,0.0,https://wttwebcmsprod.blob.core.windows.net/websitefiles/images/general/men_default_left.png,WTT Official,M,2026-05-13T11:17:51.618442+00:00
554,Liam BEUKES,South Africa,408,2004-06-09,,N/A,25.0,https://wttwebcmsprod.blob.core.windows.net/websitefiles/images/general/men_default_left.png,WTT Official,M,2026-05-13T11:17:53.410893+00:00
556,Jorge CAMPOS,Cuba,409,1991-09-19,,Right Hand / Shakehand,,https://wttsimfiles.blob.core.windows.net/wtt-media/photos/400px/112121_HEADSHOT_R_CAMPOS_Jorge.png,WTT Official,M,2026-05-13T11:17:55.223594+00:00
558,Adrian PEREZ,Cuba,410,2003-01-02,,N/A,,https://wttsimfiles.blob.core.windows.net/wtt-media/photos/400px/136779_HEADSHOT_R_PEREZ_Adrian.png,WTT Official,M,2026-05-13T11:17:57.007379+00:00
560,Benedek OLAH,Finland,411,1991-03-29,,Right Hand / Shakehand,,https://wttsimfiles.blob.core.windows.net/wtt-media/photos/400px/110726_Headshot_R_OLAH_Benedek.png,WTT Official,M,2026-05-13T11:17:58.849090+00:00
562,Ronit BHANJA,India,412,1998-01-05,,Right Hand / Shakehand,0.0,https://wttwebcmsprod.blob.core.windows.net/websitefiles/images/general/men_default_left.png,WTT Official,M,2026-05-13T11:18:00.632694+00:00
563,Nithya MANI,India,151,2003-03-23,,Right Hand / Shakehand,58.333333333333336,https://wttsimfiles.blob.core.windows.net/wtt-media/photos/400px/134887_HEADSHOT_R_MANI_Nithya.png,WTT Official,F,2026-05-13T11:18:01.375169+00:00
565,ZHU Chengzhu,"Hong Kong, China",152,1997-01-15,,Right Hand / Shakehand,53.84615384615385,https://wttsimfiles.blob.core.windows.net/wtt-media/photos/400px/123505_Headshot_R_ZHU_Cheng_Zhu.png,WTT Official,F,2026-05-13T11:18:03.189575+00:00
567,Ioana SINGEORZAN,Romania,153,2004-03-28,,Right Hand / Shakehand,57.142857142857146,https://wttsimfiles.blob.core.windows.net/wtt-media/photos/400px/134369_HEADSHOT_R_SINGEORZAN_Ioana.png,WTT Official,F,2026-05-13T11:18:04.957266+00:00
568,KIM Byunghyeon,Korea Republic,415,2000-11-06,,Right Hand / Shakehand,,https://wttwebcmsprod.blob.core.windows.net/websitefiles/images/general/men_default_left.png,WTT Official,M,2026-05-13T11:18:06.005815+00:00
569,Neda SHAHSAVARI,Iran,154,1986-09-21,,Left Hand / Shakehand,0.0,https://wttsimfiles.blob.core.windows.net/wtt-media/photos/400px/108526_Headshot_R_SHAHSAVARI_Neda.png,WTT Official,F,2026-05-13T11:18:06.719540+00:00
570,Rubin MAHARJAN,Nepal,416,2006-02-11,,N/A,50.0,https://wttwebcmsprod.blob.core.windows.net/websitefiles/images/general/men_default_left.png,WTT Official,M,2026-05-13T11:18:07.793790+00:00
571,ZHANG Xiangyu,China,155,2005-10-03,,Left Hand / Shakehand,,https://wttsimfiles.blob.core.windows.net/wtt-media/photos/400px/133901_Headshot_R_ZHANG_Xiangyu.png,WTT Official,F,2026-05-13T11:18:08.492966+00:00
572,Dastan KENZHIGULOV,Kazakhstan,417,1998-01-14,,N/A,50.0,https://wttwebcmsprod.blob.core.windows.net/websitefiles/images/general/men_default_left.png,WTT Official,M,2026-05-13T11:18:09.569039+00:00
573,Yuna OJIO,Japan,156,2008-07-05,,N/A,,https://wttsimfiles.blob.core.windows.net/wtt-media/photos/400px/145267_Headshot_R_OJIO_Yuna.png,WTT Official,F,2026-05-13T11:18:10.313381+00:00
267,Samuel ARPAS,Slovak Republic,14,2007-06-11,,Right Hand / Shakehand,76.47058823529412,https://wttsimfiles.blob.core.windows.net/wtt-media/photos/400px/137564_Headshot_R_Samuel ARPAS.png,WTT Official,F,2026-05-13T21:13:05.351220+00:00
575,Adina DIACONU,Romania,157,1999-10-14,,Right Hand / Shakehand,58.333333333333336,https://wttsimfiles.blob.core.windows.net/wtt-media/photos/400px/117463_Headshot_R_Adina DIACONU.png,WTT Official,F,2026-05-13T11:18:12.109598+00:00
1275,Mohammad AHMED,Mauritius,773,1998-03-24,,Right Hand / Shakehand,,https://wttwebcmsprod.blob.core.windows.net/websitefiles/images/general/men_default_left.png,WTT Official,M,2026-05-13T11:29:30.349764+00:00
574,Francesco TREVISAN,Italy,39,2010-02-04,,N/A,80.48780487804878,https://wttsimfiles.blob.core.windows.net/wtt-media/photos/400px/143934_Headshot_R_ TREVISAN_Francesco.png,WTT Official,F,2026-05-13T21:13:25.469584+00:00
564,Hamilton YAMANE,Brazil,45,2008-08-24,,N/A,81.25,https://wttsimfiles.blob.core.windows.net/wtt-media/photos/400px/146021_Headshot_R_Hamilton YAMANE.png,WTT Official,F,2026-05-13T21:13:30.251984+00:00
578,CHENG Hong Yu,Chinese Taipei,47,2008-09-25,,N/A,66.66666666666667,https://wttwebcmsprod.blob.core.windows.net/websitefiles/images/general/men_default_left.png,WTT Official,F,2026-05-13T21:13:31.845153+00:00
532,CHOI Jiwook,Korea Republic,111,2007-11-12,,N/A,50.0,https://wttsimfiles.blob.core.windows.net/wtt-media/photos/400px/201214_R_CHOI Jiwook.png,WTT Official,F,2026-05-13T21:14:36.508746+00:00
526,Sarthak ARYA,India,129,2009-07-21,,N/A,83.87096774193549,https://wttsimfiles.blob.core.windows.net/wtt-media/photos/400px/201372_HEADSHOT_R_ARYA_Sarthak.png,WTT Official,F,2026-05-13T21:14:51.234168+00:00
524,Raphael QUINNE,New Caledonia,719,2008-07-03,,N/A,,https://wttwebcmsprod.blob.core.windows.net/websitefiles/images/general/men_default_left.png,WTT Official,F,2026-05-13T21:24:13.247347+00:00
550,Cuten LODEWYK,South Africa,741,2007-12-17,,N/A,16.666666666666668,https://wttwebcmsprod.blob.core.windows.net/websitefiles/images/general/men_default_left.png,WTT Official,F,2026-05-13T21:24:31.274834+00:00
577,Hanitra RAHARIMANANA,Madagascar,158,2002-10-15,,Right Hand / Shakehand,100.0,https://wttsimfiles.blob.core.windows.net/wtt-media/photos/400px/131141_Headshot_R_Hanitra RAHARIMANANA.png,WTT Official,F,2026-05-13T11:18:13.872940+00:00
579,CHANG Li Sian,Malaysia,159,2000-10-19,,Right Hand / Shakehand,55.55555555555556,https://wttsimfiles.blob.core.windows.net/wtt-media/photos/400px/132724_Headshot_R_CHANG Li Sian Alice.png,WTT Official,F,2026-05-13T11:18:15.634537+00:00
581,Swastika GHOSH,India,160,2003-06-07,,Right Hand / Shakehand,50.0,https://wttsimfiles.blob.core.windows.net/wtt-media/photos/400px/133593_Headshot_R_Swastika GHOSH.png,WTT Official,F,2026-05-13T11:18:17.397704+00:00
583,TEE Ai Xin,Malaysia,161,2001-01-01,,Right Hand / Penhold,66.66666666666667,https://wttsimfiles.blob.core.windows.net/wtt-media/photos/400px/134085_HEADSHOT_R_TEE_ Ai Xin.png,WTT Official,F,2026-05-13T11:18:19.178513+00:00
585,Enisa SADIKOVIC,Luxembourg,162,2007-07-23,,Right Hand / Shakehand,40.0,https://wttwebcmsprod.blob.core.windows.net/websitefiles/images/general/men_default_left.png,WTT Official,F,2026-05-13T11:18:20.944270+00:00
587,CHOI Hyojoo,Korea Republic,163,1998-04-15,,Left Hand / Shakehand,,https://wttsimfiles.blob.core.windows.net/wtt-media/photos/400px/131401_Headshot_R_ CHOI_Hyojoo.png,WTT Official,F,2026-05-13T11:18:22.733020+00:00
591,Yousra HELMY,Egypt,165,1995-12-03,,Right Hand / Shakehand,16.666666666666668,https://wttsimfiles.blob.core.windows.net/wtt-media/photos/400px/113908_Headshot_R_HELMY_Yousra.png,WTT Official,F,2026-05-13T11:18:26.291591+00:00
593,Zuzanna WIELGOS,Poland,166,2005-11-08,,Right Hand / Shakehand,61.53846153846154,https://wttsimfiles.blob.core.windows.net/wtt-media/photos/400px/135039_HEADSHOT_R_WIELGOS_Zuzanna.png,WTT Official,F,2026-05-13T11:18:28.067553+00:00
595,CHA Su Yong,Korea DPR,167,2000-10-18,,Right Hand / Shakehand,60.0,https://wttsimfiles.blob.core.windows.net/wtt-media/photos/400px/132257_Headshot_R_CHA Su Yong.png,WTT Official,F,2026-05-13T11:18:29.848040+00:00
597,Kotona OKADA,Japan,168,2002-06-21,,N/A,85.71428571428571,https://wttwebcmsprod.blob.core.windows.net/websitefiles/images/general/men_default_left.png,WTT Official,F,2026-05-13T11:18:31.625050+00:00
599,Shuohan MEN,Netherlands,169,2000-02-28,,Right Hand / Shakehand,40.0,https://wttwebcmsprod.blob.core.windows.net/websitefiles/images/general/men_default_left.png,WTT Official,F,2026-05-13T11:18:33.419091+00:00
601,Xia Lian NI,Luxembourg,170,1963-07-04,,Left Hand / Penhold,33.333333333333336,https://wttsimfiles.blob.core.windows.net/wtt-media/photos/400px/106706_HEADSHOT_R_NI_Xialian.png,WTT Official,F,2026-05-13T11:18:35.221242+00:00
603,Reina ASO,Japan,171,2002-06-22,,Right Hand / Shakehand,,https://wttwebcmsprod.blob.core.windows.net/websitefiles/images/general/men_default_left.png,WTT Official,F,2026-05-13T11:18:36.981159+00:00
605,Franziska SCHREINER,Germany,172,2001-12-22,,Right Hand / Shakehand,60.0,https://wttsimfiles.blob.core.windows.net/wtt-media/photos/400px/131086_Headshot_R_SCHREINER_Franziska.png,WTT Official,F,2026-05-13T11:18:38.746631+00:00
607,Sarvinoz MIRKADIROVA,Kazakhstan,173,2005-02-03,,Right Hand / Shakehand,22.22222222222222,https://wttsimfiles.blob.core.windows.net/wtt-media/photos/400px/HEADSHOT_R_MIRKADIROVA_Sarvinoz.png,WTT Official,F,2026-05-13T11:18:40.514459+00:00
609,Ajoke OJOMU,Nigeria,174,1999-05-30,,Right Hand / Shakehand,25.0,https://wttsimfiles.blob.core.windows.net/wtt-media/photos/400px/122660_Headshot_R_Ajoke OJOMU.png,WTT Official,F,2026-05-13T11:18:42.278838+00:00
613,LAM Yee Lok,"Hong Kong, China",176,1996-05-23,,Right Hand / Shakehand,0.0,https://wttsimfiles.blob.core.windows.net/wtt-media/photos/400px/116152_HEADSHOT_R_LAM_Yee Lok.png,WTT Official,F,2026-05-13T11:18:45.836325+00:00
617,Debora VIVARELLI,Italy,178,1993-01-28,,Right Hand / Shakehand,46.666666666666664,https://wttsimfiles.blob.core.windows.net/wtt-media/photos/400px/110995_Headshot_R_VIVARELLI_Debora.png,WTT Official,F,2026-05-13T11:18:49.557799+00:00
621,LYNE Karen,Malaysia,180,2002-08-02,,Left Hand / Shakehand,33.333333333333336,https://wttsimfiles.blob.core.windows.net/wtt-media/photos/400px/132892_HEADSHOT_R_LYNE_Karen.png,WTT Official,F,2026-05-13T11:18:53.349474+00:00
623,Anastasiya DYMYTRENKO,Ukraine,181,2002-11-08,,Right Hand / Shakehand,33.333333333333336,https://wttwebcmsprod.blob.core.windows.net/websitefiles/images/general/men_default_left.png,WTT Official,F,2026-05-13T11:18:55.121368+00:00
1277,Eyob Sissay ABEJE,Ethiopia,774,1996-10-31,,N/A,,https://wttwebcmsprod.blob.core.windows.net/websitefiles/images/general/men_default_left.png,WTT Official,M,2026-05-13T11:29:32.100365+00:00
1279,Jedidiah DENG,Fiji,775,2009-09-12,,N/A,,https://wttwebcmsprod.blob.core.windows.net/websitefiles/images/general/men_default_left.png,WTT Official,M,2026-05-13T11:29:33.850515+00:00
1281,Kevin FARLEY,Barbados,776,1986-01-07,,N/A,,https://wttwebcmsprod.blob.core.windows.net/websitefiles/images/general/men_default_left.png,WTT Official,M,2026-05-13T11:29:35.612433+00:00
1283,Cheldon SINDANI,Congo Brazzaville,777,2004-03-27,,N/A,,https://wttwebcmsprod.blob.core.windows.net/websitefiles/images/general/men_default_left.png,WTT Official,M,2026-05-13T11:29:37.381030+00:00
1285,Tresor NDONG,Gabon,778,2003-01-27,,N/A,,https://wttwebcmsprod.blob.core.windows.net/websitefiles/images/general/men_default_left.png,WTT Official,M,2026-05-13T11:29:39.215785+00:00
1287,Hans RASSENGWET,Gabon,779,1993-06-14,,N/A,,https://wttwebcmsprod.blob.core.windows.net/websitefiles/images/general/men_default_left.png,WTT Official,M,2026-05-13T11:29:41.003346+00:00
1289,Franck ESSAWE,Gabon,780,1991-06-17,,N/A,,https://wttwebcmsprod.blob.core.windows.net/websitefiles/images/general/men_default_left.png,WTT Official,M,2026-05-13T11:29:42.797621+00:00
1291,Isaiah BANDA,Zambia,781,2005-07-18,,N/A,,https://wttwebcmsprod.blob.core.windows.net/websitefiles/images/general/men_default_left.png,WTT Official,M,2026-05-13T11:29:44.587964+00:00
1293,Emmanuel MUNGA,Zambia,782,2001-03-19,,N/A,,https://wttwebcmsprod.blob.core.windows.net/websitefiles/images/general/men_default_left.png,WTT Official,M,2026-05-13T11:29:46.358073+00:00
1476,Puripong SAELEE,Thailand,872,2004-06-29,,Left Hand / Shakehand,0.0,https://wttsimfiles.blob.core.windows.net/wtt-media/photos/400px/136369_Headshot_R_SAELEE_Puripong.png,WTT Official,M,2026-05-13T11:32:44.021583+00:00
1478,Milo DE BOER,Netherlands,873,2004-08-27,,Right Hand / Shakehand,,https://wttwebcmsprod.blob.core.windows.net/websitefiles/images/general/men_default_left.png,WTT Official,M,2026-05-13T11:32:45.973851+00:00
589,Vlada VORONINA,AIN,164,2004-11-19,,Right Hand / Shakehand,54.54545454545455,https://wttsimfiles.blob.core.windows.net/wtt-media/photos/400px/137574_HEADSHOT_R_VORONINA_Vlada.png,WTT Official,F,2026-05-13T20:40:58.321544+00:00
1483,Pedro OSIRO,Switzerland,876,2001-11-08,,Right Hand / Shakehand,0.0,https://wttsimfiles.blob.core.windows.net/wtt-media/photos/400px/131673_Headshot_R_OSIRO_Pedro.png,WTT Official,M,2026-05-13T11:32:51.389057+00:00
1485,Mohammed TAHER,Iraq,877,1999-02-22,,N/A,0.0,https://wttwebcmsprod.blob.core.windows.net/websitefiles/images/general/men_default_left.png,WTT Official,M,2026-05-13T11:32:53.203539+00:00
1679,Barin JAMAL,Iraq,706,2008-01-14,,N/A,,https://wttwebcmsprod.blob.core.windows.net/websitefiles/images/general/men_default_left.png,WTT Official,F,2026-05-13T11:36:01.361111+00:00
220,Abhinandh PRADHIVADHI,India,15,2008-01-10,,N/A,71.42857142857143,https://wttsimfiles.blob.core.windows.net/wtt-media/photos/400px/144615_HEADSHOT_R_PRADHIVADHI_Abhinandh .png,WTT Official,F,2026-05-13T21:13:06.148139+00:00
611,Ece HARAC,Türkiye,175,2002-10-07,,Right Hand / Shakehand,50.0,https://wttsimfiles.blob.core.windows.net/wtt-media/photos/400px/133340_Headshot_R_Ece HARAC.png,WTT Official,F,2026-05-13T20:41:08.197389+00:00
582,Lleyton ULLMANN,Germany,422,2006-06-09,,Right Hand / Shakehand,33.333333333333336,https://wttsimfiles.blob.core.windows.net/wtt-media/photos/400px/HEADSHOT_R_ULLMANN_Lleyton.png,WTT Official,M,2026-05-13T11:18:18.549473+00:00
584,Vladimir PANDUREVIC,Serbia,423,2005-02-08,,Right Hand / Shakehand,0.0,https://wttwebcmsprod.blob.core.windows.net/websitefiles/images/general/men_default_left.png,WTT Official,M,2026-05-13T11:18:20.335753+00:00
586,Ivan HENCL,Croatia,424,2006-09-22,,N/A,44.44444444444444,https://wttsimfiles.blob.core.windows.net/wtt-media/photos/400px/145421_Headshot_R_Ivan Hencl.png,WTT Official,M,2026-05-13T11:18:22.114460+00:00
590,Axel Emmanuel LOVO ALVAREZ,Mexico,426,2005-10-10,,N/A,,https://wttwebcmsprod.blob.core.windows.net/websitefiles/images/general/men_default_left.png,WTT Official,M,2026-05-13T11:18:25.687697+00:00
594,Temuulen MYANDAL,Mongolia,428,2001-10-03,,Right Hand / Shakehand,33.333333333333336,https://wttwebcmsprod.blob.core.windows.net/websitefiles/images/general/men_default_left.png,WTT Official,M,2026-05-13T11:18:29.253094+00:00
596,Rajeev CHIKANBANJAR,Nepal,429,1993-11-14,,N/A,20.0,https://wttsimfiles.blob.core.windows.net/wtt-media/photos/400px/203088_Headshot_R_Rajeev CHIKANBANJAR.png,WTT Official,M,2026-05-13T11:18:31.028958+00:00
598,Yoan REBETEZ,Switzerland,430,1997-08-22,,Right Hand / Shakehand,60.0,https://wttsimfiles.blob.core.windows.net/wtt-media/photos/400px/131845_Headshot_R_REBETEZ_Yoan.png,WTT Official,M,2026-05-13T11:18:32.804613+00:00
600,Harkunwar SINGH,India,431,2006-06-16,,N/A,0.0,https://wttsimfiles.blob.core.windows.net/wtt-media/photos/400px/208431_HEADSHOT_R_SINGH_Harkunwar.png,WTT Official,M,2026-05-13T11:18:34.585948+00:00
602,Antoine DOYEN,Portugal,432,2001-07-01,,Right Hand / Shakehand,37.5,https://wttwebcmsprod.blob.core.windows.net/websitefiles/images/general/men_default_left.png,WTT Official,M,2026-05-13T11:18:36.372302+00:00
604,Sanzhar ZHUBANOV,Kazakhstan,433,2003-06-14,,Right Hand / Shakehand,0.0,https://wttsimfiles.blob.core.windows.net/wtt-media/photos/400px/137569_Headshot_R_Sanzhar ZHUBANOV.png,WTT Official,M,2026-05-13T11:18:38.148537+00:00
608,Felix WETZEL,Malta,435,2002-08-07,,Left Hand / Shakehand,,https://wttwebcmsprod.blob.core.windows.net/websitefiles/images/general/men_default_left.png,WTT Official,M,2026-05-13T11:18:41.869823+00:00
610,Rilwan AKANBI,Nigeria,436,1998-02-09,,Right Hand / Shakehand,,https://wttwebcmsprod.blob.core.windows.net/websitefiles/images/general/men_default_left.png,WTT Official,M,2026-05-13T11:18:43.646801+00:00
612,Elias SJOGREN,Sweden,437,2006-01-07,,Right Hand / Shakehand,33.333333333333336,https://wttsimfiles.blob.core.windows.net/wtt-media/photos/400px/135103_Headshot_R_SJOGREN_Elias.png,WTT Official,M,2026-05-13T11:18:45.432698+00:00
614,Akash GUPTA,India,438,1997-01-27,,N/A,33.333333333333336,https://wttsimfiles.blob.core.windows.net/wtt-media/photos/400px/207584_HEADSHOT_R_GUPTA_Akash.png,WTT Official,M,2026-05-13T11:18:47.214726+00:00
615,Maylis GIRET,New Caledonia,177,1991-09-25,,N/A,0.0,https://wttsimfiles.blob.core.windows.net/wtt-media/photos/400px/209548_Headshot_R_Maylis GIRET.png,WTT Official,F,2026-05-13T11:18:47.652802+00:00
618,Amirmahdi KESHAVARZI,Iran,440,2005-12-22,,N/A,50.0,https://wttsimfiles.blob.core.windows.net/wtt-media/photos/400px/202408_Headshot_R_KESHAVARZI_Amirmahdi.png,WTT Official,M,2026-05-13T11:18:50.839247+00:00
619,WU Jia-En,Chinese Taipei,179,2008-05-12,,N/A,88.23529411764706,https://wttsimfiles.blob.core.windows.net/wtt-media/photos/400px/HEADSHOT_R_WU_Jiaen.png,WTT Official,F,2026-05-13T11:18:51.355152+00:00
622,Felipe OLIVARES,Chile,442,1992-03-21,,Left Hand / Shakehand,33.333333333333336,https://wttsimfiles.blob.core.windows.net/wtt-media/photos/400px/106913_HEADSHOT_R_OLIVARES_Felipe.png,WTT Official,M,2026-05-13T11:18:54.635406+00:00
625,YAO Ruixuan,China,182,2009-07-02,,N/A,78.72340425531915,https://wttsimfiles.blob.core.windows.net/wtt-media/photos/400px/209007_Headshot_R_YAO_Ruixuan.png,WTT Official,F,2026-05-13T11:18:56.956096+00:00
627,Arantxa COSSIO,Mexico,183,2004-05-07,,Right Hand / Shakehand,28.571428571428573,https://wttsimfiles.blob.core.windows.net/wtt-media/photos/400px/134356_HEADSHOT_R_COSSIO-ACEVES_Arantxa.png,WTT Official,F,2026-05-13T11:18:58.719118+00:00
629,CHOI Haeeun,Korea Republic,184,2002-03-08,,Right Hand / Shakehand,25.0,https://wttsimfiles.blob.core.windows.net/wtt-media/photos/400px/123972_HEADSHOT_R_CHOI_Haeeun.png,WTT Official,F,2026-05-13T11:19:00.484378+00:00
631,Fanny DOUTAZ,Switzerland,185,2006-11-21,,N/A,40.0,https://wttwebcmsprod.blob.core.windows.net/websitefiles/images/general/men_default_left.png,WTT Official,F,2026-05-13T11:19:02.250311+00:00
632,Salem ALSUWAILEM,Saudi Arabia,447,2005-07-22,,Right Hand / Shakehand,16.666666666666668,https://wttsimfiles.blob.core.windows.net/wtt-media/photos/400px/133469_HEADSHOT_R_ALSUWAILEM_Salem.png,WTT Official,M,2026-05-13T11:19:03.560163+00:00
633,YOO Siwoo,Korea Republic,186,2001-12-14,,Right Hand / Shakehand,0.0,https://wttsimfiles.blob.core.windows.net/wtt-media/photos/400px/132715_HEADSHOT_R_YOO_Siwoo.png,WTT Official,F,2026-05-13T11:19:04.049349+00:00
345,Enrique RIOS,Puerto Rico,23,2009-02-24,,N/A,82.45614035087719,https://wttsimfiles.blob.core.windows.net/wtt-media/photos/400px/146307_Headshot_R_RIOS_Enrique.png,WTT Official,F,2026-05-13T21:13:12.551930+00:00
635,Ema LABOSOVA,Slovak Republic,187,2001-03-07,,Right Hand / Shakehand,28.571428571428573,https://wttsimfiles.blob.core.windows.net/wtt-media/photos/400px/121890_Headshot_R_Ema LABOSOVA.png,WTT Official,F,2026-05-13T11:19:05.868304+00:00
630,Luca KHIDASHELI,Spain,43,2008-05-06,,N/A,70.0,https://wttwebcmsprod.blob.core.windows.net/websitefiles/images/general/men_default_left.png,WTT Official,F,2026-05-13T21:13:28.666544+00:00
620,Samuel MICHNA,Poland,46,2009-01-24,,N/A,71.11111111111111,https://wttsimfiles.blob.core.windows.net/wtt-media/photos/400px/HEADSHOT_R_MICHNA_Samuel.png,WTT Official,F,2026-05-13T21:13:31.050576+00:00
626,Yoan VELICHKOV,Bulgaria,55,2007-11-12,,N/A,77.77777777777777,https://wttwebcmsprod.blob.core.windows.net/websitefiles/images/general/men_default_left.png,WTT Official,F,2026-05-13T21:13:38.284464+00:00
588,Julian RZIHAUSCHEK,Austria,83,2008-10-22,,N/A,48.148148148148145,https://wttsimfiles.blob.core.windows.net/wtt-media/photos/400px/HEADSHOT_R_RZIHAUSCHEK_Julian.png,WTT Official,F,2026-05-13T21:14:00.855208+00:00
616,Abdulrahman AL TAHER,Saudi Arabia,205,2011-09-10,,N/A,58.064516129032256,https://wttsimfiles.blob.core.windows.net/wtt-media/photos/400px/200266_Headshot_R_AL TAHER_Abdulrahman.png,WTT Official,F,2026-05-13T21:16:07.521875+00:00
592,IM Jin Zhen,Malaysia,245,2007-03-19,,N/A,50.0,https://wttwebcmsprod.blob.core.windows.net/websitefiles/images/general/men_default_left.png,WTT Official,F,2026-05-13T21:16:40.606506+00:00
624,Sriram SIVAM,India,414,2008-05-13,,N/A,66.66666666666667,https://wttsimfiles.blob.core.windows.net/wtt-media/photos/400px/146090_Headshot_R_Sriram SIVAM.png,WTT Official,F,2026-05-13T21:19:24.185042+00:00
634,Victor XIE,USA,835,2007-11-08,,N/A,,https://wttsimfiles.blob.core.windows.net/wtt-media/photos/400px/134463_HEADSHOT_R_Victor_XIE.png,WTT Official,F,2026-05-13T21:26:00.402271+00:00
636,TSENG Tzu-Yu,Chinese Taipei,449,2006-10-30,,Left Hand / Shakehand,77.77777777777777,https://wttwebcmsprod.blob.core.windows.net/websitefiles/images/general/men_default_left.png,WTT Official,M,2026-05-13T11:19:07.154106+00:00
638,HE Chon Fai,"Macao, China",450,2004-07-07,,N/A,,https://wttsimfiles.blob.core.windows.net/wtt-media/photos/400px/135170_HEADSHOT_R_HE_Chon Fai .png,WTT Official,M,2026-05-13T11:19:08.931947+00:00
644,Mattias MONGIUSTI,San Marino,453,2002-11-11,,Right Hand / Shakehand,14.285714285714286,https://wttwebcmsprod.blob.core.windows.net/websitefiles/images/general/men_default_left.png,WTT Official,M,2026-05-13T11:19:14.265524+00:00
646,Laurent JUTRAS-VIGNEAULT,Canada,454,2006-08-23,,N/A,20.0,https://wttwebcmsprod.blob.core.windows.net/websitefiles/images/general/men_default_left.png,WTT Official,M,2026-05-13T11:19:16.049187+00:00
650,Loic STOLL,Switzerland,456,2001-07-03,,N/A,50.0,https://wttsimfiles.blob.core.windows.net/wtt-media/photos/400px/137037_Headshot_R_STOLL_Loic.png,WTT Official,M,2026-05-13T11:19:19.625136+00:00
652,Kirill SKACHKOV,AIN,457,1987-08-06,,Right Hand / Shakehand,66.66666666666667,https://wttsimfiles.blob.core.windows.net/wtt-media/photos/400px/108742_Headshot_R_SKACHKOV_Kirill.png,WTT Official,M,2026-05-13T11:19:21.435125+00:00
658,Monday OLABIYI,Benin,460,1983-04-17,,N/A,,https://wttwebcmsprod.blob.core.windows.net/websitefiles/images/general/men_default_left.png,WTT Official,M,2026-05-13T11:19:27.010570+00:00
664,Jakub KAUCKY,Czechia,464,2003-12-02,,Right Hand / Shakehand,40.0,https://wttwebcmsprod.blob.core.windows.net/websitefiles/images/general/men_default_left.png,WTT Official,M,2026-05-13T11:19:34.181573+00:00
666,Shankhadip DAS,India,466,2006-12-14,,N/A,60.0,https://wttwebcmsprod.blob.core.windows.net/websitefiles/images/general/men_default_left.png,WTT Official,M,2026-05-13T11:19:37.899082+00:00
667,TAN Zhao Ray,Singapore,467,2005-01-11,,N/A,80.0,https://wttwebcmsprod.blob.core.windows.net/websitefiles/images/general/men_default_left.png,WTT Official,M,2026-05-13T11:19:39.791686+00:00
668,Bastien DUPONT,France,468,2000-02-27,,N/A,80.0,https://wttwebcmsprod.blob.core.windows.net/websitefiles/images/general/men_default_left.png,WTT Official,M,2026-05-13T11:19:42.250920+00:00
670,Martin FROSETH,Norway,469,2006-08-11,,Right Hand / Shakehand,75.0,https://wttwebcmsprod.blob.core.windows.net/websitefiles/images/general/men_default_left.png,WTT Official,M,2026-05-13T11:19:44.036171+00:00
1296,Boago MALOBELA,Botswana,783,1996-09-09,,N/A,,https://wttwebcmsprod.blob.core.windows.net/websitefiles/images/general/men_default_left.png,WTT Official,M,2026-05-13T11:29:49.346926+00:00
1298,Vikram SINGH,Zimbabwe,784,1975-07-08,,N/A,,https://wttwebcmsprod.blob.core.windows.net/websitefiles/images/general/men_default_left.png,WTT Official,M,2026-05-13T11:29:51.133425+00:00
1300,Mohommed MOHAMED,Sri Lanka,785,2008-05-18,,N/A,,https://wttwebcmsprod.blob.core.windows.net/websitefiles/images/general/men_default_left.png,WTT Official,M,2026-05-13T11:29:52.917588+00:00
1302,Shashin SHODHAN,USA,786,1978-04-07,,N/A,,https://wttwebcmsprod.blob.core.windows.net/websitefiles/images/general/men_default_left.png,WTT Official,M,2026-05-13T11:29:54.723782+00:00
1304,Charles BANDA,Zambia,787,2005-02-15,,N/A,,https://wttsimfiles.blob.core.windows.net/wtt-media/photos/400px/202373_Headshot_R_Charles BANDA.png,WTT Official,M,2026-05-13T11:29:56.515107+00:00
1306,Jorge BUENROSTRO,Mexico,788,2006-01-03,,N/A,33.333333333333336,https://wttwebcmsprod.blob.core.windows.net/websitefiles/images/general/men_default_left.png,WTT Official,M,2026-05-13T11:29:58.624547+00:00
1312,Mustapha BELLO,Nigeria,791,1999-03-07,,Right Hand / Shakehand,,https://wttwebcmsprod.blob.core.windows.net/websitefiles/images/general/men_default_left.png,WTT Official,M,2026-05-13T11:30:04.322699+00:00
1320,Abdulrahaman ABDULLAHI,Nigeria,795,1989-01-03,,Right Hand / Shakehand,,https://wttsimfiles.blob.core.windows.net/wtt-media/photos/400px/123121_HEADSHOT_R_ABDULLAHI_Abdulrahaman.png,WTT Official,M,2026-05-13T11:30:11.533923+00:00
1322,Bilal AL RASHDI,Oman,796,1992-03-24,,N/A,0.0,https://wttsimfiles.blob.core.windows.net/wtt-media/photos/400px/202900_HEADSHOT_R_AL RASHDI_Bilal.png,WTT Official,M,2026-05-13T11:30:13.337464+00:00
208,Danilo FASO,Italy,25,2010-09-23,,N/A,71.42857142857143,https://wttsimfiles.blob.core.windows.net/wtt-media/photos/400px/143942_Headshot_R_FASO_Danilo.png,WTT Official,F,2026-05-13T21:13:14.205442+00:00
648,Ahmed KORANI,Qatar,140,2008-03-23,,N/A,0.0,https://wttsimfiles.blob.core.windows.net/wtt-media/photos/400px/135384_Headshot_R_Ahmed KORANI.png,WTT Official,F,2026-05-13T21:15:00.228824+00:00
1318,Mateusz SAKOWICZ,Poland,153,2008-10-17,,N/A,66.66666666666667,https://wttsimfiles.blob.core.windows.net/wtt-media/photos/400px/HEADSHOT_R_SAKOWICS_Mateus.png,WTT Official,F,2026-05-13T21:15:10.891460+00:00
1316,Jamal OUDRISS,Germany,183,2007-04-27,,N/A,0.0,https://wttwebcmsprod.blob.core.windows.net/websitefiles/images/general/men_default_left.png,WTT Official,F,2026-05-13T21:15:35.521283+00:00
1310,Serafim ORLOV,AIN,225,2007-07-23,,N/A,66.66666666666667,https://wttwebcmsprod.blob.core.windows.net/websitefiles/images/general/men_default_left.png,WTT Official,F,2026-05-13T21:16:24.091567+00:00
660,Khurshid AKHMEDOV,Uzbekistan,235,2009-07-10,,N/A,75.0,https://wttsimfiles.blob.core.windows.net/wtt-media/photos/400px/203041_Headshot_R_AKHMEDOV_Khurshid.png,WTT Official,F,2026-05-13T21:16:32.346399+00:00
640,Diyorbek DILSHODOV,Uzbekistan,239,2009-11-18,,N/A,75.0,https://wttwebcmsprod.blob.core.windows.net/websitefiles/images/general/men_default_left.png,WTT Official,F,2026-05-13T21:16:35.648201+00:00
1314,Omar OSMAN,Egypt,286,2008-11-04,,N/A,,https://wttwebcmsprod.blob.core.windows.net/websitefiles/images/general/men_default_left.png,WTT Official,F,2026-05-13T21:17:14.369117+00:00
1328,Joseph SEBATINDIRA,Uganda,297,2014-12-11,,N/A,85.36585365853658,https://wttwebcmsprod.blob.core.windows.net/websitefiles/images/general/men_default_left.png,WTT Official,F,2026-05-13T21:17:23.247289+00:00
1324,Kyler CHEN,USA,300,2011-09-19,,N/A,62.5,https://wttsimfiles.blob.core.windows.net/wtt-media/photos/400px/200545_R_Kyler CHEN.png,WTT Official,F,2026-05-13T21:17:25.681083+00:00
1308,Rivindu BUDDHADASA,Australia,337,2008-11-24,,N/A,,https://wttwebcmsprod.blob.core.windows.net/websitefiles/images/general/men_default_left.png,WTT Official,F,2026-05-13T21:18:09.708517+00:00
662,Sultan AL-KUWARI,Qatar,345,2008-12-03,,Right Hand / Shakehand,33.333333333333336,https://wttsimfiles.blob.core.windows.net/wtt-media/photos/400px/135386_Headshot_R_Sultan AL-KUWARI.png,WTT Official,F,2026-05-13T21:18:16.222248+00:00
656,Ali ALTAHER,Saudi Arabia,356,2008-02-09,,N/A,,https://wttsimfiles.blob.core.windows.net/wtt-media/photos/400px/137528_HEADSHOT_R_ALTAHER_Ali .png,WTT Official,F,2026-05-13T21:18:25.129513+00:00
1330,Youssef AIDLI,Tunisia,416,2009-08-28,,N/A,12.5,https://wttsimfiles.blob.core.windows.net/wtt-media/photos/400px/HEADSHOT_R_AIDLI_Youssef.png,WTT Official,F,2026-05-13T21:19:25.826344+00:00
1326,Amir ESSID,Tunisia,672,2010-10-27,,N/A,33.333333333333336,https://wttsimfiles.blob.core.windows.net/wtt-media/photos/400px/HEADSHOT_R_ESSID_Amir.png,WTT Official,F,2026-05-13T21:23:20.936561+00:00
654,Mathew FABUNMI,Nigeria,694,2009-05-05,,N/A,,https://wttwebcmsprod.blob.core.windows.net/websitefiles/images/general/men_default_left.png,WTT Official,F,2026-05-13T21:23:38.963429+00:00
637,Fatimo BELLO,Nigeria,188,1997-11-27,,Left Hand / Shakehand,50.0,https://wttsimfiles.blob.core.windows.net/wtt-media/photos/400px/115379_Headshot_R_Fatimo BELLO.png,WTT Official,F,2026-05-13T11:19:07.632344+00:00
639,Mateja JEGER,Croatia,189,1995-01-13,,Right Hand / Shakehand,,https://wttsimfiles.blob.core.windows.net/wtt-media/photos/400px/112453_Headshot_R_JEGER_Mateja.png,WTT Official,F,2026-05-13T11:19:09.393845+00:00
641,Jiangshan GUO,USA,190,1999-01-02,,N/A,,https://wttsimfiles.blob.core.windows.net/wtt-media/photos/400px/135698_Headshot_R_GUO_Jiangshan.png,WTT Official,F,2026-05-13T11:19:11.191897+00:00
643,Isa COK,France,191,2002-04-04,,Right Hand / Shakehand,69.23076923076923,https://wttwebcmsprod.blob.core.windows.net/websitefiles/images/general/men_default_left.png,WTT Official,F,2026-05-13T11:19:12.957987+00:00
645,Yui SAKUMA,Japan,192,2011-07-31,,N/A,94.73684210526316,https://wttwebcmsprod.blob.core.windows.net/websitefiles/images/general/men_default_left.png,WTT Official,F,2026-05-13T11:19:14.719321+00:00
647,Sunny ZHANG,Canada,193,2010-07-27,,N/A,50.0,https://wttsimfiles.blob.core.windows.net/wtt-media/photos/400px/207052_Headshot_R_ZHANG_Sunny.png,WTT Official,F,2026-05-13T11:19:16.487018+00:00
649,Sayali WANI,India,194,2006-04-07,,N/A,46.15384615384615,https://wttsimfiles.blob.core.windows.net/wtt-media/photos/400px/200317_HEADSHOT_R_WANI_Sayali.png,WTT Official,F,2026-05-13T11:19:18.258677+00:00
651,Anusha KUTUMBALE,India,195,2002-11-02,,Right Hand / Shakehand,75.0,https://wttsimfiles.blob.core.windows.net/wtt-media/photos/400px/132909_HEADSHOT_R_KUTUMBALE_Anusha.png,WTT Official,F,2026-05-13T11:19:20.024094+00:00
653,HUANG Yu-Chiao,Chinese Taipei,196,1996-02-18,,Left Hand / Shakehand,,https://wttsimfiles.blob.core.windows.net/wtt-media/photos/400px/119749_Headshot_R_HUANG Yu-Chiao.png,WTT Official,F,2026-05-13T11:19:21.887261+00:00
655,Farida BADAWY,Egypt,197,2004-04-20,,Right Hand / Shakehand,50.0,https://wttsimfiles.blob.core.windows.net/wtt-media/photos/400px/132028_HEADSHOT_R_BADAWY_Farida.png,WTT Official,F,2026-05-13T11:19:23.697608+00:00
657,Shima SAFAEI,Iran,198,2003-12-05,,Right Hand / Shakehand,,https://wttsimfiles.blob.core.windows.net/wtt-media/photos/400px/131559_Headshot_R_SAFAEI_Shima.png,WTT Official,F,2026-05-13T11:19:25.479436+00:00
659,Leana HOCHART,France,199,2008-05-31,,N/A,64.28571428571429,https://wttsimfiles.blob.core.windows.net/wtt-media/photos/400px/145544_Headshot_R_Leana HOCHART.png,WTT Official,F,2026-05-13T11:19:27.283455+00:00
661,Clio BARCENAS,Mexico,200,2002-06-17,,Right Hand / Shakehand,42.857142857142854,https://wttsimfiles.blob.core.windows.net/wtt-media/photos/400px/131618_HEADSHOT_R_BARCENAS_Clio.png,WTT Official,F,2026-05-13T11:19:29.044981+00:00
669,Karoline MISCHEK,Austria,201,1998-05-22,,Left Hand / Shakehand,33.333333333333336,https://wttsimfiles.blob.core.windows.net/wtt-media/photos/400px/118893_Headshot_R_ MISCHEK_Karoline.png,WTT Official,F,2026-05-13T11:19:42.799365+00:00
671,Lilou MASSART,Belgium,202,2007-09-18,,Right Hand / Shakehand,60.714285714285715,https://wttsimfiles.blob.core.windows.net/wtt-media/photos/400px/136258_HEADSHOT_R_MASSART_Lilou.png,WTT Official,F,2026-05-13T11:19:44.588969+00:00
672,ZHAO Shang,China,203,2003-07-25,,N/A,,https://wttwebcmsprod.blob.core.windows.net/websitefiles/images/general/men_default_left.png,WTT Official,F,2026-05-13T11:19:46.394836+00:00
673,Dawid MICHNA,Poland,470,2005-06-26,,N/A,,https://wttwebcmsprod.blob.core.windows.net/websitefiles/images/general/men_default_left.png,WTT Official,M,2026-05-13T11:19:47.033713+00:00
675,HAN Doyun,Korea Republic,471,2003-12-05,,N/A,,https://wttwebcmsprod.blob.core.windows.net/websitefiles/images/general/men_default_left.png,WTT Official,M,2026-05-13T11:19:48.823622+00:00
676,Matilde PINTO,Portugal,205,2006-06-06,,Left Hand / Shakehand,80.0,https://wttsimfiles.blob.core.windows.net/wtt-media/photos/400px/135660_HEADSHOT_R_PINTO_Matilde.png,WTT Official,F,2026-05-13T11:19:49.992585+00:00
677,Vladislav MAKAROV,AIN,472,2004-09-25,,Right Hand / Shakehand,66.66666666666667,https://wttwebcmsprod.blob.core.windows.net/websitefiles/images/general/men_default_left.png,WTT Official,M,2026-05-13T11:19:50.617531+00:00
678,Alondra RODRIGUEZ,Puerto Rico,206,2004-07-20,,N/A,,https://wttwebcmsprod.blob.core.windows.net/websitefiles/images/general/men_default_left.png,WTT Official,F,2026-05-13T11:19:51.784616+00:00
679,Abhilash RAVAL,India,473,2003-05-01,,N/A,66.66666666666667,https://wttwebcmsprod.blob.core.windows.net/websitefiles/images/general/men_default_left.png,WTT Official,M,2026-05-13T11:19:52.413353+00:00
680,Nina SKERBINZ,Austria,207,2009-10-29,,N/A,69.04761904761905,https://wttwebcmsprod.blob.core.windows.net/websitefiles/images/general/men_default_left.png,WTT Official,F,2026-05-13T11:19:53.599440+00:00
674,Maria PANFILOVA,AIN,204,2005-10-10,,N/A,63.1578947368421,https://wttwebcmsprod.blob.core.windows.net/websitefiles/images/general/men_default_left.png,WTT Official,F,2026-05-13T20:41:48.701435+00:00
682,Divyanshi BHOWMICK,India,208,2010-11-19,,N/A,74.46808510638297,https://wttsimfiles.blob.core.windows.net/wtt-media/photos/400px/202723_Headshot_R_BHOWMICK_Divyanshi.png,WTT Official,F,2026-05-13T11:19:55.392833+00:00
684,Taneesha KOTECHA,India,209,2006-03-06,,N/A,50.0,https://wttsimfiles.blob.core.windows.net/wtt-media/photos/400px/145455_HEADSHOT_R_Taneesha KOTECHA.png,WTT Official,F,2026-05-13T11:19:57.171917+00:00
686,Jemimah NAKAWALA,Uganda,210,2010-02-21,,N/A,42.857142857142854,https://wttsimfiles.blob.core.windows.net/wtt-media/photos/400px/202166_Headshot_R_Jemimah NAKAWALA.png,WTT Official,F,2026-05-13T11:19:58.966226+00:00
688,WU Ying Syuan,Chinese Taipei,211,2009-03-31,,N/A,82.85714285714286,https://wttsimfiles.blob.core.windows.net/wtt-media/photos/400px/201874_Headshot_R_WU Ying-Syuan.png,WTT Official,F,2026-05-13T11:20:00.788220+00:00
689,Ruwen FILUS,Germany,478,1988-02-14,,Right Hand / Shakehand,,https://wttsimfiles.blob.core.windows.net/wtt-media/photos/400px/102761_Headshot_R_FILUS_Ruwen.png,WTT Official,M,2026-05-13T11:20:01.492122+00:00
690,Abir HAJ SALAH,Tunisia,212,2000-08-06,,Right Hand / Shakehand,0.0,https://wttsimfiles.blob.core.windows.net/wtt-media/photos/400px/120020_Headshot_R_HAJ_SALAH_Abir.png,WTT Official,F,2026-05-13T11:20:02.622984+00:00
691,Pavel SIRUCEK,Czechia,479,1992-11-20,,Right Hand / Shakehand,33.333333333333336,https://wttsimfiles.blob.core.windows.net/wtt-media/photos/400px/113243_HEADSHOT_R_SIRUCEK_Pavel.png,WTT Official,M,2026-05-13T11:20:03.358108+00:00
692,Bianca MEI-ROSU,Romania,213,2007-01-15,,Right Hand / Shakehand,72.97297297297297,https://wttsimfiles.blob.core.windows.net/wtt-media/photos/400px/136153_HEADSHOT_R_MEI-ROSU_Bianca.png,WTT Official,F,2026-05-13T11:20:04.422554+00:00
566,Nathan PILARD,France,33,2008-02-09,,N/A,57.142857142857146,https://wttsimfiles.blob.core.windows.net/wtt-media/photos/400px/146233_HEADSHOT_R_Nathan PILARD.png,WTT Official,F,2026-05-13T21:13:20.652492+00:00
685,Berk OZTOPRAK,Türkiye,97,2009-06-24,,N/A,66.66666666666667,https://wttwebcmsprod.blob.core.windows.net/websitefiles/images/general/men_default_left.png,WTT Official,F,2026-05-13T21:14:12.174498+00:00
687,Noa DAHLSTROM,Sweden,128,2007-09-29,,N/A,80.0,https://wttsimfiles.blob.core.windows.net/wtt-media/photos/400px/137881_HEADSHOT_R_DAHLSTROM_Noa.png,WTT Official,F,2026-05-13T21:14:50.414705+00:00
693,Umesh KUMAR,India,305,2008-12-11,,N/A,58.333333333333336,https://wttwebcmsprod.blob.core.windows.net/websitefiles/images/general/men_default_left.png,WTT Official,F,2026-05-13T21:17:43.802260+00:00
694,Ayumi MORIYAMA,New Zealand,214,2010-05-31,,N/A,,https://wttsimfiles.blob.core.windows.net/wtt-media/photos/400px/200225_Headshot_R_ MORIYAMA_Ayumi.png,WTT Official,F,2026-05-13T11:20:06.210268+00:00
696,Yelena YI,New Zealand,215,2011-02-16,,N/A,,https://wttsimfiles.blob.core.windows.net/wtt-media/photos/400px/HEADSHOT_R_YI_Yelena.png,WTT Official,F,2026-05-13T11:20:08.025067+00:00
698,Josephine CHONG,New Zealand,216,2010-03-10,,N/A,,https://wttsimfiles.blob.core.windows.net/wtt-media/photos/400px/210240_Headshot_R_CHONG_Josephine.png,WTT Official,F,2026-05-13T11:20:09.839365+00:00
700,Clara SAYEGH,Tahiti,217,2015-06-13,,N/A,,https://wttwebcmsprod.blob.core.windows.net/websitefiles/images/general/men_default_left.png,WTT Official,F,2026-05-13T11:20:11.631375+00:00
702,Jade MORICE,Algeria,218,2010-10-12,,N/A,42.857142857142854,https://wttsimfiles.blob.core.windows.net/wtt-media/photos/400px/204591_HEADSHOT_R_Jade MORICE.png,WTT Official,F,2026-05-13T11:20:13.433413+00:00
704,Ela SAIDI,Tunisia,219,2011-03-09,,N/A,62.5,https://wttsimfiles.blob.core.windows.net/wtt-media/photos/400px/146173_HEADSHOT_R_SAIDI_Ela.png,WTT Official,F,2026-05-13T11:20:15.223264+00:00
706,Zhanerke KOSHKUMBAYEVA,Kazakhstan,220,2005-08-16,,N/A,25.0,https://wttwebcmsprod.blob.core.windows.net/websitefiles/images/general/men_default_left.png,WTT Official,F,2026-05-13T11:20:17.019368+00:00
708,Ana CODINA,Argentina,221,1991-01-24,,Right Hand / Shakehand,33.333333333333336,https://wttsimfiles.blob.core.windows.net/wtt-media/photos/400px/111053_HEADSHOT_R_CODINA_Ana.png,WTT Official,F,2026-05-13T11:20:18.873649+00:00
710,Danisha PATEL,South Africa,222,1992-12-31,,Left Hand / Shakehand,44.44444444444444,https://wttsimfiles.blob.core.windows.net/wtt-media/photos/400px/112086_HEADSHOT_R_PATEL_Danisha.png,WTT Official,F,2026-05-13T11:20:20.687071+00:00
712,Valeriia SHCHERBATYKH,AIN,223,1998-12-25,,Right Hand / Shakehand,71.42857142857143,https://wttwebcmsprod.blob.core.windows.net/websitefiles/images/general/men_default_left.png,WTT Official,F,2026-05-13T11:20:22.481929+00:00
714,Claire PICARD,France,224,2001-07-11,,Right Hand / Shakehand,53.84615384615385,https://wttwebcmsprod.blob.core.windows.net/websitefiles/images/general/men_default_left.png,WTT Official,F,2026-05-13T11:20:24.287250+00:00
716,Sara TOKIC,Slovenia,225,2006-09-01,,Right Hand / Shakehand,33.333333333333336,https://wttsimfiles.blob.core.windows.net/wtt-media/photos/400px/133426_Headshot_R_TOKIC_Sara.png,WTT Official,F,2026-05-13T11:20:26.089540+00:00
718,Karina SHIRAY,Brazil,226,2007-07-14,,N/A,25.0,https://wttsimfiles.blob.core.windows.net/wtt-media/photos/400px/144239_HEADSHOT_R_SHIRAY_Karina.png,WTT Official,F,2026-05-13T11:20:27.919874+00:00
720,Ana TOFANT,Slovenia,227,1999-03-12,,Right Hand / Shakehand,42.857142857142854,https://wttsimfiles.blob.core.windows.net/wtt-media/photos/400px/122842_Headshot_R_Ana TOFANT.png,WTT Official,F,2026-05-13T11:20:29.744769+00:00
722,Cynthia KWABI,Ghana,228,1993-07-30,,Right Hand / Shakehand,0.0,https://wttwebcmsprod.blob.core.windows.net/websitefiles/images/general/men_default_left.png,WTT Official,F,2026-05-13T11:20:31.545113+00:00
724,Anna WEGRZYN,Poland,229,2001-01-09,,Right Hand / Shakehand,55.55555555555556,https://wttsimfiles.blob.core.windows.net/wtt-media/photos/400px/121040_HEADSHOT_R_WEGRYZN_Anna.png,WTT Official,F,2026-05-13T11:20:33.384588+00:00
726,Sukurat AIYELABEGAN,Nigeria,230,2006-01-21,,Right Hand / Shakehand,25.0,https://wttwebcmsprod.blob.core.windows.net/websitefiles/images/general/men_default_left.png,WTT Official,F,2026-05-13T11:20:35.178233+00:00
728,Rochica SONDAY,South Africa,231,2008-11-25,,N/A,60.0,https://wttwebcmsprod.blob.core.windows.net/websitefiles/images/general/men_default_left.png,WTT Official,F,2026-05-13T11:20:36.971670+00:00
730,Irene YEOH,USA,232,2011-05-14,,N/A,72.72727272727273,https://wttsimfiles.blob.core.windows.net/wtt-media/photos/400px/200606_R_Irene YEOH.png,WTT Official,F,2026-05-13T11:20:38.773618+00:00
732,Nandeshwaree JALIM,Mauritius,233,2001-05-09,,Right Hand / Shakehand,0.0,https://wttwebcmsprod.blob.core.windows.net/websitefiles/images/general/men_default_left.png,WTT Official,F,2026-05-13T11:20:40.582191+00:00
734,Andrea TODOROVIC,Serbia,234,1992-10-21,,Right Hand / Shakehand,,https://wttsimfiles.blob.core.windows.net/wtt-media/photos/400px/109453_Headshot_R_TODOROVIC_Andrea.png,WTT Official,F,2026-05-13T11:20:42.401232+00:00
735,Elvira RAD,Spain,235,2004-02-13,,Right Hand / Shakehand,33.333333333333336,https://wttsimfiles.blob.core.windows.net/wtt-media/photos/400px/136180_HEADSHOT_R_RAD_Elvira.png,WTT Official,F,2026-05-13T11:20:44.196292+00:00
736,WONG Hoi Tung,"Hong Kong, China",236,2005-09-06,,Right Hand / Shakehand,44.44444444444444,https://wttsimfiles.blob.core.windows.net/wtt-media/photos/400px/135190_HEADSHOT_R_WONG_Hoi Tung .png,WTT Official,F,2026-05-13T11:20:45.996079+00:00
737,Ammadine LITOBAKA,Congo Democratic,237,1993-11-28,,N/A,0.0,https://wttwebcmsprod.blob.core.windows.net/websitefiles/images/general/men_default_left.png,WTT Official,F,2026-05-13T11:20:47.910824+00:00
1313,LEE Eudora,Singapore,523,2008-07-09,,N/A,20.0,https://wttsimfiles.blob.core.windows.net/wtt-media/photos/400px/144498_Headshot_R_LEE_Eng Kee.png,WTT Official,F,2026-05-13T11:30:05.144984+00:00
1315,CHONG Zi Sian,Singapore,524,2010-12-23,,N/A,50.0,https://wttsimfiles.blob.core.windows.net/wtt-media/photos/400px/206411_Headshot_R_Chong Zi Sian.png,WTT Official,F,2026-05-13T11:30:06.924834+00:00
1317,LIU Ziling,China,525,2011-06-28,,N/A,76.92307692307692,https://wttsimfiles.blob.core.windows.net/wtt-media/photos/400px/Headshot_R_LIU_Ziling.png,WTT Official,F,2026-05-13T11:30:08.693559+00:00
1319,Jessica PRATES,Brazil,526,1992-06-25,,N/A,,https://wttsimfiles.blob.core.windows.net/wtt-media/photos/400px/PRATES-Jessica_R.png,WTT Official,F,2026-05-13T11:30:10.480449+00:00
1321,Marianne Hillary DJIKE TCHUINKAM,Cameroon,527,2001-03-18,,N/A,,https://wttwebcmsprod.blob.core.windows.net/websitefiles/images/general/men_default_left.png,WTT Official,F,2026-05-13T11:30:12.259219+00:00
1323,Joella AVOMO,Gabon,528,1991-07-04,,N/A,,https://wttwebcmsprod.blob.core.windows.net/websitefiles/images/general/men_default_left.png,WTT Official,F,2026-05-13T11:30:14.026596+00:00
1325,Jasmin WONG,England,529,2003-06-05,,Right Hand / Shakehand,20.0,https://wttwebcmsprod.blob.core.windows.net/websitefiles/images/general/men_default_left.png,WTT Official,F,2026-05-13T11:30:15.793354+00:00
1327,MOON Chowon,Korea Republic,530,2007-07-30,,N/A,50.0,https://wttsimfiles.blob.core.windows.net/wtt-media/photos/400px/205896_R_MOON Chowon.png,WTT Official,F,2026-05-13T11:30:17.556544+00:00
1329,Anel BAKHYT,Kazakhstan,531,2003-02-12,,Left Hand / Shakehand,44.44444444444444,https://wttsimfiles.blob.core.windows.net/wtt-media/photos/400px/133074_Headshot_R_Anel BAKHYT.png,WTT Official,F,2026-05-13T11:30:19.326796+00:00
1331,MAIARA AGNONE,Brazil,532,2010-02-09,,N/A,64.28571428571429,https://wttsimfiles.blob.core.windows.net/wtt-media/photos/400px/200647_Headshot_R_AGNONE_Maiara.png,WTT Official,F,2026-05-13T11:30:21.092452+00:00
1332,Elinor DAVIDOV,Israel,533,2007-02-12,,N/A,44.44444444444444,https://wttwebcmsprod.blob.core.windows.net/websitefiles/images/general/men_default_left.png,WTT Official,F,2026-05-13T11:30:22.858576+00:00
1333,Evana THAPA,Nepal,534,2007-07-27,,N/A,16.666666666666668,https://wttwebcmsprod.blob.core.windows.net/websitefiles/images/general/men_default_left.png,WTT Official,F,2026-05-13T11:30:24.636051+00:00
1334,MOHD Dania,Malaysia,535,2012-10-09,,N/A,62.96296296296296,https://wttsimfiles.blob.core.windows.net/wtt-media/photos/400px/202817_Headshot_R_MOHD_Dania.png,WTT Official,F,2026-05-13T11:30:26.412142+00:00
701,Oscar BIRRIEL,Puerto Rico,484,2005-04-19,,Right Hand / Shakehand,,https://wttsimfiles.blob.core.windows.net/wtt-media/photos/400px/137175_HEADSHOT_R_BIRRIEL_Oscar.png,WTT Official,M,2026-05-13T11:20:12.322930+00:00
703,Brin VOVK PETROVSKI,Slovenia,485,2006-06-16,,Left / Shakehand,50.0,https://wttsimfiles.blob.core.windows.net/wtt-media/photos/400px/HEADSHOT_R_VOVK_Brin.png,WTT Official,M,2026-05-13T11:20:14.120494+00:00
705,Alexander CHEN,Austria,486,1993-05-11,,Right Hand / Shakehand,37.5,https://wttsimfiles.blob.core.windows.net/wtt-media/photos/400px/113914_Headshot_R_CHEN_Alexander.png,WTT Official,M,2026-05-13T11:20:15.921162+00:00
715,Aoto ASAZU,Japan,491,2000-06-11,,Left Hand / Shakehand,,https://wttwebcmsprod.blob.core.windows.net/websitefiles/images/general/men_default_left.png,WTT Official,M,2026-05-13T11:20:25.106759+00:00
717,Vladimir PETKOV,Bulgaria,492,1985-10-24,,N/A,,https://wttwebcmsprod.blob.core.windows.net/websitefiles/images/general/men_default_left.png,WTT Official,M,2026-05-13T11:20:26.927329+00:00
719,Alan KULCZYCKI,Poland,493,2006-03-21,,Right Hand / Shakehand,,https://wttwebcmsprod.blob.core.windows.net/websitefiles/images/general/men_default_left.png,WTT Official,M,2026-05-13T11:20:28.713243+00:00
721,Patryk Rafal LEWANDOWSKI,Poland,494,2003-07-28,,N/A,,https://wttwebcmsprod.blob.core.windows.net/websitefiles/images/general/men_default_left.png,WTT Official,M,2026-05-13T11:20:30.496307+00:00
723,Jakub STECYSZYN,Poland,495,2003-04-15,,N/A,,https://wttwebcmsprod.blob.core.windows.net/websitefiles/images/general/men_default_left.png,WTT Official,M,2026-05-13T11:20:32.289607+00:00
725,Taisei MATSUSHITA,Japan,496,1996-08-05,,N/A,,https://wttwebcmsprod.blob.core.windows.net/websitefiles/images/general/men_default_left.png,WTT Official,M,2026-05-13T11:20:34.088201+00:00
729,CHOI Hojun,Korea Republic,498,2006-12-08,,N/A,40.0,https://wttsimfiles.blob.core.windows.net/wtt-media/photos/400px/209002_R_CHOI Hojun.png,WTT Official,M,2026-05-13T11:20:37.670202+00:00
438,Patryk ZYWORONEK,Poland,34,2009-02-24,,N/A,76.3157894736842,https://wttsimfiles.blob.core.windows.net/wtt-media/photos/400px/200558_Headshot_R_Patryk ZYWORONEK.png,WTT Official,F,2026-05-13T21:13:21.449740+00:00
733,Abdulla MAMAY,Kazakhstan,500,2006-01-19,,N/A,,https://wttwebcmsprod.blob.core.windows.net/websitefiles/images/general/men_default_left.png,WTT Official,M,2026-05-13T11:20:41.324831+00:00
713,Giacomo IZZO,Italy,60,2007-02-05,,Right Hand / Shakehand,58.333333333333336,https://wttwebcmsprod.blob.core.windows.net/websitefiles/images/general/men_default_left.png,WTT Official,F,2026-05-13T21:13:42.272770+00:00
1335,Yumiko KATORI,Japan,536,2009-09-08,,N/A,,https://wttsimfiles.blob.core.windows.net/wtt-media/photos/400px/201790_HEADSHOT_R_KATORI_Yumiko.png,WTT Official,F,2026-05-13T11:30:28.555539+00:00
1336,Edena PREVOT,Madagascar,537,2008-04-04,,N/A,14.285714285714286,https://wttwebcmsprod.blob.core.windows.net/websitefiles/images/general/men_default_left.png,WTT Official,F,2026-05-13T11:30:30.365183+00:00
1337,Nihal ALQAHTANI,Saudi Arabia,538,2011-10-18,,N/A,31.57894736842105,https://wttsimfiles.blob.core.windows.net/wtt-media/photos/400px/206727_Headshot_R_ALQAHTANI_Nihal.png,WTT Official,F,2026-05-13T11:30:32.236395+00:00
1338,JI Eunchae,Korea Republic,539,1996-11-04,,Left Hand / Shakehand,,https://wttwebcmsprod.blob.core.windows.net/websitefiles/images/general/men_default_left.png,WTT Official,F,2026-05-13T11:30:34.001050+00:00
1340,Georgia AVRAAM,Cyprus,540,2000-10-23,,Right Hand / Shakehand,,https://wttwebcmsprod.blob.core.windows.net/websitefiles/images/general/men_default_left.png,WTT Official,F,2026-05-13T11:30:35.765235+00:00
1342,PAK Su Gyong,Korea DPR,541,2002-12-04,,N/A,,https://wttsimfiles.blob.core.windows.net/wtt-media/photos/400px/145054_Headshot_R_PAK Su Gyong.png,WTT Official,F,2026-05-13T11:30:37.536203+00:00
1344,Lisa GEAR,New Zealand,542,2008-02-28,,N/A,,https://wttsimfiles.blob.core.windows.net/wtt-media/photos/400px/200205_Headshot_R_Lisa GEAR.png,WTT Official,F,2026-05-13T11:30:39.321764+00:00
1346,Sonam SOMA,Bangladesh,543,1987-11-11,,Right Hand / Shakehand,,https://wttwebcmsprod.blob.core.windows.net/websitefiles/images/general/men_default_left.png,WTT Official,F,2026-05-13T11:30:41.106691+00:00
1348,Maria PICU,Italy,544,2010-02-13,,N/A,20.0,https://wttwebcmsprod.blob.core.windows.net/websitefiles/images/general/men_default_left.png,WTT Official,F,2026-05-13T11:30:42.905552+00:00
1350,Sampada BHIWANDKAR,India,545,2005-06-01,,N/A,66.66666666666667,https://wttwebcmsprod.blob.core.windows.net/websitefiles/images/general/men_default_left.png,WTT Official,F,2026-05-13T11:30:44.669451+00:00
1352,Olga VISHNIAKOVA,AIN,546,2001-04-05,,Right Hand / Shakehand,50.0,https://wttwebcmsprod.blob.core.windows.net/websitefiles/images/general/men_default_left.png,WTT Official,F,2026-05-13T11:30:46.433984+00:00
1354,Nina NEMETHOVA,Slovak Republic,547,2007-07-30,,N/A,33.333333333333336,https://wttwebcmsprod.blob.core.windows.net/websitefiles/images/general/men_default_left.png,WTT Official,F,2026-05-13T11:30:48.209537+00:00
1356,Lizett FAZEKAS,Croatia,548,2013-02-22,,N/A,96.15384615384616,https://wttwebcmsprod.blob.core.windows.net/websitefiles/images/general/men_default_left.png,WTT Official,F,2026-05-13T11:30:49.982573+00:00
1358,Isabella XU,USA,549,2006-11-04,,N/A,,https://wttsimfiles.blob.core.windows.net/wtt-media/photos/400px/135689_HEADSHOT_R_Isabella_XU.png,WTT Official,F,2026-05-13T11:30:51.753121+00:00
1360,LIU Hsing-Yin,Chinese Taipei,550,1987-10-09,,Right Hand / Shakehand,,https://wttsimfiles.blob.core.windows.net/wtt-media/photos/400px/113300_Headshot_R_LIU_Hsing-Yin.png,WTT Official,F,2026-05-13T11:30:53.558914+00:00
1362,Kayla GOODWIN,USA,551,2007-02-11,,N/A,,https://wttsimfiles.blob.core.windows.net/wtt-media/photos/400px/135715_HEADSHOT_R_GOODWIN_Kayla.png,WTT Official,F,2026-05-13T11:30:55.324183+00:00
1364,Agnes SVENSSON,Sweden,552,2007-03-10,,N/A,,https://wttsimfiles.blob.core.windows.net/wtt-media/photos/400px/200186_Headshot_R_SVENSSON_Agnes.png,WTT Official,F,2026-05-13T11:30:57.088592+00:00
1702,Lucas BAYONA,Argentina,987,1994-08-13,,N/A,,https://wttwebcmsprod.blob.core.windows.net/websitefiles/images/general/men_default_left.png,WTT Official,M,2026-05-13T11:36:21.591242+00:00
711,Noah VITEL,France,73,2009-10-09,,N/A,63.1578947368421,https://wttsimfiles.blob.core.windows.net/wtt-media/photos/400px/201075_Headshot_R_VITEL_Noah.png,WTT Official,F,2026-05-13T21:13:52.891089+00:00
731,HUANG Xunan,China,94,2007-10-19,,N/A,82.3529411764706,https://wttsimfiles.blob.core.windows.net/wtt-media/photos/400px/202981_HEADSHOT_R_HUANG_Xunan.png,WTT Official,F,2026-05-13T21:14:09.643694+00:00
709,LAI Yong Han,Malaysia,132,2007-03-02,,N/A,45.0,https://wttsimfiles.blob.core.windows.net/wtt-media/photos/400px/144793_Headshot_R_LAI Yong Han.png,WTT Official,F,2026-05-13T21:14:53.689745+00:00
727,Kumar HARSHIT,India,206,2007-03-25,,N/A,57.142857142857146,https://wttwebcmsprod.blob.core.windows.net/websitefiles/images/general/men_default_left.png,WTT Official,F,2026-05-13T21:16:08.343680+00:00
697,Ramon VILA,Dominican Republic,212,2007-02-05,,N/A,57.142857142857146,https://wttwebcmsprod.blob.core.windows.net/websitefiles/images/general/men_default_left.png,WTT Official,F,2026-05-13T21:16:13.379821+00:00
699,Anav GUPTA,USA,311,2007-11-25,,N/A,57.142857142857146,https://wttwebcmsprod.blob.core.windows.net/websitefiles/images/general/men_default_left.png,WTT Official,F,2026-05-13T21:17:48.676966+00:00
738,Hend FATHY,Egypt,238,2003-12-21,,Left Hand / Shakehand,,https://wttsimfiles.blob.core.windows.net/wtt-media/photos/400px/132023_HEADSHOT_R_FATHY_Hend.png,WTT Official,F,2026-05-13T11:20:49.835999+00:00
739,CHEN Min-Hsin,Chinese Taipei,240,2009-07-12,,N/A,76.92307692307692,https://wttsimfiles.blob.core.windows.net/wtt-media/photos/400px/203313_R_CHEN Min-Hsin.png,WTT Official,F,2026-05-13T11:20:53.920714+00:00
741,Anne UESAWA,Japan,241,2007-02-26,,Left Hand / Shakehand,,https://wttsimfiles.blob.core.windows.net/wtt-media/photos/400px/136712_Headshot_R_Anne UESAWA.png,WTT Official,F,2026-05-13T11:20:55.684304+00:00
742,Azeez SOLANKE,Nigeria,502,2001-11-15,,Left Hand / Shakehand,,https://wttwebcmsprod.blob.core.windows.net/websitefiles/images/general/men_default_left.png,WTT Official,M,2026-05-13T11:20:56.779787+00:00
743,Ivy LIAO,Canada,242,2001-06-12,,Right Hand / Shakehand,71.42857142857143,https://wttsimfiles.blob.core.windows.net/wtt-media/photos/400px/122419_HEADSHOT_R_LIAO_Ivy.png,WTT Official,F,2026-05-13T11:20:57.486592+00:00
744,Zo RAZAFINDRALAMBO,Madagascar,503,1994-06-01,,N/A,,https://wttwebcmsprod.blob.core.windows.net/websitefiles/images/general/men_default_left.png,WTT Official,M,2026-05-13T11:20:58.567960+00:00
745,YAN Yutong,China,243,2008-01-18,,N/A,37.5,https://wttsimfiles.blob.core.windows.net/wtt-media/photos/400px/202970_Headshot_R_YAN Yutong.png,WTT Official,F,2026-05-13T11:20:59.261126+00:00
746,Usman AYOOLA,Nigeria,504,2009-12-04,,N/A,,https://wttwebcmsprod.blob.core.windows.net/websitefiles/images/general/men_default_left.png,WTT Official,M,2026-05-13T11:21:00.360163+00:00
747,Matilda HANSSON,Sweden,244,2003-04-23,,Right Hand / Shakehand,66.66666666666667,https://wttsimfiles.blob.core.windows.net/wtt-media/photos/400px/131454_HEADSHOT_R_HANSSON_Matilda.png,WTT Official,F,2026-05-13T11:21:01.080247+00:00
748,Mustapha MUSTAPHA,Nigeria,505,2008-10-12,,Right Hand / Shakehand,,https://wttwebcmsprod.blob.core.windows.net/websitefiles/images/general/men_default_left.png,WTT Official,M,2026-05-13T11:21:02.187410+00:00
749,Miku MATSUSHIMA,Japan,245,2013-06-24,,N/A,94.02985074626865,https://wttsimfiles.blob.core.windows.net/wtt-media/photos/400px/205512_Headshot_R_Miku_MATSUSHIMA.png,WTT Official,F,2026-05-13T11:21:02.843717+00:00
750,Sultan AGUNBIADE,Nigeria,506,2008-01-30,,N/A,,https://wttwebcmsprod.blob.core.windows.net/websitefiles/images/general/men_default_left.png,WTT Official,M,2026-05-13T11:21:03.969517+00:00
751,Hend ZAZA,Syria,246,2009-01-01,,N/A,,https://wttwebcmsprod.blob.core.windows.net/websitefiles/images/general/men_default_left.png,WTT Official,F,2026-05-13T11:21:04.637863+00:00
752,Yaya AZEEZ,Nigeria,507,2000-11-07,,N/A,,https://wttwebcmsprod.blob.core.windows.net/websitefiles/images/general/men_default_left.png,WTT Official,M,2026-05-13T11:21:05.753172+00:00
753,LAI Chloe,Singapore,247,2007-03-02,,Right Hand / Shakehand,45.0,https://wttsimfiles.blob.core.windows.net/wtt-media/photos/400px/135571_Headshot_R_LAI Chloe.png,WTT Official,F,2026-05-13T11:21:06.399491+00:00
754,MAK Tin Ian,"Macao, China",508,2004-09-03,,N/A,0.0,https://wttsimfiles.blob.core.windows.net/wtt-media/photos/400px/135169_MAK_Tin Ian_R.png,WTT Official,M,2026-05-13T11:21:07.543913+00:00
755,CHEN Chia-I,Chinese Taipei,248,2006-06-29,,Right Hand / Shakehand,,https://wttsimfiles.blob.core.windows.net/wtt-media/photos/400px/HEADSHOT_R_CHEN_Chia-I.png,WTT Official,F,2026-05-13T11:21:08.197029+00:00
756,Oba Kizito OBA,Cote d'Ivoire,509,1995-01-12,,Right Hand / Shakehand,,https://wttwebcmsprod.blob.core.windows.net/websitefiles/images/general/men_default_left.png,WTT Official,M,2026-05-13T11:21:09.361110+00:00
757,Rosalba AGUIAR,Cuba,249,2005-02-24,,N/A,,https://wttsimfiles.blob.core.windows.net/wtt-media/photos/400px/124049_HEADSHOT_R_AGUIAR LA O_Rosalba.png,WTT Official,F,2026-05-13T11:21:09.966909+00:00
759,Charlotte CAREY,Wales,250,1996-06-11,,Left Hand / Shakehand,55.55555555555556,https://wttsimfiles.blob.core.windows.net/wtt-media/photos/400px/113587_Headshot_R_CAREY_Charlotte.png,WTT Official,F,2026-05-13T11:21:11.734123+00:00
760,Livan MARTINEZ,Cuba,511,1998-01-31,,Right Hand / Shakehand,,https://wttwebcmsprod.blob.core.windows.net/websitefiles/images/general/men_default_left.png,WTT Official,M,2026-05-13T11:21:12.936792+00:00
761,Yashini SIVASANKAR,India,251,2000-03-26,,Right Hand / Shakehand,66.66666666666667,https://wttsimfiles.blob.core.windows.net/wtt-media/photos/400px/132760_Headshot_R_Yashini SIVASANKAR.png,WTT Official,F,2026-05-13T11:21:13.508646+00:00
762,Ernest QUARCOO,Ghana,512,1994-04-02,,N/A,,https://wttwebcmsprod.blob.core.windows.net/websitefiles/images/general/men_default_left.png,WTT Official,M,2026-05-13T11:21:14.731731+00:00
763,CHOI Seoyeon,Korea Republic,252,2009-03-21,,N/A,77.77777777777777,https://wttsimfiles.blob.core.windows.net/wtt-media/photos/400px/145805_Headshot_R_CHOI_Seoyeon.png,WTT Official,F,2026-05-13T11:21:15.298597+00:00
628,Khai LAM,Norway,42,2007-02-05,,Right Hand / Shakehand,77.41935483870968,https://wttwebcmsprod.blob.core.windows.net/websitefiles/images/general/men_default_left.png,WTT Official,F,2026-05-13T21:13:27.868959+00:00
765,Phatsaraphon WONGLAKHON,Thailand,253,2007-06-07,,N/A,80.0,https://wttsimfiles.blob.core.windows.net/wtt-media/photos/400px/202345_Headshot_R_Phatsaraphon WONGLAKHON.png,WTT Official,F,2026-05-13T11:21:17.063941+00:00
766,Suraju SAKA,Congo Brazzaville,514,1976-05-05,,N/A,,https://wttwebcmsprod.blob.core.windows.net/websitefiles/images/general/men_default_left.png,WTT Official,M,2026-05-13T11:21:18.324588+00:00
767,Judith NANGONZI,Uganda,254,2008-02-03,,N/A,33.333333333333336,https://wttsimfiles.blob.core.windows.net/wtt-media/photos/400px/202164_Headshot_R_Judith NANGONZI.png,WTT Official,F,2026-05-13T11:21:18.863552+00:00
768,Bakang MALOKA,Botswana,515,1997-01-09,,N/A,,https://wttwebcmsprod.blob.core.windows.net/websitefiles/images/general/men_default_left.png,WTT Official,M,2026-05-13T11:21:20.133207+00:00
769,Cristina GOMEZ,Venezuela,255,2004-06-24,,N/A,,https://wttwebcmsprod.blob.core.windows.net/websitefiles/images/general/men_default_left.png,WTT Official,F,2026-05-13T11:21:20.639774+00:00
770,Exauce NGEFUASSA,Congo Democratic,516,2004-06-12,,Right Hand / Shakehand,,https://wttwebcmsprod.blob.core.windows.net/websitefiles/images/general/men_default_left.png,WTT Official,M,2026-05-13T11:21:22.257052+00:00
771,Favour OJO,Nigeria,256,2010-07-14,,N/A,,https://wttwebcmsprod.blob.core.windows.net/websitefiles/images/general/men_default_left.png,WTT Official,F,2026-05-13T11:21:22.411283+00:00
772,Sedik TCHAGOLE,Togo,517,2002-07-10,,N/A,,https://wttwebcmsprod.blob.core.windows.net/websitefiles/images/general/men_default_left.png,WTT Official,M,2026-05-13T11:21:24.051248+00:00
773,Casonya BATES,Cook Islands,257,2009-05-09,,N/A,,https://wttwebcmsprod.blob.core.windows.net/websitefiles/images/general/men_default_left.png,WTT Official,F,2026-05-13T11:21:24.204620+00:00
774,Rene MENDEZ,Cuba,518,2002-07-11,,N/A,,https://wttwebcmsprod.blob.core.windows.net/websitefiles/images/general/men_default_left.png,WTT Official,M,2026-05-13T11:21:25.845096+00:00
775,Kristal MELENDEZ,Puerto Rico,258,2006-03-09,,Right Hand / Shakehand,100.0,https://wttsimfiles.blob.core.windows.net/wtt-media/photos/400px/137183_HEADSHOT_R_Kristal MELENDEZ.png,WTT Official,F,2026-05-13T11:21:26.002706+00:00
776,Henrique NOGUTI,Brazil,519,2004-07-19,,N/A,,https://wttsimfiles.blob.core.windows.net/wtt-media/photos/400px/136409_HEADSHOT_R_NOGUTI_Henrique.png,WTT Official,M,2026-05-13T11:21:27.641189+00:00
777,Eva BRITO,Dominican Republic,259,1995-09-14,,Right Hand / Shakehand,33.333333333333336,https://wttsimfiles.blob.core.windows.net/wtt-media/photos/400px/111517_Headshot_R_Eva BRITO.png,WTT Official,F,2026-05-13T11:21:27.813104+00:00
779,LEE Hoi Man,"Hong Kong, China",260,2003-12-11,,Right Hand / Shakehand,62.5,https://wttsimfiles.blob.core.windows.net/wtt-media/photos/400px/132320_HEADSHOT_R_ LEE_Hoi Man.png,WTT Official,F,2026-05-13T11:21:29.617060+00:00
783,Isabel ALBINO,Angola,262,1998-08-07,,N/A,57.142857142857146,https://wttsimfiles.blob.core.windows.net/wtt-media/photos/400px/120719_Headshot_R_Isabel ALBINO.png,WTT Official,F,2026-05-13T11:21:33.190669+00:00
787,Andrea PAVLOVIC,Croatia,264,2000-01-27,,Right Hand / Shakehand,55.55555555555556,https://wttsimfiles.blob.core.windows.net/wtt-media/photos/400px/122988_Headshot_R_PAVLOVIC_Andrea.png,WTT Official,F,2026-05-13T11:21:37.206563+00:00
791,Kahealani MOUSSON,Tahiti,266,2007-08-18,,N/A,,https://wttwebcmsprod.blob.core.windows.net/websitefiles/images/general/men_default_left.png,WTT Official,F,2026-05-13T11:21:41.041871+00:00
793,Lorenza KOULAOUINHI,Cameroon,267,2007-06-27,,N/A,,https://wttwebcmsprod.blob.core.windows.net/websitefiles/images/general/men_default_left.png,WTT Official,F,2026-05-13T11:21:42.835968+00:00
795,Nathaly PAREDES,Ecuador,268,2001-02-09,,Right Hand / Shakehand,,https://wttwebcmsprod.blob.core.windows.net/websitefiles/images/general/men_default_left.png,WTT Official,F,2026-05-13T11:21:44.697821+00:00
797,Estela CRESPO,Cuba,269,2004-01-18,,N/A,,https://wttsimfiles.blob.core.windows.net/wtt-media/photos/400px/136406_HEADSHOT_R_CRESPO_Estela.png,WTT Official,F,2026-05-13T11:21:46.486866+00:00
799,Jinnipa SAWETTABUT,Thailand,270,2000-05-19,,Right Hand / Shakehand,66.66666666666667,https://wttsimfiles.blob.core.windows.net/wtt-media/photos/400px/123894_Headshot_R_SAWETTABUT_Jinnipa.png,WTT Official,F,2026-05-13T11:21:48.315125+00:00
801,Maria BERZOSA,Spain,271,2008-03-02,,N/A,72.0,https://wttsimfiles.blob.core.windows.net/wtt-media/photos/400px/144098_HEADHOT_R_Maria BERZOSA.png,WTT Official,F,2026-05-13T11:21:50.140046+00:00
803,Aneta MAKSUTI,Serbia,272,1995-11-07,,Right Hand / Shakehand,57.142857142857146,https://wttwebcmsprod.blob.core.windows.net/websitefiles/images/general/men_default_left.png,WTT Official,F,2026-05-13T11:21:51.947358+00:00
805,Sofia VEGA,Chile,273,2004-09-18,,N/A,37.5,https://wttsimfiles.blob.core.windows.net/wtt-media/photos/400px/136424_HEADSHOT_R_VEGA_Sofia.png,WTT Official,F,2026-05-13T11:21:53.753220+00:00
807,Camila ARGUELLES,Argentina,274,1990-01-22,,Left Hand / Shakehand,33.333333333333336,https://wttsimfiles.blob.core.windows.net/wtt-media/photos/400px/119109_Headshot_R_ARGUELLES_Camila.png,WTT Official,F,2026-05-13T11:21:55.740618+00:00
809,Suhana SAINI,India,275,2006-02-28,,Right Hand / Shakehand,53.84615384615385,https://wttsimfiles.blob.core.windows.net/wtt-media/photos/400px/131914_HEADSHOT_R_SAINI_Suhana.png,WTT Official,F,2026-05-13T11:21:57.531567+00:00
811,Nina GUO ZHENG,France,276,2010-06-13,,N/A,70.2127659574468,https://wttsimfiles.blob.core.windows.net/wtt-media/photos/400px/146232_Headshot_R_Nina GUO ZHENG.png,WTT Official,F,2026-05-13T11:21:59.358108+00:00
813,CHEN Chi-Shiuan,Chinese Taipei,277,2005-10-18,,N/A,55.55555555555556,https://wttsimfiles.blob.core.windows.net/wtt-media/photos/400px/146280_Headshot_R_CHEN_Chi-Shiuan.png,WTT Official,F,2026-05-13T11:22:01.498050+00:00
815,KIM Seoyun,Korea Republic,278,2003-03-01,,Right Hand / Shakehand,50.0,https://wttsimfiles.blob.core.windows.net/wtt-media/photos/400px/135373_HEADSHOT_R_KIM_Seoyun.png,WTT Official,F,2026-05-13T11:22:03.318424+00:00
817,Dora COSIC,Croatia,279,2005-06-02,,Right Hand / Shakehand,55.55555555555556,https://wttwebcmsprod.blob.core.windows.net/websitefiles/images/general/men_default_left.png,WTT Official,F,2026-05-13T11:22:05.118458+00:00
819,Alaa YEHIA,Egypt,280,2002-12-01,,Right Hand / Shakehand,,https://wttwebcmsprod.blob.core.windows.net/websitefiles/images/general/men_default_left.png,WTT Official,F,2026-05-13T11:22:06.914088+00:00
821,YANG Huize,China,281,2010-03-17,,N/A,75.0,https://wttsimfiles.blob.core.windows.net/wtt-media/photos/400px/206219_HEADSHOT_R_YANG_Huize.png,WTT Official,F,2026-05-13T11:22:08.708316+00:00
823,Victoria STRASSBURGER,Brazil,282,2005-08-11,,N/A,50.0,https://wttsimfiles.blob.core.windows.net/wtt-media/photos/400px/146091_HEADSHOT_R_STRASSBURGER_Victoria.png,WTT Official,F,2026-05-13T11:22:10.528912+00:00
825,Ozge YILMAZ,Türkiye,283,2002-11-04,,Left Hand / Shakehand,28.571428571428573,https://wttsimfiles.blob.core.windows.net/wtt-media/photos/400px/133026_Headshot_R_YILMAZ Ozge.png,WTT Official,F,2026-05-13T11:22:12.346494+00:00
827,KONG Tsz Lam,"Hong Kong, China",284,2004-06-10,,Right Hand / Shakehand,30.0,https://wttsimfiles.blob.core.windows.net/wtt-media/photos/400px/HEADSHOT_R_KONG_Tsz_Lam.png,WTT Official,F,2026-05-13T11:22:14.138839+00:00
829,Rebeka NAGY,Hungary,285,2008-11-07,,N/A,71.42857142857143,https://wttwebcmsprod.blob.core.windows.net/websitefiles/images/general/men_default_left.png,WTT Official,F,2026-05-13T11:22:15.928094+00:00
831,Anna BRZYSKA,Poland,286,2005-06-16,,Right Hand / Shakehand,50.0,https://wttsimfiles.blob.core.windows.net/wtt-media/photos/400px/133758_HEADSHOT_R_BRZYSKA_Anna.png,WTT Official,F,2026-05-13T11:22:17.720145+00:00
833,Alexia NODIN,France,287,2010-10-18,,N/A,75.86206896551724,https://wttsimfiles.blob.core.windows.net/wtt-media/photos/400px/201083_Headshot_R_Alexia NODIN.png,WTT Official,F,2026-05-13T11:22:19.513681+00:00
835,Mariam BRAHIMI,Tunisia,288,2010-10-13,,N/A,10.0,https://wttwebcmsprod.blob.core.windows.net/websitefiles/images/general/men_default_left.png,WTT Official,F,2026-05-13T11:22:21.309592+00:00
837,Fadwa GARCI,Tunisia,289,2002-02-06,,Right Hand / Shakehand,0.0,https://wttwebcmsprod.blob.core.windows.net/websitefiles/images/general/men_default_left.png,WTT Official,F,2026-05-13T11:22:23.133582+00:00
839,Maram ZOGHLAMI,Tunisia,290,2005-02-16,,Right Hand / Shakehand,0.0,https://wttsimfiles.blob.core.windows.net/wtt-media/photos/400px/131741_HEADSHOT_R_ZOGHLAMI_Maram.png,WTT Official,F,2026-05-13T11:22:24.927315+00:00
841,Danielle KELLY,Wales,291,2002-10-19,,N/A,40.0,https://wttwebcmsprod.blob.core.windows.net/websitefiles/images/general/men_default_left.png,WTT Official,F,2026-05-13T11:22:26.715497+00:00
843,Vanille MAUAHITI,Tahiti,292,2004-11-23,,N/A,,https://wttwebcmsprod.blob.core.windows.net/websitefiles/images/general/men_default_left.png,WTT Official,F,2026-05-13T11:22:28.525817+00:00
847,Nora DOHOCZKI,Hungary,294,2009-04-14,,N/A,70.58823529411765,https://wttsimfiles.blob.core.windows.net/wtt-media/photos/400px/HEADSHOT_R_DOHOCZKI_Nora.png,WTT Official,F,2026-05-13T11:22:32.098757+00:00
849,Nomin BAASAN,Sweden,295,2004-07-27,,Right Hand / Shakehand,25.0,https://wttsimfiles.blob.core.windows.net/wtt-media/photos/400px/131455_HEADSHOT_R_BAASAN_Nomin.png,WTT Official,F,2026-05-13T11:22:33.905050+00:00
851,Kheith CRUZ,Philippines,296,2006-12-30,,Right Hand / Shakehand,,https://wttsimfiles.blob.core.windows.net/wtt-media/photos/400px/136491_HEADSHOT_R_Kheith CRUZ.png,WTT Official,F,2026-05-13T11:22:35.704936+00:00
853,Hansini MATHAN,India,297,2009-04-30,,N/A,67.85714285714286,https://wttsimfiles.blob.core.windows.net/wtt-media/photos/400px/145804_Headshot_R_MATHAN_Hansini.png,WTT Official,F,2026-05-13T11:22:37.524499+00:00
855,Krittwika ROY,India,298,1994-02-27,,Right Hand / Shakehand,,https://wttsimfiles.blob.core.windows.net/wtt-media/photos/400px/117035_Headshot_R_ROY_Krittwika.png,WTT Official,F,2026-05-13T11:22:39.358236+00:00
780,Farouk SALIFOU,Benin,521,1984-07-10,,N/A,0.0,https://wttwebcmsprod.blob.core.windows.net/websitefiles/images/general/men_default_left.png,WTT Official,M,2026-05-13T11:21:31.226727+00:00
782,Zayyan SK. HOSSEIN,Mauritius,522,2004-09-24,,Right Hand / Shakehand,,https://wttwebcmsprod.blob.core.windows.net/websitefiles/images/general/men_default_left.png,WTT Official,M,2026-05-13T11:21:33.041305+00:00
784,Rabby KASOTA,Congo Democratic,523,2002-02-14,,N/A,,https://wttwebcmsprod.blob.core.windows.net/websitefiles/images/general/men_default_left.png,WTT Official,M,2026-05-13T11:21:34.888059+00:00
786,Francisco FERNANDES,Angola,524,2003-12-09,,N/A,,https://wttwebcmsprod.blob.core.windows.net/websitefiles/images/general/men_default_left.png,WTT Official,M,2026-05-13T11:21:36.964428+00:00
788,Drake THOMA,Nauru,525,1988-05-21,,N/A,,https://wttwebcmsprod.blob.core.windows.net/websitefiles/images/general/men_default_left.png,WTT Official,M,2026-05-13T11:21:39.090127+00:00
790,Sridhar KARRA,Fiji,526,1976-10-08,,N/A,,https://wttwebcmsprod.blob.core.windows.net/websitefiles/images/general/men_default_left.png,WTT Official,M,2026-05-13T11:21:40.882260+00:00
792,Delcio CASSULE,Angola,527,1997-10-03,,N/A,14.285714285714286,https://wttwebcmsprod.blob.core.windows.net/websitefiles/images/general/men_default_left.png,WTT Official,M,2026-05-13T11:21:42.670222+00:00
794,Sanyog KAPALI,Nepal,528,2003-12-28,,N/A,50.0,https://wttwebcmsprod.blob.core.windows.net/websitefiles/images/general/men_default_left.png,WTT Official,M,2026-05-13T11:21:44.459413+00:00
796,Yeifrer Yoandri SOTELDO GOYO,Venezuela,529,2006-06-29,,N/A,,https://wttwebcmsprod.blob.core.windows.net/websitefiles/images/general/men_default_left.png,WTT Official,M,2026-05-13T11:21:46.246828+00:00
798,Elizandro ANDRE,Angola,530,1996-10-07,,N/A,33.333333333333336,https://wttwebcmsprod.blob.core.windows.net/websitefiles/images/general/men_default_left.png,WTT Official,M,2026-05-13T11:21:48.035552+00:00
800,Alexis ORENCEL,Argentina,531,2000-03-28,,Right Hand / Shakehand,,https://wttwebcmsprod.blob.core.windows.net/websitefiles/images/general/men_default_left.png,WTT Official,M,2026-05-13T11:21:49.826084+00:00
804,Ben Moussa DOSSO,Cote d'Ivoire,533,2005-08-10,,N/A,60.0,https://wttwebcmsprod.blob.core.windows.net/websitefiles/images/general/men_default_left.png,WTT Official,M,2026-05-13T11:21:53.744128+00:00
806,Abdullah ABDULWAHHAB,Qatar,534,2004-10-03,,N/A,0.0,https://wttsimfiles.blob.core.windows.net/wtt-media/photos/400px/144667_Headshot_R_Abdullah ABDULWAHHAB.png,WTT Official,M,2026-05-13T11:21:55.698701+00:00
812,CHOONG Javen,Malaysia,537,2001-02-03,,Right Hand / Shakehand,16.666666666666668,https://wttsimfiles.blob.core.windows.net/wtt-media/photos/400px/131932_Headshot_R_CHOONG Javen.png,WTT Official,M,2026-05-13T11:22:01.071865+00:00
816,Diego ORANTES,El Salvador,539,2001-12-18,,Left Hand / Shakehand,,https://wttwebcmsprod.blob.core.windows.net/websitefiles/images/general/men_default_left.png,WTT Official,M,2026-05-13T11:22:04.660024+00:00
820,NG Wann Sing Danny,Malaysia,541,2002-02-24,,Left Hand / Shakehand,,https://wttwebcmsprod.blob.core.windows.net/websitefiles/images/general/men_default_left.png,WTT Official,M,2026-05-13T11:22:08.221839+00:00
830,Irisbek ARTUKMETOV,Kazakhstan,546,2002-08-18,,N/A,0.0,https://wttwebcmsprod.blob.core.windows.net/websitefiles/images/general/men_default_left.png,WTT Official,M,2026-05-13T11:22:17.220047+00:00
832,LI Hon Ming,"Hong Kong, China",547,1996-01-13,,Right Hand / Shakehand,16.666666666666668,https://wttsimfiles.blob.core.windows.net/wtt-media/photos/400px/115548_Headshot_R_LI_Hon_Ming.png,WTT Official,M,2026-05-13T11:22:19.084346+00:00
834,Rodrigo HIDALGO,Peru,548,2000-09-02,,Right Hand / Shakehand,42.857142857142854,https://wttwebcmsprod.blob.core.windows.net/websitefiles/images/general/men_default_left.png,WTT Official,M,2026-05-13T11:22:20.859837+00:00
836,Jorge PAREDES,Chile,549,2001-03-29,,Left Hand / Shakehand,,https://wttwebcmsprod.blob.core.windows.net/websitefiles/images/general/men_default_left.png,WTT Official,M,2026-05-13T11:22:22.665158+00:00
838,BACK Donghoon,Korea Republic,550,2006-11-18,,Right Hand / Shakehand,57.142857142857146,https://wttwebcmsprod.blob.core.windows.net/websitefiles/images/general/men_default_left.png,WTT Official,M,2026-05-13T11:22:24.450933+00:00
840,Ankhbayar BILGUUN,Mongolia,551,2009-01-28,,N/A,16.666666666666668,https://wttwebcmsprod.blob.core.windows.net/websitefiles/images/general/men_default_left.png,WTT Official,M,2026-05-13T11:22:26.230920+00:00
842,Phakpoom SANGUANSIN,Thailand,552,1983-07-23,,N/A,30.0,https://wttsimfiles.blob.core.windows.net/wtt-media/photos/400px/108276_HEADSHOT_R_SANGUANSIN_Phakpoom.png,WTT Official,M,2026-05-13T11:22:28.010859+00:00
844,Sarayut TANCHAROEN,Thailand,553,1993-02-18,,N/A,50.0,https://wttsimfiles.blob.core.windows.net/wtt-media/photos/400px/117914_HEADSHOT_R_TANCHAROEN_Sarayut.png,WTT Official,M,2026-05-13T11:22:29.792566+00:00
846,Michal GAWLAS,Poland,554,2005-01-02,,N/A,,https://wttwebcmsprod.blob.core.windows.net/websitefiles/images/general/men_default_left.png,WTT Official,M,2026-05-13T11:22:31.572869+00:00
848,Mohammadjavad SOHRABI,Iran,555,2003-12-08,,Right Hand / Shakehand,,https://wttwebcmsprod.blob.core.windows.net/websitefiles/images/general/men_default_left.png,WTT Official,M,2026-05-13T11:22:33.353374+00:00
850,Tom SCHOLTES,Luxembourg,556,2004-07-31,,Right Hand / Shakehand,20.0,https://wttwebcmsprod.blob.core.windows.net/websitefiles/images/general/men_default_left.png,WTT Official,M,2026-05-13T11:22:35.139763+00:00
476,Nathan LAM,France,48,2007-04-28,,N/A,80.95238095238095,https://wttsimfiles.blob.core.windows.net/wtt-media/photos/400px/144530_HEADSHOT_R_Nathan LAM.png,WTT Official,F,2026-05-13T21:13:32.664823+00:00
828,TSAI Tien-Yu,Chinese Taipei,66,2008-01-19,,N/A,50.0,https://wttsimfiles.blob.core.windows.net/wtt-media/photos/400px/HEADSHOT_R_TSAI_Tienyu.png,WTT Official,F,2026-05-13T21:13:47.058105+00:00
854,Evan LERICHE,France,67,2008-10-01,,N/A,60.869565217391305,https://wttwebcmsprod.blob.core.windows.net/websitefiles/images/general/men_default_left.png,WTT Official,F,2026-05-13T21:13:48.079073+00:00
852,Faraz SHAKIBA,Iran,72,2011-05-28,,N/A,,https://wttsimfiles.blob.core.windows.net/wtt-media/photos/400px/201299_Headshot_R_Faraz SHAKIBA.png,WTT Official,F,2026-05-13T21:13:52.096698+00:00
810,Tanish PENDSE,USA,104,2009-06-14,,N/A,59.375,https://wttsimfiles.blob.core.windows.net/wtt-media/photos/400px/209631_Headshot_R_Tanish PENDSE.png,WTT Official,F,2026-05-13T21:14:30.832214+00:00
822,Davi FUJII,Brazil,271,2008-02-16,,N/A,70.0,https://wttsimfiles.blob.core.windows.net/wtt-media/photos/400px/200643_HEADSHOT_R_FUJII_Davi .png,WTT Official,F,2026-05-13T21:17:02.085839+00:00
808,Andy LI,USA,283,2008-09-15,,N/A,66.66666666666667,https://wttwebcmsprod.blob.core.windows.net/websitefiles/images/general/men_default_left.png,WTT Official,F,2026-05-13T21:17:11.954872+00:00
826,Arjav GUPTA,India,415,2008-02-14,,Right hand / Shakehand,60.0,https://wttsimfiles.blob.core.windows.net/wtt-media/photos/400px/202220_HEADSHOT_R_ GUPTA_Arjav.png,WTT Official,F,2026-05-13T21:19:24.998365+00:00
802,Ahmed AL RIYAMI,Oman,949,2007-09-16,,Right Hand / Shakehand,0.0,https://wttsimfiles.blob.core.windows.net/wtt-media/photos/400px/Ahmed_AL_RIYAMI_OMA_R.png,WTT Official,F,2026-05-13T21:27:47.422264+00:00
781,Sophia KLEE,Germany,261,2003-05-08,,Right Hand / Shakehand,50.0,https://wttwebcmsprod.blob.core.windows.net/websitefiles/images/general/men_default_left.png,WTT Official,F,2026-05-13T11:21:31.415606+00:00
785,Julia LEAL,Portugal,263,2009-02-19,,N/A,69.6969696969697,https://wttsimfiles.blob.core.windows.net/wtt-media/photos/400px/145615_Headshot_R_LEAL_Julia.png,WTT Official,F,2026-05-13T11:21:35.293742+00:00
789,Mariia TAILAKOVA,AIN,265,2001-03-12,,Right Hand / Shakehand,50.0,https://wttsimfiles.blob.core.windows.net/wtt-media/photos/400px/121706_Headshot_R_ TAILAKOVA_Mariia.png,WTT Official,F,2026-05-13T11:21:39.268482+00:00
1339,Asif HAQUE,India,801,1993-02-09,,N/A,0.0,https://wttsimfiles.blob.core.windows.net/wtt-media/photos/400px/220717_Headshot_R_Asif Haque.png,WTT Official,M,2026-05-13T11:30:34.817658+00:00
1343,Soumyajit GHOSH,India,803,1993-05-10,,Right Hand / Shakehand,0.0,https://wttsimfiles.blob.core.windows.net/wtt-media/photos/400px/103070_Headshot_R_GHOSH_Soumyajit.png,WTT Official,M,2026-05-13T11:30:38.403539+00:00
1345,Omar TAHER,Iraq,804,1996-08-21,,N/A,20.0,https://wttwebcmsprod.blob.core.windows.net/websitefiles/images/general/men_default_left.png,WTT Official,M,2026-05-13T11:30:40.193921+00:00
1347,Dragos BUJOR,Romania,805,2006-08-19,,Right Hand / Shakehand,25.0,https://wttsimfiles.blob.core.windows.net/wtt-media/photos/400px/134994_HEADSHOT_R_Dragos BUJOR.png,WTT Official,M,2026-05-13T11:30:41.977548+00:00
1351,Rafael KONG,Portugal,807,2006-02-17,,Right Hand / Shakehand,,https://wttwebcmsprod.blob.core.windows.net/websitefiles/images/general/men_default_left.png,WTT Official,M,2026-05-13T11:30:45.553233+00:00
1353,Armaan DALAMAL,USA,808,2006-04-25,,N/A,0.0,https://wttsimfiles.blob.core.windows.net/wtt-media/photos/400px/203726_HEADSHOT_R_DALAMAL_Armaan.png,WTT Official,M,2026-05-13T11:30:47.344192+00:00
1357,Shemar BRITTON,Guyana,810,1998-07-13,,Left Hand / Shakehand,,https://wttwebcmsprod.blob.core.windows.net/websitefiles/images/general/men_default_left.png,WTT Official,M,2026-05-13T11:30:50.925106+00:00
1359,Khalid ALSHAREIF,Saudi Arabia,811,2004-08-04,,Right Hand / Shakehand,71.42857142857143,https://wttsimfiles.blob.core.windows.net/wtt-media/photos/400px/132081_HEADSHOT_R_ALSHAREIF_Khalid.png,WTT Official,M,2026-05-13T11:30:52.713967+00:00
1367,Musa MUSTAPHA,Nigeria,815,2010-07-04,,Right Hand / Shakehand,,https://wttwebcmsprod.blob.core.windows.net/websitefiles/images/general/men_default_left.png,WTT Official,M,2026-05-13T11:30:59.863968+00:00
1369,Hussein ADEOYE,Nigeria,816,2010-05-23,,N/A,,https://wttwebcmsprod.blob.core.windows.net/websitefiles/images/general/men_default_left.png,WTT Official,M,2026-05-13T11:31:02.145608+00:00
1371,Francis ANTWI,Ghana,817,2004-10-06,,N/A,,https://wttwebcmsprod.blob.core.windows.net/websitefiles/images/general/men_default_left.png,WTT Official,M,2026-05-13T11:31:03.966775+00:00
1373,Samuel BOBOYE,Nigeria,818,2004-02-14,,N/A,,https://wttwebcmsprod.blob.core.windows.net/websitefiles/images/general/men_default_left.png,WTT Official,M,2026-05-13T11:31:05.758991+00:00
1375,Amadi OMEH,Nigeria,819,2001-12-20,,Right Hand / Shakehand,,https://wttwebcmsprod.blob.core.windows.net/websitefiles/images/general/men_default_left.png,WTT Official,M,2026-05-13T11:31:07.567495+00:00
1377,Abdulraheem SANNI,Nigeria,820,2001-08-27,,N/A,,https://wttwebcmsprod.blob.core.windows.net/websitefiles/images/general/men_default_left.png,WTT Official,M,2026-05-13T11:31:09.377715+00:00
1379,Joshua OLADIRAN,Nigeria,821,1998-10-04,,Right Hand / Shakehand,,https://wttwebcmsprod.blob.core.windows.net/websitefiles/images/general/men_default_left.png,WTT Official,M,2026-05-13T11:31:11.181956+00:00
1381,Qudus OLADEJO,Nigeria,822,1996-04-20,,N/A,,https://wttwebcmsprod.blob.core.windows.net/websitefiles/images/general/men_default_left.png,WTT Official,M,2026-05-13T11:31:12.969862+00:00
1383,Olayinka OLADIPUPO,Nigeria,823,1995-05-27,,Right Hand / Shakehand,,https://wttwebcmsprod.blob.core.windows.net/websitefiles/images/general/men_default_left.png,WTT Official,M,2026-05-13T11:31:14.751743+00:00
1385,Akinwale FAGBAMILA,Nigeria,824,1994-11-06,,Right Hand / Shakehand,,https://wttwebcmsprod.blob.core.windows.net/websitefiles/images/general/men_default_left.png,WTT Official,M,2026-05-13T11:31:16.541750+00:00
1387,Ganiyu ASHIMIYU,Nigeria,825,1991-04-10,,Right Hand / Shakehand,,https://wttwebcmsprod.blob.core.windows.net/websitefiles/images/general/men_default_left.png,WTT Official,M,2026-05-13T11:31:18.357985+00:00
1389,David FAYELE,Nigeria,826,1988-03-15,,Left Hand / Shakehand,,https://wttwebcmsprod.blob.core.windows.net/websitefiles/images/general/men_default_left.png,WTT Official,M,2026-05-13T11:31:20.150197+00:00
1391,Amidu LAWAL,Nigeria,827,1984-10-20,,N/A,,https://wttwebcmsprod.blob.core.windows.net/websitefiles/images/general/men_default_left.png,WTT Official,M,2026-05-13T11:31:21.944613+00:00
1393,Thisas RANCHAGODA,Sri Lanka,828,2003-08-01,,N/A,,https://wttwebcmsprod.blob.core.windows.net/websitefiles/images/general/men_default_left.png,WTT Official,M,2026-05-13T11:31:23.756959+00:00
1397,Meech DULLAERT,Canada,830,2006-02-25,,N/A,,https://wttwebcmsprod.blob.core.windows.net/websitefiles/images/general/men_default_left.png,WTT Official,M,2026-05-13T11:31:27.349375+00:00
1403,Ilia KONIUKHOV,AIN,833,2006-04-13,,Right Hand / Shakehand,,https://wttwebcmsprod.blob.core.windows.net/websitefiles/images/general/men_default_left.png,WTT Official,M,2026-05-13T11:31:32.751306+00:00
1405,Pero TEPIC,Serbia,834,2000-06-09,,Right Hand / Shakehand,,https://wttwebcmsprod.blob.core.windows.net/websitefiles/images/general/men_default_left.png,WTT Official,M,2026-05-13T11:31:34.549240+00:00
818,YU Haiyang,China,56,2010-02-21,,N/A,50.0,https://wttsimfiles.blob.core.windows.net/wtt-media/photos/400px/206904_Headshot_R_YU_Haiyang.png,WTT Official,F,2026-05-13T21:13:39.080986+00:00
1407,Sora OKADA,Japan,123,2012-09-19,,N/A,,https://wttsimfiles.blob.core.windows.net/wtt-media/photos/400px/207770_Headshot_R_Sora OKADA.png,WTT Official,F,2026-05-13T21:14:46.322430+00:00
1349,Jonathan VEGAS,Venezuela,135,2009-08-31,,N/A,69.56521739130434,https://wttwebcmsprod.blob.core.windows.net/websitefiles/images/general/men_default_left.png,WTT Official,F,2026-05-13T21:14:56.143750+00:00
1355,Jesus TOVAR,Venezuela,175,2008-06-13,,N/A,50.0,https://wttwebcmsprod.blob.core.windows.net/websitefiles/images/general/men_default_left.png,WTT Official,F,2026-05-13T21:15:28.963142+00:00
1399,Kohaku NAKANO,Japan,215,2009-07-15,,N/A,,https://wttsimfiles.blob.core.windows.net/wtt-media/photos/400px/221492_R_Kohaku NAKANO.png,WTT Official,F,2026-05-13T21:16:15.842013+00:00
1401,Johann MAHL,Germany,330,2008-06-17,,N/A,,https://wttwebcmsprod.blob.core.windows.net/websitefiles/images/general/men_default_left.png,WTT Official,F,2026-05-13T21:18:03.997512+00:00
1409,Shahbozbek GULOMIDDINOV,Uzbekistan,400,2009-02-11,,N/A,50.0,https://wttwebcmsprod.blob.core.windows.net/websitefiles/images/general/men_default_left.png,WTT Official,F,2026-05-13T21:19:00.926077+00:00
1395,Gaith GAREEB,Syria,473,2009-01-06,,N/A,,https://wttwebcmsprod.blob.core.windows.net/websitefiles/images/general/men_default_left.png,WTT Official,F,2026-05-13T21:20:12.885649+00:00
1365,Jason LOUIE,Canada,481,2007-09-19,,N/A,,https://wttwebcmsprod.blob.core.windows.net/websitefiles/images/general/men_default_left.png,WTT Official,F,2026-05-13T21:20:19.418809+00:00
1406,Aleksandra BOKOVA,AIN,573,2009-05-20,,N/A,70.37037037037037,https://wttwebcmsprod.blob.core.windows.net/websitefiles/images/general/men_default_left.png,WTT Official,F,2026-05-13T20:46:46.349512+00:00
861,Tugay YILMAZ,Türkiye,562,2001-01-01,,Right Hand / Shakehand,50.0,https://wttwebcmsprod.blob.core.windows.net/websitefiles/images/general/men_default_left.png,WTT Official,M,2026-05-13T11:22:45.868437+00:00
863,Shridhar JOUSHI,India,564,2005-09-14,,N/A,50.0,https://wttsimfiles.blob.core.windows.net/wtt-media/photos/400px/207860_Headshot_R_Shridhar JOUSHI.png,WTT Official,M,2026-05-13T11:22:49.453767+00:00
864,Sarvarbek GULOMOV,Uzbekistan,565,2005-05-23,,N/A,33.333333333333336,https://wttwebcmsprod.blob.core.windows.net/websitefiles/images/general/men_default_left.png,WTT Official,M,2026-05-13T11:22:51.429164+00:00
865,Myshaal SABHI,Tunisia,566,2003-04-07,,Left Hand / Shakehand,,https://wttwebcmsprod.blob.core.windows.net/websitefiles/images/general/men_default_left.png,WTT Official,M,2026-05-13T11:22:53.248951+00:00
1366,Hope UDOAKA,Nigeria,553,2005-02-28,,N/A,0.0,https://wttsimfiles.blob.core.windows.net/wtt-media/photos/400px/205850_Headshot_R_Hope UDOAKA.png,WTT Official,F,2026-05-13T11:30:58.896924+00:00
1368,Lian GEBAUER,Namibia,554,2009-07-25,,N/A,50.0,https://wttwebcmsprod.blob.core.windows.net/websitefiles/images/general/men_default_left.png,WTT Official,F,2026-05-13T11:31:00.707294+00:00
1370,Bolor-Erdene BATMUNKH,Mongolia,555,2002-11-12,,Right Hand / Shakehand,33.333333333333336,https://wttwebcmsprod.blob.core.windows.net/websitefiles/images/general/men_default_left.png,WTT Official,F,2026-05-13T11:31:03.018886+00:00
1372,Saida KUDUSOVA,Kyrgyzstan,556,1989-12-27,,N/A,,https://wttwebcmsprod.blob.core.windows.net/websitefiles/images/general/men_default_left.png,WTT Official,F,2026-05-13T11:31:04.788678+00:00
1374,Farah ABDELAZIZ,Egypt,557,1992-09-01,,Right Hand / Shakehand,,https://wttsimfiles.blob.core.windows.net/wtt-media/photos/400px/100032_Headshot_R_ABDEL_AZIZ_Farah.png,WTT Official,F,2026-05-13T11:31:06.556683+00:00
1376,Helga DARI,Hungary,558,2002-05-14,,Right Hand / Shakehand,66.66666666666667,https://wttsimfiles.blob.core.windows.net/wtt-media/photos/400px/133004_Headshot_R_DARI_Helga.png,WTT Official,F,2026-05-13T11:31:08.357109+00:00
1378,HUANG Cheong Leng,"Macao, China",559,2009-03-22,,N/A,,https://wttwebcmsprod.blob.core.windows.net/websitefiles/images/general/men_default_left.png,WTT Official,F,2026-05-13T11:31:10.144696+00:00
1380,Magdalena SIKORSKA,Poland,560,1986-05-31,,Right Hand / Shakehand,,https://wttwebcmsprod.blob.core.windows.net/websitefiles/images/general/men_default_left.png,WTT Official,F,2026-05-13T11:31:11.908459+00:00
1382,Agata ZAKRZEWSKA,Poland,561,2000-02-16,,Left Hand / Shakehand,,https://wttwebcmsprod.blob.core.windows.net/websitefiles/images/general/men_default_left.png,WTT Official,F,2026-05-13T11:31:13.679888+00:00
1384,Clea DE STOPPELEIRE,France,562,2006-02-09,,Right Hand / Shakehand,33.333333333333336,https://wttsimfiles.blob.core.windows.net/wtt-media/photos/400px/136361_Headshot_R_DE STOPPELEIRE_Clea.png,WTT Official,F,2026-05-13T11:31:15.449701+00:00
1386,Mari BALDWIN,England,563,2004-04-16,,N/A,0.0,https://wttwebcmsprod.blob.core.windows.net/websitefiles/images/general/men_default_left.png,WTT Official,F,2026-05-13T11:31:17.227360+00:00
1388,Solomiya YAREMCHUK,Ukraine,564,1999-02-24,,Left Hand / Shakehand,,https://wttsimfiles.blob.core.windows.net/wtt-media/photos/400px/122348_Headshot_R_BRATEYKO_Solomiya.png,WTT Official,F,2026-05-13T11:31:18.995016+00:00
1390,Khoy SAI,Bangladesh,565,2007-09-28,,N/A,,https://wttwebcmsprod.blob.core.windows.net/websitefiles/images/general/men_default_left.png,WTT Official,F,2026-05-13T11:31:20.765087+00:00
1392,LIM Jing Shuen,Malaysia,566,2006-02-02,,Right Hand / Shakehand,,https://wttwebcmsprod.blob.core.windows.net/websitefiles/images/general/men_default_left.png,WTT Official,F,2026-05-13T11:31:22.540901+00:00
1394,Viktoriya MOCHALKINA,Kazakhstan,567,2008-12-06,,N/A,,https://wttwebcmsprod.blob.core.windows.net/websitefiles/images/general/men_default_left.png,WTT Official,F,2026-05-13T11:31:24.304325+00:00
1396,Maja VANJO,Serbia,568,2009-06-06,,N/A,76.0,https://wttwebcmsprod.blob.core.windows.net/websitefiles/images/general/men_default_left.png,WTT Official,F,2026-05-13T11:31:26.063632+00:00
1398,Vaishnavi JAISWAL,India,569,2009-04-22,,N/A,60.0,https://wttsimfiles.blob.core.windows.net/wtt-media/photos/400px/208901_Headshot_R_Vaishnavi JAISWAL.png,WTT Official,F,2026-05-13T11:31:27.870225+00:00
1400,Katarina STRAZAR,Slovenia,570,2001-05-03,,Left Hand / Shakehand,0.0,https://wttsimfiles.blob.core.windows.net/wtt-media/photos/400px/123666_Headshot_R_STRAZAR_Katerina.png,WTT Official,F,2026-05-13T11:31:29.644086+00:00
1402,Rheann CHUNG,Trinidad and Tobago,571,1985-03-27,,Right Hand / Shakehand,0.0,https://wttwebcmsprod.blob.core.windows.net/websitefiles/images/general/men_default_left.png,WTT Official,F,2026-05-13T11:31:31.427716+00:00
1404,Valentina DAVILA,Puerto Rico,572,2009-12-14,,N/A,65.625,https://wttwebcmsprod.blob.core.windows.net/websitefiles/images/general/men_default_left.png,WTT Official,F,2026-05-13T11:31:33.197176+00:00
1408,Marta GULTI,Ethiopia,574,1978-11-10,,N/A,,https://wttsimfiles.blob.core.windows.net/wtt-media/photos/400px/106068_Headshot_R_Marta GULTI.png,WTT Official,F,2026-05-13T11:31:36.749084+00:00
1410,Sophie EARLEY,England,575,2006-05-13,,Right Hand / Shakehand,,https://wttsimfiles.blob.core.windows.net/wtt-media/photos/400px/134575_Headshot_R_Sophie EARLEY.png,WTT Official,F,2026-05-13T11:31:38.538791+00:00
1412,Sienna JETHA,England,576,2009-06-28,,N/A,20.0,https://wttwebcmsprod.blob.core.windows.net/websitefiles/images/general/men_default_left.png,WTT Official,F,2026-05-13T11:31:40.308272+00:00
1414,Alia ELBAZ,Qatar,577,2015-01-21,,N/A,33.333333333333336,https://wttsimfiles.blob.core.windows.net/wtt-media/photos/400px/220393_HEADSHOT_R_ELBAZ_Alia.png,WTT Official,F,2026-05-13T11:31:42.084359+00:00
1416,Khatansaikhan GANZORIG,Mongolia,578,2006-09-26,,N/A,0.0,https://wttsimfiles.blob.core.windows.net/wtt-media/photos/400px/223730_HEADSHOT_R_GANZORIG_Khatansaikhan.png,WTT Official,F,2026-05-13T11:31:43.853897+00:00
1418,Pranati PARAMESH,India,579,2006-04-17,,N/A,25.0,https://wttwebcmsprod.blob.core.windows.net/websitefiles/images/general/men_default_left.png,WTT Official,F,2026-05-13T11:31:45.621520+00:00
1420,Sammridhi BANIK,India,580,2003-08-22,,N/A,25.0,https://wttwebcmsprod.blob.core.windows.net/websitefiles/images/general/men_default_left.png,WTT Official,F,2026-05-13T11:31:47.399347+00:00
1422,Tashiya PIYADASA,USA,581,2010-02-14,,N/A,100.0,https://wttsimfiles.blob.core.windows.net/wtt-media/photos/400px/200566_R_Tashiya PIYADASA.png,WTT Official,F,2026-05-13T11:31:49.168958+00:00
1424,Daria KOVALOVA,Ukraine,582,2008-08-22,,N/A,66.66666666666667,https://wttwebcmsprod.blob.core.windows.net/websitefiles/images/general/men_default_left.png,WTT Official,F,2026-05-13T11:31:50.944824+00:00
695,Mohammad HABIBI,Iran,57,2008-08-21,,N/A,66.66666666666667,https://wttwebcmsprod.blob.core.windows.net/websitefiles/images/general/men_default_left.png,WTT Official,F,2026-05-13T21:13:39.877299+00:00
862,Damian FLORO,Slovak Republic,70,2008-06-27,,N/A,56.0,https://wttsimfiles.blob.core.windows.net/wtt-media/photos/400px/HEADSHOT_R_FLORO_Damian.png,WTT Official,F,2026-05-13T21:13:50.484490+00:00
858,Noe KEUSCH,Switzerland,92,2007-01-09,,N/A,63.1578947368421,https://wttwebcmsprod.blob.core.windows.net/websitefiles/images/general/men_default_left.png,WTT Official,F,2026-05-13T21:14:08.017427+00:00
857,Satya ASPATHI,USA,299,2010-12-21,,N/A,80.48780487804878,https://wttsimfiles.blob.core.windows.net/wtt-media/photos/400px/212966_R_Satya ASPATHI.png,WTT Official,F,2026-05-13T11:22:41.150213+00:00
859,Valentina RIOS,Chile,300,2002-04-15,,Right Hand / Shakehand,42.857142857142854,https://wttsimfiles.blob.core.windows.net/wtt-media/photos/400px/124506_HEADSHOT_R_RIOS_Valentina.png,WTT Official,F,2026-05-13T11:22:42.934077+00:00
866,Swarnendu CHOWDHURY,India,567,1994-11-01,,N/A,40.0,https://wttwebcmsprod.blob.core.windows.net/websitefiles/images/general/men_default_left.png,WTT Official,M,2026-05-13T11:22:55.283258+00:00
867,Shriya ANAND,India,301,2007-04-30,,N/A,71.42857142857143,https://wttwebcmsprod.blob.core.windows.net/websitefiles/images/general/men_default_left.png,WTT Official,F,2026-05-13T11:22:56.797103+00:00
868,LEE Hoyun,Korea Republic,568,2006-05-04,,Right Hand / Shakehand,,https://wttsimfiles.blob.core.windows.net/wtt-media/photos/400px/HEADSHOT_R_LEE_Hoyun.png,WTT Official,M,2026-05-13T11:22:57.060361+00:00
869,Veronika POLAKOVA,Czechia,302,2008-07-22,,N/A,53.57142857142857,https://wttsimfiles.blob.core.windows.net/wtt-media/photos/400px/HEADSHOT_R_POLAKOVA_Veronika.png,WTT Official,F,2026-05-13T11:22:58.542960+00:00
879,Arujan KAMALOVA,Uzbekistan,307,2010-02-16,,N/A,100.0,https://wttsimfiles.blob.core.windows.net/wtt-media/photos/400px/146298_Headshot_KAMALOVA Arujan.png,WTT Official,F,2026-05-13T20:43:41.804007+00:00
871,Aikaterini TOLIOU,Greece,303,1995-08-21,,Right Hand / Shakehand,66.66666666666667,https://wttsimfiles.blob.core.windows.net/wtt-media/photos/400px/115850_Headshot_R_TOLIOU_Aikaterini.png,WTT Official,F,2026-05-13T11:23:00.312761+00:00
873,Poymantee BAISYA,India,304,2002-08-19,,Right Hand / Shakehand,50.0,https://wttsimfiles.blob.core.windows.net/wtt-media/photos/400px/134888_HEADSHOT_R_ BAISYA_Poymantee.png,WTT Official,F,2026-05-13T11:23:02.064755+00:00
875,Hanka KODET,Czechia,305,2010-02-20,,N/A,63.04347826086956,https://wttsimfiles.blob.core.windows.net/wtt-media/photos/400px/HEADSHOT_R_KODETOVA_Hanka.png,WTT Official,F,2026-05-13T11:23:03.810725+00:00
876,Cristian PLETEA,Romania,572,2000-05-28,,Right Hand / Shakehand,,https://wttsimfiles.blob.core.windows.net/wtt-media/photos/400px/121042_Headshot_R_ PLETEA_Cristian.png,WTT Official,M,2026-05-13T11:23:04.238042+00:00
877,BYUN Seoyoung,Korea Republic,306,2003-09-29,,Right Hand / Shakehand,,https://wttwebcmsprod.blob.core.windows.net/websitefiles/images/general/men_default_left.png,WTT Official,F,2026-05-13T11:23:05.546560+00:00
880,Vighney PATEL,India,574,1991-04-10,,N/A,33.333333333333336,https://wttsimfiles.blob.core.windows.net/wtt-media/photos/400px/213478_Headshot_R_Vighney Patel.png,WTT Official,M,2026-05-13T11:23:07.799525+00:00
881,Edmarie LEON,Puerto Rico,308,2006-07-21,,Right Hand / Shakehand,0.0,https://wttsimfiles.blob.core.windows.net/wtt-media/photos/400px/137185_HEADSHOT_R_Edmarie LEON.png,WTT Official,F,2026-05-13T11:23:09.039573+00:00
882,Eitay SHUSHAN,Israel,575,2006-02-18,,N/A,0.0,https://wttwebcmsprod.blob.core.windows.net/websitefiles/images/general/men_default_left.png,WTT Official,M,2026-05-13T11:23:09.584846+00:00
883,Lizaveta TSIMASHKOVA,AIN,309,2007-04-05,,N/A,80.0,https://wttwebcmsprod.blob.core.windows.net/websitefiles/images/general/men_default_left.png,WTT Official,F,2026-05-13T11:23:10.811976+00:00
885,Koharu ITAGAKI,Germany,310,2010-01-27,,N/A,72.5,https://wttsimfiles.blob.core.windows.net/wtt-media/photos/400px/200456_Headshot_R_Koharu ITAGAKI.png,WTT Official,F,2026-05-13T11:23:12.580467+00:00
887,Tianer YU,England,311,2007-11-27,,N/A,57.69230769230769,https://wttsimfiles.blob.core.windows.net/wtt-media/photos/400px/203536_Headshot_R_Tianer YU.png,WTT Official,F,2026-05-13T11:23:14.332506+00:00
888,CHON Jong Bom,Korea DPR,578,2005-01-13,,N/A,,https://wttwebcmsprod.blob.core.windows.net/websitefiles/images/general/men_default_left.png,WTT Official,M,2026-05-13T11:23:14.999049+00:00
889,ZHU Qihui,China,312,2012-02-18,,N/A,83.33333333333333,https://wttsimfiles.blob.core.windows.net/wtt-media/photos/400px/210320_Headshot_R_ZHU Qihui.png,WTT Official,F,2026-05-13T11:23:16.068421+00:00
890,Mohamed SHAFFAN,Maldives,579,2000-11-30,,Right Hand / Shakehand,,https://wttwebcmsprod.blob.core.windows.net/websitefiles/images/general/men_default_left.png,WTT Official,M,2026-05-13T11:23:16.803212+00:00
891,LEE Haelin,Korea Republic,313,2011-06-08,,RIGHT / Shake,67.56756756756756,https://wttsimfiles.blob.core.windows.net/wtt-media/photos/400px/204010_R_LEE Haelin.png,WTT Official,F,2026-05-13T11:23:17.803041+00:00
893,Kulapassr VIJITVIRIYAGUL,Thailand,314,2010-07-03,,N/A,73.33333333333333,https://wttsimfiles.blob.core.windows.net/wtt-media/photos/400px/201438_HEADSHOT_R_VIJITVIRIYAGUL_Kulapassr.png,WTT Official,F,2026-05-13T11:23:19.559710+00:00
894,David KOSTADINOV,Bulgaria,581,1996-05-27,,N/A,,https://wttwebcmsprod.blob.core.windows.net/websitefiles/images/general/men_default_left.png,WTT Official,M,2026-05-13T11:23:20.369302+00:00
895,Karin GROFOVA,Czechia,315,1994-11-27,,Right Hand / Shakehand,50.0,https://wttsimfiles.blob.core.windows.net/wtt-media/photos/400px/113942_Headshot_R_ADAMKOVA_Karin.png,WTT Official,F,2026-05-13T11:23:21.305467+00:00
896,Lautaro SATO,Argentina,582,2003-12-01,,Right Hand / Shakehand,,https://wttwebcmsprod.blob.core.windows.net/websitefiles/images/general/men_default_left.png,WTT Official,M,2026-05-13T11:23:22.159008+00:00
897,Leah TVEIT,Sweden,316,2004-12-19,,Right Hand / Shakehand,0.0,https://wttsimfiles.blob.core.windows.net/wtt-media/photos/400px/133396_Headshot_R_Leah TVEIT.png,WTT Official,F,2026-05-13T11:23:23.060191+00:00
899,Eugenia SASTRE,Spain,317,2005-05-05,,Right Hand / Shakehand,25.0,https://wttwebcmsprod.blob.core.windows.net/websitefiles/images/general/men_default_left.png,WTT Official,F,2026-05-13T11:23:24.822780+00:00
900,Isak ALFREDSSON,Sweden,584,2006-06-12,,Left Hand / Shakehand,,https://wttsimfiles.blob.core.windows.net/wtt-media/photos/400px/134606_Headshot_R_Isak ALFREDSSON.png,WTT Official,M,2026-05-13T11:23:25.775781+00:00
872,CHENG Min-Hsiu,Chinese Taipei,53,2010-05-05,,N/A,100.0,https://wttsimfiles.blob.core.windows.net/wtt-media/photos/400px/201151_Headshot_R_CHENG_Min-Hsiu.png,WTT Official,F,2026-05-13T21:13:36.673985+00:00
886,Soma ONO,Japan,65,2011-10-25,,N/A,,https://wttsimfiles.blob.core.windows.net/wtt-media/photos/400px/202444_Headshot_R_Soma ONO.png,WTT Official,F,2026-05-13T21:13:46.259015+00:00
898,CHEN Kai-Cheng,Chinese Taipei,78,2011-03-06,,N/A,77.77777777777777,https://wttsimfiles.blob.core.windows.net/wtt-media/photos/400px/203201_Headshot_R_CHEN_Kai-Cheng.png,WTT Official,F,2026-05-13T21:13:56.862561+00:00
892,Daniel TRAN,USA,143,2007-07-02,,Left Hand / Shakehand,66.66666666666667,https://wttsimfiles.blob.core.windows.net/wtt-media/photos/400px/135691_HEADSHOT_R_TRAN_Daniel.png,WTT Official,F,2026-05-13T21:15:02.688748+00:00
870,Onur GULUZADE,Azerbaijan,179,2011-01-23,,N/A,73.17073170731707,https://wttwebcmsprod.blob.core.windows.net/websitefiles/images/general/men_default_left.png,WTT Official,F,2026-05-13T21:15:32.240746+00:00
884,Rawad ALNASER,Qatar,461,2008-01-12,,Right Hand / Shakehand,33.333333333333336,https://wttsimfiles.blob.core.windows.net/wtt-media/photos/400px/135383_Headshot_R_Rawad ALNASER.png,WTT Official,F,2026-05-13T21:20:02.418902+00:00
878,Mehan SENTHIL,India,467,2008-09-29,,N/A,55.55555555555556,https://wttsimfiles.blob.core.windows.net/wtt-media/photos/400px/212660_HEADSHOT_R_SENTHIL_Mehan.png,WTT Official,F,2026-05-13T21:20:07.968989+00:00
901,Julie VAN HAUWAERT,Belgium,318,2005-10-17,,Right Hand / Shakehand,57.142857142857146,https://wttsimfiles.blob.core.windows.net/wtt-media/photos/400px/133609_Headshot_R_Julie VAN HAUWAERT.png,WTT Official,F,2026-05-13T11:23:26.562494+00:00
905,Judith MIREMBE,Uganda,320,2012-04-09,,N/A,50.0,https://wttwebcmsprod.blob.core.windows.net/websitefiles/images/general/men_default_left.png,WTT Official,F,2026-05-13T11:23:30.069624+00:00
907,Tanishka KALBHAIRAV,India,321,2012-05-16,,N/A,70.83333333333333,https://wttsimfiles.blob.core.windows.net/wtt-media/photos/400px/203837_Headshot_R_Tanishka KALBHAIRAV.png,WTT Official,F,2026-05-13T11:23:31.812422+00:00
909,KIM Dahee,Korea Republic,322,2006-10-04,,Right Hand / Shakehand,0.0,https://wttwebcmsprod.blob.core.windows.net/websitefiles/images/general/men_default_left.png,WTT Official,F,2026-05-13T11:23:33.559537+00:00
911,LEE Dahye,Korea Republic,323,2009-08-03,,N/A,60.0,https://wttsimfiles.blob.core.windows.net/wtt-media/photos/400px/202245_HEADSHOT_R_LEE_Dahye.png,WTT Official,F,2026-05-13T11:23:35.353960+00:00
913,DING Yijie,China,324,2008-01-07,,N/A,75.0,https://wttsimfiles.blob.core.windows.net/wtt-media/photos/400px/203618_HEADSHOT_R_DING_Yijie.png,WTT Official,F,2026-05-13T11:23:37.142336+00:00
915,Cocona MURAMATSU,Japan,325,2012-04-04,,N/A,80.0,https://wttsimfiles.blob.core.windows.net/wtt-media/photos/400px/209670_Headshot_R_Cocona MURAMATSU.png,WTT Official,F,2026-05-13T11:23:38.900645+00:00
917,Margo DEGRAEF,Belgium,326,1998-08-15,,Right Hand / Shakehand,50.0,https://wttsimfiles.blob.core.windows.net/wtt-media/photos/400px/118774_Headshot_R_DEGRAEF_Margo.png,WTT Official,F,2026-05-13T11:23:40.648330+00:00
919,LEE Seojin,Korea Republic,327,2006-12-29,,N/A,,https://wttwebcmsprod.blob.core.windows.net/websitefiles/images/general/men_default_left.png,WTT Official,F,2026-05-13T11:23:42.461272+00:00
921,Georgina POTA,Hungary,328,1985-01-13,,Right Hand / Shakehand,,https://wttsimfiles.blob.core.windows.net/wtt-media/photos/400px/107525_Headshot_R_POTA_Georgina.png,WTT Official,F,2026-05-13T11:23:44.296869+00:00
923,Chloe FRASER,Trinidad and Tobago,329,2008-12-04,,N/A,75.0,https://wttwebcmsprod.blob.core.windows.net/websitefiles/images/general/men_default_left.png,WTT Official,F,2026-05-13T11:23:46.074754+00:00
925,Jade HUYNH,France,330,2007-11-24,,N/A,76.92307692307692,https://wttsimfiles.blob.core.windows.net/wtt-media/photos/400px/146235_Headshot_R_Jade HUYNH.png,WTT Official,F,2026-05-13T11:23:47.839604+00:00
927,Selena SELVAKUMAR,India,331,2000-01-05,,Right Hand / Shakehand,60.0,https://wttsimfiles.blob.core.windows.net/wtt-media/photos/400px/131171_HEADSHOT_R_SELVAKUMAR_Selena.png,WTT Official,F,2026-05-13T11:23:49.593512+00:00
929,Elina FUCHS,Austria,332,2009-06-18,,N/A,48.0,https://wttwebcmsprod.blob.core.windows.net/websitefiles/images/general/men_default_left.png,WTT Official,F,2026-05-13T11:23:51.341688+00:00
931,Kailane SOUSA,Angola,333,2002-05-15,,N/A,20.0,https://wttwebcmsprod.blob.core.windows.net/websitefiles/images/general/men_default_left.png,WTT Official,F,2026-05-13T11:23:53.114303+00:00
933,Kabirat AYOOLA,Nigeria,334,2007-09-08,,Left hand  / Shake hand,,https://wttsimfiles.blob.core.windows.net/wtt-media/photos/400px/206050_Headshot_R_Kabirat AYOOLA.png,WTT Official,F,2026-05-13T11:23:54.867813+00:00
934,Aia MOHAMED,Qatar,335,1994-08-01,,Right Hand / Shakehand,0.0,https://wttsimfiles.blob.core.windows.net/wtt-media/photos/400px/113197_Headshot_R_MOHAMED_Aia.png,WTT Official,F,2026-05-13T11:23:56.661395+00:00
935,Elise PUJOL,France,336,2007-05-29,,Right Hand / Shakehand,62.96296296296296,https://wttsimfiles.blob.core.windows.net/wtt-media/photos/400px/137626_Headshot_R_Elise PUJOL.png,WTT Official,F,2026-05-13T11:23:58.405464+00:00
937,Uzzaniah Grace NOTTE,Nauru,338,2007-01-15,,N/A,,https://wttwebcmsprod.blob.core.windows.net/websitefiles/images/general/men_default_left.png,WTT Official,F,2026-05-13T11:24:01.963119+00:00
938,Mandy YU,USA,339,2009-07-18,,N/A,73.07692307692308,https://wttsimfiles.blob.core.windows.net/wtt-media/photos/400px/200584_HEADSHOT_R_YU_Mandy.png,WTT Official,F,2026-05-13T11:24:03.762032+00:00
939,JEONG Yein,Korea Republic,340,2008-03-12,,N/A,73.6842105263158,https://wttwebcmsprod.blob.core.windows.net/websitefiles/images/general/men_default_left.png,WTT Official,F,2026-05-13T11:24:05.755471+00:00
940,Tijana JOKIC,Serbia,341,2000-05-28,,Right Hand / Shakehand,20.0,https://wttwebcmsprod.blob.core.windows.net/websitefiles/images/general/men_default_left.png,WTT Official,F,2026-05-13T11:24:07.540509+00:00
942,HU Yi,China,342,2009-03-17,,N/A,25.0,https://wttsimfiles.blob.core.windows.net/wtt-media/photos/400px/210319_Headshot_R_HU_Yi.png,WTT Official,F,2026-05-13T11:24:09.314460+00:00
944,Aziza SEZUO,Nigeria,343,2012-06-19,,N/A,,https://wttwebcmsprod.blob.core.windows.net/websitefiles/images/general/men_default_left.png,WTT Official,F,2026-05-13T11:24:11.067345+00:00
946,Yuan LIU,Austria,344,1985-09-07,,N/A,,https://wttsimfiles.blob.core.windows.net/wtt-media/photos/400px/111881_Headshot_R_LIU_Yuan.png,WTT Official,F,2026-05-13T11:24:12.866342+00:00
948,Temehau TERE,Tahiti,345,2012-07-31,,N/A,,https://wttwebcmsprod.blob.core.windows.net/websitefiles/images/general/men_default_left.png,WTT Official,F,2026-05-13T11:24:14.602196+00:00
950,Mahshid ASHTARI,Iran,346,2000-09-20,,Right Hand / Shakehand,0.0,https://wttsimfiles.blob.core.windows.net/wtt-media/photos/400px/121959_Headshot_R_ASHTARI_Mahshid.png,WTT Official,F,2026-05-13T11:24:16.367515+00:00
952,Kokomi ISHIDA,Japan,347,2011-11-19,,N/A,63.63636363636363,https://wttsimfiles.blob.core.windows.net/wtt-media/photos/400px/209320_R_Kokomi ISHIDA.png,WTT Official,F,2026-05-13T11:24:18.126908+00:00
954,Elina RAHIMI,Iran,348,2005-03-16,,N/A,,https://wttsimfiles.blob.core.windows.net/wtt-media/photos/400px/134295HEADSHOT_R_RAHIMI_Elina.png,WTT Official,F,2026-05-13T11:24:19.872779+00:00
956,Ziadath AKADIRI,Benin,349,2001-05-10,,N/A,44.44444444444444,https://wttwebcmsprod.blob.core.windows.net/websitefiles/images/general/men_default_left.png,WTT Official,F,2026-05-13T11:24:21.622963+00:00
960,JIANG Yiyi,China,351,2010-11-18,,N/A,90.2439024390244,https://wttsimfiles.blob.core.windows.net/wtt-media/photos/400px/206217_HEADSHOT_R_JIANG_Yiyi.png,WTT Official,F,2026-05-13T11:24:25.236231+00:00
964,Hardee PATEL,India,353,2007-03-01,,N/A,40.0,https://wttsimfiles.blob.core.windows.net/wtt-media/photos/400px/137856_HEADSHOT_R_PATEL_Hardee.png,WTT Official,F,2026-05-13T11:24:28.882033+00:00
968,Aishat RABIU,Nigeria,355,2012-01-18,,N/A,,https://wttwebcmsprod.blob.core.windows.net/websitefiles/images/general/men_default_left.png,WTT Official,F,2026-05-13T11:24:32.735367+00:00
1411,Omar EHAB,Egypt,837,2006-05-17,,Left Hand / Shakehand,,https://wttwebcmsprod.blob.core.windows.net/websitefiles/images/general/men_default_left.png,WTT Official,M,2026-05-13T11:31:40.014725+00:00
903,Asel ERKEBAEVA,Uzbekistan,319,2009-09-30,,N/A,75.0,https://wttsimfiles.blob.core.windows.net/wtt-media/photos/400px/146301_Headshot_R_ERKEBAEVA Asel.png,WTT Official,F,2026-05-13T20:43:53.349444+00:00
576,Daniele PINTO,Italy,419,1999-01-19,,Left Hand / Shakehand,50.0,https://wttsimfiles.blob.core.windows.net/wtt-media/photos/400px/118920_Headshot_R_PINTO_Daniele.png,WTT Official,M,2026-05-13T20:26:45.274961+00:00
936,Adelina KHASANOVA,Uzbekistan,337,2011-06-23,,N/A,75.0,https://wttsimfiles.blob.core.windows.net/wtt-media/photos/400px/203924_Headshot_R_KHASANOVA Adelina.png,WTT Official,F,2026-05-13T20:44:10.368137+00:00
902,Shivjit LAMBA,India,585,2001-02-21,,N/A,50.0,https://wttsimfiles.blob.core.windows.net/wtt-media/photos/400px/132906_HEADSHOT_R_LAMBA_Shivjit.png,WTT Official,M,2026-05-13T11:23:27.555132+00:00
906,Ahmed SAADAWI,Qatar,587,2003-07-28,,N/A,25.0,https://wttsimfiles.blob.core.windows.net/wtt-media/photos/400px/144668_HEADSHOT_R_SAADAWI_Ahmed.png,WTT Official,M,2026-05-13T11:23:31.129297+00:00
908,Rahul MALIK,India,588,2003-01-25,,N/A,50.0,https://wttwebcmsprod.blob.core.windows.net/websitefiles/images/general/men_default_left.png,WTT Official,M,2026-05-13T11:23:32.925839+00:00
910,OH Seunghwan,Korea Republic,589,2003-11-15,,Right Hand / Shakehand,50.0,https://wttsimfiles.blob.core.windows.net/wtt-media/photos/400px/133702_Headshot_R_OH Seunghwan.png,WTT Official,M,2026-05-13T11:23:34.707582+00:00
912,Jordy PICCOLIN,Italy,590,1997-07-06,,Left Hand / Shakehand,60.0,https://wttsimfiles.blob.core.windows.net/wtt-media/photos/400px/117006_Headshot_R_ PICCOLIN_Jordy.png,WTT Official,M,2026-05-13T11:23:36.504302+00:00
914,Shihan PALKHIVALA,India,591,2001-11-11,,N/A,37.5,https://wttwebcmsprod.blob.core.windows.net/websitefiles/images/general/men_default_left.png,WTT Official,M,2026-05-13T11:23:38.286431+00:00
918,Setra RAKOTOARISOA,Madagascar,593,2000-06-13,,N/A,20.0,https://wttwebcmsprod.blob.core.windows.net/websitefiles/images/general/men_default_left.png,WTT Official,M,2026-05-13T11:23:41.898054+00:00
920,Federico GIARDI,San Marino,594,1999-11-19,,Right Hand / Shakehand,20.0,https://wttwebcmsprod.blob.core.windows.net/websitefiles/images/general/men_default_left.png,WTT Official,M,2026-05-13T11:23:43.723128+00:00
928,Martin BENTANCOR,Argentina,598,2000-06-02,,Right Hand / Shakehand,,https://wttsimfiles.blob.core.windows.net/wtt-media/photos/400px/122225_Headshot_R_BENTANCOR_Martin.png,WTT Official,M,2026-05-13T11:23:50.973567+00:00
941,Aly GHALLAB,Egypt,601,1997-02-01,,Left Hand / Shakehand,,https://wttwebcmsprod.blob.core.windows.net/websitefiles/images/general/men_default_left.png,WTT Official,M,2026-05-13T11:24:07.691447+00:00
945,Mohamed KHALOUFI,Tunisia,603,2007-10-31,,Right Hand / Shakehand,0.0,https://wttsimfiles.blob.core.windows.net/wtt-media/photos/400px/136144_Headshot_R_KHALOUFI Mohamed.png,WTT Official,M,2026-05-13T11:24:11.342406+00:00
947,Mohamed SALEH,Bahrain,604,1994-05-17,,Left Hand / Shakehand,0.0,https://wttwebcmsprod.blob.core.windows.net/websitefiles/images/general/men_default_left.png,WTT Official,M,2026-05-13T11:24:13.516665+00:00
949,Kokou FANNY,Togo,605,1987-04-15,,Right Hand / Shakehand,0.0,https://wttsimfiles.blob.core.windows.net/wtt-media/photos/400px/118722_Headshot_R_Kokou FANNY.png,WTT Official,M,2026-05-13T11:24:15.302124+00:00
951,Ivaylo KOSEV,Bulgaria,606,2002-08-18,,Right,,https://wttwebcmsprod.blob.core.windows.net/websitefiles/images/general/men_default_left.png,WTT Official,M,2026-05-13T11:24:17.090791+00:00
953,Sharpel ELIA,Cyprus,607,2006-03-20,,Right Hand / Shakehand,,https://wttwebcmsprod.blob.core.windows.net/websitefiles/images/general/men_default_left.png,WTT Official,M,2026-05-13T11:24:18.873282+00:00
955,Yuma TANIGAKI,Japan,608,2003-06-03,,Right Hand / Shakehand,,https://wttwebcmsprod.blob.core.windows.net/websitefiles/images/general/men_default_left.png,WTT Official,M,2026-05-13T11:24:20.683620+00:00
957,Darius TOMA,Romania,609,2001-05-08,,Right Hand / Shakehand,,https://wttwebcmsprod.blob.core.windows.net/websitefiles/images/general/men_default_left.png,WTT Official,M,2026-05-13T11:24:22.477675+00:00
958,CHOI Yeseo,Korea Republic,350,2007-02-27,,Right Hand / Shakehand,33.333333333333336,https://wttwebcmsprod.blob.core.windows.net/websitefiles/images/general/men_default_left.png,WTT Official,F,2026-05-13T11:24:23.430763+00:00
959,Kaden XU,USA,610,1999-01-05,,N/A,,https://wttwebcmsprod.blob.core.windows.net/websitefiles/images/general/men_default_left.png,WTT Official,M,2026-05-13T11:24:24.258717+00:00
961,DINH Anh Hoang,Vietnam,611,2001-11-10,,N/A,,https://wttwebcmsprod.blob.core.windows.net/websitefiles/images/general/men_default_left.png,WTT Official,M,2026-05-13T11:24:26.169899+00:00
962,Avani TRIPATHI,India,352,2008-10-25,,N/A,58.333333333333336,https://wttsimfiles.blob.core.windows.net/wtt-media/photos/400px/202443_HEADSHOT_R_TRIPATHI Avani.png,WTT Official,F,2026-05-13T11:24:27.059068+00:00
963,LE Dinh Duc,Vietnam,612,1999-02-08,,N/A,,https://wttwebcmsprod.blob.core.windows.net/websitefiles/images/general/men_default_left.png,WTT Official,M,2026-05-13T11:24:28.058837+00:00
965,Filip RADOVIC,Montenegro,613,2000-07-08,,Right Hand / Shakehand,,https://wttwebcmsprod.blob.core.windows.net/websitefiles/images/general/men_default_left.png,WTT Official,M,2026-05-13T11:24:30.012980+00:00
966,KIM Eunseo,Korea Republic,354,2008-06-15,,N/A,66.66666666666667,https://wttsimfiles.blob.core.windows.net/wtt-media/photos/400px/203535_R_KIM Eunseo.png,WTT Official,F,2026-05-13T11:24:30.906577+00:00
969,Marios YIANGOU,Cyprus,615,1991-08-10,,Right Hand / Shakehand,,https://wttwebcmsprod.blob.core.windows.net/websitefiles/images/general/men_default_left.png,WTT Official,M,2026-05-13T11:24:33.812914+00:00
970,Ke WANG,USA,356,1998-11-14,,N/A,,https://wttwebcmsprod.blob.core.windows.net/websitefiles/images/general/men_default_left.png,WTT Official,F,2026-05-13T11:24:34.500438+00:00
971,Chameera GINIGE,Sri Lanka,616,1993-01-15,,N/A,,https://wttwebcmsprod.blob.core.windows.net/websitefiles/images/general/men_default_left.png,WTT Official,M,2026-05-13T11:24:35.600270+00:00
972,Vivien SCHOLZ,Luxembourg,357,1997-09-11,,Right Hand / Shakehand,40.0,https://wttsimfiles.blob.core.windows.net/wtt-media/photos/400px/131748_Headshot_R_SCHOLZ_Vivien.png,WTT Official,F,2026-05-13T11:24:36.367502+00:00
924,Kenyu HIRATSUKA,Japan,69,2010-09-04,,N/A,,https://wttsimfiles.blob.core.windows.net/wtt-media/photos/400px/209475_Headshot_R_Kenyu HIRATSUKA.png,WTT Official,F,2026-05-13T21:13:49.683414+00:00
926,CHUANG Chung-Yen,Chinese Taipei,120,2009-12-06,,N/A,,https://wttwebcmsprod.blob.core.windows.net/websitefiles/images/general/men_default_left.png,WTT Official,F,2026-05-13T21:14:43.847095+00:00
916,ZHOU Jinquan,China,150,2008-01-13,,N/A,86.36363636363636,https://wttwebcmsprod.blob.core.windows.net/websitefiles/images/general/men_default_left.png,WTT Official,F,2026-05-13T21:15:08.437421+00:00
967,Soh YOSHIDA,Japan,154,2009-10-10,,N/A,,https://wttsimfiles.blob.core.windows.net/wtt-media/photos/400px/210115_HEADSHOT_R_YOSHIDA_Soh.png,WTT Official,F,2026-05-13T21:15:11.713022+00:00
943,Takumi TANIMOTO,Japan,176,2007-09-12,,N/A,,https://wttwebcmsprod.blob.core.windows.net/websitefiles/images/general/men_default_left.png,WTT Official,F,2026-05-13T21:15:29.779470+00:00
922,Per GEVERS,Belgium,201,2007-05-28,,N/A,46.15384615384615,https://wttwebcmsprod.blob.core.windows.net/websitefiles/images/general/men_default_left.png,WTT Official,F,2026-05-13T21:16:03.626343+00:00
904,Yousif ABDALLA,Qatar,219,2009-03-23,,N/A,57.142857142857146,https://wttsimfiles.blob.core.windows.net/wtt-media/photos/400px/144666_HEADSHOT_R_ABDALLA_Yousif.png,WTT Official,F,2026-05-13T21:16:19.158171+00:00
932,Rafael CABRERA,Dominican Republic,268,2007-03-30,,Right Hand / Shakehand,66.66666666666667,https://wttwebcmsprod.blob.core.windows.net/websitefiles/images/general/men_default_left.png,WTT Official,F,2026-05-13T21:16:59.620935+00:00
930,Bosman BOTHA,USA,442,2007-09-05,,N/A,20.0,https://wttsimfiles.blob.core.windows.net/wtt-media/photos/400px/206472_Headshot_R_Bosman BOTHA.png,WTT Official,F,2026-05-13T21:19:47.017306+00:00
974,Lucia ZAVALETA,Costa Rica,358,2007-11-12,,N/A,33.333333333333336,https://wttwebcmsprod.blob.core.windows.net/websitefiles/images/general/men_default_left.png,WTT Official,F,2026-05-13T11:24:38.189247+00:00
976,Michelle WU,Switzerland,359,2013-01-08,,N/A,90.9090909090909,https://wttwebcmsprod.blob.core.windows.net/websitefiles/images/general/men_default_left.png,WTT Official,F,2026-05-13T11:24:40.010231+00:00
978,Mana ASADA,Japan,360,2004-02-10,,N/A,,https://wttwebcmsprod.blob.core.windows.net/websitefiles/images/general/men_default_left.png,WTT Official,F,2026-05-13T11:24:41.833633+00:00
980,Judit NAGY,Hungary,361,2008-11-07,,N/A,80.0,https://wttwebcmsprod.blob.core.windows.net/websitefiles/images/general/men_default_left.png,WTT Official,F,2026-05-13T11:24:43.671385+00:00
982,Lorena MORSCH,Germany,362,2008-08-03,,N/A,56.0,https://wttsimfiles.blob.core.windows.net/wtt-media/photos/400px/145796_R_Lorena MORSCH.png,WTT Official,F,2026-05-13T11:24:45.518826+00:00
983,Josephina NEUMANN,Germany,363,2010-01-07,,N/A,58.333333333333336,https://wttsimfiles.blob.core.windows.net/wtt-media/photos/400px/145807_Headshot_R_Josephina NEUMANN.png,WTT Official,F,2026-05-13T11:24:47.338360+00:00
985,Neha KUMARI,India,364,2001-01-01,,N/A,60.0,https://wttsimfiles.blob.core.windows.net/wtt-media/photos/400px/213377_HEADSHOT_R_ KUMARI_Neha.png,WTT Official,F,2026-05-13T11:24:49.195639+00:00
988,Bimandee BANDARA,Sri Lanka,365,2005-06-25,,Right Hand / Shakehand,60.0,https://wttwebcmsprod.blob.core.windows.net/websitefiles/images/general/men_default_left.png,WTT Official,F,2026-05-13T11:24:51.021221+00:00
990,CHENG Pusyuan,Chinese Taipei,366,2006-04-08,,Right Hand / Shakehand,,https://wttsimfiles.blob.core.windows.net/wtt-media/photos/400px/135091_Headshot_R_CHENG_Pusyuan.png,WTT Official,F,2026-05-13T11:24:52.916184+00:00
992,Monica MUNOZ,Mexico,367,2002-08-02,,Right Hand / Shakehand,66.66666666666667,https://wttwebcmsprod.blob.core.windows.net/websitefiles/images/general/men_default_left.png,WTT Official,F,2026-05-13T11:24:55.203436+00:00
994,Beatriz FIORE,Brazil,368,2007-01-09,,N/A,90.9090909090909,https://wttwebcmsprod.blob.core.windows.net/websitefiles/images/general/men_default_left.png,WTT Official,F,2026-05-13T11:24:57.027806+00:00
998,Dominika WILTSCHKOVA,Slovak Republic,370,2006-03-21,,Right Hand / Shakehand,100.0,https://wttsimfiles.blob.core.windows.net/wtt-media/photos/400px/134330_Headshot_R_Dominika WILTSCHKOVA.png,WTT Official,F,2026-05-13T11:25:01.582944+00:00
1000,Jana VASENDOVA,Czechia,371,2003-02-12,,Right Hand / Shakehand,28.571428571428573,https://wttwebcmsprod.blob.core.windows.net/websitefiles/images/general/men_default_left.png,WTT Official,F,2026-05-13T11:25:03.518249+00:00
1002,Miriam CARNOVALE,Italy,372,2005-10-21,,Right Hand / Shakehand,40.0,https://wttwebcmsprod.blob.core.windows.net/websitefiles/images/general/men_default_left.png,WTT Official,F,2026-05-13T11:25:05.391002+00:00
1005,Sakura AOI,Japan,373,2005-02-26,,N/A,,https://wttwebcmsprod.blob.core.windows.net/websitefiles/images/general/men_default_left.png,WTT Official,F,2026-05-13T11:25:07.223657+00:00
1008,Sandhana DESSCANN,Mauritius,375,2002-01-17,,Right Hand / Shakehand,,https://wttwebcmsprod.blob.core.windows.net/websitefiles/images/general/men_default_left.png,WTT Official,F,2026-05-13T11:25:11.230966+00:00
1010,Musfiquh KALAM,South Africa,376,2002-05-01,,Right Hand / Shakehand,0.0,https://wttsimfiles.blob.core.windows.net/wtt-media/photos/400px/133647_HEADSHOT_R_KALAM_Musfiquh.png,WTT Official,F,2026-05-13T11:25:13.186141+00:00
1012,Shruti AMRUTE,India,377,1999-01-12,,Left Hand / Shakehand,75.0,https://wttsimfiles.blob.core.windows.net/wtt-media/photos/400px/123215_Headshot_R_Shruti AMRUTE.png,WTT Official,F,2026-05-13T11:25:15.033178+00:00
1014,BAI Siwen,China,378,2007-07-29,,N/A,57.142857142857146,https://wttwebcmsprod.blob.core.windows.net/websitefiles/images/general/men_default_left.png,WTT Official,F,2026-05-13T11:25:16.850676+00:00
1016,Thomie MOSSEMBA,Congo Brazzaville,379,2000-04-04,,N/A,,https://wttwebcmsprod.blob.core.windows.net/websitefiles/images/general/men_default_left.png,WTT Official,F,2026-05-13T11:25:18.678947+00:00
1018,Balkis SUISSI,Tunisia,380,2008-08-31,,N/A,0.0,https://wttsimfiles.blob.core.windows.net/wtt-media/photos/400px/146150_HEADSHOT_R_SUISSI_Balkis.png,WTT Official,F,2026-05-13T11:25:20.501666+00:00
1020,Julie KAYEMBE,Congo Democratic,381,2005-03-02,,N/A,,https://wttwebcmsprod.blob.core.windows.net/websitefiles/images/general/men_default_left.png,WTT Official,F,2026-05-13T11:25:22.326096+00:00
1022,Eva ADOM-AMANKWAA,Ghana,382,1989-01-18,,Right Hand / Shakehand,50.0,https://wttwebcmsprod.blob.core.windows.net/websitefiles/images/general/men_default_left.png,WTT Official,F,2026-05-13T11:25:24.150171+00:00
1024,Joanita BORTEYE,Ghana,383,2012-09-17,,N/A,33.333333333333336,https://wttwebcmsprod.blob.core.windows.net/websitefiles/images/general/men_default_left.png,WTT Official,F,2026-05-13T11:25:25.972603+00:00
1026,Prisha GOEL,India,384,2009-05-07,,N/A,,https://wttwebcmsprod.blob.core.windows.net/websitefiles/images/general/men_default_left.png,WTT Official,F,2026-05-13T11:25:27.816868+00:00
1028,Hildy CHEN,USA,385,2009-12-29,,N/A,50.0,https://wttwebcmsprod.blob.core.windows.net/websitefiles/images/general/men_default_left.png,WTT Official,F,2026-05-13T11:25:29.648413+00:00
1030,Alesia SFERLEA,Romania,386,2007-08-14,,Right Hand / Shakehand,79.16666666666667,https://wttsimfiles.blob.core.windows.net/wtt-media/photos/400px/136154_HEADSHOT_R_SFERLEA_Alesia.png,WTT Official,F,2026-05-13T11:25:31.490512+00:00
1032,Dakota FERRER,Venezuela,387,2009-07-23,,N/A,76.0,https://wttsimfiles.blob.core.windows.net/wtt-media/photos/400px/201909_HEADSHOT_R_Dakota_FERRER.png,WTT Official,F,2026-05-13T11:25:33.307731+00:00
1034,CHOI Nahyun,Korea Republic,388,2008-03-27,,Right Hand / Shakehand,33.333333333333336,https://wttsimfiles.blob.core.windows.net/wtt-media/photos/400px/136479_R_CHOI Nahyun.png,WTT Official,F,2026-05-13T11:25:35.133062+00:00
1036,Daniela FONSECA,Cuba,389,2002-07-24,,Left Hand / Shakehand,,https://wttsimfiles.blob.core.windows.net/wtt-media/photos/400px/124042_HEADSHOT_R_FONSECA CARRAZANA_Daniela.png,WTT Official,F,2026-05-13T11:25:36.990931+00:00
1038,Ainhoa CRISTOBAL,Spain,390,2004-01-16,,Right Hand / Shakehand,33.333333333333336,https://wttwebcmsprod.blob.core.windows.net/websitefiles/images/general/men_default_left.png,WTT Official,F,2026-05-13T11:25:38.810033+00:00
1040,Alma ROOSE,Sweden,391,2001-03-01,,Right Hand / Shakehand,,https://wttsimfiles.blob.core.windows.net/wtt-media/photos/400px/131461_HEADSHOT_R_ROOSE_Alma .png,WTT Official,F,2026-05-13T11:25:40.634187+00:00
1042,Natalia GAJEWSKA,Poland,392,2003-05-18,,N/A,25.0,https://wttwebcmsprod.blob.core.windows.net/websitefiles/images/general/men_default_left.png,WTT Official,F,2026-05-13T11:25:42.459967+00:00
1044,Ananya MURALIDHARAN,India,393,2010-05-11,,N/A,58.333333333333336,https://wttsimfiles.blob.core.windows.net/wtt-media/photos/400px/200318_HEADSHOT_R_MURALIDHARAN_Ananya.png,WTT Official,F,2026-05-13T11:25:44.286570+00:00
1047,Klara HRABICOVA,Czechia,394,2003-09-25,,Left Hand / Shakehand,50.0,https://wttsimfiles.blob.core.windows.net/wtt-media/photos/400px/134339_Headshot_R_HRABICOVA_Klara.png,WTT Official,F,2026-05-13T11:25:46.437389+00:00
1049,Elisa NGUYEN,Germany,395,2009-03-02,,N/A,64.70588235294117,https://wttsimfiles.blob.core.windows.net/wtt-media/photos/400px/200444_R_Elisa NGUYEN.png,WTT Official,F,2026-05-13T11:25:48.305943+00:00
977,Denis IVONIN,AIN,619,1999-04-18,,Right Hand / Shakehand,75.0,https://wttwebcmsprod.blob.core.windows.net/websitefiles/images/general/men_default_left.png,WTT Official,M,2026-05-13T11:24:41.024599+00:00
979,Keisuke KIHO,Japan,620,2005-10-18,,N/A,50.0,https://wttwebcmsprod.blob.core.windows.net/websitefiles/images/general/men_default_left.png,WTT Official,M,2026-05-13T11:24:42.804423+00:00
981,David BJORKRYD,Sweden,621,2006-06-26,,N/A,,https://wttsimfiles.blob.core.windows.net/wtt-media/photos/400px/133395_Headshot_R_BJORKRYD_David.png,WTT Official,M,2026-05-13T11:24:44.595886+00:00
984,Amanual HADSH,Ethiopia,622,2002-10-27,,Right Hand / Shakehand,,https://wttwebcmsprod.blob.core.windows.net/websitefiles/images/general/men_default_left.png,WTT Official,M,2026-05-13T11:24:47.541738+00:00
986,Omar BEDAIR,Egypt,623,1994-04-14,,Left Hand / Shakehand,,https://wttwebcmsprod.blob.core.windows.net/websitefiles/images/general/men_default_left.png,WTT Official,M,2026-05-13T11:24:49.290182+00:00
987,GIL Minseok,Korea Republic,624,2005-02-18,,Right Hand / Shakehand,,https://wttsimfiles.blob.core.windows.net/wtt-media/photos/400px/HEADSHOT_R_GIL_Minseok.png,WTT Official,M,2026-05-13T11:24:51.041788+00:00
989,KWAK Yu Bin,Korea Republic,625,2000-11-13,,Right Hand / Shakehand,,https://wttwebcmsprod.blob.core.windows.net/websitefiles/images/general/men_default_left.png,WTT Official,M,2026-05-13T11:24:52.835059+00:00
991,HO Jeongmun,Korea Republic,626,2003-06-24,,N/A,,https://wttwebcmsprod.blob.core.windows.net/websitefiles/images/general/men_default_left.png,WTT Official,M,2026-05-13T11:24:54.630562+00:00
993,Hitesh DOGRA,India,627,1990-09-14,,N/A,50.0,https://wttwebcmsprod.blob.core.windows.net/websitefiles/images/general/men_default_left.png,WTT Official,M,2026-05-13T11:24:56.413741+00:00
995,Hamid SHAMS,Iran,628,2000-09-17,,Right Hand / Shakehand,0.0,https://wttsimfiles.blob.core.windows.net/wtt-media/photos/400px/121939_HEADSHOT_R_SHAMS_Hamid.png,WTT Official,M,2026-05-13T11:24:58.166399+00:00
997,Muhannad AL BALUSHI,Oman,629,1988-12-25,,N/A,0.0,https://wttsimfiles.blob.core.windows.net/wtt-media/photos/400px/132462_Headshot_R_AL BALUSHI_Muhannad.png,WTT Official,M,2026-05-13T11:25:00.000571+00:00
999,Neil MULYE,India,630,2007-07-07,,N/A,50.0,https://wttwebcmsprod.blob.core.windows.net/websitefiles/images/general/men_default_left.png,WTT Official,M,2026-05-13T11:25:01.895094+00:00
1001,Ebrahim GUBRAN,Yemen,631,2006-08-10,,Right Hand / Shakehand,33.333333333333336,https://wttsimfiles.blob.core.windows.net/wtt-media/photos/400px/135910_HEADSHOT_R_GUBRAN_Ebrahim.png,WTT Official,M,2026-05-13T11:25:03.712669+00:00
1003,Habeb ALAJAEBI,Libya,632,2002-04-01,,N/A,,https://wttwebcmsprod.blob.core.windows.net/websitefiles/images/general/men_default_left.png,WTT Official,M,2026-05-13T11:25:05.484733+00:00
1004,Barish MOULLET,Switzerland,633,2002-06-18,,Right Hand / Shakehand,60.0,https://wttwebcmsprod.blob.core.windows.net/websitefiles/images/general/men_default_left.png,WTT Official,M,2026-05-13T11:25:07.229995+00:00
1007,Ugurcan DURSUN,Türkiye,634,2006-07-13,,N/A,50.0,https://wttwebcmsprod.blob.core.windows.net/websitefiles/images/general/men_default_left.png,WTT Official,M,2026-05-13T11:25:11.041299+00:00
1011,Paul DRINKHALL,England,636,1990-01-16,,Right Hand / Shakehand,42.857142857142854,https://wttsimfiles.blob.core.windows.net/wtt-media/photos/400px/102380_Headshot_R_DRINKHALL_Paul.png,WTT Official,M,2026-05-13T11:25:14.703986+00:00
1013,Alfred DELA PENA,New Zealand,637,1999-09-06,,Left Hand / Shakehand,,https://wttsimfiles.blob.core.windows.net/wtt-media/photos/400px/120698_HEADSHOT_R_DELA PENA_Alfred.png,WTT Official,M,2026-05-13T11:25:16.462098+00:00
1015,Jean Pierre BAYALA,Cote d'Ivoire,638,2008-05-06,,Right Hand / Shakehand,0.0,https://wttwebcmsprod.blob.core.windows.net/websitefiles/images/general/men_default_left.png,WTT Official,M,2026-05-13T11:25:18.224069+00:00
1017,Isaac VILA,Dominican Republic,639,1996-08-22,,Right Hand / Shakehand,0.0,https://wttwebcmsprod.blob.core.windows.net/websitefiles/images/general/men_default_left.png,WTT Official,M,2026-05-13T11:25:19.992427+00:00
1019,Layan NEUMANN,Mexico,640,2000-05-28,,Right Hand / Penhold,,https://wttwebcmsprod.blob.core.windows.net/websitefiles/images/general/men_default_left.png,WTT Official,M,2026-05-13T11:25:21.735884+00:00
1031,Domingos MANUEL,Angola,646,1988-03-12,,N/A,50.0,https://wttwebcmsprod.blob.core.windows.net/websitefiles/images/general/men_default_left.png,WTT Official,M,2026-05-13T11:25:32.223692+00:00
1033,JANG Minhyeok,Korea Republic,647,2005-03-02,,N/A,,https://wttwebcmsprod.blob.core.windows.net/websitefiles/images/general/men_default_left.png,WTT Official,M,2026-05-13T11:25:33.968462+00:00
1035,Joon SHIM,Brazil,648,2004-02-25,,N/A,,https://wttsimfiles.blob.core.windows.net/wtt-media/photos/400px/134755_HEADSHOT_R_SHIM_Joon.png,WTT Official,M,2026-05-13T11:25:35.739567+00:00
1041,Denis TERNA,Moldova,651,1997-07-11,,N/A,50.0,https://wttwebcmsprod.blob.core.windows.net/websitefiles/images/general/men_default_left.png,WTT Official,M,2026-05-13T11:25:40.998303+00:00
1045,WU Yifei,China,64,2009-03-15,,N/A,86.11111111111111,https://wttsimfiles.blob.core.windows.net/wtt-media/photos/400px/210322_Headshot_R_WU_Yifei.png,WTT Official,F,2026-05-13T21:13:45.458903+00:00
1048,Kossi AKAKPO,Togo,655,2001-05-06,,N/A,33.333333333333336,https://wttwebcmsprod.blob.core.windows.net/websitefiles/images/general/men_default_left.png,WTT Official,M,2026-05-13T11:25:48.009665+00:00
1025,Noah HERSEL,Germany,87,2008-03-26,,N/A,57.142857142857146,https://wttsimfiles.blob.core.windows.net/wtt-media/photos/400px/HEADSHOT_R_HERSEL_Noah.png,WTT Official,F,2026-05-13T21:14:04.037457+00:00
1009,Mobin AMIRI,Iran,93,2010-04-24,,N/A,,https://wttsimfiles.blob.core.windows.net/wtt-media/photos/400px/202906_Headshot_R_Mobin AMIRI.png,WTT Official,F,2026-05-13T21:14:08.819036+00:00
1027,Rafal FORMELA,Poland,106,2007-12-15,,N/A,64.28571428571429,https://wttsimfiles.blob.core.windows.net/wtt-media/photos/400px/200603_HEADSHOT_R_FORMELA_Rafal.png,WTT Official,F,2026-05-13T21:14:32.436844+00:00
1023,Francesc CARRERA,Spain,116,2007-10-23,,N/A,68.0,https://wttwebcmsprod.blob.core.windows.net/websitefiles/images/general/men_default_left.png,WTT Official,F,2026-05-13T21:14:40.557914+00:00
1021,Ryan LIN,USA,133,2009-11-02,,N/A,77.77777777777777,https://wttwebcmsprod.blob.core.windows.net/websitefiles/images/general/men_default_left.png,WTT Official,F,2026-05-13T21:14:54.507634+00:00
1043,Jaden JIA,USA,296,2012-04-23,,N/A,70.83333333333333,https://wttwebcmsprod.blob.core.windows.net/websitefiles/images/general/men_default_left.png,WTT Official,F,2026-05-13T21:17:22.421248+00:00
1039,Nimit SOIPHUANG,Thailand,406,2010-08-20,,N/A,66.66666666666667,https://wttsimfiles.blob.core.windows.net/wtt-media/photos/400px/201439_HEADSHOT_R_SOIPHUANG_Nimit.png,WTT Official,F,2026-05-13T21:19:17.747292+00:00
975,Parth MAGAR,India,706,2009-01-08,,N/A,50.0,https://wttwebcmsprod.blob.core.windows.net/websitefiles/images/general/men_default_left.png,WTT Official,F,2026-05-13T21:24:02.050826+00:00
1037,Tarvachinbo BUYAN,Mongolia,805,2009-04-15,,N/A,20.0,https://wttsimfiles.blob.core.windows.net/wtt-media/photos/400px/208993_HEADSHOT_R_BUYAN_Tarvachinbo.png,WTT Official,F,2026-05-13T21:25:35.943526+00:00
1050,Leandro FUENTES,Argentina,656,2000-07-15,,Right Hand / Shakehand,,https://wttwebcmsprod.blob.core.windows.net/websitefiles/images/general/men_default_left.png,WTT Official,M,2026-05-13T11:25:49.789673+00:00
1052,Alex NAUMI,Finland,657,2001-04-27,,Left Hand / Shakehand,50.0,https://wttsimfiles.blob.core.windows.net/wtt-media/photos/400px/120674_Headshot_R_NAUMI_Alex.png,WTT Official,M,2026-05-13T11:25:51.553812+00:00
1054,Atarou ASSOU,Togo,658,1998-05-02,,N/A,0.0,https://wttwebcmsprod.blob.core.windows.net/websitefiles/images/general/men_default_left.png,WTT Official,M,2026-05-13T11:25:53.304263+00:00
1415,Moosa AHMED,Maldives,839,1987-07-10,,N/A,,https://wttwebcmsprod.blob.core.windows.net/websitefiles/images/general/men_default_left.png,WTT Official,M,2026-05-13T11:31:43.653513+00:00
1417,Diego PIGUAVE,Ecuador,840,2005-01-26,,N/A,,https://wttwebcmsprod.blob.core.windows.net/websitefiles/images/general/men_default_left.png,WTT Official,M,2026-05-13T11:31:45.482189+00:00
1419,Phillip NAPOOKOLI,Uganda,841,2005-10-20,,N/A,,https://wttwebcmsprod.blob.core.windows.net/websitefiles/images/general/men_default_left.png,WTT Official,M,2026-05-13T11:31:47.286689+00:00
1421,Aaron WILSON,Trinidad and Tobago,842,1998-09-26,,Right Hand / Shakehand,,https://wttwebcmsprod.blob.core.windows.net/websitefiles/images/general/men_default_left.png,WTT Official,M,2026-05-13T11:31:49.078600+00:00
1423,Jeremy CEDENO,Ecuador,843,2005-04-14,,N/A,,https://wttwebcmsprod.blob.core.windows.net/websitefiles/images/general/men_default_left.png,WTT Official,M,2026-05-13T11:31:50.874711+00:00
1425,Ruzimukhammad RAKHMONOV,Uzbekistan,844,2002-11-14,,N/A,,https://wttwebcmsprod.blob.core.windows.net/websitefiles/images/general/men_default_left.png,WTT Official,M,2026-05-13T11:31:52.667149+00:00
1428,Jeison MARTINEZ,Costa Rica,845,1992-06-21,,Right Hand / Shakehand,,https://wttwebcmsprod.blob.core.windows.net/websitefiles/images/general/men_default_left.png,WTT Official,M,2026-05-13T11:31:54.470609+00:00
1484,Beatriz PINTO,Portugal,609,2009-05-25,,N/A,53.333333333333336,https://wttwebcmsprod.blob.core.windows.net/websitefiles/images/general/men_default_left.png,WTT Official,F,2026-05-13T11:32:51.887650+00:00
1486,Yasiris ORTIZ,Dominican Republic,610,1997-04-24,,Right Hand / Shakehand,20.0,https://wttwebcmsprod.blob.core.windows.net/websitefiles/images/general/men_default_left.png,WTT Official,F,2026-05-13T11:32:53.712312+00:00
1488,Esmerlyn CASTRO,Dominican Republic,611,2001-08-14,,Right Hand / Shakehand,20.0,https://wttsimfiles.blob.core.windows.net/wtt-media/photos/400px/122538_Headshot_R_Esmerlyn CASTRO.png,WTT Official,F,2026-05-13T11:32:55.534789+00:00
1490,Irina GIMENO,Spain,612,2009-11-30,,N/A,66.66666666666667,https://wttwebcmsprod.blob.core.windows.net/websitefiles/images/general/men_default_left.png,WTT Official,F,2026-05-13T11:32:57.338358+00:00
1492,Yara ELBADAWY,Egypt,613,2009-11-05,,N/A,,https://wttsimfiles.blob.core.windows.net/wtt-media/photos/400px/201308_Headshot_R_Yara ELBADAWY.png,WTT Official,F,2026-05-13T11:32:59.147803+00:00
1494,Karen SHIMAMURA,Japan,614,2007-11-02,,Right Hand / Shakehand,,https://wttwebcmsprod.blob.core.windows.net/websitefiles/images/general/men_default_left.png,WTT Official,F,2026-05-13T11:33:00.959736+00:00
1496,Yekta LARKIAN,Iran,615,2009-03-04,,N/A,,https://wttwebcmsprod.blob.core.windows.net/websitefiles/images/general/men_default_left.png,WTT Official,F,2026-05-13T11:33:02.827303+00:00
1498,WANG Xinya,China,616,2008-02-12,,N/A,66.66666666666667,https://wttwebcmsprod.blob.core.windows.net/websitefiles/images/general/men_default_left.png,WTT Official,F,2026-05-13T11:33:04.663634+00:00
1500,LIN Wan-Rong,Chinese Taipei,617,2010-11-29,,N/A,86.66666666666667,https://wttsimfiles.blob.core.windows.net/wtt-media/photos/400px/205794_Headshot_R_LIN_Wan-Rong.png,WTT Official,F,2026-05-13T11:33:06.472267+00:00
1502,Baljinnyam UVGUNBURGED,Mongolia,618,2004-01-22,,N/A,0.0,https://wttwebcmsprod.blob.core.windows.net/websitefiles/images/general/men_default_left.png,WTT Official,F,2026-05-13T11:33:08.296561+00:00
1504,Alissa TSVIGUN,Kazakhstan,619,2007-10-24,,N/A,,https://wttwebcmsprod.blob.core.windows.net/websitefiles/images/general/men_default_left.png,WTT Official,F,2026-05-13T11:33:10.474567+00:00
1506,Catalina RAMIREZ,Chile,620,2010-03-31,,N/A,50.0,https://wttwebcmsprod.blob.core.windows.net/websitefiles/images/general/men_default_left.png,WTT Official,F,2026-05-13T11:33:12.292918+00:00
1508,Sofia KANO,Brazil,621,2006-11-20,,N/A,,https://wttsimfiles.blob.core.windows.net/wtt-media/photos/400px/200393_Headshot_R_HARUMI_Sofia.png,WTT Official,F,2026-05-13T11:33:14.099617+00:00
1510,Bernice BORQUAYE,Ghana,622,1992-09-26,,N/A,,https://wttwebcmsprod.blob.core.windows.net/websitefiles/images/general/men_default_left.png,WTT Official,F,2026-05-13T11:33:15.958738+00:00
1512,LIN Huan Ting,Chinese Taipei,623,2009-09-24,,N/A,,https://wttsimfiles.blob.core.windows.net/wtt-media/photos/400px/209403_Headshot_R_LIN_Huan Ting.png,WTT Official,F,2026-05-13T11:33:17.769613+00:00
1514,Albina ZHAXYLYKOVA,Kazakhstan,624,2007-05-11,,N/A,33.333333333333336,https://wttwebcmsprod.blob.core.windows.net/websitefiles/images/general/men_default_left.png,WTT Official,F,2026-05-13T11:33:19.579503+00:00
1516,Alexandra CHIRIACOVA,Moldova,625,2005-01-18,,N/A,33.333333333333336,https://wttwebcmsprod.blob.core.windows.net/websitefiles/images/general/men_default_left.png,WTT Official,F,2026-05-13T11:33:21.409811+00:00
1518,Manon LOTH,Italy,626,2010-10-11,,N/A,64.44444444444444,https://wttwebcmsprod.blob.core.windows.net/websitefiles/images/general/men_default_left.png,WTT Official,F,2026-05-13T11:33:23.240489+00:00
1520,Zuzanna PAWELEC,Poland,627,2006-11-19,,N/A,25.0,https://wttwebcmsprod.blob.core.windows.net/websitefiles/images/general/men_default_left.png,WTT Official,F,2026-05-13T11:33:25.060841+00:00
1522,Mariangel DIAZ,Venezuela,628,2005-06-16,,N/A,,https://wttwebcmsprod.blob.core.windows.net/websitefiles/images/general/men_default_left.png,WTT Official,F,2026-05-13T11:33:26.880924+00:00
1524,Bianca RAI,Nepal,629,2007-03-04,,N/A,,https://wttwebcmsprod.blob.core.windows.net/websitefiles/images/general/men_default_left.png,WTT Official,F,2026-05-13T11:33:28.722181+00:00
1526,Malika SANDYBAYEVA,Kazakhstan,630,2005-11-15,,N/A,,https://wttwebcmsprod.blob.core.windows.net/websitefiles/images/general/men_default_left.png,WTT Official,F,2026-05-13T11:33:30.556375+00:00
1528,CHOE Jong Im,Korea DPR,631,2004-10-19,,N/A,,https://wttwebcmsprod.blob.core.windows.net/websitefiles/images/general/men_default_left.png,WTT Official,F,2026-05-13T11:33:32.368019+00:00
1530,Natzumi AQUIJE,Peru,632,2009-02-02,,N/A,,https://wttwebcmsprod.blob.core.windows.net/websitefiles/images/general/men_default_left.png,WTT Official,F,2026-05-13T11:33:34.216943+00:00
1532,Nabita SHRESTHA,Nepal,633,1992-02-19,,Right Hand / Penhold,,https://wttwebcmsprod.blob.core.windows.net/websitefiles/images/general/men_default_left.png,WTT Official,F,2026-05-13T11:33:36.021039+00:00
1533,Solesha YOUNG,Jamaica,634,2004-07-12,,Right Hand / Shakehand,,https://wttwebcmsprod.blob.core.windows.net/websitefiles/images/general/men_default_left.png,WTT Official,F,2026-05-13T11:33:37.831629+00:00
1534,Zanele MOFECHANE,Lesotho,635,2009-11-27,,N/A,,https://wttwebcmsprod.blob.core.windows.net/websitefiles/images/general/men_default_left.png,WTT Official,F,2026-05-13T11:33:39.647448+00:00
1535,Julia HATAKEYAMA,Brazil,636,2008-12-15,,N/A,,https://wttsimfiles.blob.core.windows.net/wtt-media/photos/400px/204989_Headshot_R_HATAKEYAMA_Julia.png,WTT Official,F,2026-05-13T11:33:41.463173+00:00
1536,Barbara BETANCOURT,Venezuela,637,2009-02-18,,N/A,,https://wttwebcmsprod.blob.core.windows.net/websitefiles/images/general/men_default_left.png,WTT Official,F,2026-05-13T11:33:43.326637+00:00
1051,Natalia BOGDANOWICZ,Poland,396,2007-01-10,,Right Hand / Shakehand,73.6842105263158,https://wttsimfiles.blob.core.windows.net/wtt-media/photos/400px/136597_HEADSHOT_R_BOGDANOWICZ_Natalia.png,WTT Official,F,2026-05-13T11:25:50.158692+00:00
1053,FENG Yixuan,China,397,2008-09-26,,N/A,75.0,https://wttwebcmsprod.blob.core.windows.net/websitefiles/images/general/men_default_left.png,WTT Official,F,2026-05-13T11:25:51.982718+00:00
1055,Arina SLAUTINA,AIN,398,2003-11-01,,Right Hand / Shakehand,50.0,https://wttsimfiles.blob.core.windows.net/wtt-media/photos/400px/131274_Headshot_R_Arina SLAUTINA.png,WTT Official,F,2026-05-13T11:25:53.809456+00:00
1057,Jennifer VARGHESE,India,399,2008-06-23,,N/A,56.25,https://wttsimfiles.blob.core.windows.net/wtt-media/photos/400px/201311_HEADSHOT_R_VARGHESE_Jennifer.png,WTT Official,F,2026-05-13T11:25:55.652270+00:00
1059,Naisha REWASKAR,India,400,2011-04-09,,N/A,70.96774193548387,https://wttsimfiles.blob.core.windows.net/wtt-media/photos/400px/202752_Headshot_R_Naisha REWASKAR.png,WTT Official,F,2026-05-13T11:25:57.471517+00:00
1056,Sebastian BEDOYA,Colombia,112,2008-01-11,,N/A,66.66666666666667,https://wttwebcmsprod.blob.core.windows.net/websitefiles/images/general/men_default_left.png,WTT Official,F,2026-05-13T21:14:37.306397+00:00
1061,Edouard VALENET,Philippines,662,2001-03-23,,N/A,33.333333333333336,https://wttwebcmsprod.blob.core.windows.net/websitefiles/images/general/men_default_left.png,WTT Official,M,2026-05-13T11:26:00.735296+00:00
1063,David MCBEATH,England,664,1992-03-15,,Right Hand / Shakehand,,https://wttsimfiles.blob.core.windows.net/wtt-media/photos/400px/112284_Headshot_R_MCBEATH_David.png,WTT Official,M,2026-05-13T11:26:04.349448+00:00
1067,Ananya CHANDE,India,401,2006-03-06,,Right Hand / Shakehand,33.333333333333336,https://wttsimfiles.blob.core.windows.net/wtt-media/photos/400px/135900_HEADSHOT_R_CHANDE_Ananya.png,WTT Official,F,2026-05-13T11:26:10.144548+00:00
1069,KIM Minseo,Korea Republic,402,2010-06-01,,N/A,78.94736842105263,https://wttsimfiles.blob.core.windows.net/wtt-media/photos/400px/205273_R_KIM Minseo.png,WTT Official,F,2026-05-13T11:26:11.986101+00:00
1070,Vitor IWAMOTO,Brazil,669,2008-02-14,,N/A,,https://wttsimfiles.blob.core.windows.net/wtt-media/photos/400px/202057_HEADSHOT_R_IWAMOTO_Vitor.png,WTT Official,M,2026-05-13T11:26:13.430902+00:00
1071,DENG Zhen,USA,403,1999-03-11,,N/A,0.0,https://wttwebcmsprod.blob.core.windows.net/websitefiles/images/general/men_default_left.png,WTT Official,F,2026-05-13T11:26:13.826755+00:00
1072,Essa AL HADDAD,Qatar,586,2011-11-10,,N/A,10.0,https://wttwebcmsprod.blob.core.windows.net/websitefiles/images/general/men_default_left.png,WTT Official,F,2026-05-13T21:21:57.810005+00:00
1073,Mia GRIESEL,Germany,404,2006-03-31,,Right Hand / Shakehand,,https://wttsimfiles.blob.core.windows.net/wtt-media/photos/400px/135498_R_Mia GRIESEL.png,WTT Official,F,2026-05-13T11:26:15.643968+00:00
1074,PAU Yik Man,"Hong Kong, China",671,2002-12-27,,Right Hand / Shakehand,,https://wttwebcmsprod.blob.core.windows.net/websitefiles/images/general/men_default_left.png,WTT Official,M,2026-05-13T11:26:16.967221+00:00
1075,Lara OPEKA,Slovenia,405,2001-04-21,,Right Hand / Shakehand,40.0,https://wttsimfiles.blob.core.windows.net/wtt-media/photos/400px/131587_Headshot_R_OPEKA_Lara.png,WTT Official,F,2026-05-13T11:26:17.474564+00:00
1077,Hannah SILCOCK,Jersey,406,2007-07-11,,N/A,43.58974358974359,https://wttwebcmsprod.blob.core.windows.net/websitefiles/images/general/men_default_left.png,WTT Official,F,2026-05-13T11:26:19.304406+00:00
1078,Danilo TOMA,Brazil,673,1992-10-23,,Right Hand / Shakehand,,https://wttwebcmsprod.blob.core.windows.net/websitefiles/images/general/men_default_left.png,WTT Official,M,2026-05-13T11:26:20.499265+00:00
1079,Stuti KASHYAP,Antigua and Barbuda,407,2009-04-17,,N/A,67.44186046511628,https://wttwebcmsprod.blob.core.windows.net/websitefiles/images/general/men_default_left.png,WTT Official,F,2026-05-13T11:26:21.129427+00:00
1080,Anane VONGSA,Laos,674,2006-10-21,,N/A,,https://wttwebcmsprod.blob.core.windows.net/websitefiles/images/general/men_default_left.png,WTT Official,M,2026-05-13T11:26:22.286140+00:00
1081,Mariana SANTA,Portugal,408,2007-09-11,,N/A,58.8235294117647,https://wttwebcmsprod.blob.core.windows.net/websitefiles/images/general/men_default_left.png,WTT Official,F,2026-05-13T11:26:22.976115+00:00
1083,Camelia IACOB,Romania,409,1992-07-16,,Right Hand / Shakehand,,https://wttwebcmsprod.blob.core.windows.net/websitefiles/images/general/men_default_left.png,WTT Official,F,2026-05-13T11:26:24.798089+00:00
1085,Chelsea EDGHILL,Guyana,410,1997-07-06,,Right Hand / Shakehand,,https://wttwebcmsprod.blob.core.windows.net/websitefiles/images/general/men_default_left.png,WTT Official,F,2026-05-13T11:26:26.619911+00:00
1086,Grzegorz FELKEL,Poland,677,1998-08-07,,N/A,,https://wttwebcmsprod.blob.core.windows.net/websitefiles/images/general/men_default_left.png,WTT Official,M,2026-05-13T11:26:27.567239+00:00
1087,CHENG Hsien-Tzu,Chinese Taipei,411,1993-04-18,,Right Hand / Shakehand,33.333333333333336,https://wttsimfiles.blob.core.windows.net/wtt-media/photos/400px/114706_Headshot_R_CHENG_Hsien-Tzu.png,WTT Official,F,2026-05-13T11:26:28.477547+00:00
1088,Subrat VERMA,India,678,2001-08-27,,N/A,75.0,https://wttwebcmsprod.blob.core.windows.net/websitefiles/images/general/men_default_left.png,WTT Official,M,2026-05-13T11:26:29.321008+00:00
1089,Amina KESSACI,Algeria,412,2005-01-04,,Right Hand / Penhold,,https://wttsimfiles.blob.core.windows.net/wtt-media/photos/400px/133464_Headshot_R_KESSACI_Amina.png,WTT Official,F,2026-05-13T11:26:30.308007+00:00
1090,Raegan ALBUQUERQUE,India,679,2001-01-06,,Right Hand / Shakehand,66.66666666666667,https://wttwebcmsprod.blob.core.windows.net/websitefiles/images/general/men_default_left.png,WTT Official,M,2026-05-13T11:26:31.092472+00:00
1076,Gustavo TSUBOI,Brazil,672,1985-05-31,,Left Hand / Shakehand,,https://wttsimfiles.blob.core.windows.net/wtt-media/photos/400px/TSUBOI-Gustavo_R.png,WTT Official,M,2026-05-13T20:31:40.743655+00:00
1062,Daniel CRUZ,Colombia,663,2006-03-14,,N/A,50.0,https://wttwebcmsprod.blob.core.windows.net/websitefiles/images/general/men_default_left.png,WTT Official,M,2026-05-13T20:31:31.706365+00:00
1064,Amalraj ANTHONY,India,665,1986-01-24,,Right Hand / Shakehand,50.0,https://wttsimfiles.blob.core.windows.net/wtt-media/photos/400px/100001_Headshot_R_AMALRAJ_Anthony.png,WTT Official,M,2026-05-13T20:31:33.727403+00:00
1065,Ali MOHAMMED,India,666,1999-09-27,,N/A,50.0,https://wttsimfiles.blob.core.windows.net/wtt-media/photos/400px/146113_HEADSHOT_R_MOHAMMED_Ali.png,WTT Official,M,2026-05-13T20:31:34.717454+00:00
1066,Jaynil MEHTA,India,667,2001-09-28,,N/A,50.0,https://wttwebcmsprod.blob.core.windows.net/websitefiles/images/general/men_default_left.png,WTT Official,M,2026-05-13T20:31:35.704398+00:00
1068,Abinay VIJAY,India,668,1997-07-10,,N/A,50.0,https://wttwebcmsprod.blob.core.windows.net/websitefiles/images/general/men_default_left.png,WTT Official,M,2026-05-13T20:31:36.684116+00:00
1082,Joseph HUNTER,England,675,2006-06-02,,N/A,42.857142857142854,https://wttwebcmsprod.blob.core.windows.net/websitefiles/images/general/men_default_left.png,WTT Official,M,2026-05-13T20:31:43.686200+00:00
1084,Felix THOMIS,England,676,2005-07-19,,Left Hand / Shakehand,,https://wttwebcmsprod.blob.core.windows.net/websitefiles/images/general/men_default_left.png,WTT Official,M,2026-05-13T20:31:44.733976+00:00
1091,Olga VOROBEVA,AIN,413,1990-10-12,,Right Hand / Shakehand,50.0,https://wttsimfiles.blob.core.windows.net/wtt-media/photos/400px/111871_Headshot_R_VOROBEVA_Olga.png,WTT Official,F,2026-05-13T11:26:32.166311+00:00
1093,Shamalsha HALAWATHAGE,Sri Lanka,414,2008-05-09,,N/A,33.333333333333336,https://wttwebcmsprod.blob.core.windows.net/websitefiles/images/general/men_default_left.png,WTT Official,F,2026-05-13T11:26:33.998149+00:00
1095,Angelina ROMANOVSKAYA,Kazakhstan,415,2003-03-18,,Right Hand / Shakehand,,https://wttsimfiles.blob.core.windows.net/wtt-media/photos/400px/133124_Headshot_R_Angelina ROMANOVSKAYA.png,WTT Official,F,2026-05-13T11:26:35.836691+00:00
1097,Jana RIERA,Spain,416,2004-03-03,,Right Hand / Shakehand,,https://wttwebcmsprod.blob.core.windows.net/websitefiles/images/general/men_default_left.png,WTT Official,F,2026-05-13T11:26:37.672291+00:00
1099,Markhabo MAGDIEVA,Uzbekistan,417,2004-09-08,,N/A,,https://wttsimfiles.blob.core.windows.net/wtt-media/photos/400px/145016_HEADSHOT_R_MAGDIEVA_Markhabo.png,WTT Official,F,2026-05-13T11:26:39.499779+00:00
1101,Kadijat OKANLAWON,Nigeria,418,2009-05-01,,N/A,,https://wttwebcmsprod.blob.core.windows.net/websitefiles/images/general/men_default_left.png,WTT Official,F,2026-05-13T11:26:41.334634+00:00
1103,Joy EMMANUEL,Nigeria,419,2007-02-19,,N/A,,https://wttwebcmsprod.blob.core.windows.net/websitefiles/images/general/men_default_left.png,WTT Official,F,2026-05-13T11:26:43.153430+00:00
1105,Iyanu Oluwa FALANA,Nigeria,420,2004-03-04,,Right Hand / Shakehand,,https://wttwebcmsprod.blob.core.windows.net/websitefiles/images/general/men_default_left.png,WTT Official,F,2026-05-13T11:26:44.984260+00:00
1107,Onyinyechi MBAH,Nigeria,421,1998-02-01,,Right Hand / Shakehand,,https://wttwebcmsprod.blob.core.windows.net/websitefiles/images/general/men_default_left.png,WTT Official,F,2026-05-13T11:26:46.815357+00:00
1109,Ajarat ASAJU,Nigeria,422,1993-09-27,,N/A,,https://wttwebcmsprod.blob.core.windows.net/websitefiles/images/general/men_default_left.png,WTT Official,F,2026-05-13T11:26:48.649503+00:00
1111,Maryam AHMED,Nigeria,423,2007-09-08,,Right hand  / Shake hand grip,,https://wttwebcmsprod.blob.core.windows.net/websitefiles/images/general/men_default_left.png,WTT Official,F,2026-05-13T11:26:50.470664+00:00
1114,CHIANG Janelle,Singapore,424,2010-03-11,,N/A,31.25,https://wttsimfiles.blob.core.windows.net/wtt-media/photos/400px/201454_Headshot_R_CHIANG Janelle.png,WTT Official,F,2026-05-13T11:26:52.301265+00:00
1116,Pritha VARTIKAR,India,425,2006-08-09,,Right Hand / Shakehand,40.0,https://wttsimfiles.blob.core.windows.net/wtt-media/photos/400px/135511_HEADSHOT_R_Pritha VARTIKAR.png,WTT Official,F,2026-05-13T11:26:54.123072+00:00
1118,CHEN Xianchang,China,426,2008-09-16,,N/A,73.6842105263158,https://wttsimfiles.blob.core.windows.net/wtt-media/photos/400px/HEADSHOT_R_CHEN_Xianchang.png,WTT Official,F,2026-05-13T11:26:55.976009+00:00
1120,Angelica ARELLANO,Ecuador,427,2007-01-04,,Right Hand / Shakehand,,https://wttwebcmsprod.blob.core.windows.net/websitefiles/images/general/men_default_left.png,WTT Official,F,2026-05-13T11:26:57.796949+00:00
1122,Fabiola DIAZ,Puerto Rico,428,2002-11-08,,Right Hand / Shakehand,0.0,https://wttwebcmsprod.blob.core.windows.net/websitefiles/images/general/men_default_left.png,WTT Official,F,2026-05-13T11:26:59.621271+00:00
1124,Malamatenia PAPADIMITRIOU,Greece,429,2004-08-30,,Left Hand / Shakehand,33.333333333333336,https://wttwebcmsprod.blob.core.windows.net/websitefiles/images/general/men_default_left.png,WTT Official,F,2026-05-13T11:27:01.448342+00:00
1126,Valeriia KOTSIUR,AIN,430,1992-06-11,,Right Hand / Shakehand,40.0,https://wttwebcmsprod.blob.core.windows.net/websitefiles/images/general/men_default_left.png,WTT Official,F,2026-05-13T11:27:03.271041+00:00
1128,Marina DONNER,Finland,431,1982-09-26,,N/A,75.0,https://wttwebcmsprod.blob.core.windows.net/websitefiles/images/general/men_default_left.png,WTT Official,F,2026-05-13T11:27:05.110010+00:00
1132,Maria RONY,India,433,1997-05-21,,Right Hand / Shakehand,50.0,https://wttsimfiles.blob.core.windows.net/wtt-media/photos/400px/119069_Headshot_R_Maria RONY.png,WTT Official,F,2026-05-13T11:27:08.729673+00:00
1134,Garima GOYAL,India,435,1994-04-20,,N/A,0.0,https://wttsimfiles.blob.core.windows.net/wtt-media/photos/400px/143785_HEADSHOT_R_GOYAL_Garima.png,WTT Official,F,2026-05-13T11:27:12.342202+00:00
1136,MAK Ming Shum,"Hong Kong, China",437,2009-01-13,,N/A,60.869565217391305,https://wttsimfiles.blob.core.windows.net/wtt-media/photos/400px/HEADSHOT_R_MAK-Ming-Shum.png,WTT Official,F,2026-05-13T11:27:16.293515+00:00
1137,Amani TAZEROUTI,Algeria,438,2011-03-27,,N/A,20.0,https://wttwebcmsprod.blob.core.windows.net/websitefiles/images/general/men_default_left.png,WTT Official,F,2026-05-13T11:27:20.262799+00:00
1138,Yoshini JAYAWARDENA,Sri Lanka,439,2010-03-08,,N/A,100.0,https://wttwebcmsprod.blob.core.windows.net/websitefiles/images/general/men_default_left.png,WTT Official,F,2026-05-13T11:27:22.092703+00:00
1140,CHEN Chi-Yun,Chinese Taipei,440,2009-11-13,,N/A,,https://wttsimfiles.blob.core.windows.net/wtt-media/photos/400px/203122_Headshot_R_CHEN_Chi-Yun.png,WTT Official,F,2026-05-13T11:27:23.875638+00:00
1142,XU Huiyao,China,441,2007-06-28,,N/A,85.71428571428571,https://wttwebcmsprod.blob.core.windows.net/websitefiles/images/general/men_default_left.png,WTT Official,F,2026-05-13T11:27:25.663322+00:00
1144,Setayesh ILOUKHANI,Iran,442,2008-02-21,,N/A,,https://wttwebcmsprod.blob.core.windows.net/websitefiles/images/general/men_default_left.png,WTT Official,F,2026-05-13T11:27:27.457788+00:00
1146,Linda ZADEROVA,Czechia,443,2003-05-29,,Right Hand / Shakehand,20.0,https://wttsimfiles.blob.core.windows.net/wtt-media/photos/400px/131572_Headshot_R_ZADEROVA_Linda.png,WTT Official,F,2026-05-13T11:27:29.265801+00:00
1149,Madinath YESSOUFOU,Benin,444,1997-12-24,,N/A,0.0,https://wttwebcmsprod.blob.core.windows.net/websitefiles/images/general/men_default_left.png,WTT Official,F,2026-05-13T11:27:31.301660+00:00
1151,Siri BENJEGARD,Sweden,445,2011-06-03,,N/A,70.2127659574468,https://wttsimfiles.blob.core.windows.net/wtt-media/photos/400px/201097_Headshot_R_Siri BENJEGARD.png,WTT Official,F,2026-05-13T11:27:33.205384+00:00
1153,Franka MISKIC,Croatia,446,2009-01-20,,N/A,50.0,https://wttwebcmsprod.blob.core.windows.net/websitefiles/images/general/men_default_left.png,WTT Official,F,2026-05-13T11:27:34.997481+00:00
1155,Nina DAROVCOVA,Slovak Republic,447,2007-04-20,,Right Hand / Shakehand,75.0,https://wttwebcmsprod.blob.core.windows.net/websitefiles/images/general/men_default_left.png,WTT Official,F,2026-05-13T11:27:36.790482+00:00
1157,Natalia GRIGELOVA,Slovak Republic,448,2000-03-12,,Right Hand / Shakehand,50.0,https://wttsimfiles.blob.core.windows.net/wtt-media/photos/400px/120292_Headshot_R_GRIGELOVA_Natalia.png,WTT Official,F,2026-05-13T11:27:38.578858+00:00
1159,Tania PLAIAN,Romania,449,2001-03-16,,Right Hand / Shakehand,42.857142857142854,https://wttsimfiles.blob.core.windows.net/wtt-media/photos/400px/123519_Headshot_R_PLAIAN_Tania.png,WTT Official,F,2026-05-13T11:27:40.365593+00:00
1161,Tsvetelina GEORGIEVA,Bulgaria,450,2005-09-20,,N/A,,https://wttwebcmsprod.blob.core.windows.net/websitefiles/images/general/men_default_left.png,WTT Official,F,2026-05-13T11:27:42.148771+00:00
1163,Nikoleta PUCHOVANOVA,Slovak Republic,451,2000-05-20,,Right Hand / Shakehand,33.333333333333336,https://wttsimfiles.blob.core.windows.net/wtt-media/photos/400px/121715_Headshot_R_PUCHOVANOVA_Nikoleta.png,WTT Official,F,2026-05-13T11:27:43.946113+00:00
1165,Malissa NASRI,Algeria,452,2001-10-20,,Right Hand / Shakehand,0.0,https://wttsimfiles.blob.core.windows.net/wtt-media/photos/400px/120750_Headshot_R_Malissa NASRI.png,WTT Official,F,2026-05-13T11:27:45.757492+00:00
1092,TSAI Pang-Yuan,Chinese Taipei,680,2004-07-09,,Right Hand / Shakehand,75.0,https://wttwebcmsprod.blob.core.windows.net/websitefiles/images/general/men_default_left.png,WTT Official,M,2026-05-13T11:26:32.852847+00:00
1094,Kartikey KAUSHIK,India,681,2004-10-05,,N/A,0.0,https://wttsimfiles.blob.core.windows.net/wtt-media/photos/400px/207295_Headshot_R_Kartikey Kaushik.png,WTT Official,M,2026-05-13T11:26:34.614296+00:00
1096,Karthikeyan KAMARAJ,India,682,2004-08-14,,N/A,50.0,https://wttwebcmsprod.blob.core.windows.net/websitefiles/images/general/men_default_left.png,WTT Official,M,2026-05-13T11:26:36.411845+00:00
1098,Pratik THAPA,Nepal,683,1994-10-10,,N/A,0.0,https://wttsimfiles.blob.core.windows.net/wtt-media/photos/400px/223742_Headshot_R_Pratik Thapa.png,WTT Official,M,2026-05-13T11:26:38.229461+00:00
1100,Tomoki OMODA,Japan,684,2007-12-19,,N/A,50.0,https://wttwebcmsprod.blob.core.windows.net/websitefiles/images/general/men_default_left.png,WTT Official,M,2026-05-13T11:26:39.995488+00:00
1104,Chanul Dulsen KULAPPUWAWADU,Sri Lanka,686,2003-05-08,,N/A,,https://wttwebcmsprod.blob.core.windows.net/websitefiles/images/general/men_default_left.png,WTT Official,M,2026-05-13T11:26:43.515092+00:00
1106,Zexuan WANG,Canada,687,1993-06-08,,N/A,,https://wttsimfiles.blob.core.windows.net/wtt-media/photos/400px/117613_HEADSHOT_R_WANG_Zexuan.png,WTT Official,M,2026-05-13T11:26:45.264075+00:00
1108,Sagantay KURMAMBAYEV,Kazakhstan,688,2003-06-02,,Right Hand / Shakehand,,https://wttwebcmsprod.blob.core.windows.net/websitefiles/images/general/men_default_left.png,WTT Official,M,2026-05-13T11:26:47.022597+00:00
1110,Cheng ZHOU,Fiji,689,2011-05-25,,N/A,,https://wttwebcmsprod.blob.core.windows.net/websitefiles/images/general/men_default_left.png,WTT Official,M,2026-05-13T11:26:48.778798+00:00
1112,Djo DIAMUANGANA DIAWAKU,Congo Democratic,690,1997-11-06,,N/A,0.0,https://wttwebcmsprod.blob.core.windows.net/websitefiles/images/general/men_default_left.png,WTT Official,M,2026-05-13T11:26:50.551668+00:00
1113,Erick PEREZ,Venezuela,691,2006-09-22,,N/A,,https://wttwebcmsprod.blob.core.windows.net/websitefiles/images/general/men_default_left.png,WTT Official,M,2026-05-13T11:26:52.317180+00:00
1115,Daniel GUETE,Colombia,692,2004-09-19,,N/A,,https://wttwebcmsprod.blob.core.windows.net/websitefiles/images/general/men_default_left.png,WTT Official,M,2026-05-13T11:26:54.077423+00:00
1117,Nazar TRETIAK,Ukraine,693,2004-10-27,,Right Hand / Shakehand,0.0,https://wttwebcmsprod.blob.core.windows.net/websitefiles/images/general/men_default_left.png,WTT Official,M,2026-05-13T11:26:55.861890+00:00
1119,Christian MBONGIA,Congo Democratic,694,2003-04-18,,Right Hand / Shakehand,,https://wttwebcmsprod.blob.core.windows.net/websitefiles/images/general/men_default_left.png,WTT Official,M,2026-05-13T11:26:57.624666+00:00
1121,Amir Atanda ADOU,Benin,695,2002-06-20,,N/A,14.285714285714286,https://wttwebcmsprod.blob.core.windows.net/websitefiles/images/general/men_default_left.png,WTT Official,M,2026-05-13T11:26:59.383872+00:00
1123,Mouyassir GAFAROU,Benin,696,1999-02-07,,N/A,,https://wttwebcmsprod.blob.core.windows.net/websitefiles/images/general/men_default_left.png,WTT Official,M,2026-05-13T11:27:01.151166+00:00
1127,Riyan DUTTA,India,698,2001-06-21,,N/A,22.22222222222222,https://wttwebcmsprod.blob.core.windows.net/websitefiles/images/general/men_default_left.png,WTT Official,M,2026-05-13T11:27:04.666283+00:00
1129,NIU Guankai,China,699,2002-01-28,,Right Hand / Shakehand,66.66666666666667,https://wttsimfiles.blob.core.windows.net/wtt-media/photos/400px/134239_Headshot_R_NIU_Guankai.png,WTT Official,M,2026-05-13T11:27:06.449495+00:00
1130,LEE Seungmi,Korea Republic,432,2005-01-12,,N/A,57.142857142857146,https://wttwebcmsprod.blob.core.windows.net/websitefiles/images/general/men_default_left.png,WTT Official,F,2026-05-13T11:27:06.949213+00:00
1133,Manami IMAEDA,Japan,434,2005-05-18,,N/A,66.66666666666667,https://wttwebcmsprod.blob.core.windows.net/websitefiles/images/general/men_default_left.png,WTT Official,F,2026-05-13T11:27:10.542936+00:00
1135,Rokaia ELBAZ,Qatar,436,2011-10-10,,N/A,64.51612903225806,https://wttsimfiles.blob.core.windows.net/wtt-media/photos/400px/201305_HEADSHOT_R_ELBAZ_Rokaia.png,WTT Official,F,2026-05-13T11:27:14.192274+00:00
1141,Gedeon KASSA,Congo Democratic,702,1998-10-19,,Right Hand / Shakehand,,https://wttwebcmsprod.blob.core.windows.net/websitefiles/images/general/men_default_left.png,WTT Official,M,2026-05-13T11:27:24.261434+00:00
1143,Choolwe HAMALAMBO,Zambia,703,1998-06-14,,N/A,,https://wttsimfiles.blob.core.windows.net/wtt-media/photos/400px/124065_Headshot_R_Choolwe HAMALAMBO.png,WTT Official,M,2026-05-13T11:27:26.025970+00:00
1145,Abdelrahman HAGGAGY,Egypt,704,1995-06-01,,N/A,,https://wttwebcmsprod.blob.core.windows.net/websitefiles/images/general/men_default_left.png,WTT Official,M,2026-05-13T11:27:27.781529+00:00
1147,Tomas SANCHI,Italy,705,2004-06-07,,Right Hand / Shakehand,,https://wttwebcmsprod.blob.core.windows.net/websitefiles/images/general/men_default_left.png,WTT Official,M,2026-05-13T11:27:29.564721+00:00
1150,Mohutasin RIDOY,Bangladesh,707,2004-11-18,,N/A,,https://wttwebcmsprod.blob.core.windows.net/websitefiles/images/general/men_default_left.png,WTT Official,M,2026-05-13T11:27:33.186527+00:00
1152,Igor BOULMO,Cameroon,708,1998-07-07,,N/A,,https://wttwebcmsprod.blob.core.windows.net/websitefiles/images/general/men_default_left.png,WTT Official,M,2026-05-13T11:27:34.947508+00:00
1154,Emmanuel COMMEY,Ghana,709,1994-03-10,,Left Hand / Shakehand,,https://wttwebcmsprod.blob.core.windows.net/websitefiles/images/general/men_default_left.png,WTT Official,M,2026-05-13T11:27:36.699681+00:00
683,WANG Jixuan,China,90,2008-01-18,,N/A,88.88888888888889,https://wttsimfiles.blob.core.windows.net/wtt-media/photos/400px/HEADSHOT_R_WANG_Jixuan.png,WTT Official,F,2026-05-13T21:14:06.438726+00:00
1162,Sarth MISHRA,India,713,2005-12-17,,N/A,0.0,https://wttsimfiles.blob.core.windows.net/wtt-media/photos/400px/145454_HEADSHOT_R_MISHRA_Sarth.png,WTT Official,M,2026-05-13T11:27:43.731282+00:00
1164,James MARFO,Ghana,714,2002-04-09,,N/A,,https://wttwebcmsprod.blob.core.windows.net/websitefiles/images/general/men_default_left.png,WTT Official,M,2026-05-13T11:27:45.502767+00:00
1125,Max RADIVEN,England,118,2009-03-02,,N/A,64.28571428571429,https://wttwebcmsprod.blob.core.windows.net/websitefiles/images/general/men_default_left.png,WTT Official,F,2026-05-13T21:14:42.210432+00:00
1139,Hayato MORI,Japan,164,2008-07-29,,N/A,,https://wttwebcmsprod.blob.core.windows.net/websitefiles/images/general/men_default_left.png,WTT Official,F,2026-05-13T21:15:19.908003+00:00
1148,Carlos GONCALVES,Portugal,178,2009-05-15,,N/A,42.30769230769231,https://wttsimfiles.blob.core.windows.net/wtt-media/photos/400px/HEADSHOT_R_GONCALVES_Carlos.png,WTT Official,F,2026-05-13T21:15:31.421128+00:00
1131,Juan GONZALEZ,Ecuador,280,2008-02-04,,N/A,,https://wttwebcmsprod.blob.core.windows.net/websitefiles/images/general/men_default_left.png,WTT Official,F,2026-05-13T21:17:09.493151+00:00
1102,Johan HAVSTEEN,Denmark,355,2008-06-21,,N/A,50.0,https://wttwebcmsprod.blob.core.windows.net/websitefiles/images/general/men_default_left.png,WTT Official,F,2026-05-13T21:18:24.328820+00:00
1166,William FENG,USA,426,2009-08-02,,N/A,33.333333333333336,https://wttwebcmsprod.blob.core.windows.net/websitefiles/images/general/men_default_left.png,WTT Official,F,2026-05-13T21:19:34.027344+00:00
1167,Kalina HRISTOVA,Bulgaria,453,2002-03-02,,Right Hand / Shakehand,0.0,https://wttwebcmsprod.blob.core.windows.net/websitefiles/images/general/men_default_left.png,WTT Official,F,2026-05-13T11:27:47.553035+00:00
1169,Chinenye OKAFOR,Nigeria,454,2013-10-07,,N/A,,https://wttwebcmsprod.blob.core.windows.net/websitefiles/images/general/men_default_left.png,WTT Official,F,2026-05-13T11:27:49.352567+00:00
1171,Abosede ODUSANYA,Nigeria,455,1997-07-11,,Right Hand / Shakehand,,https://wttwebcmsprod.blob.core.windows.net/websitefiles/images/general/men_default_left.png,WTT Official,F,2026-05-13T11:27:51.186442+00:00
1173,Anuoluwapo AJUWON,Nigeria,456,1996-08-03,,Right Hand / Shakehand,,https://wttwebcmsprod.blob.core.windows.net/websitefiles/images/general/men_default_left.png,WTT Official,F,2026-05-13T11:27:53.004979+00:00
1175,Abosede AKINSETE,Nigeria,457,1995-05-26,,Right Hand / Shakehand,,https://wttwebcmsprod.blob.core.windows.net/websitefiles/images/general/men_default_left.png,WTT Official,F,2026-05-13T11:27:54.809134+00:00
1177,Halima HUSSAIN,Nigeria,458,1984-06-30,,Right Hand / Shakehand,,https://wttwebcmsprod.blob.core.windows.net/websitefiles/images/general/men_default_left.png,WTT Official,F,2026-05-13T11:27:56.602758+00:00
1179,KUAN Cheok Lam,"Macao, China",459,2009-01-12,,N/A,50.0,https://wttsimfiles.blob.core.windows.net/wtt-media/photos/400px/207486_HEADSHOT_R_KUAN_Cheok Lam.png,WTT Official,F,2026-05-13T11:27:58.392675+00:00
1181,LEONG On Na,"Macao, China",460,1994-08-11,,N/A,0.0,https://wttsimfiles.blob.core.windows.net/wtt-media/photos/400px/120230_LEONG_On Na_R.png,WTT Official,F,2026-05-13T11:28:00.185422+00:00
1183,Hidalynn ZAPATA,Guatemala,461,2001-10-22,,Left Hand / Shakehand,,https://wttsimfiles.blob.core.windows.net/wtt-media/photos/400px/119625_Headshot_R_Hidalynn ZAPATA.png,WTT Official,F,2026-05-13T11:28:01.986854+00:00
1185,Muteba Peguy DIALUMONA,Congo Democratic,462,2005-04-01,,N/A,0.0,https://wttwebcmsprod.blob.core.windows.net/websitefiles/images/general/men_default_left.png,WTT Official,F,2026-05-13T11:28:03.783136+00:00
1187,Harilalao RAHARIJAONA,Madagascar,463,1999-03-14,,N/A,28.571428571428573,https://wttwebcmsprod.blob.core.windows.net/websitefiles/images/general/men_default_left.png,WTT Official,F,2026-05-13T11:28:05.577172+00:00
1189,Jodie GOLLOP,Cook Islands,464,1968-01-03,,N/A,,https://wttwebcmsprod.blob.core.windows.net/websitefiles/images/general/men_default_left.png,WTT Official,F,2026-05-13T11:28:07.372430+00:00
1191,Tshepiso REBATENNE,Botswana,465,1987-01-27,,N/A,,https://wttwebcmsprod.blob.core.windows.net/websitefiles/images/general/men_default_left.png,WTT Official,F,2026-05-13T11:28:09.167181+00:00
1193,Patience ANYANGO,Uganda,466,2014-10-26,,N/A,77.77777777777777,https://wttwebcmsprod.blob.core.windows.net/websitefiles/images/general/men_default_left.png,WTT Official,F,2026-05-13T11:28:10.969318+00:00
1195,Olivia HUANG,Canada,467,2010-01-02,,N/A,,https://wttwebcmsprod.blob.core.windows.net/websitefiles/images/general/men_default_left.png,WTT Official,F,2026-05-13T11:28:12.761440+00:00
1197,Yordanos DEJENE,Ethiopia,468,2001-07-10,,N/A,40.0,https://wttsimfiles.blob.core.windows.net/wtt-media/photos/400px/145183_Headshot_R_Yordanos DEJENE.png,WTT Official,F,2026-05-13T11:28:14.553378+00:00
1426,Candela MOLERO,Argentina,583,1997-04-08,,Right Hand / Shakehand,,https://wttwebcmsprod.blob.core.windows.net/websitefiles/images/general/men_default_left.png,WTT Official,F,2026-05-13T11:31:52.706104+00:00
1427,Valentina PAROLA,Argentina,584,2002-01-21,,N/A,,https://wttwebcmsprod.blob.core.windows.net/websitefiles/images/general/men_default_left.png,WTT Official,F,2026-05-13T11:31:54.477717+00:00
1487,Miha PODOBNIK,Slovenia,878,2006-06-10,,Right Hand / Shakehand,33.333333333333336,https://wttsimfiles.blob.core.windows.net/wtt-media/photos/400px/HEADSHOT_R_PODOBNIK_Miha.png,WTT Official,M,2026-05-13T11:32:54.993435+00:00
1491,Timofey GERASSIMENKO,Kazakhstan,880,2004-05-04,,N/A,,https://wttwebcmsprod.blob.core.windows.net/websitefiles/images/general/men_default_left.png,WTT Official,M,2026-05-13T11:32:58.589551+00:00
1495,Derron DOUGLAS,Trinidad and Tobago,882,2003-09-16,,Right Hand / Shakehand,,https://wttwebcmsprod.blob.core.windows.net/websitefiles/images/general/men_default_left.png,WTT Official,M,2026-05-13T11:33:02.178347+00:00
1499,Christopher KRAEMER,Austria,884,1995-03-28,,N/A,9.090909090909092,https://wttwebcmsprod.blob.core.windows.net/websitefiles/images/general/men_default_left.png,WTT Official,M,2026-05-13T11:33:05.795209+00:00
1503,Andrew BAGGALEY,England,886,1983-02-26,,Right Hand / Shakehand,,https://wttwebcmsprod.blob.core.windows.net/websitefiles/images/general/men_default_left.png,WTT Official,M,2026-05-13T11:33:09.372571+00:00
1507,Luca KUMAHARA,Brazil,888,1995-07-27,,N/A,,https://wttwebcmsprod.blob.core.windows.net/websitefiles/images/general/men_default_left.png,WTT Official,M,2026-05-13T11:33:13.019469+00:00
1509,Karthikeyan SOLAIYAN,India,889,2002-11-07,,N/A,0.0,https://wttwebcmsprod.blob.core.windows.net/websitefiles/images/general/men_default_left.png,WTT Official,M,2026-05-13T11:33:14.846613+00:00
1511,Khalid ASSAR,Egypt,890,1992-12-10,,Right Hand / Shakehand,0.0,https://wttsimfiles.blob.core.windows.net/wtt-media/photos/400px/111959_Headshot_R_ASSAR_Khalid.png,WTT Official,M,2026-05-13T11:33:16.658557+00:00
1513,Miguel VILCHEZ,Spain,891,1996-04-18,,Right Hand / Shakehand,,https://wttsimfiles.blob.core.windows.net/wtt-media/photos/400px/116213_Headshot_R_VILCHEZ_Miguel.png,WTT Official,M,2026-05-13T11:33:18.450811+00:00
1515,Fabiano FIAMMINGO,Paraguay,892,2005-11-03,,N/A,,https://wttwebcmsprod.blob.core.windows.net/websitefiles/images/general/men_default_left.png,WTT Official,M,2026-05-13T11:33:20.256804+00:00
1517,Guilherme GONDO,Brazil,893,1995-08-19,,N/A,,https://wttwebcmsprod.blob.core.windows.net/websitefiles/images/general/men_default_left.png,WTT Official,M,2026-05-13T11:33:22.063523+00:00
1519,Talgat SAGYNDYKOV,Kyrgyzstan,894,1989-12-12,,Right Hand / Shakehand,,https://wttwebcmsprod.blob.core.windows.net/websitefiles/images/general/men_default_left.png,WTT Official,M,2026-05-13T11:33:23.889901+00:00
1361,MAN Lung Sai,"Hong Kong, China",115,2009-12-08,,N/A,65.51724137931035,https://wttsimfiles.blob.core.windows.net/wtt-media/photos/400px/209396_Headshot_R_MAN_Lung Sai.png,WTT Official,F,2026-05-13T21:14:39.736122+00:00
1523,Konstantinos KONSTANTINOPOULOS,Greece,896,1994-06-07,,Left Hand / Shakehand,0.0,https://wttwebcmsprod.blob.core.windows.net/websitefiles/images/general/men_default_left.png,WTT Official,M,2026-05-13T11:33:27.483573+00:00
1525,Jakub PIWOWAR,England,897,2007-11-07,,N/A,0.0,https://wttwebcmsprod.blob.core.windows.net/websitefiles/images/general/men_default_left.png,WTT Official,M,2026-05-13T11:33:29.285654+00:00
1497,Andrew CAO,USA,376,2007-09-26,,N/A,66.66666666666667,https://wttwebcmsprod.blob.core.windows.net/websitefiles/images/general/men_default_left.png,WTT Official,F,2026-05-13T21:18:41.327805+00:00
1489,Hasan SAIDOV,USA,393,2007-09-20,,N/A,33.333333333333336,https://wttwebcmsprod.blob.core.windows.net/websitefiles/images/general/men_default_left.png,WTT Official,F,2026-05-13T21:18:55.254218+00:00
1493,Nikon SHUTOV,AIN,668,2007-08-08,,Right Hand / Shakehand,40.0,https://wttwebcmsprod.blob.core.windows.net/websitefiles/images/general/men_default_left.png,WTT Official,F,2026-05-13T21:23:17.613142+00:00
1521,ZHENG Hong Wai,"Macao, China",853,2007-12-05,,N/A,,https://wttwebcmsprod.blob.core.windows.net/websitefiles/images/general/men_default_left.png,WTT Official,F,2026-05-13T21:26:15.118230+00:00
1178,Vit KADLEC,Czechia,721,2005-10-17,,Right Hand / Shakehand,12.5,https://wttwebcmsprod.blob.core.windows.net/websitefiles/images/general/men_default_left.png,WTT Official,M,2026-05-13T11:27:57.838021+00:00
1180,Jaime LAMA,Chile,722,2005-05-11,,N/A,,https://wttwebcmsprod.blob.core.windows.net/websitefiles/images/general/men_default_left.png,WTT Official,M,2026-05-13T11:27:59.597292+00:00
1184,Denis ZHOLUDEV,Kazakhstan,724,1993-07-28,,Right Hand / Shakehand,,https://wttwebcmsprod.blob.core.windows.net/websitefiles/images/general/men_default_left.png,WTT Official,M,2026-05-13T11:28:03.136383+00:00
1186,Benjamin CARRIZO,Argentina,725,2004-04-30,,N/A,,https://wttwebcmsprod.blob.core.windows.net/websitefiles/images/general/men_default_left.png,WTT Official,M,2026-05-13T11:28:04.892175+00:00
1188,Santiago RODRIGUEZ,Argentina,726,2004-04-08,,N/A,,https://wttwebcmsprod.blob.core.windows.net/websitefiles/images/general/men_default_left.png,WTT Official,M,2026-05-13T11:28:06.649882+00:00
1190,Nicolas GALVANO,Argentina,727,1995-01-31,,Right Hand / Shakehand,,https://wttwebcmsprod.blob.core.windows.net/websitefiles/images/general/men_default_left.png,WTT Official,M,2026-05-13T11:28:08.406677+00:00
1192,Rodrigo GILABERT,Argentina,728,1991-09-16,,Right Hand / Shakehand,,https://wttwebcmsprod.blob.core.windows.net/websitefiles/images/general/men_default_left.png,WTT Official,M,2026-05-13T11:28:10.168114+00:00
1194,Danyang SHI,Kazakhstan,729,2006-10-28,,N/A,,https://wttwebcmsprod.blob.core.windows.net/websitefiles/images/general/men_default_left.png,WTT Official,M,2026-05-13T11:28:11.932259+00:00
1196,Azamat ERGESHOV,Kyrgyzstan,730,1986-06-04,,N/A,,https://wttwebcmsprod.blob.core.windows.net/websitefiles/images/general/men_default_left.png,WTT Official,M,2026-05-13T11:28:13.687515+00:00
1198,Yuvraaj DOOKRAM,Trinidad and Tobago,731,1989-11-27,,Right Hand / Shakehand,,https://wttwebcmsprod.blob.core.windows.net/websitefiles/images/general/men_default_left.png,WTT Official,M,2026-05-13T11:28:15.441777+00:00
1199,Bruno MOLEDA,Uruguay,732,1996-04-16,,N/A,,https://wttwebcmsprod.blob.core.windows.net/websitefiles/images/general/men_default_left.png,WTT Official,M,2026-05-13T11:28:17.196287+00:00
1200,Daniela LINARES,Guatemala,469,2007-12-20,,N/A,50.0,https://wttwebcmsprod.blob.core.windows.net/websitefiles/images/general/men_default_left.png,WTT Official,F,2026-05-13T11:28:17.555517+00:00
1201,Stewart HARA,Malawi,733,1988-03-05,,N/A,,https://wttwebcmsprod.blob.core.windows.net/websitefiles/images/general/men_default_left.png,WTT Official,M,2026-05-13T11:28:18.950640+00:00
1202,XIANG Junlin,China,470,2007-01-28,,N/A,92.3076923076923,https://wttsimfiles.blob.core.windows.net/wtt-media/photos/400px/202969_HEADSHOT_R_XIANG_Junlin.png,WTT Official,F,2026-05-13T11:28:19.351301+00:00
1203,Andrii GREBENIUK,Ukraine,734,2003-08-06,,Right Hand / Shakehand,,https://wttwebcmsprod.blob.core.windows.net/websitefiles/images/general/men_default_left.png,WTT Official,M,2026-05-13T11:28:20.703016+00:00
1204,Jenny CUX,Guatemala,471,2006-12-04,,N/A,20.0,https://wttwebcmsprod.blob.core.windows.net/websitefiles/images/general/men_default_left.png,WTT Official,F,2026-05-13T11:28:21.117028+00:00
1206,Lucia CORDERO,Guatemala,472,2001-09-26,,Right Hand / Shakehand,14.285714285714286,https://wttsimfiles.blob.core.windows.net/wtt-media/photos/400px/118028_Headshot_R_Lucia CORDERO.png,WTT Official,F,2026-05-13T11:28:22.941009+00:00
1208,Karla PEREZ GONZALEZ,Cuba,473,2000-08-24,,N/A,,https://wttwebcmsprod.blob.core.windows.net/websitefiles/images/general/men_default_left.png,WTT Official,F,2026-05-13T11:28:24.708963+00:00
1210,Marbella ACEVES,Mexico,474,2003-01-09,,Right Hand / Shakehand,40.0,https://wttwebcmsprod.blob.core.windows.net/websitefiles/images/general/men_default_left.png,WTT Official,F,2026-05-13T11:28:26.495170+00:00
1212,Enjema MOUSSA,Cameroon,475,2002-11-07,,N/A,,https://wttwebcmsprod.blob.core.windows.net/websitefiles/images/general/men_default_left.png,WTT Official,F,2026-05-13T11:28:28.267298+00:00
1170,Arshia LORESTANI,Iran,95,2010-10-22,,N/A,52.63157894736842,https://wttsimfiles.blob.core.windows.net/wtt-media/photos/400px/210442_Headshot_R_Arshia LORENSTANI.png,WTT Official,F,2026-05-13T21:14:10.435956+00:00
1214,Ruth TAVARES,Angola,476,1998-03-12,,N/A,42.857142857142854,https://wttsimfiles.blob.core.windows.net/wtt-media/photos/400px/120718_Headshot_R_Ruth TAVARES.png,WTT Official,F,2026-05-13T11:28:30.066224+00:00
1215,Nawin MEKAMPORN,Thailand,740,2002-06-29,,Right Hand / Shakehand,33.333333333333336,https://wttwebcmsprod.blob.core.windows.net/websitefiles/images/general/men_default_left.png,WTT Official,M,2026-05-13T11:28:31.265144+00:00
1216,Lailaa EDWARDS,South Africa,477,2001-01-13,,N/A,,https://wttsimfiles.blob.core.windows.net/wtt-media/photos/400px/144777_HEADSHOT_R_EDWARDS_Lailaa.png,WTT Official,F,2026-05-13T11:28:31.834141+00:00
1217,Brijack TANDO,Congo Brazzaville,741,2001-09-06,,N/A,,https://wttwebcmsprod.blob.core.windows.net/websitefiles/images/general/men_default_left.png,WTT Official,M,2026-05-13T11:28:33.026827+00:00
1218,Fathimath ALI,Maldives,478,2007-09-14,,Right Hand / Shakehand,0.0,https://wttwebcmsprod.blob.core.windows.net/websitefiles/images/general/men_default_left.png,WTT Official,F,2026-05-13T11:28:33.612997+00:00
1219,Yousuf ASHOUR,Libya,742,2012-10-16,,N/A,,https://wttwebcmsprod.blob.core.windows.net/websitefiles/images/general/men_default_left.png,WTT Official,M,2026-05-13T11:28:34.783019+00:00
1220,Aoba TAKAHASHI,Japan,479,2010-07-09,,N/A,,https://wttsimfiles.blob.core.windows.net/wtt-media/photos/400px/202542_Headshot_R_Aoba TAKAHASHI.png,WTT Official,F,2026-05-13T11:28:35.395047+00:00
1174,LO Ka Kit,"Hong Kong, China",103,2009-05-09,,N/A,62.06896551724138,https://wttsimfiles.blob.core.windows.net/wtt-media/photos/400px/202015_Headshot_R_LO_Ka Kit.png,WTT Official,F,2026-05-13T21:14:30.003570+00:00
1213,Axel BOSSIS,France,113,2009-04-30,,N/A,67.6470588235294,https://wttwebcmsprod.blob.core.windows.net/websitefiles/images/general/men_default_left.png,WTT Official,F,2026-05-13T21:14:38.118284+00:00
1221,Lucca LOBO,Costa Rica,169,2011-11-30,,N/A,68.75,https://wttwebcmsprod.blob.core.windows.net/websitefiles/images/general/men_default_left.png,WTT Official,F,2026-05-13T21:15:24.025410+00:00
1168,Ivan PASTORE,Paraguay,174,2007-03-23,,N/A,71.42857142857143,https://wttwebcmsprod.blob.core.windows.net/websitefiles/images/general/men_default_left.png,WTT Official,F,2026-05-13T21:15:28.134222+00:00
1209,Peter ALESTEDT,Sweden,204,2007-03-22,,N/A,81.81818181818181,https://wttwebcmsprod.blob.core.windows.net/websitefiles/images/general/men_default_left.png,WTT Official,F,2026-05-13T21:16:06.696043+00:00
1205,Naman BHATNAGAR,India,243,2007-10-06,,N/A,71.42857142857143,https://wttwebcmsprod.blob.core.windows.net/websitefiles/images/general/men_default_left.png,WTT Official,F,2026-05-13T21:16:38.962785+00:00
1176,Alex LUO,USA,287,2008-10-07,,N/A,66.66666666666667,https://wttwebcmsprod.blob.core.windows.net/websitefiles/images/general/men_default_left.png,WTT Official,F,2026-05-13T21:17:15.170062+00:00
1207,Abhinav SHIRBHATE,USA,395,2010-03-16,,N/A,26.666666666666668,https://wttwebcmsprod.blob.core.windows.net/websitefiles/images/general/men_default_left.png,WTT Official,F,2026-05-13T21:18:56.885621+00:00
1182,Temurbek NURMONOV,Uzbekistan,409,2009-09-10,,N/A,100.0,https://wttwebcmsprod.blob.core.windows.net/websitefiles/images/general/men_default_left.png,WTT Official,F,2026-05-13T21:19:20.155344+00:00
1222,Elisavet TERPOU,Greece,480,2000-07-10,,Right Hand / Shakehand,28.571428571428573,https://wttwebcmsprod.blob.core.windows.net/websitefiles/images/general/men_default_left.png,WTT Official,F,2026-05-13T11:28:37.163269+00:00
1224,Alice NILSSON,Sweden,481,2006-11-29,,Right Hand / Shakehand,50.0,https://wttsimfiles.blob.core.windows.net/wtt-media/photos/400px/136016_Headshot_R_NILSSON_Alice.png,WTT Official,F,2026-05-13T11:28:38.943091+00:00
1226,Hisa URIU,Japan,482,2011-08-11,,N/A,,https://wttsimfiles.blob.core.windows.net/wtt-media/photos/400px/209318_R_Hisa URIU.png,WTT Official,F,2026-05-13T11:28:40.714439+00:00
1228,WEI Jingming,China,483,2009-05-09,,N/A,83.33333333333333,https://wttwebcmsprod.blob.core.windows.net/websitefiles/images/general/men_default_left.png,WTT Official,F,2026-05-13T11:28:42.508249+00:00
1230,Zlata TEREKHOVA,AIN,484,2008-11-10,,N/A,66.66666666666667,https://wttwebcmsprod.blob.core.windows.net/websitefiles/images/general/men_default_left.png,WTT Official,F,2026-05-13T11:28:44.305037+00:00
1232,Camila OBANDO,Venezuela,485,2000-02-11,,N/A,,https://wttwebcmsprod.blob.core.windows.net/websitefiles/images/general/men_default_left.png,WTT Official,F,2026-05-13T11:28:46.115564+00:00
1234,Kavya BHATT,India,486,2009-09-12,,N/A,61.29032258064516,https://wttsimfiles.blob.core.windows.net/wtt-media/photos/400px/200839_Headshot_R_Kavya BHATT.png,WTT Official,F,2026-05-13T11:28:47.893114+00:00
1236,Karolina HOLDA,Poland,487,2007-01-27,,Right Hand / Shakehand,70.96774193548387,https://wttsimfiles.blob.core.windows.net/wtt-media/photos/400px/137613_Headshot_R_HOLDA_Karolina.png,WTT Official,F,2026-05-13T11:28:49.680726+00:00
1238,NGUYEN Khanh,Vietnam,488,1998-03-04,,Left Hand / Shakehand,,https://wttsimfiles.blob.core.windows.net/wtt-media/photos/400px/137300_Headshot_R_NGUYEN_Khanh.png,WTT Official,F,2026-05-13T11:28:51.450674+00:00
1429,WANG Yuan,China,585,2008-01-13,,N/A,73.33333333333333,https://wttwebcmsprod.blob.core.windows.net/websitefiles/images/general/men_default_left.png,WTT Official,F,2026-05-13T11:31:56.241142+00:00
1431,Andreea JIFCU,Romania,586,2008-02-13,,N/A,72.72727272727273,https://wttsimfiles.blob.core.windows.net/wtt-media/photos/400px/143759_HEADSHOT_R_Andreea JIFCU.png,WTT Official,F,2026-05-13T11:31:58.008917+00:00
1433,Ulyana MIASHCHANSKAYA,AIN,587,2006-01-05,,N/A,0.0,https://wttwebcmsprod.blob.core.windows.net/websitefiles/images/general/men_default_left.png,WTT Official,F,2026-05-13T11:31:59.784744+00:00
1467,Eve NDAH,Cote d'Ivoire,601,2013-05-24,,N/A,,https://wttwebcmsprod.blob.core.windows.net/websitefiles/images/general/men_default_left.png,WTT Official,F,2026-05-13T11:32:36.322347+00:00
1471,Maria YOVKOVA,Bulgaria,603,1999-06-04,,Right Hand / Shakehand,33.333333333333336,https://wttwebcmsprod.blob.core.windows.net/websitefiles/images/general/men_default_left.png,WTT Official,F,2026-05-13T11:32:39.794545+00:00
1475,Katsiaryna BARAVOK,AIN,605,1995-01-23,,Left Hand / Shakehand,50.0,https://wttwebcmsprod.blob.core.windows.net/websitefiles/images/general/men_default_left.png,WTT Official,F,2026-05-13T11:32:43.409013+00:00
1479,Habiba ELBASOUMY,Egypt,607,2008-08-09,,N/A,,https://wttsimfiles.blob.core.windows.net/wtt-media/photos/400px/145508_Headshot_R_ELBASOUMY_Habiba.png,WTT Official,F,2026-05-13T11:32:47.030167+00:00
1527,Larry TRUMPAUSKAS,England,898,2007-11-03,,N/A,,https://wttwebcmsprod.blob.core.windows.net/websitefiles/images/general/men_default_left.png,WTT Official,M,2026-05-13T11:33:31.085812+00:00
1529,Louis PRICE,England,899,2004-05-10,,Left Hand / Shakehand,,https://wttwebcmsprod.blob.core.windows.net/websitefiles/images/general/men_default_left.png,WTT Official,M,2026-05-13T11:33:32.877156+00:00
1531,Doniyor MAKHKAMOV,Uzbekistan,900,2000-09-04,,N/A,,https://wttsimfiles.blob.core.windows.net/wtt-media/photos/400px/222365_HEADSHOT_R_MAKHAMOV_Doniyor.png,WTT Official,M,2026-05-13T11:33:34.667443+00:00
1538,Eloise DUVIVIER,Belgium,639,2006-04-18,,Right Hand / Shakehand,0.0,https://wttwebcmsprod.blob.core.windows.net/websitefiles/images/general/men_default_left.png,WTT Official,F,2026-05-13T11:33:47.060193+00:00
1539,Sidelya MUTLU,Bulgaria,640,2007-01-29,,N/A,50.0,https://wttwebcmsprod.blob.core.windows.net/websitefiles/images/general/men_default_left.png,WTT Official,F,2026-05-13T11:33:48.907899+00:00
1540,Hunor SZOCS,Romania,901,1992-03-24,,Right Hand / Shakehand,,https://wttsimfiles.blob.core.windows.net/wtt-media/photos/400px/109140_Headshot_R_SZOCS_Hunor.png,WTT Official,M,2026-05-13T11:33:49.001877+00:00
1541,Emma MOLNAROVA,Slovak Republic,641,2008-12-05,,N/A,50.0,https://wttwebcmsprod.blob.core.windows.net/websitefiles/images/general/men_default_left.png,WTT Official,F,2026-05-13T11:33:50.766046+00:00
1544,YUEN Sum Lok,"Hong Kong, China",642,2010-10-02,,N/A,64.0,https://wttsimfiles.blob.core.windows.net/wtt-media/photos/400px/201799_HEADSHOT_R_YUEN_Sum_Lok.png,WTT Official,F,2026-05-13T20:48:10.860035+00:00
1546,Aminat FASHOLA,Nigeria,643,1996-03-18,,Right Hand / Shakehand,,https://wttwebcmsprod.blob.core.windows.net/websitefiles/images/general/men_default_left.png,WTT Official,F,2026-05-13T11:33:54.396797+00:00
1547,Nawaf ALMALKI,Qatar,905,2001-02-05,,Right Hand / Shakehand,0.0,https://wttsimfiles.blob.core.windows.net/wtt-media/photos/400px/118945_HEADSHOT_R_ALMALKI_Nawaf.png,WTT Official,M,2026-05-13T11:33:56.194214+00:00
1548,Tina ANDRIANTAHINA,Madagascar,644,2010-08-23,,N/A,,https://wttwebcmsprod.blob.core.windows.net/websitefiles/images/general/men_default_left.png,WTT Official,F,2026-05-13T11:33:56.202542+00:00
1549,Vanshika MUDGAL,India,645,2008-12-05,,N/A,83.33333333333333,https://wttwebcmsprod.blob.core.windows.net/websitefiles/images/general/men_default_left.png,WTT Official,F,2026-05-13T11:33:57.978338+00:00
1551,Feven KINFU,Ethiopia,646,2000-01-07,,N/A,,https://wttsimfiles.blob.core.windows.net/wtt-media/photos/400px/134991_Headshot_R_Feven KINFU.png,WTT Official,F,2026-05-13T11:33:59.787201+00:00
1553,Isabel DUFFOO,Peru,647,1999-09-26,,N/A,,https://wttwebcmsprod.blob.core.windows.net/websitefiles/images/general/men_default_left.png,WTT Official,F,2026-05-13T11:34:01.578293+00:00
1555,Anastasija VUJOVIC,Montenegro,648,2010-08-19,,N/A,20.0,https://wttwebcmsprod.blob.core.windows.net/websitefiles/images/general/men_default_left.png,WTT Official,F,2026-05-13T11:34:03.362885+00:00
1556,Amar MALLA,Nepal,909,1989-12-17,,N/A,0.0,https://wttsimfiles.blob.core.windows.net/wtt-media/photos/400px/100510_Headshot_R_Amar Lal Malla.png,WTT Official,M,2026-05-13T11:34:03.695913+00:00
1156,Stefan Dimitrov,Bulgaria,130,2007-06-19,,N/A,45.45454545454545,https://wttwebcmsprod.blob.core.windows.net/websitefiles/images/general/men_default_left.png,WTT Official,F,2026-05-13T21:14:52.053008+00:00
1542,Sahil RAWAT,India,244,2010-03-12,,N/A,81.81818181818181,https://wttsimfiles.blob.core.windows.net/wtt-media/photos/400px/208752_HEADSHOT_R_Sahil RAWAT.png,WTT Official,F,2026-05-13T21:16:39.784967+00:00
1545,Mio WAGNER,Germany,390,2007-03-22,,N/A,66.66666666666667,https://wttwebcmsprod.blob.core.windows.net/websitefiles/images/general/men_default_left.png,WTT Official,F,2026-05-13T21:18:52.798281+00:00
1554,Prabhjot CHAWLA,India,520,2007-03-03,,N/A,25.0,https://wttsimfiles.blob.core.windows.net/wtt-media/photos/400px/221521_Headshot_R_Prabhjot Chawla.png,WTT Official,F,2026-05-13T21:21:03.946691+00:00
1543,Xianyao HE,USA,727,2008-11-20,,N/A,75.0,https://wttsimfiles.blob.core.windows.net/wtt-media/photos/400px/HEADSHOT_R_HE_Xianyao.png,WTT Official,F,2026-05-13T21:24:19.887323+00:00
1225,Alessi MASSART,Belgium,745,2005-11-19,,Left Hand / Shakehand,0.0,https://wttsimfiles.blob.core.windows.net/wtt-media/photos/400px/133596_HEADSHOT_R_MASSART_Alessi.png,WTT Official,M,2026-05-13T11:28:40.036430+00:00
1229,Abdourazak Abdallah BOURHAN,Djibouti,747,1999-09-16,,N/A,,https://wttwebcmsprod.blob.core.windows.net/websitefiles/images/general/men_default_left.png,WTT Official,M,2026-05-13T11:28:43.549160+00:00
1231,Jakub MAKARA,Czechia,748,2006-09-01,,N/A,33.333333333333336,https://wttwebcmsprod.blob.core.windows.net/websitefiles/images/general/men_default_left.png,WTT Official,M,2026-05-13T11:28:45.327898+00:00
1233,De Andre CALDERON,St. Lucia,749,2005-01-06,,N/A,,https://wttwebcmsprod.blob.core.windows.net/websitefiles/images/general/men_default_left.png,WTT Official,M,2026-05-13T11:28:47.080029+00:00
1235,Abit TEJADA,Dominican Republic,750,2003-03-04,,Right Hand / Shakehand,,https://wttwebcmsprod.blob.core.windows.net/websitefiles/images/general/men_default_left.png,WTT Official,M,2026-05-13T11:28:48.833548+00:00
1239,Dmitrij PROKOPCOV,Czechia,752,1980-01-05,,Right Hand / Shakehand,,https://wttwebcmsprod.blob.core.windows.net/websitefiles/images/general/men_default_left.png,WTT Official,M,2026-05-13T11:28:52.349298+00:00
1240,HO Ying,Malaysia,489,1995-05-09,,Right Hand / Shakehand,75.0,https://wttsimfiles.blob.core.windows.net/wtt-media/photos/400px/117499_HEADSHOT_R_HO_Ying.png,WTT Official,F,2026-05-13T11:28:53.242989+00:00
1241,Anthony GEMINIANI,Monaco,753,1976-11-03,,N/A,,https://wttwebcmsprod.blob.core.windows.net/websitefiles/images/general/men_default_left.png,WTT Official,M,2026-05-13T11:28:54.116772+00:00
1242,LI Cheuk Tung,New Zealand,490,2006-07-12,,Right Hand / Shakehand,,https://wttwebcmsprod.blob.core.windows.net/websitefiles/images/general/men_default_left.png,WTT Official,F,2026-05-13T11:28:54.959950+00:00
1444,Rajesh RAMANATHAN,India,853,1977-03-26,,N/A,0.0,https://wttwebcmsprod.blob.core.windows.net/websitefiles/images/general/men_default_left.png,WTT Official,M,2026-05-13T11:32:09.109958+00:00
1446,Vaibhav SINGH,India,854,1998-10-24,,N/A,0.0,https://wttsimfiles.blob.core.windows.net/wtt-media/photos/400px/223475_Headshot_R_Vaibhav Singh.png,WTT Official,M,2026-05-13T11:32:10.948325+00:00
1461,Tomas MARTINKO,Czechia,862,2002-07-07,,Right Hand / Shakehand,,https://wttwebcmsprod.blob.core.windows.net/websitefiles/images/general/men_default_left.png,WTT Official,M,2026-05-13T11:32:25.550973+00:00
1462,Anton LIMONOV,Ukraine,863,2001-08-16,,Right Hand / Shakehand,50.0,https://wttsimfiles.blob.core.windows.net/wtt-media/photos/400px/124147_Headshot_R_Anton LIMONOV.png,WTT Official,M,2026-05-13T11:32:27.344724+00:00
1463,Michael TAUBER,Israel,864,1993-05-09,,Left Hand / Shakehand,,https://wttwebcmsprod.blob.core.windows.net/websitefiles/images/general/men_default_left.png,WTT Official,M,2026-05-13T11:32:29.164800+00:00
1464,NGUYEN Anh Tu,Vietnam,865,1993-08-24,,Right Hand / Shakehand,,https://wttwebcmsprod.blob.core.windows.net/websitefiles/images/general/men_default_left.png,WTT Official,M,2026-05-13T11:32:31.052878+00:00
1465,Alex AVERIN,USA,866,1998-05-26,,N/A,,https://wttwebcmsprod.blob.core.windows.net/websitefiles/images/general/men_default_left.png,WTT Official,M,2026-05-13T11:32:32.995578+00:00
1470,Dhairya PARMAR,India,869,2002-10-12,,N/A,50.0,https://wttwebcmsprod.blob.core.windows.net/websitefiles/images/general/men_default_left.png,WTT Official,M,2026-05-13T11:32:38.460418+00:00
1456,Jakub KABELKA,Czechia,105,2009-12-17,,N/A,71.42857142857143,https://wttwebcmsprod.blob.core.windows.net/websitefiles/images/general/men_default_left.png,WTT Official,F,2026-05-13T21:14:31.638848+00:00
1474,CHOY Chun Kit,"Hong Kong, China",871,2003-10-06,,Right Hand / Shakehand,0.0,https://wttwebcmsprod.blob.core.windows.net/websitefiles/images/general/men_default_left.png,WTT Official,M,2026-05-13T11:32:42.073021+00:00
1468,CHANG Jui-Yang,Chinese Taipei,110,2008-09-29,,N/A,,https://wttwebcmsprod.blob.core.windows.net/websitefiles/images/general/men_default_left.png,WTT Official,F,2026-05-13T21:14:35.695950+00:00
1430,Gavin YUAN,Scotland,124,2008-04-29,,N/A,50.0,https://wttwebcmsprod.blob.core.windows.net/websitefiles/images/general/men_default_left.png,WTT Official,F,2026-05-13T21:14:47.140344+00:00
1223,WANG Zining,China,131,2010-02-28,,N/A,,https://wttsimfiles.blob.core.windows.net/wtt-media/photos/400px/206220_Headshot_R_WANG_Zining.png,WTT Official,F,2026-05-13T21:14:52.873542+00:00
1472,LEE Hong An,Malaysia,134,2010-06-12,,N/A,25.0,https://wttsimfiles.blob.core.windows.net/wtt-media/photos/400px/202974_Headshot_R_LEE_Hong An.png,WTT Official,F,2026-05-13T21:14:55.325893+00:00
1458,Alexander UHING,Germany,144,2009-06-01,,N/A,63.333333333333336,https://wttwebcmsprod.blob.core.windows.net/websitefiles/images/general/men_default_left.png,WTT Official,F,2026-05-13T21:15:03.504726+00:00
1435,Kacper PIWOWAR,England,161,2010-07-27,,N/A,54.54545454545455,https://wttsimfiles.blob.core.windows.net/wtt-media/photos/400px/200298_HEADSHOT_R_Kacper PIWOWAR.png,WTT Official,F,2026-05-13T21:15:17.449186+00:00
1448,Felipe OKANO,Brazil,173,2009-02-28,,N/A,75.0,https://wttsimfiles.blob.core.windows.net/wtt-media/photos/400px/200757_Headshot_R_DE MELO_Felipe.png,WTT Official,F,2026-05-13T21:15:27.298858+00:00
1450,Sebastian TIMBAL,Uruguay,195,2009-09-14,,N/A,76.19047619047619,https://wttwebcmsprod.blob.core.windows.net/websitefiles/images/general/men_default_left.png,WTT Official,F,2026-05-13T21:15:45.687209+00:00
1432,Abraham SELLADO,England,203,2010-01-01,,N/A,70.0,https://wttwebcmsprod.blob.core.windows.net/websitefiles/images/general/men_default_left.png,WTT Official,F,2026-05-13T21:16:05.874337+00:00
1466,Kadirali KABDYLUAKHITOV,Kazakhstan,265,2007-08-10,,N/A,27.272727272727273,https://wttwebcmsprod.blob.core.windows.net/websitefiles/images/general/men_default_left.png,WTT Official,F,2026-05-13T21:16:57.149044+00:00
1454,Andrej MRKIC,Croatia,314,2008-05-19,,N/A,83.33333333333333,https://wttwebcmsprod.blob.core.windows.net/websitefiles/images/general/men_default_left.png,WTT Official,F,2026-05-13T21:17:51.079471+00:00
1460,Olle STAHL,Sweden,324,2008-06-06,,N/A,62.5,https://wttwebcmsprod.blob.core.windows.net/websitefiles/images/general/men_default_left.png,WTT Official,F,2026-05-13T21:17:59.124337+00:00
1452,Julian CAMPOS,Chile,326,2007-06-13,,N/A,55.55555555555556,https://wttwebcmsprod.blob.core.windows.net/websitefiles/images/general/men_default_left.png,WTT Official,F,2026-05-13T21:18:00.745614+00:00
1434,Abdulaziz AL ABDULLA,Qatar,370,2011-01-17,,N/A,50.0,https://wttsimfiles.blob.core.windows.net/wtt-media/photos/400px/200287_HEADSHOT_R_AL ABDULLA_Abdulaziz.png,WTT Official,F,2026-05-13T21:18:36.469679+00:00
1438,LIU Chien Jui,Chinese Taipei,387,2007-08-16,,N/A,33.333333333333336,https://wttwebcmsprod.blob.core.windows.net/websitefiles/images/general/men_default_left.png,WTT Official,F,2026-05-13T21:18:50.370343+00:00
1237,Carlos BLANCO,Peru,475,2008-07-02,,N/A,,https://wttwebcmsprod.blob.core.windows.net/websitefiles/images/general/men_default_left.png,WTT Official,F,2026-05-13T21:20:14.505392+00:00
1227,Botond VARGA,Hungary,506,2008-01-08,,N/A,54.54545454545455,https://wttsimfiles.blob.core.windows.net/wtt-media/photos/400px/HEADSHOT_R_VARGA_Botond.png,WTT Official,F,2026-05-13T21:20:52.496361+00:00
1442,Aarav RATHI,India,864,2009-01-09,,N/A,30.76923076923077,https://wttwebcmsprod.blob.core.windows.net/websitefiles/images/general/men_default_left.png,WTT Official,F,2026-05-13T21:26:24.161428+00:00
1557,Chiara MORRI,San Marino,649,2002-11-29,,Right Hand / Shakehand,,https://wttwebcmsprod.blob.core.windows.net/websitefiles/images/general/men_default_left.png,WTT Official,F,2026-05-13T11:34:05.147063+00:00
1559,Renata STRBIKOVA,Czechia,650,1979-08-06,,Right Hand / Shakehand,,https://wttwebcmsprod.blob.core.windows.net/websitefiles/images/general/men_default_left.png,WTT Official,F,2026-05-13T11:34:07.032343+00:00
1561,Chimei YAN,San Marino,651,1978-03-11,,Right Hand / Shakehand,,https://wttwebcmsprod.blob.core.windows.net/websitefiles/images/general/men_default_left.png,WTT Official,F,2026-05-13T11:34:08.811365+00:00
1563,Gianna LEWIS,Jamaica,652,2005-03-21,,N/A,,https://wttwebcmsprod.blob.core.windows.net/websitefiles/images/general/men_default_left.png,WTT Official,F,2026-05-13T11:34:10.591043+00:00
1565,Krystle HARVEY,Barbados,653,1984-10-24,,N/A,,https://wttwebcmsprod.blob.core.windows.net/websitefiles/images/general/men_default_left.png,WTT Official,F,2026-05-13T11:34:12.375075+00:00
1566,Kabedi Terfile ILUNGA,Congo Democratic,654,2008-09-21,,N/A,0.0,https://wttwebcmsprod.blob.core.windows.net/websitefiles/images/general/men_default_left.png,WTT Official,F,2026-05-13T11:34:14.159407+00:00
1568,Audrey DIAMA,Cote d'Ivoire,655,2011-11-04,,N/A,,https://wttwebcmsprod.blob.core.windows.net/websitefiles/images/general/men_default_left.png,WTT Official,F,2026-05-13T11:34:15.940756+00:00
1570,Fatou BANGOURA,Guinea,656,2005-11-27,,N/A,,https://wttwebcmsprod.blob.core.windows.net/websitefiles/images/general/men_default_left.png,WTT Official,F,2026-05-13T11:34:17.720926+00:00
1572,Berenice HONVO,Benin,657,2001-12-11,,N/A,,https://wttwebcmsprod.blob.core.windows.net/websitefiles/images/general/men_default_left.png,WTT Official,F,2026-05-13T11:34:19.500341+00:00
1574,Salome MATLHATSI,Botswana,658,1986-09-15,,N/A,,https://wttwebcmsprod.blob.core.windows.net/websitefiles/images/general/men_default_left.png,WTT Official,F,2026-05-13T11:34:21.294280+00:00
1576,Mahayla SARDA,Brazil,659,2009-01-08,,N/A,,https://wttsimfiles.blob.core.windows.net/wtt-media/photos/400px/SARDA-Mahayla_R_Headshot.png,WTT Official,F,2026-05-13T11:34:23.066186+00:00
1578,Isabel AMORIM,Brazil,660,2008-02-18,,N/A,,https://wttwebcmsprod.blob.core.windows.net/websitefiles/images/general/men_default_left.png,WTT Official,F,2026-05-13T11:34:24.837831+00:00
1580,Maria MENDES,Brazil,661,1999-11-17,,N/A,,https://wttwebcmsprod.blob.core.windows.net/websitefiles/images/general/men_default_left.png,WTT Official,F,2026-05-13T11:34:26.627972+00:00
1582,Maftuna GULIMOVA,Uzbekistan,662,2008-06-01,,N/A,0.0,https://wttwebcmsprod.blob.core.windows.net/websitefiles/images/general/men_default_left.png,WTT Official,F,2026-05-13T11:34:28.448290+00:00
1584,Melisa SADIKOVIC,Luxembourg,663,2005-05-08,,Right Hand / Shakehand,100.0,https://wttwebcmsprod.blob.core.windows.net/websitefiles/images/general/men_default_left.png,WTT Official,F,2026-05-13T11:34:30.228044+00:00
1586,Michelle CHEN,Cambodia,664,2008-12-03,,N/A,50.0,https://wttwebcmsprod.blob.core.windows.net/websitefiles/images/general/men_default_left.png,WTT Official,F,2026-05-13T11:34:32.017645+00:00
1588,Gidey ABRHA,Ethiopia,665,2002-01-29,,N/A,33.333333333333336,https://wttwebcmsprod.blob.core.windows.net/websitefiles/images/general/men_default_left.png,WTT Official,F,2026-05-13T11:34:33.803468+00:00
1590,Ranto RAKOTONDRAZAKA,Madagascar,666,2009-08-26,,N/A,,https://wttwebcmsprod.blob.core.windows.net/websitefiles/images/general/men_default_left.png,WTT Official,F,2026-05-13T11:34:35.646441+00:00
1592,Saredo KAYAD,Djibouti,667,2006-01-07,,N/A,,https://wttwebcmsprod.blob.core.windows.net/websitefiles/images/general/men_default_left.png,WTT Official,F,2026-05-13T11:34:37.440429+00:00
1594,Ruth MIHINDOU,Gabon,668,1998-05-01,,N/A,,https://wttwebcmsprod.blob.core.windows.net/websitefiles/images/general/men_default_left.png,WTT Official,F,2026-05-13T11:34:39.228570+00:00
1596,Mahenika ANDRIAMANANTENA,Madagascar,669,2010-04-27,,N/A,,https://wttwebcmsprod.blob.core.windows.net/websitefiles/images/general/men_default_left.png,WTT Official,F,2026-05-13T11:34:41.044679+00:00
1598,Fana FTWI,Ethiopia,670,1999-03-11,,N/A,,https://wttsimfiles.blob.core.windows.net/wtt-media/photos/400px/124066_Headshot_R_Fana FTWI.png,WTT Official,F,2026-05-13T11:34:42.861121+00:00
1600,Kenady KING,Barbados,671,2001-10-23,,N/A,16.666666666666668,https://wttwebcmsprod.blob.core.windows.net/websitefiles/images/general/men_default_left.png,WTT Official,F,2026-05-13T11:34:44.664877+00:00
1602,Ruth ELENGHAT,Congo Brazzaville,672,2011-03-17,,N/A,,https://wttwebcmsprod.blob.core.windows.net/websitefiles/images/general/men_default_left.png,WTT Official,F,2026-05-13T11:34:46.445602+00:00
1604,Cadence FARMER,Namibia,673,2011-03-21,,N/A,25.0,https://wttwebcmsprod.blob.core.windows.net/websitefiles/images/general/men_default_left.png,WTT Official,F,2026-05-13T11:34:48.245230+00:00
1606,Constance KUSWANI,Botswana,674,1995-02-28,,N/A,,https://wttwebcmsprod.blob.core.windows.net/websitefiles/images/general/men_default_left.png,WTT Official,F,2026-05-13T11:34:50.059644+00:00
1608,Eugenia SIMOES,Angola,675,2003-05-06,,N/A,,https://wttwebcmsprod.blob.core.windows.net/websitefiles/images/general/men_default_left.png,WTT Official,F,2026-05-13T11:34:51.867335+00:00
1610,Bonny CHEN,USA,676,2007-10-06,,N/A,,https://wttwebcmsprod.blob.core.windows.net/websitefiles/images/general/men_default_left.png,WTT Official,F,2026-05-13T11:34:53.645356+00:00
1612,Tiffany KE,USA,677,2004-10-18,,Right Hand / Shakehand,,https://wttsimfiles.blob.core.windows.net/wtt-media/photos/400px/HEADSHOT_R_KE_Tiffany.png,WTT Official,F,2026-05-13T11:34:55.414976+00:00
1614,Veronika VASYLENKO,Ukraine,678,2008-10-17,,N/A,50.0,https://wttwebcmsprod.blob.core.windows.net/websitefiles/images/general/men_default_left.png,WTT Official,F,2026-05-13T11:34:57.205146+00:00
1616,Martine TOFTAKER,Norway,679,2003-04-01,,Left Hand / Shakehand,,https://wttwebcmsprod.blob.core.windows.net/websitefiles/images/general/men_default_left.png,WTT Official,F,2026-05-13T11:34:59.007621+00:00
1649,Darya GAMOVA,Kazakhstan,695,2008-04-23,,N/A,0.0,https://wttwebcmsprod.blob.core.windows.net/websitefiles/images/general/men_default_left.png,WTT Official,F,2026-05-13T11:35:28.314289+00:00
1653,Mariam ARUNA,Nigeria,697,2012-11-26,,N/A,31.25,https://wttwebcmsprod.blob.core.windows.net/websitefiles/images/general/men_default_left.png,WTT Official,F,2026-05-13T11:35:31.980130+00:00
1657,Ivy PAN,Canada,699,2009-02-20,,N/A,40.0,https://wttwebcmsprod.blob.core.windows.net/websitefiles/images/general/men_default_left.png,WTT Official,F,2026-05-13T11:35:36.060347+00:00
1669,Sofiia KUDERSKAIA,AIN,701,2009-08-09,,N/A,20.0,https://wttwebcmsprod.blob.core.windows.net/websitefiles/images/general/men_default_left.png,WTT Official,F,2026-05-13T11:35:52.455165+00:00
1671,Kristina KURILKINA,AIN,702,2007-07-21,,N/A,,https://wttwebcmsprod.blob.core.windows.net/websitefiles/images/general/men_default_left.png,WTT Official,F,2026-05-13T11:35:54.231957+00:00
371,HONG YU Tey,Malaysia,162,2009-08-13,,N/A,50.0,https://wttsimfiles.blob.core.windows.net/wtt-media/photos/400px/144748_Headshot_R_TEY Hong Yu.png,WTT Official,F,2026-05-13T21:15:18.265564+00:00
1552,Natanel ABRAMOV,Israel,223,2008-10-05,,N/A,80.0,https://wttwebcmsprod.blob.core.windows.net/websitefiles/images/general/men_default_left.png,WTT Official,F,2026-05-13T21:16:22.451221+00:00
1558,Ziga ZIGON,Slovenia,910,2003-05-05,,Right Hand / Shakehand,66.66666666666667,https://wttwebcmsprod.blob.core.windows.net/websitefiles/images/general/men_default_left.png,WTT Official,M,2026-05-13T11:34:05.487888+00:00
1567,Manlaijargal MUNKH-OCHIR,Mongolia,915,2007-08-26,,N/A,0.0,https://wttwebcmsprod.blob.core.windows.net/websitefiles/images/general/men_default_left.png,WTT Official,M,2026-05-13T11:34:14.404550+00:00
1569,Ibrahim ABDALMAGEED,Sudan,916,1996-01-01,,N/A,,https://wttwebcmsprod.blob.core.windows.net/websitefiles/images/general/men_default_left.png,WTT Official,M,2026-05-13T11:34:16.190282+00:00
1575,Sam BOCCARD,Switzerland,919,1998-09-06,,Right Hand / Shakehand,25.0,https://wttwebcmsprod.blob.core.windows.net/websitefiles/images/general/men_default_left.png,WTT Official,M,2026-05-13T11:34:21.544416+00:00
1577,Martin SIP,Czechia,920,2006-03-31,,Right Hand / Shakehand,,https://wttwebcmsprod.blob.core.windows.net/websitefiles/images/general/men_default_left.png,WTT Official,M,2026-05-13T11:34:23.321959+00:00
1579,Jerall MONTIJO,Puerto Rico,921,2006-12-27,,N/A,,https://wttwebcmsprod.blob.core.windows.net/websitefiles/images/general/men_default_left.png,WTT Official,M,2026-05-13T11:34:25.117819+00:00
1595,Bator RADNAEV,AIN,929,2006-05-23,,N/A,,https://wttwebcmsprod.blob.core.windows.net/websitefiles/images/general/men_default_left.png,WTT Official,M,2026-05-13T11:34:39.516633+00:00
1597,LEE Yeonsu,Korea Republic,930,2005-10-04,,N/A,,https://wttwebcmsprod.blob.core.windows.net/websitefiles/images/general/men_default_left.png,WTT Official,M,2026-05-13T11:34:41.328432+00:00
1601,Zaid ABO YAMAN,Jordan,932,1993-06-20,,Right Hand / Shakehand,50.0,https://wttwebcmsprod.blob.core.windows.net/websitefiles/images/general/men_default_left.png,WTT Official,M,2026-05-13T11:34:44.918568+00:00
1607,Arjan HUIDEN,Netherlands,935,1999-10-17,,N/A,20.0,https://wttwebcmsprod.blob.core.windows.net/websitefiles/images/general/men_default_left.png,WTT Official,M,2026-05-13T11:34:51.296420+00:00
1611,Hakan ISIK,Türkiye,937,2005-11-06,,N/A,0.0,https://wttsimfiles.blob.core.windows.net/wtt-media/photos/400px/144850_Headshot_R_Hakan ISIK.png,WTT Official,M,2026-05-13T11:34:54.691237+00:00
1613,Louis LAINE,Portugal,938,2003-04-25,,Right Hand / Shakehand,16.666666666666668,https://wttwebcmsprod.blob.core.windows.net/websitefiles/images/general/men_default_left.png,WTT Official,M,2026-05-13T11:34:56.427214+00:00
1615,Gene WANTZ,Luxembourg,939,2006-07-11,,Right Hand / Shakehand,16.666666666666668,https://wttwebcmsprod.blob.core.windows.net/websitefiles/images/general/men_default_left.png,WTT Official,M,2026-05-13T11:34:58.164529+00:00
1617,Heorhi KUNATS,AIN,940,2002-10-26,,Right Hand / Shakehand,0.0,https://wttwebcmsprod.blob.core.windows.net/websitefiles/images/general/men_default_left.png,WTT Official,M,2026-05-13T11:34:59.902395+00:00
1623,Amgad MAHROUS,Sudan,943,1991-01-15,,N/A,,https://wttwebcmsprod.blob.core.windows.net/websitefiles/images/general/men_default_left.png,WTT Official,M,2026-05-13T11:35:05.044596+00:00
1625,Abdelwahab BELLAHSENE,Algeria,944,2005-02-28,,Right Hand / Shakehand,,https://wttsimfiles.blob.core.windows.net/wtt-media/photos/400px/HEADSHOT_R_BELLAHSENE_Abdelwahab.png,WTT Official,M,2026-05-13T11:35:06.750072+00:00
1627,Ian MORALES,Guatemala,945,2009-10-27,,N/A,0.0,https://wttwebcmsprod.blob.core.windows.net/websitefiles/images/general/men_default_left.png,WTT Official,M,2026-05-13T11:35:08.451825+00:00
1629,Malik GOPAUL,Trinidad and Tobago,946,2008-11-21,,N/A,,https://wttwebcmsprod.blob.core.windows.net/websitefiles/images/general/men_default_left.png,WTT Official,M,2026-05-13T11:35:10.162776+00:00
1631,Fernando ALFARO,El Salvador,947,2007-04-30,,Right Hand / Shakehand,,https://wttwebcmsprod.blob.core.windows.net/websitefiles/images/general/men_default_left.png,WTT Official,M,2026-05-13T11:35:11.868615+00:00
1673,YUN Jihyeon,Korea Republic,703,2010-08-16,,N/A,,https://wttwebcmsprod.blob.core.windows.net/websitefiles/images/general/men_default_left.png,WTT Official,F,2026-05-13T11:35:56.025879+00:00
1603,LAI Yong Ren,Malaysia,99,2011-01-11,,N/A,79.54545454545455,https://wttsimfiles.blob.core.windows.net/wtt-media/photos/400px/202895_Headshot_R_LAI Yong Ren.png,WTT Official,F,2026-05-13T21:14:13.769721+00:00
1587,Nurislam KASSYM,Kazakhstan,182,2008-12-26,,N/A,28.571428571428573,https://wttwebcmsprod.blob.core.windows.net/websitefiles/images/general/men_default_left.png,WTT Official,F,2026-05-13T21:15:34.699992+00:00
1589,Adam SMOTER,Poland,224,2008-10-07,,N/A,33.333333333333336,https://wttwebcmsprod.blob.core.windows.net/websitefiles/images/general/men_default_left.png,WTT Official,F,2026-05-13T21:16:23.270175+00:00
1605,Agustin ASMU,Argentina,229,2009-09-25,,N/A,46.15384615384615,https://wttwebcmsprod.blob.core.windows.net/websitefiles/images/general/men_default_left.png,WTT Official,F,2026-05-13T21:16:27.392594+00:00
1573,Wasaphon YATAWANON,Thailand,259,2008-11-29,,N/A,,https://wttwebcmsprod.blob.core.windows.net/websitefiles/images/general/men_default_left.png,WTT Official,F,2026-05-13T21:16:52.200542+00:00
1609,Gabriel MARJANOVIC,Croatia,277,2008-09-05,,N/A,62.5,https://wttwebcmsprod.blob.core.windows.net/websitefiles/images/general/men_default_left.png,WTT Official,F,2026-05-13T21:17:07.020057+00:00
1593,Bhaskar SUGRA,India,292,2009-07-08,,N/A,,https://wttwebcmsprod.blob.core.windows.net/websitefiles/images/general/men_default_left.png,WTT Official,F,2026-05-13T21:17:19.216459+00:00
1571,Keiji TAKEDA,Peru,295,2008-11-18,,N/A,62.5,https://wttwebcmsprod.blob.core.windows.net/websitefiles/images/general/men_default_left.png,WTT Official,F,2026-05-13T21:17:21.616900+00:00
1505,Luca ELSEN,Luxembourg,342,2007-08-07,,N/A,75.0,https://wttwebcmsprod.blob.core.windows.net/websitefiles/images/general/men_default_left.png,WTT Official,F,2026-05-13T21:18:13.785772+00:00
1591,WONG Wan Hei,"Hong Kong, China",363,2008-05-31,,N/A,,https://wttsimfiles.blob.core.windows.net/wtt-media/photos/400px/116149_HEADSHOT_R_WONG_Chun_Wan.png,WTT Official,F,2026-05-13T21:18:30.791267+00:00
1562,Hugo JOBS,Sweden,379,2008-01-29,,N/A,50.0,https://wttwebcmsprod.blob.core.windows.net/websitefiles/images/general/men_default_left.png,WTT Official,F,2026-05-13T21:18:43.749323+00:00
1583,Saul BEJAR,Venezuela,407,2009-01-09,,N/A,,https://wttwebcmsprod.blob.core.windows.net/websitefiles/images/general/men_default_left.png,WTT Official,F,2026-05-13T21:19:18.552420+00:00
1585,Arnur ORALKHANOV,Kazakhstan,423,2007-09-28,,N/A,,https://wttwebcmsprod.blob.core.windows.net/websitefiles/images/general/men_default_left.png,WTT Official,F,2026-05-13T21:19:31.579953+00:00
1619,Daniil VITORSKI,AIN,424,2007-09-28,,N/A,50.0,https://wttwebcmsprod.blob.core.windows.net/websitefiles/images/general/men_default_left.png,WTT Official,F,2026-05-13T21:19:32.413325+00:00
1581,TAI Po-Chun,Chinese Taipei,450,2007-09-05,,Left Hand / Shakehand,,https://wttwebcmsprod.blob.core.windows.net/websitefiles/images/general/men_default_left.png,WTT Official,F,2026-05-13T21:19:53.507563+00:00
973,Rashed RASHED,United Arab Emirates,550,2012-03-23,,N/A,42.857142857142854,https://wttwebcmsprod.blob.core.windows.net/websitefiles/images/general/men_default_left.png,WTT Official,F,2026-05-13T21:21:28.481585+00:00
1560,Sebastian CRUZ RUIZ,Puerto Rico,613,2008-07-01,,N/A,50.0,https://wttwebcmsprod.blob.core.windows.net/websitefiles/images/general/men_default_left.png,WTT Official,F,2026-05-13T21:22:32.902745+00:00
1618,Lea PAULIN,Slovenia,680,2002-03-14,,Right Hand / Shakehand,0.0,https://wttsimfiles.blob.core.windows.net/wtt-media/photos/400px/123667_Headshot_R_PAULIN_Lea.png,WTT Official,F,2026-05-13T11:35:00.806275+00:00
1620,Tjasa NOVAK,Slovenia,681,2002-09-01,,Right Hand / Shakehand,0.0,https://wttsimfiles.blob.core.windows.net/wtt-media/photos/400px/134176_Headshot_R_NOVAK_Tjasa.png,WTT Official,F,2026-05-13T11:35:02.622503+00:00
1622,Ana GOMEZ,Colombia,682,2009-02-26,,N/A,68.75,https://wttwebcmsprod.blob.core.windows.net/websitefiles/images/general/men_default_left.png,WTT Official,F,2026-05-13T11:35:04.464094+00:00
1624,Sofia MINURRI,Italy,683,2008-03-18,,N/A,38.46153846153846,https://wttwebcmsprod.blob.core.windows.net/websitefiles/images/general/men_default_left.png,WTT Official,F,2026-05-13T11:35:06.308237+00:00
1626,Jordan THONG,Trinidad and Tobago,684,2008-03-23,,N/A,,https://wttwebcmsprod.blob.core.windows.net/websitefiles/images/general/men_default_left.png,WTT Official,F,2026-05-13T11:35:08.134172+00:00
1628,Anthonette RILEY,Barbados,685,1998-04-20,,N/A,75.0,https://wttwebcmsprod.blob.core.windows.net/websitefiles/images/general/men_default_left.png,WTT Official,F,2026-05-13T11:35:09.968045+00:00
1630,Jiayi NIE,Canada,686,2005-04-29,,Right Hand / Shakehand,,https://wttsimfiles.blob.core.windows.net/wtt-media/photos/400px/134528_HEADSHOT_R_NIE_Jiayi.png,WTT Official,F,2026-05-13T11:35:11.782596+00:00
1633,Houda TAGUERCIFI,Algeria,687,2002-08-18,,Right Hand / Shakehand,,https://wttwebcmsprod.blob.core.windows.net/websitefiles/images/general/men_default_left.png,WTT Official,F,2026-05-13T11:35:13.617426+00:00
1635,Lessia LEWYCKYJ,Belgium,688,2009-06-24,,N/A,58.62068965517241,https://wttwebcmsprod.blob.core.windows.net/websitefiles/images/general/men_default_left.png,WTT Official,F,2026-05-13T11:35:15.434425+00:00
1637,Ines MATOS,Portugal,689,2004-10-05,,Right Hand / Shakehand,,https://wttsimfiles.blob.core.windows.net/wtt-media/photos/400px/133659_HEADSHOT_R_MATOS_Ines.png,WTT Official,F,2026-05-13T11:35:17.291100+00:00
1639,Nguyen LE,Australia,690,2007-12-09,,N/A,,https://wttsimfiles.blob.core.windows.net/wtt-media/photos/400px/201384_Headshot_R_LE_Nguyen.png,WTT Official,F,2026-05-13T11:35:19.166139+00:00
1641,Camila MOSCOSO,Spain,691,2007-05-26,,N/A,38.888888888888886,https://wttwebcmsprod.blob.core.windows.net/websitefiles/images/general/men_default_left.png,WTT Official,F,2026-05-13T11:35:20.981011+00:00
1643,Arianna ESTRELLA,Dominican Republic,692,2008-08-28,,N/A,,https://wttwebcmsprod.blob.core.windows.net/websitefiles/images/general/men_default_left.png,WTT Official,F,2026-05-13T11:35:22.795776+00:00
1645,Gaetane BLED,France,693,2008-01-01,,N/A,57.142857142857146,https://wttsimfiles.blob.core.windows.net/wtt-media/photos/400px/HEADSHOT_R_BLED_Gaetane.png,WTT Official,F,2026-05-13T11:35:24.637988+00:00
1647,Nour BRAHIMI,Tunisia,694,2010-10-13,,N/A,18.181818181818183,https://wttsimfiles.blob.core.windows.net/wtt-media/photos/400px/200332_HEADSHOT_R_BRAHIMI_Nour_El_Imen.png,WTT Official,F,2026-05-13T11:35:26.482872+00:00
1651,Sara STOJANOVSKA,North Macedonia,696,2008-06-23,,N/A,,https://wttwebcmsprod.blob.core.windows.net/websitefiles/images/general/men_default_left.png,WTT Official,F,2026-05-13T11:35:30.111535+00:00
1655,Sadiat Alimat AKEEM,Nigeria,698,2008-04-04,,Left Hand / Shakehand,,https://wttwebcmsprod.blob.core.windows.net/websitefiles/images/general/men_default_left.png,WTT Official,F,2026-05-13T11:35:34.035651+00:00
1660,Sara ONO,Japan,700,2008-09-01,,N/A,,https://wttwebcmsprod.blob.core.windows.net/websitefiles/images/general/men_default_left.png,WTT Official,F,2026-05-13T11:35:38.187970+00:00
1480,Yadier LOPEZ,Puerto Rico,453,2007-03-27,,Right Hand / Shakehand,57.142857142857146,https://wttwebcmsprod.blob.core.windows.net/websitefiles/images/general/men_default_left.png,WTT Official,F,2026-05-13T21:19:55.929367+00:00
1632,Edgardo SANCHEZ,El Salvador,948,2004-10-27,,Right Hand / Shakehand,,https://wttwebcmsprod.blob.core.windows.net/websitefiles/images/general/men_default_left.png,WTT Official,M,2026-05-13T11:35:13.582635+00:00
1634,Lorenzo RAGNI,San Marino,949,1988-02-17,,Right Hand / Shakehand,50.0,https://wttwebcmsprod.blob.core.windows.net/websitefiles/images/general/men_default_left.png,WTT Official,M,2026-05-13T11:35:15.293890+00:00
1636,Nicolas CALLABA,Argentina,950,2006-08-05,,N/A,,https://wttwebcmsprod.blob.core.windows.net/websitefiles/images/general/men_default_left.png,WTT Official,M,2026-05-13T11:35:17.001107+00:00
1638,John Russel MISAL,Philippines,951,1996-05-03,,N/A,50.0,https://wttwebcmsprod.blob.core.windows.net/websitefiles/images/general/men_default_left.png,WTT Official,M,2026-05-13T11:35:18.736589+00:00
1640,Antonis PORTOKALIS,Cyprus,952,2004-09-15,,N/A,0.0,https://wttwebcmsprod.blob.core.windows.net/websitefiles/images/general/men_default_left.png,WTT Official,M,2026-05-13T11:35:20.447055+00:00
1644,Elmutasim ELTAYEB,Sudan,954,1991-01-01,,N/A,,https://wttwebcmsprod.blob.core.windows.net/websitefiles/images/general/men_default_left.png,WTT Official,M,2026-05-13T11:35:23.883929+00:00
1646,Ameer AL-NUAIMI,Iraq,955,2002-04-16,,N/A,,https://wttwebcmsprod.blob.core.windows.net/websitefiles/images/general/men_default_left.png,WTT Official,M,2026-05-13T11:35:25.596072+00:00
1648,Celian BESNIER,France,956,2005-01-09,,Right Hand / Shakehand,,https://wttwebcmsprod.blob.core.windows.net/websitefiles/images/general/men_default_left.png,WTT Official,M,2026-05-13T11:35:27.307262+00:00
1650,Giacomo ALLEGRANZA,Italy,957,2006-01-11,,Right Hand / Shakehand,,https://wttwebcmsprod.blob.core.windows.net/websitefiles/images/general/men_default_left.png,WTT Official,M,2026-05-13T11:35:29.017311+00:00
1654,Nazar PETUKH,Ukraine,959,2007-04-04,,N/A,,https://wttwebcmsprod.blob.core.windows.net/websitefiles/images/general/men_default_left.png,WTT Official,M,2026-05-13T11:35:32.655993+00:00
1656,Adam STALZER,Czechia,960,2003-03-04,,Right Hand / Shakehand,,https://wttwebcmsprod.blob.core.windows.net/websitefiles/images/general/men_default_left.png,WTT Official,M,2026-05-13T11:35:34.403237+00:00
1664,SEO Jungwon,Korea Republic,966,1995-03-21,,N/A,,https://wttwebcmsprod.blob.core.windows.net/websitefiles/images/general/men_default_left.png,WTT Official,M,2026-05-13T11:35:45.112823+00:00
1666,Fatih KARABAXHAK,Kosovo,968,2003-05-03,,N/A,,https://wttwebcmsprod.blob.core.windows.net/websitefiles/images/general/men_default_left.png,WTT Official,M,2026-05-13T11:35:48.749610+00:00
1667,Kreshnik MAHMUTI,Kosovo,969,2001-04-28,,N/A,,https://wttwebcmsprod.blob.core.windows.net/websitefiles/images/general/men_default_left.png,WTT Official,M,2026-05-13T11:35:50.649860+00:00
1668,Sitisak NUCHCHART,Thailand,970,2004-01-23,,Left Hand / Shakehand,,https://wttwebcmsprod.blob.core.windows.net/websitefiles/images/general/men_default_left.png,WTT Official,M,2026-05-13T11:35:52.357048+00:00
1670,Mohamed ABDELLATIF,Egypt,971,2006-01-28,,Right Hand / Shakehand,,https://wttwebcmsprod.blob.core.windows.net/websitefiles/images/general/men_default_left.png,WTT Official,M,2026-05-13T11:35:54.073804+00:00
1674,Luka STOJCHEV,North Macedonia,973,2007-06-29,,N/A,,https://wttwebcmsprod.blob.core.windows.net/websitefiles/images/general/men_default_left.png,WTT Official,M,2026-05-13T11:35:57.494772+00:00
1678,Andrej STOJANOVSKI,North Macedonia,975,2008-08-11,,N/A,,https://wttwebcmsprod.blob.core.windows.net/websitefiles/images/general/men_default_left.png,WTT Official,M,2026-05-13T11:36:00.926092+00:00
1680,Aleksandar JAKIMOVSKI,North Macedonia,976,2008-03-13,,N/A,,https://wttwebcmsprod.blob.core.windows.net/websitefiles/images/general/men_default_left.png,WTT Official,M,2026-05-13T11:36:02.656136+00:00
1682,Giorgos KONSTANTINOPOULOS,Greece,977,1993-02-10,,Left Hand / Shakehand,,https://wttwebcmsprod.blob.core.windows.net/websitefiles/images/general/men_default_left.png,WTT Official,M,2026-05-13T11:36:04.359459+00:00
1684,Filip MLADENOVSKI,North Macedonia,978,1984-11-12,,N/A,,https://wttwebcmsprod.blob.core.windows.net/websitefiles/images/general/men_default_left.png,WTT Official,M,2026-05-13T11:36:06.108641+00:00
1686,Joshua STACEY,Wales,979,2000-02-25,,Left Hand / Shakehand,,https://wttwebcmsprod.blob.core.windows.net/websitefiles/images/general/men_default_left.png,WTT Official,M,2026-05-13T11:36:07.836639+00:00
1688,Sodiq ADESANYA,Nigeria,980,2012-04-14,,N/A,,https://wttwebcmsprod.blob.core.windows.net/websitefiles/images/general/men_default_left.png,WTT Official,M,2026-05-13T11:36:09.578742+00:00
1690,Ibrahim Gado NUHU,Ghana,981,2007-10-26,,N/A,,https://wttwebcmsprod.blob.core.windows.net/websitefiles/images/general/men_default_left.png,WTT Official,M,2026-05-13T11:36:11.290611+00:00
1692,Ibrahim BELLO,Nigeria,982,2005-06-25,,N/A,,https://wttwebcmsprod.blob.core.windows.net/websitefiles/images/general/men_default_left.png,WTT Official,M,2026-05-13T11:36:13.027886+00:00
1694,Amadji KING,Benin,983,2005-05-21,,N/A,,https://wttwebcmsprod.blob.core.windows.net/websitefiles/images/general/men_default_left.png,WTT Official,M,2026-05-13T11:36:14.738588+00:00
1696,Matthew NATUS,Nigeria,984,2004-12-04,,N/A,,https://wttwebcmsprod.blob.core.windows.net/websitefiles/images/general/men_default_left.png,WTT Official,M,2026-05-13T11:36:16.447980+00:00
1698,Abayomi ANIMASAHUN,Nigeria,985,2003-12-08,,Right Hand / Shakehand,,https://wttwebcmsprod.blob.core.windows.net/websitefiles/images/general/men_default_left.png,WTT Official,M,2026-05-13T11:36:18.166462+00:00
1700,Yohannes YITAGESU,Ethiopia,986,1997-09-11,,N/A,,https://wttwebcmsprod.blob.core.windows.net/websitefiles/images/general/men_default_left.png,WTT Official,M,2026-05-13T11:36:19.876253+00:00
1676,Or MAGEN,Israel,168,2008-10-10,,N/A,0.0,https://wttwebcmsprod.blob.core.windows.net/websitefiles/images/general/men_default_left.png,WTT Official,F,2026-05-13T21:15:23.207798+00:00
1659,Rohan DANI,England,181,2008-07-09,,N/A,,https://wttwebcmsprod.blob.core.windows.net/websitefiles/images/general/men_default_left.png,WTT Official,F,2026-05-13T21:15:33.882140+00:00
1663,Ali ALHAWAI,United Arab Emirates,233,2009-04-07,,N/A,50.0,https://wttwebcmsprod.blob.core.windows.net/websitefiles/images/general/men_default_left.png,WTT Official,F,2026-05-13T21:16:30.702653+00:00
1658,Cesar REVELO,Ecuador,350,2009-01-01,,N/A,,https://wttwebcmsprod.blob.core.windows.net/websitefiles/images/general/men_default_left.png,WTT Official,F,2026-05-13T21:18:20.295604+00:00
1652,Atherva GUPTA,India,448,2008-10-01,,N/A,,https://wttwebcmsprod.blob.core.windows.net/websitefiles/images/general/men_default_left.png,WTT Official,F,2026-05-13T21:19:51.891608+00:00
1665,Camilo MOSTEIRIN,Argentina,526,2008-01-14,,N/A,20.0,https://wttwebcmsprod.blob.core.windows.net/websitefiles/images/general/men_default_left.png,WTT Official,F,2026-05-13T21:21:08.817647+00:00
1672,LIU Shih-Ming,Chinese Taipei,528,2007-07-24,,N/A,,https://wttwebcmsprod.blob.core.windows.net/websitefiles/images/general/men_default_left.png,WTT Official,F,2026-05-13T21:21:10.439069+00:00
1661,Oishik GHOSH,India,538,2007-09-27,,N/A,60.0,https://wttwebcmsprod.blob.core.windows.net/websitefiles/images/general/men_default_left.png,WTT Official,F,2026-05-13T21:21:18.774034+00:00
764,Mamy RAKOTOARISOA,Madagascar,948,2007-07-16,,N/A,0.0,https://wttwebcmsprod.blob.core.windows.net/websitefiles/images/general/men_default_left.png,WTT Official,F,2026-05-13T21:27:46.609407+00:00
1681,Wirakarn TAYAPITAK,Thailand,707,2006-08-16,,Right Hand / Shakehand,,https://wttsimfiles.blob.core.windows.net/wtt-media/photos/400px/134834_HEADSHOT_R_TAYAPITAK_Wirakarn.png,WTT Official,F,2026-05-13T11:36:03.143417+00:00
1683,Aishath NAZIM,Maldives,708,2003-05-26,,Right Hand / Shakehand,,https://wttwebcmsprod.blob.core.windows.net/websitefiles/images/general/men_default_left.png,WTT Official,F,2026-05-13T11:36:04.946635+00:00
1685,Thanuja NAGARAJAN,India,709,2006-03-14,,N/A,0.0,https://wttwebcmsprod.blob.core.windows.net/websitefiles/images/general/men_default_left.png,WTT Official,F,2026-05-13T11:36:06.722102+00:00
1687,Subhankrita DATTA,India,710,2008-09-23,,N/A,66.66666666666667,https://wttwebcmsprod.blob.core.windows.net/websitefiles/images/general/men_default_left.png,WTT Official,F,2026-05-13T11:36:08.496224+00:00
1689,Racha LOGHRAIBI,Qatar,711,2015-10-05,,N/A,54.54545454545455,https://wttsimfiles.blob.core.windows.net/wtt-media/photos/400px/206304_HEADSHOT_R_LOGHRAIBI_Racha.png,WTT Official,F,2026-05-13T11:36:10.277219+00:00
1691,Martina RIOS,Chile,712,2007-09-28,,N/A,57.142857142857146,https://wttwebcmsprod.blob.core.windows.net/websitefiles/images/general/men_default_left.png,WTT Official,F,2026-05-13T11:36:12.062656+00:00
1693,LEE Eunyu,Korea Republic,713,2009-10-05,,N/A,68.75,https://wttwebcmsprod.blob.core.windows.net/websitefiles/images/general/men_default_left.png,WTT Official,F,2026-05-13T11:36:13.865397+00:00
1695,Gabriela CAMPO,Colombia,714,2011-06-06,,N/A,60.0,https://wttwebcmsprod.blob.core.windows.net/websitefiles/images/general/men_default_left.png,WTT Official,F,2026-05-13T11:36:15.642063+00:00
1697,DING Yiyang,China,715,2010-08-14,,N/A,80.95238095238095,https://wttsimfiles.blob.core.windows.net/wtt-media/photos/400px/HEADSHOT_R_DING_Y_Y.png,WTT Official,F,2026-05-13T11:36:17.452831+00:00
1699,Busra DEMIR,Türkiye,716,2008-04-10,,N/A,42.857142857142854,https://wttwebcmsprod.blob.core.windows.net/websitefiles/images/general/men_default_left.png,WTT Official,F,2026-05-13T11:36:19.231743+00:00
1701,Eireen KALAITZIDOU,Germany,717,2007-07-01,,N/A,,https://wttsimfiles.blob.core.windows.net/wtt-media/photos/400px/145540_HEADSHOT_R_KALAITZIDOU_Eireen.png,WTT Official,F,2026-05-13T11:36:21.007471+00:00
1703,Sanaya BUDDHADASA,Australia,718,2005-11-22,,Right Hand / Shakehand,42.857142857142854,https://wttsimfiles.blob.core.windows.net/wtt-media/photos/400px/134972_Headshot_R_BUDDHADASA_Sanaya.png,WTT Official,F,2026-05-13T11:36:22.822177+00:00
1705,Zurisadai ESPINOZA,Venezuela,719,2009-08-08,,N/A,,https://wttwebcmsprod.blob.core.windows.net/websitefiles/images/general/men_default_left.png,WTT Official,F,2026-05-13T11:36:24.610578+00:00
1707,Lichen CHEN,USA,720,2006-04-15,,N/A,,https://wttwebcmsprod.blob.core.windows.net/websitefiles/images/general/men_default_left.png,WTT Official,F,2026-05-13T11:36:26.389006+00:00
1709,DING Zige,USA,721,2005-02-08,,Right Hand / Shakehand,,https://wttwebcmsprod.blob.core.windows.net/websitefiles/images/general/men_default_left.png,WTT Official,F,2026-05-13T11:36:28.212884+00:00
1711,TANG Yao,USA,722,1996-01-22,,N/A,,https://wttwebcmsprod.blob.core.windows.net/websitefiles/images/general/men_default_left.png,WTT Official,F,2026-05-13T11:36:29.988572+00:00
1716,Macarena REYES,Chile,724,2005-01-06,,N/A,,https://wttwebcmsprod.blob.core.windows.net/websitefiles/images/general/men_default_left.png,WTT Official,F,2026-05-13T11:36:33.671012+00:00
1718,Chloe CHENG,Australia,725,2008-09-15,,N/A,,https://wttsimfiles.blob.core.windows.net/wtt-media/photos/400px/203179_Headshot_R_Chloe CHENG.png,WTT Official,F,2026-05-13T11:36:35.447981+00:00
1720,Jeanne ROBBES,France,726,2005-03-01,,Right Hand / Shakehand,33.333333333333336,https://wttwebcmsprod.blob.core.windows.net/websitefiles/images/general/men_default_left.png,WTT Official,F,2026-05-13T11:36:37.226849+00:00
1722,Helena SOMMEROVA,Czechia,727,2005-06-18,,Right Hand / Shakehand,,https://wttwebcmsprod.blob.core.windows.net/websitefiles/images/general/men_default_left.png,WTT Official,F,2026-05-13T11:36:39.071255+00:00
1724,Angela RODRIGUEZ,Spain,728,2005-08-17,,Right Hand / Shakehand,,https://wttwebcmsprod.blob.core.windows.net/websitefiles/images/general/men_default_left.png,WTT Official,F,2026-05-13T11:36:40.846582+00:00
1726,Keimy ANCHUNDIA,Ecuador,729,2007-01-19,,N/A,,https://wttwebcmsprod.blob.core.windows.net/websitefiles/images/general/men_default_left.png,WTT Official,F,2026-05-13T11:36:42.622345+00:00
1729,Nazym SERIKBAY,Kazakhstan,731,2007-01-06,,N/A,,https://wttwebcmsprod.blob.core.windows.net/websitefiles/images/general/men_default_left.png,WTT Official,F,2026-05-13T11:36:46.211890+00:00
1730,Yasmina EL HABECH,Lebanon,732,2009-05-05,,N/A,16.666666666666668,https://wttwebcmsprod.blob.core.windows.net/websitefiles/images/general/men_default_left.png,WTT Official,F,2026-05-13T11:36:47.994950+00:00
1731,Patricia STOICA,Romania,733,2010-07-26,,N/A,65.9090909090909,https://wttsimfiles.blob.core.windows.net/wtt-media/photos/400px/201349_HEADSHOT_R_Patricia STOICA.png,WTT Official,F,2026-05-13T11:36:49.785832+00:00
1732,Adriana ILLASOVA,Slovak Republic,734,2004-09-04,,Right Hand / Shakehand,,https://wttwebcmsprod.blob.core.windows.net/websitefiles/images/general/men_default_left.png,WTT Official,F,2026-05-13T11:36:52.133909+00:00
1733,Katarzyna RAJKOWSKA,Poland,735,2009-01-31,,N/A,55.55555555555556,https://wttsimfiles.blob.core.windows.net/wtt-media/photos/400px/201833_Headshot_R_RAJKOWSKA_Katarzyna.png,WTT Official,F,2026-05-13T11:36:54.039715+00:00
1734,Viktoria PERSOVA,Bulgaria,736,2006-11-06,,N/A,33.333333333333336,https://wttwebcmsprod.blob.core.windows.net/websitefiles/images/general/men_default_left.png,WTT Official,F,2026-05-13T11:36:56.474992+00:00
1735,YU ZHENG Cheah,Malaysia,737,2010-05-20,,N/A,33.333333333333336,https://wttsimfiles.blob.core.windows.net/wtt-media/photos/400px/206421_Headshot_R_CHEAH_Yu Zheng.png,WTT Official,F,2026-05-13T11:36:58.261999+00:00
1736,Anna Lillian GREEN,England,738,2006-08-17,,N/A,,https://wttwebcmsprod.blob.core.windows.net/websitefiles/images/general/men_default_left.png,WTT Official,F,2026-05-13T11:37:00.035299+00:00
1737,Jiyah LAKSHMAN,India,739,2008-09-11,,N/A,0.0,https://wttsimfiles.blob.core.windows.net/wtt-media/photos/400px/213217_HEADSHOT_R_LAKSHMAN_Jiyah.png,WTT Official,F,2026-05-13T11:37:01.836457+00:00
1738,Aybuke SIMSEK,Türkiye,740,2008-09-08,,N/A,33.333333333333336,https://wttwebcmsprod.blob.core.windows.net/websitefiles/images/general/men_default_left.png,WTT Official,F,2026-05-13T11:37:03.613239+00:00
1739,Maneesha Shalindi GUSTHIGHGHA WADU,Sri Lanka,741,2003-07-31,,N/A,,https://wttwebcmsprod.blob.core.windows.net/websitefiles/images/general/men_default_left.png,WTT Official,F,2026-05-13T11:37:05.393180+00:00
1740,Oishe ROHMAN,Bangladesh,742,2007-09-25,,N/A,,https://wttwebcmsprod.blob.core.windows.net/websitefiles/images/general/men_default_left.png,WTT Official,F,2026-05-13T11:37:07.187791+00:00
1741,WANG Jin,New Zealand,743,1995-03-06,,N/A,,https://wttwebcmsprod.blob.core.windows.net/websitefiles/images/general/men_default_left.png,WTT Official,F,2026-05-13T11:37:08.967774+00:00
1742,Dariah FENG,USA,744,2010-10-10,,N/A,57.142857142857146,https://wttwebcmsprod.blob.core.windows.net/websitefiles/images/general/men_default_left.png,WTT Official,F,2026-05-13T11:37:11.098945+00:00
1743,Disha BHATTACHARYYA,USA,745,2010-02-20,,N/A,20.0,https://wttwebcmsprod.blob.core.windows.net/websitefiles/images/general/men_default_left.png,WTT Official,F,2026-05-13T11:37:12.881794+00:00
1728,Nursaya NURMAN,Kazakhstan,730,2009-06-14,,N/A,75.0,https://wttwebcmsprod.blob.core.windows.net/websitefiles/images/general/men_default_left.png,WTT Official,F,2026-05-13T20:49:50.834027+00:00
1704,Sola OYETAYO,Nigeria,988,1986-07-07,,Right Hand / Shakehand,,https://wttwebcmsprod.blob.core.windows.net/websitefiles/images/general/men_default_left.png,WTT Official,M,2026-05-13T11:36:23.300139+00:00
1706,Oscar Enrique GONZALES,Argentina,989,1967-03-07,,N/A,,https://wttwebcmsprod.blob.core.windows.net/websitefiles/images/general/men_default_left.png,WTT Official,M,2026-05-13T11:36:25.014832+00:00
1710,WANG Tiancheng,USA,991,1999-02-03,,N/A,,https://wttwebcmsprod.blob.core.windows.net/websitefiles/images/general/men_default_left.png,WTT Official,M,2026-05-13T11:36:28.463168+00:00
1712,Xaysana XAYSAVATH,Laos,992,2012-05-21,,N/A,,https://wttwebcmsprod.blob.core.windows.net/websitefiles/images/general/men_default_left.png,WTT Official,M,2026-05-13T11:36:30.169347+00:00
1721,NG Hong Siu,Singapore,997,2008-01-10,,Right Hand / Shakehand,,https://wttwebcmsprod.blob.core.windows.net/websitefiles/images/general/men_default_left.png,WTT Official,M,2026-05-13T11:36:38.719210+00:00
1725,Temirlan JIYENBAYEV,Kazakhstan,999,2006-11-02,,N/A,,https://wttwebcmsprod.blob.core.windows.net/websitefiles/images/general/men_default_left.png,WTT Official,M,2026-05-13T11:36:42.140003+00:00
1727,Bolat NIYETKALIYEV,Kazakhstan,1000,2005-05-26,,N/A,,https://wttwebcmsprod.blob.core.windows.net/websitefiles/images/general/men_default_left.png,WTT Official,M,2026-05-13T11:36:43.847690+00:00
642,FEI Junhang,China,80,2007-03-02,,N/A,90.0,https://wttwebcmsprod.blob.core.windows.net/websitefiles/images/general/men_default_left.png,WTT Official,F,2026-05-13T21:13:58.452301+00:00
1708,Ukyo KOBAYASHI,Japan,122,2012-01-26,,N/A,,https://wttsimfiles.blob.core.windows.net/wtt-media/photos/400px/205514_Headshot_R_Ukyo KOBAYASHI.png,WTT Official,F,2026-05-13T21:14:45.482964+00:00
1715,Piotr LACKI,Poland,267,2010-03-30,,N/A,66.66666666666667,https://wttsimfiles.blob.core.windows.net/wtt-media/photos/400px/212930_Headshot_R_LACKI_Piotr.png,WTT Official,F,2026-05-13T21:16:58.797809+00:00
1717,Adeepa KEERTHIRATNE,Australia,380,2009-02-12,,N/A,20.0,https://wttsimfiles.blob.core.windows.net/wtt-media/photos/400px/203031_Headshot_R_KEERTHIRATNE_Adeepa.png,WTT Official,F,2026-05-13T21:18:44.561429+00:00
1719,Issa AL-SHAMM'A,Jordan,580,2008-10-12,,N/A,,https://wttwebcmsprod.blob.core.windows.net/websitefiles/images/general/men_default_left.png,WTT Official,F,2026-05-13T21:21:52.875584+00:00
1723,Jad ALBESANI,Jordan,728,2007-08-29,,Right Hand / Shakehand,,https://wttwebcmsprod.blob.core.windows.net/websitefiles/images/general/men_default_left.png,WTT Official,F,2026-05-13T21:24:20.710899+00:00
1713,Phongsavanh SENGMANY,Laos,744,2010-11-10,,N/A,,https://wttwebcmsprod.blob.core.windows.net/websitefiles/images/general/men_default_left.png,WTT Official,F,2026-05-13T21:24:33.744379+00:00
1744,Aafrien MURAD,India,746,2004-08-17,,N/A,66.66666666666667,https://wttwebcmsprod.blob.core.windows.net/websitefiles/images/general/men_default_left.png,WTT Official,F,2026-05-13T11:37:14.677116+00:00
1745,Ela YONTER,Türkiye,747,2012-02-21,,N/A,33.333333333333336,https://wttwebcmsprod.blob.core.windows.net/websitefiles/images/general/men_default_left.png,WTT Official,F,2026-05-13T11:37:16.497595+00:00
1746,Nikita SARKAR,India,748,2002-01-14,,N/A,0.0,https://wttwebcmsprod.blob.core.windows.net/websitefiles/images/general/men_default_left.png,WTT Official,F,2026-05-13T11:37:18.272888+00:00
1747,Tamanna SAINI,India,749,1999-07-10,,N/A,0.0,https://wttwebcmsprod.blob.core.windows.net/websitefiles/images/general/men_default_left.png,WTT Official,F,2026-05-13T11:37:20.073231+00:00
1748,Kiara TAFUR,Peru,750,2010-06-06,,N/A,33.333333333333336,https://wttwebcmsprod.blob.core.windows.net/websitefiles/images/general/men_default_left.png,WTT Official,F,2026-05-13T11:37:21.857839+00:00
1749,Camila CRUZ ROSARIO,Puerto Rico,751,2009-10-05,,N/A,62.5,https://wttwebcmsprod.blob.core.windows.net/websitefiles/images/general/men_default_left.png,WTT Official,F,2026-05-13T11:37:23.627239+00:00
1750,Angel HE,USA,752,2012-09-20,,N/A,20.0,https://wttwebcmsprod.blob.core.windows.net/websitefiles/images/general/men_default_left.png,WTT Official,F,2026-05-13T11:37:25.400354+00:00
1751,Naymaris HERNANDEZ MARTINEZ,Puerto Rico,753,2010-04-13,,N/A,66.66666666666667,https://wttwebcmsprod.blob.core.windows.net/websitefiles/images/general/men_default_left.png,WTT Official,F,2026-05-13T11:37:27.183547+00:00
1752,Emma JIAO,USA,754,2009-06-26,,N/A,42.857142857142854,https://wttwebcmsprod.blob.core.windows.net/websitefiles/images/general/men_default_left.png,WTT Official,F,2026-05-13T11:37:28.988163+00:00
1753,Andreea BAIASU,Romania,755,2009-01-05,,N/A,66.66666666666667,https://wttsimfiles.blob.core.windows.net/wtt-media/photos/400px/146072_HEADSHOT_R__Andreea BAIASU.png,WTT Official,F,2026-05-13T11:37:30.774335+00:00
1754,Tanja HELLE,Netherlands,756,1997-05-14,,Right Hand / Shakehand,33.333333333333336,https://wttwebcmsprod.blob.core.windows.net/websitefiles/images/general/men_default_left.png,WTT Official,F,2026-05-13T11:37:32.594500+00:00
1755,Raiana MURATALIEVA,Kyrgyzstan,757,2009-03-01,,N/A,,https://wttwebcmsprod.blob.core.windows.net/websitefiles/images/general/men_default_left.png,WTT Official,F,2026-05-13T11:37:34.381294+00:00
1756,Lesanya KULAPPUWAWADU,Sri Lanka,758,2007-03-22,,N/A,,https://wttwebcmsprod.blob.core.windows.net/websitefiles/images/general/men_default_left.png,WTT Official,F,2026-05-13T11:37:36.160926+00:00
1757,Egshiglen BAT-ERDENE,Mongolia,759,2004-06-13,,N/A,14.285714285714286,https://wttwebcmsprod.blob.core.windows.net/websitefiles/images/general/men_default_left.png,WTT Official,F,2026-05-13T11:37:37.940909+00:00
1758,Andrea MOSCOSO,Guatemala,760,2009-06-13,,N/A,0.0,https://wttwebcmsprod.blob.core.windows.net/websitefiles/images/general/men_default_left.png,WTT Official,F,2026-05-13T11:37:39.723687+00:00
1759,Samirah MUNOZ,El Salvador,761,2006-12-24,,Right Hand / Shakehand,,https://wttwebcmsprod.blob.core.windows.net/websitefiles/images/general/men_default_left.png,WTT Official,F,2026-05-13T11:37:41.520763+00:00
1760,Lena GOTTSCHLICH,Germany,762,2008-06-28,,N/A,,https://wttwebcmsprod.blob.core.windows.net/websitefiles/images/general/men_default_left.png,WTT Official,F,2026-05-13T11:37:43.295536+00:00
1761,Reka BEZEG,Serbia,763,2003-02-24,,Right Hand / Shakehand,,https://wttwebcmsprod.blob.core.windows.net/websitefiles/images/general/men_default_left.png,WTT Official,F,2026-05-13T11:37:45.142817+00:00
1762,LIU Ruohan,Laos,764,2007-08-17,,N/A,,https://wttwebcmsprod.blob.core.windows.net/websitefiles/images/general/men_default_left.png,WTT Official,F,2026-05-13T11:37:46.934763+00:00
1764,Kehinde OYENIYI,Nigeria,766,2003-08-14,,N/A,,https://wttwebcmsprod.blob.core.windows.net/websitefiles/images/general/men_default_left.png,WTT Official,F,2026-05-13T11:37:50.523014+00:00
1765,Nina NIKOLOVA,Bulgaria,767,2009-01-20,,N/A,77.77777777777777,https://wttwebcmsprod.blob.core.windows.net/websitefiles/images/general/men_default_left.png,WTT Official,F,2026-05-13T11:37:52.307518+00:00
1766,Irene MORETTI,Italy,768,2007-11-21,,N/A,11.11111111111111,https://wttwebcmsprod.blob.core.windows.net/websitefiles/images/general/men_default_left.png,WTT Official,F,2026-05-13T11:37:54.084791+00:00
1767,Yelizaveta LAVROVA,Kazakhstan,769,2007-04-02,,N/A,,https://wttwebcmsprod.blob.core.windows.net/websitefiles/images/general/men_default_left.png,WTT Official,F,2026-05-13T11:37:55.859940+00:00
1769,Luciana FRIAS,Argentina,771,2010-01-26,,N/A,57.142857142857146,https://wttwebcmsprod.blob.core.windows.net/websitefiles/images/general/men_default_left.png,WTT Official,F,2026-05-13T11:37:59.863722+00:00
1770,Laura RAHOTIN,Slovenia,772,2010-10-17,,N/A,40.0,https://wttwebcmsprod.blob.core.windows.net/websitefiles/images/general/men_default_left.png,WTT Official,F,2026-05-13T11:38:01.639432+00:00
1771,KUNG Mu-Tzu,Chinese Taipei,773,2008-03-05,,N/A,,https://wttwebcmsprod.blob.core.windows.net/websitefiles/images/general/men_default_left.png,WTT Official,F,2026-05-13T11:38:03.408899+00:00
1772,Liliana GUASSARDO,Slovak Republic,774,2009-04-15,,N/A,51.351351351351354,https://wttwebcmsprod.blob.core.windows.net/websitefiles/images/general/men_default_left.png,WTT Official,F,2026-05-13T11:38:05.211948+00:00
1773,HUANG Wei An,Chinese Taipei,775,2010-08-30,,N/A,,https://wttwebcmsprod.blob.core.windows.net/websitefiles/images/general/men_default_left.png,WTT Official,F,2026-05-13T11:38:06.992605+00:00
1774,Kavya BASKAR,India,776,2005-05-02,,Right Hand / Shakehand,50.0,https://wttsimfiles.blob.core.windows.net/wtt-media/photos/400px/134124_HEADSHOT_R_ BASKAR_Kavya.png,WTT Official,F,2026-05-13T11:38:08.766996+00:00
1775,Senhora DSOUZA,India,777,1995-09-02,,N/A,33.333333333333336,https://wttsimfiles.blob.core.windows.net/wtt-media/photos/400px/114584_Headshot_R_Senhora DSOUZA.png,WTT Official,F,2026-05-13T11:38:10.542699+00:00
1776,Manuela PEREYRA,Argentina,778,2006-04-29,,Right Hand / Shakehand,,https://wttwebcmsprod.blob.core.windows.net/websitefiles/images/general/men_default_left.png,WTT Official,F,2026-05-13T11:38:12.326825+00:00
1777,Mariam SHAHMURADYAN,Argentina,779,2008-04-15,,N/A,,https://wttwebcmsprod.blob.core.windows.net/websitefiles/images/general/men_default_left.png,WTT Official,F,2026-05-13T11:38:14.109990+00:00
1778,Olha PONKO,Ukraine,780,2007-11-20,,Right Hand / Shakehand,66.66666666666667,https://wttwebcmsprod.blob.core.windows.net/websitefiles/images/general/men_default_left.png,WTT Official,F,2026-05-13T11:38:16.037525+00:00
1779,Mukta DALVI,India,781,2006-04-01,,N/A,50.0,https://wttwebcmsprod.blob.core.windows.net/websitefiles/images/general/men_default_left.png,WTT Official,F,2026-05-13T11:38:17.807626+00:00
1780,Clemence CHEVALLIER,France,782,2004-10-08,,Right Hand / Shakehand,,https://wttwebcmsprod.blob.core.windows.net/websitefiles/images/general/men_default_left.png,WTT Official,F,2026-05-13T11:38:20.766291+00:00
1781,Khadeeja ELHAKIM,Egypt,783,2010-09-14,,N/A,,https://wttsimfiles.blob.core.windows.net/wtt-media/photos/400px/202553_Headshot_R_ELHAKIM Khadeeja.png,WTT Official,F,2026-05-13T11:38:22.855251+00:00
1782,Albania ROMERO,Venezuela,784,2006-09-15,,N/A,,https://wttwebcmsprod.blob.core.windows.net/websitefiles/images/general/men_default_left.png,WTT Official,F,2026-05-13T11:38:24.866821+00:00
1768,ZHANG Jia Yu,"Hong Kong, China",770,2011-12-06,,N/A,65.0,https://wttsimfiles.blob.core.windows.net/wtt-media/photos/400px/201265_Headshot_R_ZHANG_Jia Yu.png,WTT Official,F,2026-05-13T20:50:31.645127+00:00
1783,Aray ASHKEYEVA,Kazakhstan,785,2003-07-08,,N/A,,https://wttwebcmsprod.blob.core.windows.net/websitefiles/images/general/men_default_left.png,WTT Official,F,2026-05-13T11:38:26.776780+00:00
1799,WONG Tsz Yui,"Hong Kong, China",801,2009-05-11,,N/A,,https://wttwebcmsprod.blob.core.windows.net/websitefiles/images/general/men_default_left.png,WTT Official,F,2026-05-13T11:39:07.609916+00:00
1800,Choutiphone SISOMBOUN,Laos,802,2012-08-26,,N/A,,https://wttwebcmsprod.blob.core.windows.net/websitefiles/images/general/men_default_left.png,WTT Official,F,2026-05-13T11:39:09.384818+00:00
1801,Chanthida NOMICHITH,Laos,803,2012-07-09,,N/A,,https://wttwebcmsprod.blob.core.windows.net/websitefiles/images/general/men_default_left.png,WTT Official,F,2026-05-13T11:39:11.147940+00:00
1802,Phetsamay KIYAVONG,Laos,804,2012-05-17,,N/A,,https://wttwebcmsprod.blob.core.windows.net/websitefiles/images/general/men_default_left.png,WTT Official,F,2026-05-13T11:39:12.929266+00:00
1803,Panita KITTIPHAN,Laos,805,2012-02-28,,N/A,,https://wttwebcmsprod.blob.core.windows.net/websitefiles/images/general/men_default_left.png,WTT Official,F,2026-05-13T11:39:14.685652+00:00
1804,Isabella LUO,USA,806,2011-08-18,,N/A,36.36363636363637,https://wttwebcmsprod.blob.core.windows.net/websitefiles/images/general/men_default_left.png,WTT Official,F,2026-05-13T11:39:16.450206+00:00
1805,Thipphavanh XAIPHETVONG,Laos,807,2011-03-16,,N/A,,https://wttwebcmsprod.blob.core.windows.net/websitefiles/images/general/men_default_left.png,WTT Official,F,2026-05-13T11:39:18.200361+00:00
1806,Riana BHOOTA,India,808,2010-05-25,,N/A,,https://wttsimfiles.blob.core.windows.net/wtt-media/photos/400px/201369_Headshot_R_BHOOTA_Riana.png,WTT Official,F,2026-05-13T11:39:19.946130+00:00
1807,Leeloo VUKELJA,Croatia,809,2009-12-14,,N/A,46.15384615384615,https://wttwebcmsprod.blob.core.windows.net/websitefiles/images/general/men_default_left.png,WTT Official,F,2026-05-13T11:39:21.693134+00:00
1808,Victoria LEE,Canada,810,2009-02-14,,N/A,,https://wttwebcmsprod.blob.core.windows.net/websitefiles/images/general/men_default_left.png,WTT Official,F,2026-05-13T11:39:23.453490+00:00
1809,Emily LIU,Canada,811,2008-09-24,,N/A,,https://wttsimfiles.blob.core.windows.net/wtt-media/photos/400px/201020_HEADSHOT_R_Emily LIU.png,WTT Official,F,2026-05-13T11:39:25.212193+00:00
1810,Bounleut KEOMANY,Laos,812,2007-10-06,,N/A,,https://wttwebcmsprod.blob.core.windows.net/websitefiles/images/general/men_default_left.png,WTT Official,F,2026-05-13T11:39:26.971250+00:00
1811,Daria SPASOVA,Bulgaria,813,2007-11-16,,N/A,,https://wttwebcmsprod.blob.core.windows.net/websitefiles/images/general/men_default_left.png,WTT Official,F,2026-05-13T11:39:28.753701+00:00
1812,Kalina PIPEROVA,Bulgaria,814,2007-01-18,,N/A,0.0,https://wttwebcmsprod.blob.core.windows.net/websitefiles/images/general/men_default_left.png,WTT Official,F,2026-05-13T11:39:30.532410+00:00
1813,Mika TAMURA,Japan,815,2001-10-27,,N/A,,https://wttwebcmsprod.blob.core.windows.net/websitefiles/images/general/men_default_left.png,WTT Official,F,2026-05-13T11:39:32.300637+00:00
1814,Magdalena SCIBRANIOVA,Czechia,816,2007-12-26,,N/A,33.333333333333336,https://wttwebcmsprod.blob.core.windows.net/websitefiles/images/general/men_default_left.png,WTT Official,F,2026-05-13T11:39:34.065897+00:00
1815,Adela SAZIMOVA,Czechia,817,2006-09-26,,Right Hand / Shakehand,,https://wttwebcmsprod.blob.core.windows.net/websitefiles/images/general/men_default_left.png,WTT Official,F,2026-05-13T11:39:35.823121+00:00
1816,Sally NIELSEN,Denmark,818,2003-10-13,,Right Hand / Shakehand,,https://wttwebcmsprod.blob.core.windows.net/websitefiles/images/general/men_default_left.png,WTT Official,F,2026-05-13T11:39:37.777875+00:00
1819,Ankolika CHAKRABORTY,India,821,2011-09-12,,N/A,68.75,https://wttsimfiles.blob.core.windows.net/wtt-media/photos/400px/201145_R_Ankolika CHAKRABORTY.png,WTT Official,F,2026-05-13T11:39:44.091440+00:00
1820,Shakhzoda AKHMADALIYEVA,Kazakhstan,822,2006-05-22,,N/A,,https://wttwebcmsprod.blob.core.windows.net/websitefiles/images/general/men_default_left.png,WTT Official,F,2026-05-13T11:39:45.847672+00:00
1821,Hanna SMIRNOVA,AIN,823,2008-10-13,,N/A,,https://wttwebcmsprod.blob.core.windows.net/websitefiles/images/general/men_default_left.png,WTT Official,F,2026-05-13T11:39:47.604293+00:00
1822,Elisa MEYER,Germany,824,2009-10-22,,N/A,,https://wttwebcmsprod.blob.core.windows.net/websitefiles/images/general/men_default_left.png,WTT Official,F,2026-05-13T11:39:49.381593+00:00
1823,Amelia NIKOLOV,North Macedonia,825,1993-10-31,,N/A,,https://wttwebcmsprod.blob.core.windows.net/websitefiles/images/general/men_default_left.png,WTT Official,F,2026-05-13T11:39:51.145923+00:00
1824,Farida OMAR,Egypt,826,2010-05-19,,N/A,,https://wttwebcmsprod.blob.core.windows.net/websitefiles/images/general/men_default_left.png,WTT Official,F,2026-05-13T11:39:52.912412+00:00
1825,Madiha ELMALLAH,Egypt,827,2009-01-14,,N/A,,https://wttwebcmsprod.blob.core.windows.net/websitefiles/images/general/men_default_left.png,WTT Official,F,2026-05-13T11:39:54.683487+00:00
1826,Lana HAZEM,Egypt,828,2007-02-17,,N/A,,https://wttsimfiles.blob.core.windows.net/wtt-media/photos/400px/145507_HEADSHOT_R_HAZEM_Lana.png,WTT Official,F,2026-05-13T11:39:56.441919+00:00
1827,Roshna HAMEED,Iraq,829,2006-04-16,,N/A,,https://wttwebcmsprod.blob.core.windows.net/websitefiles/images/general/men_default_left.png,WTT Official,F,2026-05-13T11:39:58.190847+00:00
1828,Sima RADHA,Iraq,830,2006-01-31,,N/A,,https://wttwebcmsprod.blob.core.windows.net/websitefiles/images/general/men_default_left.png,WTT Official,F,2026-05-13T11:39:59.948004+00:00
1829,Debolina DAS,India,831,1998-11-26,,N/A,0.0,https://wttwebcmsprod.blob.core.windows.net/websitefiles/images/general/men_default_left.png,WTT Official,F,2026-05-13T11:40:01.721670+00:00
1830,Rinad EL-HASANI,Jordan,832,2007-08-25,,Right Hand / Shakehand,,https://wttwebcmsprod.blob.core.windows.net/websitefiles/images/general/men_default_left.png,WTT Official,F,2026-05-13T11:40:03.476948+00:00
1831,ZHANG Yulu,China,833,2010-10-11,,N/A,33.333333333333336,https://wttwebcmsprod.blob.core.windows.net/websitefiles/images/general/men_default_left.png,WTT Official,F,2026-05-13T11:40:05.257443+00:00
1832,Nursema COKLAR,Türkiye,834,2000-05-08,,N/A,0.0,https://wttwebcmsprod.blob.core.windows.net/websitefiles/images/general/men_default_left.png,WTT Official,F,2026-05-13T11:40:07.012028+00:00
1833,Nela ONDRUSOVA,Slovak Republic,835,2009-06-30,,N/A,50.0,https://wttwebcmsprod.blob.core.windows.net/websitefiles/images/general/men_default_left.png,WTT Official,F,2026-05-13T11:40:08.759520+00:00
1834,Noemi NEMETHOVA,Slovak Republic,836,2004-10-06,,Right Hand / Shakehand,50.0,https://wttwebcmsprod.blob.core.windows.net/websitefiles/images/general/men_default_left.png,WTT Official,F,2026-05-13T11:40:10.525279+00:00
1835,Jana TEREZKOVA,Slovak Republic,837,2002-02-20,,Right Hand / Shakehand,50.0,https://wttwebcmsprod.blob.core.windows.net/websitefiles/images/general/men_default_left.png,WTT Official,F,2026-05-13T11:40:12.298110+00:00
1836,Monika MAROUSKOVA,Slovak Republic,838,2000-10-19,,N/A,50.0,https://wttwebcmsprod.blob.core.windows.net/websitefiles/images/general/men_default_left.png,WTT Official,F,2026-05-13T11:40:14.064666+00:00
1837,Amber LIU,USA,839,2008-05-21,,N/A,,https://wttsimfiles.blob.core.windows.net/wtt-media/photos/400px/HEADSHOT_R_LIU_Amber.png,WTT Official,F,2026-05-13T11:40:15.819834+00:00
1818,Mariya LUKYANOVA,Kazakhstan,820,2011-11-22,,N/A,50.0,https://wttwebcmsprod.blob.core.windows.net/websitefiles/images/general/men_default_left.png,WTT Official,F,2026-05-13T20:51:33.099234+00:00
1784,Angelou Joyce LAUDE,Philippines,786,2002-03-28,,N/A,,https://wttwebcmsprod.blob.core.windows.net/websitefiles/images/general/men_default_left.png,WTT Official,F,2026-05-13T11:38:28.522657+00:00
1785,Karin HANAZAWA,Japan,787,2010-11-01,,N/A,,https://wttsimfiles.blob.core.windows.net/wtt-media/photos/400px/205296_Headshot_R_Karin HANAZAWA.png,WTT Official,F,2026-05-13T11:38:30.279524+00:00
1786,Warachaya CHATCHAIUDOMSUK,Thailand,788,2007-07-11,,N/A,,https://wttwebcmsprod.blob.core.windows.net/websitefiles/images/general/men_default_left.png,WTT Official,F,2026-05-13T11:38:32.025027+00:00
1787,Guzel TORSHAYEVA,Kazakhstan,789,2004-12-03,,N/A,,https://wttwebcmsprod.blob.core.windows.net/websitefiles/images/general/men_default_left.png,WTT Official,F,2026-05-13T11:38:33.779281+00:00
1788,HSIEH Hsin-Jung,Chinese Taipei,790,2008-07-29,,N/A,,https://wttwebcmsprod.blob.core.windows.net/websitefiles/images/general/men_default_left.png,WTT Official,F,2026-05-13T11:38:35.533510+00:00
1789,Laura MILOS,Germany,791,2009-03-26,,N/A,,https://wttwebcmsprod.blob.core.windows.net/websitefiles/images/general/men_default_left.png,WTT Official,F,2026-05-13T11:38:37.277412+00:00
1790,Maryia VAKHLIAYEVA,AIN,792,2006-09-05,,N/A,,https://wttwebcmsprod.blob.core.windows.net/websitefiles/images/general/men_default_left.png,WTT Official,F,2026-05-13T11:38:39.040969+00:00
1791,Monika STAJKOVSKA,North Macedonia,793,2010-03-26,,N/A,,https://wttwebcmsprod.blob.core.windows.net/websitefiles/images/general/men_default_left.png,WTT Official,F,2026-05-13T11:38:40.851658+00:00
1792,Fani JOVANOSKA,North Macedonia,794,2009-02-12,,N/A,0.0,https://wttwebcmsprod.blob.core.windows.net/websitefiles/images/general/men_default_left.png,WTT Official,F,2026-05-13T11:38:42.654379+00:00
1793,Sofija HASANU,North Macedonia,795,2007-10-01,,N/A,0.0,https://wttwebcmsprod.blob.core.windows.net/websitefiles/images/general/men_default_left.png,WTT Official,F,2026-05-13T11:38:44.454761+00:00
1794,LIANG Yu-Hsin,Chinese Taipei,796,2008-07-14,,N/A,,https://wttwebcmsprod.blob.core.windows.net/websitefiles/images/general/men_default_left.png,WTT Official,F,2026-05-13T11:38:46.247974+00:00
1795,Deborah FALEYE,Nigeria,797,2012-07-09,,N/A,,https://wttwebcmsprod.blob.core.windows.net/websitefiles/images/general/men_default_left.png,WTT Official,F,2026-05-13T11:38:48.075208+00:00
1796,Fatimoh AHMED,Nigeria,798,2012-06-20,,N/A,,https://wttwebcmsprod.blob.core.windows.net/websitefiles/images/general/men_default_left.png,WTT Official,F,2026-05-13T11:38:49.876350+00:00
1797,Rofiat JIMOH,Nigeria,799,2003-01-01,,Right Hand / Shakehand,,https://wttwebcmsprod.blob.core.windows.net/websitefiles/images/general/men_default_left.png,WTT Official,F,2026-05-13T11:38:51.681684+00:00
1798,Agnes COLEMAN,Ghana,800,1993-02-23,,N/A,,https://wttwebcmsprod.blob.core.windows.net/websitefiles/images/general/men_default_left.png,WTT Official,F,2026-05-13T11:38:53.485020+00:00
1842,Anastasia CHKHARTISHVILI,Georgia,844,2008-12-14,,N/A,33.333333333333336,https://wttwebcmsprod.blob.core.windows.net/websitefiles/images/general/men_default_left.png,WTT Official,F,2026-05-13T11:40:24.663366+00:00
1843,Alahia MEDINA,Puerto Rico,845,2006-06-21,,Right Hand / Shakehand,,https://wttwebcmsprod.blob.core.windows.net/websitefiles/images/general/men_default_left.png,WTT Official,F,2026-05-13T11:40:26.482106+00:00
1844,Vendula SICHANOVA,Czechia,846,2007-01-18,,N/A,0.0,https://wttwebcmsprod.blob.core.windows.net/websitefiles/images/general/men_default_left.png,WTT Official,F,2026-05-13T11:40:28.284015+00:00
1846,Fatemeh KALANTARI,Iran,848,2006-08-14,,N/A,,https://wttwebcmsprod.blob.core.windows.net/websitefiles/images/general/men_default_left.png,WTT Official,F,2026-05-13T11:40:31.916353+00:00
1847,KIM Gyurin,Korea Republic,849,2011-09-26,,N/A,,https://wttwebcmsprod.blob.core.windows.net/websitefiles/images/general/men_default_left.png,WTT Official,F,2026-05-13T11:40:33.740963+00:00
1848,Martina SANS,Spain,850,2009-08-16,,N/A,50.0,https://wttwebcmsprod.blob.core.windows.net/websitefiles/images/general/men_default_left.png,WTT Official,F,2026-05-13T11:40:35.549352+00:00
1849,CHOO Ke Ying,Malaysia,851,2012-02-16,,N/A,50.0,https://wttsimfiles.blob.core.windows.net/wtt-media/photos/400px/202816_Headshot_R_CHOO_Ke Ying.png,WTT Official,F,2026-05-13T11:40:37.358409+00:00
1850,Joana PINTO,Portugal,852,2009-01-28,,N/A,33.333333333333336,https://wttwebcmsprod.blob.core.windows.net/websitefiles/images/general/men_default_left.png,WTT Official,F,2026-05-13T11:40:39.379836+00:00
1851,Kavyaa MADAAN,Australia,853,2011-04-05,,N/A,60.60606060606061,https://wttsimfiles.blob.core.windows.net/wtt-media/photos/400px/203188_Headshot_R_Kavyaa Madaan.png,WTT Official,F,2026-05-13T11:40:41.335728+00:00
1852,Malena LOPEZ,Argentina,854,2009-02-20,,N/A,20.0,https://wttwebcmsprod.blob.core.windows.net/websitefiles/images/general/men_default_left.png,WTT Official,F,2026-05-13T11:40:43.131620+00:00
1853,Candela SANCHI,Italy,855,2008-05-06,,N/A,33.333333333333336,https://wttsimfiles.blob.core.windows.net/wtt-media/photos/400px/HEADSHOT_R_SANCHI_Candela.png,WTT Official,F,2026-05-13T11:40:44.940574+00:00
1854,Anita PETKOVA,Bulgaria,856,2008-12-24,,N/A,42.857142857142854,https://wttwebcmsprod.blob.core.windows.net/websitefiles/images/general/men_default_left.png,WTT Official,F,2026-05-13T11:40:46.749464+00:00
1855,Kathe DE MEYER,Belgium,857,2009-10-04,,N/A,50.0,https://wttwebcmsprod.blob.core.windows.net/websitefiles/images/general/men_default_left.png,WTT Official,F,2026-05-13T11:40:48.562647+00:00
1856,Adela BRHELOVA,Czechia,858,2013-11-01,,N/A,77.35849056603773,https://wttwebcmsprod.blob.core.windows.net/websitefiles/images/general/men_default_left.png,WTT Official,F,2026-05-13T11:40:50.365970+00:00
1857,Lou-Anne BOCQUET,France,859,2010-07-17,,N/A,47.82608695652174,https://wttsimfiles.blob.core.windows.net/wtt-media/photos/400px/209038_Headshot_R_Lou-Anne BOCQUET.png,WTT Official,F,2026-05-13T11:40:52.182506+00:00
1858,Maja HANSEN,Denmark,860,2007-04-13,,N/A,,https://wttwebcmsprod.blob.core.windows.net/websitefiles/images/general/men_default_left.png,WTT Official,F,2026-05-13T11:40:53.991706+00:00
1859,Ayoko Fanida AMAH,Togo,861,2004-09-16,,N/A,,https://wttwebcmsprod.blob.core.windows.net/websitefiles/images/general/men_default_left.png,WTT Official,F,2026-05-13T11:40:55.832363+00:00
1860,Stecy AMADJI,Benin,862,2005-05-21,,N/A,16.666666666666668,https://wttwebcmsprod.blob.core.windows.net/websitefiles/images/general/men_default_left.png,WTT Official,F,2026-05-13T11:40:57.639427+00:00
1861,Ludivine MAURER,Switzerland,863,2002-06-27,,Right Hand / Shakehand,0.0,https://wttwebcmsprod.blob.core.windows.net/websitefiles/images/general/men_default_left.png,WTT Official,F,2026-05-13T11:40:59.450833+00:00
1862,Lana BENKO,Croatia,864,2010-02-12,,N/A,33.333333333333336,https://wttsimfiles.blob.core.windows.net/wtt-media/photos/400px/145498_Headshot_R_BENKO_Lana.png,WTT Official,F,2026-05-13T11:41:01.260457+00:00
1863,Masa BOSKOVSKI,Serbia,865,2008-03-27,,N/A,50.0,https://wttwebcmsprod.blob.core.windows.net/websitefiles/images/general/men_default_left.png,WTT Official,F,2026-05-13T11:41:03.061537+00:00
1864,Yudi JIN,USA,866,2010-10-15,,N/A,,https://wttwebcmsprod.blob.core.windows.net/websitefiles/images/general/men_default_left.png,WTT Official,F,2026-05-13T11:41:04.869951+00:00
1866,Danelys CRUZ ROSARIO,Puerto Rico,868,2008-06-18,,N/A,33.333333333333336,https://wttwebcmsprod.blob.core.windows.net/websitefiles/images/general/men_default_left.png,WTT Official,F,2026-05-13T11:41:08.450762+00:00
1838,Elee ABASSI,Tunisia,840,2011-05-01,,N/A,25.0,https://wttwebcmsprod.blob.core.windows.net/websitefiles/images/general/men_default_left.png,WTT Official,F,2026-05-13T11:40:17.589348+00:00
1839,Hadjer TAHMI,Algeria,841,2003-04-13,,Right Hand / Shakehand,,https://wttwebcmsprod.blob.core.windows.net/websitefiles/images/general/men_default_left.png,WTT Official,F,2026-05-13T11:40:19.347724+00:00
1840,Valentina GARRO VALVERDE,Costa Rica,842,2010-08-22,,N/A,,https://wttwebcmsprod.blob.core.windows.net/websitefiles/images/general/men_default_left.png,WTT Official,F,2026-05-13T11:40:21.111390+00:00
1841,Maria ARAYA,Costa Rica,843,2008-09-22,,N/A,50.0,https://wttwebcmsprod.blob.core.windows.net/websitefiles/images/general/men_default_left.png,WTT Official,F,2026-05-13T11:40:22.900178+00:00
1865,Sara HABAROVA,Slovak Republic,867,2008-10-27,,N/A,28.571428571428573,https://wttwebcmsprod.blob.core.windows.net/websitefiles/images/general/men_default_left.png,WTT Official,F,2026-05-13T11:41:06.672765+00:00
1867,Ioanna GERASIMATOU,Greece,869,2001-04-12,,Right Hand / Shakehand,28.571428571428573,https://wttwebcmsprod.blob.core.windows.net/websitefiles/images/general/men_default_left.png,WTT Official,F,2026-05-13T11:41:10.238964+00:00
1869,Alma MARCIAL,Argentina,871,2006-12-20,,N/A,0.0,https://wttwebcmsprod.blob.core.windows.net/websitefiles/images/general/men_default_left.png,WTT Official,F,2026-05-13T11:41:13.795421+00:00
1871,Mariona MUNNE,Spain,873,2006-04-23,,N/A,,https://wttwebcmsprod.blob.core.windows.net/websitefiles/images/general/men_default_left.png,WTT Official,F,2026-05-13T11:41:17.366126+00:00
1873,LEE Yeseo,Korea Republic,875,2014-05-10,,N/A,53.84615384615385,https://wttsimfiles.blob.core.windows.net/wtt-media/photos/400px/204130_Headshot_R_LEE_Yeseo.png,WTT Official,F,2026-05-13T11:41:20.942600+00:00
1875,Susana COSTA,Portugal,877,2008-02-18,,N/A,,https://wttwebcmsprod.blob.core.windows.net/websitefiles/images/general/men_default_left.png,WTT Official,F,2026-05-13T11:41:24.505624+00:00
1877,Shega HASHANI,Kosovo,879,2005-10-15,,N/A,,https://wttwebcmsprod.blob.core.windows.net/websitefiles/images/general/men_default_left.png,WTT Official,F,2026-05-13T11:41:28.082643+00:00
1879,Alma MEHMETI,Kosovo,881,2002-08-28,,N/A,,https://wttwebcmsprod.blob.core.windows.net/websitefiles/images/general/men_default_left.png,WTT Official,F,2026-05-13T11:41:31.695571+00:00
1881,Wiranchana SREECHAK,Thailand,883,2007-12-16,,N/A,,https://wttwebcmsprod.blob.core.windows.net/websitefiles/images/general/men_default_left.png,WTT Official,F,2026-05-13T11:41:35.257616+00:00
1883,Abigail MENEZES,Brazil,885,2008-11-05,,N/A,,https://wttwebcmsprod.blob.core.windows.net/websitefiles/images/general/men_default_left.png,WTT Official,F,2026-05-13T11:41:38.823603+00:00
1885,Mariana RUIZ SALAZAR,Colombia,887,2007-05-25,,N/A,,https://wttwebcmsprod.blob.core.windows.net/websitefiles/images/general/men_default_left.png,WTT Official,F,2026-05-13T11:41:42.419417+00:00
1887,Amina ILIMBETOVA,AIN,889,2011-03-14,,N/A,75.0,https://wttwebcmsprod.blob.core.windows.net/websitefiles/images/general/men_default_left.png,WTT Official,F,2026-05-13T11:41:46.016246+00:00
1889,Jolie DAYOUB,Syria,891,2009-01-10,,N/A,,https://wttwebcmsprod.blob.core.windows.net/websitefiles/images/general/men_default_left.png,WTT Official,F,2026-05-13T11:41:49.596035+00:00
1891,Laurynne CABARDO,Sweden,893,2010-06-05,,N/A,12.5,https://wttsimfiles.blob.core.windows.net/wtt-media/photos/400px/201096_Headshot_R_CABARDO Laurynne.png,WTT Official,F,2026-05-13T11:41:53.175642+00:00
541,LEE Daeun,Korea Republic,239,2002-12-30,,Right Hand / Shakehand,66.66666666666667,https://wttsimfiles.blob.core.windows.net/wtt-media/photos/400px/132702_HEADSHOT_R_LEE_Daeun.png,WTT Official,F,2026-05-13T20:42:22.225198+00:00
1058,Jindrich MORAVEK,Czechia,85,2007-03-05,,Right Hand / Shakehand,62.5,https://wttwebcmsprod.blob.core.windows.net/websitefiles/images/general/men_default_left.png,WTT Official,F,2026-05-13T21:14:02.449805+00:00
1868,KIM Haneul,Korea Republic,870,2008-06-02,,N/A,,https://wttwebcmsprod.blob.core.windows.net/websitefiles/images/general/men_default_left.png,WTT Official,F,2026-05-13T11:41:12.011834+00:00
1870,Lorena GITELMAN,Argentina,872,2009-03-11,,N/A,42.857142857142854,https://wttwebcmsprod.blob.core.windows.net/websitefiles/images/general/men_default_left.png,WTT Official,F,2026-05-13T11:41:15.574064+00:00
1872,Aleksandra JERSOVA,Latvia,874,2007-07-14,,N/A,50.0,https://wttwebcmsprod.blob.core.windows.net/websitefiles/images/general/men_default_left.png,WTT Official,F,2026-05-13T11:41:19.141228+00:00
1874,Angelina BEBAWY,Sweden,876,2010-02-20,,N/A,,https://wttsimfiles.blob.core.windows.net/wtt-media/photos/400px/201470_Headshot_R_BEBAWY_Angelina.png,WTT Official,F,2026-05-13T11:41:22.717469+00:00
1876,Lene OSMANI,Kosovo,878,2006-04-10,,N/A,,https://wttwebcmsprod.blob.core.windows.net/websitefiles/images/general/men_default_left.png,WTT Official,F,2026-05-13T11:41:26.286719+00:00
1878,Leoresa IMERI,Kosovo,880,2004-03-25,,N/A,,https://wttwebcmsprod.blob.core.windows.net/websitefiles/images/general/men_default_left.png,WTT Official,F,2026-05-13T11:41:29.896511+00:00
1880,Khemisarar DERUJIJAROEN,Thailand,882,2008-04-10,,N/A,,https://wttwebcmsprod.blob.core.windows.net/websitefiles/images/general/men_default_left.png,WTT Official,F,2026-05-13T11:41:33.465004+00:00
1882,Ana SANLLEHI,Peru,884,2009-09-23,,N/A,,https://wttwebcmsprod.blob.core.windows.net/websitefiles/images/general/men_default_left.png,WTT Official,F,2026-05-13T11:41:37.031046+00:00
1884,Iarina PRECUP,Romania,886,2009-07-18,,N/A,63.63636363636363,https://wttwebcmsprod.blob.core.windows.net/websitefiles/images/general/men_default_left.png,WTT Official,F,2026-05-13T11:41:40.617732+00:00
1886,Varvara TOLMACHEVA,AIN,888,2011-07-11,,N/A,62.5,https://wttwebcmsprod.blob.core.windows.net/websitefiles/images/general/men_default_left.png,WTT Official,F,2026-05-13T11:41:44.219776+00:00
1888,KUM Kangeun,Korea Republic,890,2009-01-23,,N/A,,https://wttsimfiles.blob.core.windows.net/wtt-media/photos/400px/205274_HEADSHOT_R_KUM_Kangeun.png,WTT Official,F,2026-05-13T11:41:47.789236+00:00
1890,Demi Yu Ting CAI,Canada,892,2007-08-11,,N/A,,https://wttwebcmsprod.blob.core.windows.net/websitefiles/images/general/men_default_left.png,WTT Official,F,2026-05-13T11:41:51.379877+00:00
1892,Kashvi KALRA,India,894,2008-10-19,,N/A,,https://wttwebcmsprod.blob.core.windows.net/websitefiles/images/general/men_default_left.png,WTT Official,F,2026-05-13T11:41:55.013055+00:00
1893,Rawi MILINTASUT,Thailand,895,2007-09-27,,N/A,,https://wttwebcmsprod.blob.core.windows.net/websitefiles/images/general/men_default_left.png,WTT Official,F,2026-05-13T11:41:56.865307+00:00
1895,Aanya GUPTA,India,897,2008-08-25,,N/A,,https://wttwebcmsprod.blob.core.windows.net/websitefiles/images/general/men_default_left.png,WTT Official,F,2026-05-13T11:42:00.777917+00:00
1896,Nesmah HAMEED,Iraq,898,2008-08-07,,N/A,,https://wttwebcmsprod.blob.core.windows.net/websitefiles/images/general/men_default_left.png,WTT Official,F,2026-05-13T11:42:02.741533+00:00
1897,Yehudit BRUNSHTEIN,Israel,899,2008-01-11,,N/A,,https://wttwebcmsprod.blob.core.windows.net/websitefiles/images/general/men_default_left.png,WTT Official,F,2026-05-13T11:42:04.528587+00:00
1898,Iryna MIADZVETSKAYA,AIN,900,2007-09-12,,N/A,,https://wttwebcmsprod.blob.core.windows.net/websitefiles/images/general/men_default_left.png,WTT Official,F,2026-05-13T11:42:06.305454+00:00
1899,Qinle XIA,Australia,901,2012-06-15,,N/A,70.83333333333333,https://wttsimfiles.blob.core.windows.net/wtt-media/photos/400px/203030_Headshot_R_Qinle XIA.png,WTT Official,F,2026-05-13T11:42:19.800055+00:00
1900,Nabila FIKRIYAH,Indonesia,902,2009-07-16,,N/A,,https://wttwebcmsprod.blob.core.windows.net/websitefiles/images/general/men_default_left.png,WTT Official,F,2026-05-13T11:42:21.578736+00:00
1901,LAM Tiffany,Australia,903,2008-09-08,,N/A,,https://wttwebcmsprod.blob.core.windows.net/websitefiles/images/general/men_default_left.png,WTT Official,F,2026-05-13T11:42:23.369188+00:00
1902,LI Xiang,Australia,904,2007-04-11,,N/A,,https://wttwebcmsprod.blob.core.windows.net/websitefiles/images/general/men_default_left.png,WTT Official,F,2026-05-13T11:42:25.253709+00:00
1903,Laman ABDULHAMIDOVA,Azerbaijan,905,2004-11-10,,N/A,,https://wttwebcmsprod.blob.core.windows.net/websitefiles/images/general/men_default_left.png,WTT Official,F,2026-05-13T11:42:27.091695+00:00
1904,Sophia PICHLER,Austria,906,2011-02-23,,N/A,38.23529411764706,https://wttwebcmsprod.blob.core.windows.net/websitefiles/images/general/men_default_left.png,WTT Official,F,2026-05-13T11:42:29.293507+00:00
1905,Polina TERNOVYKH,Israel,907,2010-08-10,,N/A,40.0,https://wttwebcmsprod.blob.core.windows.net/websitefiles/images/general/men_default_left.png,WTT Official,F,2026-05-13T11:42:31.467220+00:00
1906,Irina SILVA,Portugal,908,2011-01-20,,N/A,44.44444444444444,https://wttwebcmsprod.blob.core.windows.net/websitefiles/images/general/men_default_left.png,WTT Official,F,2026-05-13T11:42:33.268352+00:00
1907,Diana KOLIENNIKOVA,Ukraine,909,2010-02-28,,N/A,,https://wttwebcmsprod.blob.core.windows.net/websitefiles/images/general/men_default_left.png,WTT Official,F,2026-05-13T11:42:35.058365+00:00
1908,Vivien TAMAS,Romania,910,2008-06-21,,N/A,50.0,https://wttwebcmsprod.blob.core.windows.net/websitefiles/images/general/men_default_left.png,WTT Official,F,2026-05-13T11:42:36.835474+00:00
1909,Taimmaa ABO-YAMAN,Jordan,911,1997-06-23,,Right Hand / Shakehand,,https://wttwebcmsprod.blob.core.windows.net/websitefiles/images/general/men_default_left.png,WTT Official,F,2026-05-13T11:42:38.641721+00:00
1910,Nada ELBADAWY,Egypt,912,2011-06-17,,N/A,,https://wttwebcmsprod.blob.core.windows.net/websitefiles/images/general/men_default_left.png,WTT Official,F,2026-05-13T11:42:40.432134+00:00
1911,Tekla LIPARTELIANI,Georgia,913,2009-04-03,,N/A,20.0,https://wttwebcmsprod.blob.core.windows.net/websitefiles/images/general/men_default_left.png,WTT Official,F,2026-05-13T11:42:42.225904+00:00
1912,Archismita MAHATO,India,914,2009-09-14,,N/A,62.5,https://wttwebcmsprod.blob.core.windows.net/websitefiles/images/general/men_default_left.png,WTT Official,F,2026-05-13T11:42:44.024886+00:00
1913,Prachi GHOSH,India,915,2009-06-04,,N/A,42.857142857142854,https://wttwebcmsprod.blob.core.windows.net/websitefiles/images/general/men_default_left.png,WTT Official,F,2026-05-13T11:42:45.830408+00:00
1914,Sukrati SHARMA,India,916,2009-02-25,,N/A,50.0,https://wttwebcmsprod.blob.core.windows.net/websitefiles/images/general/men_default_left.png,WTT Official,F,2026-05-13T11:42:47.605764+00:00
1915,Marion AUBERT,France,917,2008-12-10,,N/A,37.5,https://wttwebcmsprod.blob.core.windows.net/websitefiles/images/general/men_default_left.png,WTT Official,F,2026-05-13T11:42:49.403763+00:00
1916,Ditsa ROY,India,918,2008-12-07,,N/A,75.0,https://wttwebcmsprod.blob.core.windows.net/websitefiles/images/general/men_default_left.png,WTT Official,F,2026-05-13T11:42:51.171186+00:00
1917,Nayonika CHATTERJEE,India,919,2006-05-13,,N/A,0.0,https://wttwebcmsprod.blob.core.windows.net/websitefiles/images/general/men_default_left.png,WTT Official,F,2026-05-13T11:42:54.241161+00:00
1918,Manisha SEAL,India,920,1997-05-31,,N/A,0.0,https://wttwebcmsprod.blob.core.windows.net/websitefiles/images/general/men_default_left.png,WTT Official,F,2026-05-13T11:42:56.057085+00:00
1919,Ann-Christine CHRISTENSEN,Denmark,921,2004-02-09,,N/A,0.0,https://wttwebcmsprod.blob.core.windows.net/websitefiles/images/general/men_default_left.png,WTT Official,F,2026-05-13T11:42:57.851132+00:00
1920,Ghazaleh MOLATALAB,Iran,922,1998-02-03,,N/A,0.0,https://wttwebcmsprod.blob.core.windows.net/websitefiles/images/general/men_default_left.png,WTT Official,F,2026-05-13T11:42:59.647477+00:00
1922,Margaux ROUET,France,924,2009-04-12,,N/A,46.666666666666664,https://wttwebcmsprod.blob.core.windows.net/websitefiles/images/general/men_default_left.png,WTT Official,F,2026-05-13T11:43:03.254500+00:00
1924,Paloma RIVAROLA,Paraguay,926,2009-06-13,,N/A,20.0,https://wttwebcmsprod.blob.core.windows.net/websitefiles/images/general/men_default_left.png,WTT Official,F,2026-05-13T11:43:06.843664+00:00
1926,Matylda HADRYS,Poland,928,2008-09-14,,N/A,42.857142857142854,https://wttwebcmsprod.blob.core.windows.net/websitefiles/images/general/men_default_left.png,WTT Official,F,2026-05-13T11:43:10.459424+00:00
1928,Wanessa KULCZYCKA,Poland,930,2010-06-16,,N/A,46.15384615384615,https://wttwebcmsprod.blob.core.windows.net/websitefiles/images/general/men_default_left.png,WTT Official,F,2026-05-13T11:43:14.042500+00:00
1930,Leilanisbet VEGA,Puerto Rico,932,2009-10-13,,N/A,33.333333333333336,https://wttwebcmsprod.blob.core.windows.net/websitefiles/images/general/men_default_left.png,WTT Official,F,2026-05-13T11:43:17.648577+00:00
1921,Mariia MAKSIMOVA,AIN,923,2010-01-14,,N/A,36.36363636363637,https://wttwebcmsprod.blob.core.windows.net/websitefiles/images/general/men_default_left.png,WTT Official,F,2026-05-13T11:43:01.464143+00:00
1923,Sofia COUCE,Spain,925,2007-06-04,,N/A,33.333333333333336,https://wttwebcmsprod.blob.core.windows.net/websitefiles/images/general/men_default_left.png,WTT Official,F,2026-05-13T11:43:05.055821+00:00
1925,Maja LECH,Poland,927,2009-05-30,,N/A,50.0,https://wttwebcmsprod.blob.core.windows.net/websitefiles/images/general/men_default_left.png,WTT Official,F,2026-05-13T11:43:08.658357+00:00
1927,Wendy LIU,Canada,929,2010-07-16,,N/A,33.333333333333336,https://wttwebcmsprod.blob.core.windows.net/websitefiles/images/general/men_default_left.png,WTT Official,F,2026-05-13T11:43:12.255760+00:00
1929,Zarahys RIVADENEIRA,Ecuador,931,2010-05-17,,N/A,33.333333333333336,https://wttwebcmsprod.blob.core.windows.net/websitefiles/images/general/men_default_left.png,WTT Official,F,2026-05-13T11:43:15.841948+00:00
1931,Oceanis GONZALEZ,Puerto Rico,933,2009-03-20,,N/A,33.333333333333336,https://wttwebcmsprod.blob.core.windows.net/websitefiles/images/general/men_default_left.png,WTT Official,F,2026-05-13T11:43:19.456116+00:00
1932,Yuliia PELYKH,Ukraine,934,2009-06-20,,N/A,7.6923076923076925,https://wttwebcmsprod.blob.core.windows.net/websitefiles/images/general/men_default_left.png,WTT Official,F,2026-05-13T11:43:22.477616+00:00
1933,Jitte DE KLERK,Netherlands,935,2008-06-26,,N/A,33.333333333333336,https://wttwebcmsprod.blob.core.windows.net/websitefiles/images/general/men_default_left.png,WTT Official,F,2026-05-13T11:43:24.253117+00:00
1934,Mariia LYTVYN,Austria,936,2010-07-29,,N/A,50.0,https://wttsimfiles.blob.core.windows.net/wtt-media/photos/400px/200270_HEADSHOT_R_Mariia LYTVYN.png,WTT Official,F,2026-05-13T11:43:26.034548+00:00
1935,Silvia COLL,Spain,937,2006-03-25,,Right Hand / Shakehand,0.0,https://wttwebcmsprod.blob.core.windows.net/websitefiles/images/general/men_default_left.png,WTT Official,F,2026-05-13T11:43:27.835282+00:00
1936,Bianka DIKOVA,Slovak Republic,938,2008-01-09,,N/A,0.0,https://wttwebcmsprod.blob.core.windows.net/websitefiles/images/general/men_default_left.png,WTT Official,F,2026-05-13T11:43:29.616683+00:00
1937,Monika URIKOVA,Slovak Republic,939,1999-10-20,,Right Hand / Shakehand,0.0,https://wttwebcmsprod.blob.core.windows.net/websitefiles/images/general/men_default_left.png,WTT Official,F,2026-05-13T11:43:31.427049+00:00
1938,Simona JASS,Slovak Republic,940,1998-08-10,,Right Hand / Shakehand,0.0,https://wttwebcmsprod.blob.core.windows.net/websitefiles/images/general/men_default_left.png,WTT Official,F,2026-05-13T11:43:33.213068+00:00
1939,Ana SLADOJE,Bosnia-Herzegovina,941,2009-09-01,,N/A,42.857142857142854,https://wttwebcmsprod.blob.core.windows.net/websitefiles/images/general/men_default_left.png,WTT Official,F,2026-05-13T11:43:34.991741+00:00
1940,Lotte NUYTTENS,Belgium,942,2009-08-18,,N/A,66.66666666666667,https://wttwebcmsprod.blob.core.windows.net/websitefiles/images/general/men_default_left.png,WTT Official,F,2026-05-13T11:43:36.766762+00:00
1941,Emina CERIC,Bosnia-Herzegovina,943,2008-07-02,,N/A,50.0,https://wttwebcmsprod.blob.core.windows.net/websitefiles/images/general/men_default_left.png,WTT Official,F,2026-05-13T11:43:38.552540+00:00
1942,Aylin ASGAROVA,Azerbaijan,944,2008-08-22,,N/A,,https://wttwebcmsprod.blob.core.windows.net/websitefiles/images/general/men_default_left.png,WTT Official,F,2026-05-13T11:43:40.362660+00:00
1943,Emma VENDELBO,Denmark,945,2006-05-24,,N/A,0.0,https://wttwebcmsprod.blob.core.windows.net/websitefiles/images/general/men_default_left.png,WTT Official,F,2026-05-13T11:43:42.169578+00:00
1944,Lena PUZIO,Poland,946,2011-11-27,,N/A,52.38095238095238,https://wttwebcmsprod.blob.core.windows.net/websitefiles/images/general/men_default_left.png,WTT Official,F,2026-05-13T11:43:43.953420+00:00
1945,Akhyata PATRA,Switzerland,947,2010-12-25,,N/A,50.0,https://wttwebcmsprod.blob.core.windows.net/websitefiles/images/general/men_default_left.png,WTT Official,F,2026-05-13T11:43:45.765109+00:00
1946,Julia MARTIN,Spain,948,2008-04-03,,N/A,42.857142857142854,https://wttwebcmsprod.blob.core.windows.net/websitefiles/images/general/men_default_left.png,WTT Official,F,2026-05-13T11:43:47.546599+00:00
1947,Camelia MERENCO,Moldova,949,2006-01-03,,N/A,,https://wttwebcmsprod.blob.core.windows.net/websitefiles/images/general/men_default_left.png,WTT Official,F,2026-05-13T11:43:49.329306+00:00
1948,Patricia SANTOS,Portugal,950,2004-09-03,,Right Hand / Shakehand,,https://wttwebcmsprod.blob.core.windows.net/websitefiles/images/general/men_default_left.png,WTT Official,F,2026-05-13T11:43:51.103604+00:00
1949,Mariam EL HABECH,Lebanon,951,2004-06-17,,Right Hand / Shakehand,,https://wttwebcmsprod.blob.core.windows.net/websitefiles/images/general/men_default_left.png,WTT Official,F,2026-05-13T11:43:52.879579+00:00
1950,Emine ERNST,Netherlands,952,2003-08-20,,Right Hand / Shakehand,0.0,https://wttwebcmsprod.blob.core.windows.net/websitefiles/images/general/men_default_left.png,WTT Official,F,2026-05-13T11:43:54.662453+00:00
1951,Dobrila JORGUSESKA,Netherlands,953,2002-07-22,,Right Hand / Shakehand,0.0,https://wttwebcmsprod.blob.core.windows.net/websitefiles/images/general/men_default_left.png,WTT Official,F,2026-05-13T11:43:56.439994+00:00
1952,Maya ROJAS,Uruguay,954,2010-02-12,,N/A,20.0,https://wttwebcmsprod.blob.core.windows.net/websitefiles/images/general/men_default_left.png,WTT Official,F,2026-05-13T11:43:58.245920+00:00
1953,Zemfira MIKAYILOVA,Azerbaijan,955,2004-11-11,,N/A,,https://wttwebcmsprod.blob.core.windows.net/websitefiles/images/general/men_default_left.png,WTT Official,F,2026-05-13T11:44:00.043986+00:00
8,Sora MATSUSHIMA,Japan,1,2007-04-29,,Left Hand / Shakehand,70.58823529411765,https://wttsimfiles.blob.core.windows.net/wtt-media/photos/400px/135996_Headshot_R_Sora MATSUSHIMA.png,WTT Official,F,2026-05-13T21:12:54.904911+00:00
120,Ryuusei KAWAKAMI,Japan,3,2009-10-05,,N/A,33.333333333333336,https://wttsimfiles.blob.core.windows.net/wtt-media/photos/400px/145264_Headshot_R_KAWAKAMI_Ryuusei.png,WTT Official,F,2026-05-13T21:12:56.525605+00:00
49,KUO Guan-Hong,Chinese Taipei,5,2008-10-24,,N/A,68.75,https://wttsimfiles.blob.core.windows.net/wtt-media/photos/400px/200044_Headshot_R_KUO Guan-Hong.png,WTT Official,F,2026-05-13T21:12:58.136719+00:00
176,LI Hechen,China,6,2009-03-14,,N/A,66.66666666666667,https://wttsimfiles.blob.core.windows.net/wtt-media/photos/400px/203472_Headshot_R_LI_Hechen.png,WTT Official,F,2026-05-13T21:12:58.958504+00:00
242,LEE Seungsoo,Korea Republic,8,2011-08-14,,N/A,81.35593220338983,https://wttsimfiles.blob.core.windows.net/wtt-media/photos/400px/201164_HEADSHOT_R_LEE Seungsoo.png,WTT Official,F,2026-05-13T21:13:00.551523+00:00
159,Benyamin FARAJI,Iran,9,2009-12-21,,N/A,86.95652173913044,https://wttsimfiles.blob.core.windows.net/wtt-media/photos/400px/201238_Headshot_R_Benyamin FARAJI.png,WTT Official,F,2026-05-13T21:13:01.346743+00:00
278,HSU Hsien-Chia,Chinese Taipei,11,2008-06-28,,N/A,71.42857142857143,https://wttsimfiles.blob.core.windows.net/wtt-media/photos/400px/145043_Headshot_R_HSU_Hsien-Chia.png,WTT Official,F,2026-05-13T21:13:02.940526+00:00
462,Tamito WATANABE,Japan,16,2008-05-01,,N/A,82.3529411764706,https://wttsimfiles.blob.core.windows.net/wtt-media/photos/400px/143604_Headshot_R_Tamito WATANABE.png,WTT Official,F,2026-05-13T21:13:06.942791+00:00
390,Robert ISTRATE,Romania,18,2009-07-29,,N/A,78.57142857142857,https://wttsimfiles.blob.core.windows.net/wtt-media/photos/400px/144241_Headshot_R_ISTRATE_Robert.png,WTT Official,F,2026-05-13T21:13:08.588089+00:00
329,Steven MORENO,Puerto Rico,21,2009-12-29,,N/A,83.33333333333333,https://wttsimfiles.blob.core.windows.net/wtt-media/photos/400px/146306_Headshot_R_MORENO Steven.png,WTT Official,F,2026-05-13T21:13:10.973645+00:00
202,Kazuki YOSHIYAMA,Japan,19,2007-07-04,,Left Hand / Shakehand,50.0,https://wttsimfiles.blob.core.windows.net/wtt-media/photos/400px/135981_Headshot_R_YOSHIYAMA_Kazuki.png,WTT Official,F,2026-05-13T21:13:09.384434+00:00
542,LIN Chin-Ting,Chinese Taipei,20,2009-09-06,,Right Hand / Shakehand,79.3103448275862,https://wttsimfiles.blob.core.windows.net/wtt-media/photos/400px/137666_Headshot_R_LIN Chin-Ting.png,WTT Official,F,2026-05-13T21:13:10.180035+00:00
286,HUNG Che-Yen,Chinese Taipei,22,2009-08-06,,N/A,75.0,https://wttsimfiles.blob.core.windows.net/wtt-media/photos/400px/205967_Headshot_R_HUNG_Che-Yen.png,WTT Official,F,2026-05-13T21:13:11.757623+00:00
456,Aleksei SAMOKHIN,AIN,27,2007-09-04,,Left Hand / Shakehand,85.71428571428571,https://wttwebcmsprod.blob.core.windows.net/websitefiles/images/general/men_default_left.png,WTT Official,F,2026-05-13T21:13:15.826978+00:00
367,Carlos RIOS,Venezuela,30,2007-04-04,,N/A,83.33333333333333,https://wttwebcmsprod.blob.core.windows.net/websitefiles/images/general/men_default_left.png,WTT Official,F,2026-05-13T21:13:18.244559+00:00
707,TANG Yiren,China,31,2009-08-24,,N/A,86.48648648648648,https://wttsimfiles.blob.core.windows.net/wtt-media/photos/400px/206221_HEADSHOT_R_TANG_Yiren.png,WTT Official,F,2026-05-13T21:13:19.066792+00:00
606,ZHOU Guanhong,China,32,2010-02-21,,N/A,66.66666666666667,https://wttsimfiles.blob.core.windows.net/wtt-media/photos/400px/209003_Headshot_R_ZHOU Guanhong.png,WTT Official,F,2026-05-13T21:13:19.859740+00:00
814,Sudhanshu MAINI,India,51,2008-02-01,,N/A,69.23076923076923,https://wttwebcmsprod.blob.core.windows.net/websitefiles/images/general/men_default_left.png,WTT Official,F,2026-05-13T21:13:35.086932+00:00
874,LIU Zihang,China,52,2011-01-13,,N/A,74.19354838709677,https://wttsimfiles.blob.core.windows.net/wtt-media/photos/400px/212894_Headshot_R_LIU Zihang.png,WTT Official,F,2026-05-13T21:13:35.879453+00:00
1029,Dario SALCEDO,Spain,54,2009-07-05,,N/A,74.50980392156863,https://wttwebcmsprod.blob.core.windows.net/websitefiles/images/general/men_default_left.png,WTT Official,F,2026-05-13T21:13:37.467923+00:00
860,Robert PODAR,Romania,63,2008-01-28,,Right Hand / Shakehand,66.66666666666667,https://wttsimfiles.blob.core.windows.net/wtt-media/photos/400px/136171_HEADSHOT_R_Robert PODAR.png,WTT Official,F,2026-05-13T21:13:44.661340+00:00
1341,Sandro CAVAILLE,France,71,2009-01-19,,N/A,74.0,https://wttsimfiles.blob.core.windows.net/wtt-media/photos/400px/201073_Headshot_R_CAVAILLE_Sandro.png,WTT Official,F,2026-05-13T21:13:51.296605+00:00
665,Marcel BLASZCZYK,Poland,75,2007-02-05,,N/A,62.5,https://wttsimfiles.blob.core.windows.net/wtt-media/photos/400px/200667_HEADSHOT_R_BLASZCZYK_Marcel.png,WTT Official,F,2026-05-13T21:13:54.477921+00:00
663,Tiago ABIODUN,Portugal,77,2008-02-16,,Left Hand / Shakehand,80.0,https://wttsimfiles.blob.core.windows.net/wtt-media/photos/400px/137630_Headshot_R_Tiago ABIODUN.png,WTT Official,F,2026-05-13T21:13:56.067825+00:00
1060,Arthur DUBOIS,France,81,2008-08-26,,N/A,40.0,https://wttwebcmsprod.blob.core.windows.net/websitefiles/images/general/men_default_left.png,WTT Official,F,2026-05-13T21:13:59.249831+00:00
1954,CHEN Yizhou,China,86,2012-08-16,,N/A,90.9090909090909,https://wttsimfiles.blob.core.windows.net/wtt-media/photos/400px/212885_Headshot_R_CHEN Yizhou.png,WTT Official,F,2026-05-13T21:14:03.244633+00:00
1172,Nazarii SOLODKYI,Ukraine,88,2008-07-17,,Right Hand / Shakehand,52.94117647058823,https://wttwebcmsprod.blob.core.windows.net/websitefiles/images/general/men_default_left.png,WTT Official,F,2026-05-13T21:14:04.848840+00:00
681,ZHAI Jiale,China,89,2008-10-24,,N/A,88.88888888888889,https://wttsimfiles.blob.core.windows.net/wtt-media/photos/400px/206222_HEADSHOT_R_ZHAI_Jiale.png,WTT Official,F,2026-05-13T21:14:05.644656+00:00
1440,Nikkhil MANNATH,India,91,2009-06-04,,N/A,72.34042553191489,https://wttwebcmsprod.blob.core.windows.net/websitefiles/images/general/men_default_left.png,WTT Official,F,2026-05-13T21:14:07.224336+00:00
1564,Jan SKALDA,Czechia,96,2009-01-17,,N/A,73.91304347826087,https://wttsimfiles.blob.core.windows.net/wtt-media/photos/400px/HEADSHOT_R_SKALDA_Jan.png,WTT Official,F,2026-05-13T21:14:11.360920+00:00
1955,Ladimir MAYOROV,Spain,100,2013-07-20,,N/A,76.27118644067797,https://wttwebcmsprod.blob.core.windows.net/websitefiles/images/general/men_default_left.png,WTT Official,F,2026-05-13T21:14:14.568091+00:00
1006,Amrutha PUSHPAK,India,374,1996-03-13,,Right Hand / Shakehand,66.66666666666667,https://wttsimfiles.blob.core.windows.net/wtt-media/photos/400px/117367_HEADSHOT_R_PUSHPAK_Amrutha.png,WTT Official,F,2026-05-13T11:47:15.011572+00:00
1501,Thomas LAROCHE,France,109,2007-01-15,,N/A,61.53846153846154,https://wttwebcmsprod.blob.core.windows.net/websitefiles/images/general/men_default_left.png,WTT Official,F,2026-05-13T21:14:34.898069+00:00
1959,Kacper PERKOWSKI,Poland,136,2009-04-03,,N/A,75.0,https://wttsimfiles.blob.core.windows.net/wtt-media/photos/400px/HEADSHOT_R_PERKOWSKI_Kacper.png,WTT Official,F,2026-05-13T21:14:56.959188+00:00
1960,Patrick SKERBINZ,Austria,137,2008-05-29,,N/A,36.8421052631579,https://wttwebcmsprod.blob.core.windows.net/websitefiles/images/general/men_default_left.png,WTT Official,F,2026-05-13T21:14:57.775952+00:00
1961,Feliks GULAN,Poland,138,2009-04-21,,N/A,74.07407407407408,https://wttwebcmsprod.blob.core.windows.net/websitefiles/images/general/men_default_left.png,WTT Official,F,2026-05-13T21:14:58.593906+00:00
1963,Alexander MALOV,Spain,141,2012-05-23,,N/A,80.0,https://wttwebcmsprod.blob.core.windows.net/websitefiles/images/general/men_default_left.png,WTT Official,F,2026-05-13T21:15:01.051760+00:00
1964,Titouan MOREL-GONZALES,France,142,2010-04-05,,N/A,63.63636363636363,https://wttwebcmsprod.blob.core.windows.net/websitefiles/images/general/men_default_left.png,WTT Official,F,2026-05-13T21:15:01.872455+00:00
1965,Aaron SAHR,Luxembourg,145,2009-12-13,,N/A,50.0,https://wttwebcmsprod.blob.core.windows.net/websitefiles/images/general/men_default_left.png,WTT Official,F,2026-05-13T21:15:04.321625+00:00
1966,Davide SIMON,Italy,146,2008-07-16,,N/A,54.54545454545455,https://wttwebcmsprod.blob.core.windows.net/websitefiles/images/general/men_default_left.png,WTT Official,F,2026-05-13T21:15:05.151780+00:00
1967,Alvaro GIMENO,Spain,147,2009-10-14,,N/A,64.0,https://wttwebcmsprod.blob.core.windows.net/websitefiles/images/general/men_default_left.png,WTT Official,F,2026-05-13T21:15:05.968882+00:00
1968,Erik PAULINA,Italy,148,2009-12-08,,N/A,55.172413793103445,https://wttsimfiles.blob.core.windows.net/wtt-media/photos/400px/146142_Headshot_R_PAULINA_Erik.png,WTT Official,F,2026-05-13T21:15:06.785134+00:00
1969,MIN Ming,China,151,2012-04-04,,N/A,77.77777777777777,https://wttsimfiles.blob.core.windows.net/wtt-media/photos/400px/212889_Headshot_R_MIN Ming.png,WTT Official,F,2026-05-13T21:15:09.253858+00:00
1970,LI Shangjun,China,152,2012-06-26,,N/A,75.0,https://wttsimfiles.blob.core.windows.net/wtt-media/photos/400px/212896_Headshot_R_LI Shangjun.png,WTT Official,F,2026-05-13T21:15:10.071167+00:00
1971,Lior SEREF,Israel,155,2010-06-29,,N/A,50.0,https://wttwebcmsprod.blob.core.windows.net/websitefiles/images/general/men_default_left.png,WTT Official,F,2026-05-13T21:15:12.528280+00:00
1972,ZHOU Kaien,China,156,2012-06-22,,N/A,85.71428571428571,https://wttsimfiles.blob.core.windows.net/wtt-media/photos/400px/212890_Headshot_R_ZHOU_Kaien.png,WTT Official,F,2026-05-13T21:15:13.345638+00:00
1973,Giulio CAMPAGNA,Italy,157,2010-02-15,,N/A,64.0,https://wttsimfiles.blob.core.windows.net/wtt-media/photos/400px/200846_Headshot_R_ CAMPAGNA_Giulio.png,WTT Official,F,2026-05-13T21:15:14.163037+00:00
1621,Ignas SISANOVAS,Lithuania,158,2007-03-29,,N/A,42.10526315789474,https://wttwebcmsprod.blob.core.windows.net/websitefiles/images/general/men_default_left.png,WTT Official,F,2026-05-13T21:15:14.983321+00:00
1976,Volodymyr NEVIZHYN,Ukraine,163,2011-07-05,,N/A,79.36507936507937,https://wttwebcmsprod.blob.core.windows.net/websitefiles/images/general/men_default_left.png,WTT Official,F,2026-05-13T21:15:19.086264+00:00
1977,Evgenii DOSOV,AIN,165,2011-02-08,,N/A,78.26086956521739,https://wttwebcmsprod.blob.core.windows.net/websitefiles/images/general/men_default_left.png,WTT Official,F,2026-05-13T21:15:20.741991+00:00
1978,Filip RACAK,Czechia,166,2010-02-25,,N/A,52.77777777777778,https://wttwebcmsprod.blob.core.windows.net/websitefiles/images/general/men_default_left.png,WTT Official,F,2026-05-13T21:15:21.558743+00:00
1211,Jacopo CIPRIANO,Italy,170,2007-04-17,,Right Hand / Shakehand,56.25,https://wttwebcmsprod.blob.core.windows.net/websitefiles/images/general/men_default_left.png,WTT Official,F,2026-05-13T21:15:24.845518+00:00
1958,Matyas KOLECKAR,Czechia,126,2008-02-06,,N/A,52.38095238095238,https://wttwebcmsprod.blob.core.windows.net/websitefiles/images/general/men_default_left.png,WTT Official,F,2026-05-13T21:14:48.782794+00:00
1981,Lenard SZABO,Hungary,177,2010-08-13,,N/A,70.83333333333333,https://wttsimfiles.blob.core.windows.net/wtt-media/photos/400px/200863_Headshot_R_SZABO_Lenard.png,WTT Official,F,2026-05-13T21:15:30.601165+00:00
1982,Mihai NAGY,Romania,180,2009-11-05,,N/A,64.28571428571429,https://wttwebcmsprod.blob.core.windows.net/websitefiles/images/general/men_default_left.png,WTT Official,F,2026-05-13T21:15:33.060390+00:00
1983,Albin INGESTROM,Sweden,184,2010-01-31,,N/A,66.66666666666667,https://wttsimfiles.blob.core.windows.net/wtt-media/photos/400px/204062_Headshot_R_INGESTROM_Albin.png,WTT Official,F,2026-05-13T21:15:36.342476+00:00
580,LI Ki Ho,"Hong Kong, China",36,2010-12-10,,N/A,77.77777777777777,https://wttsimfiles.blob.core.windows.net/wtt-media/photos/400px/201274_Headshot_R_LI_Ki Ho.png,WTT Official,F,2026-05-13T21:13:23.042756+00:00
1975,Mateusz WISNIEWSKI,Poland,160,2010-08-30,,N/A,70.0,https://wttsimfiles.blob.core.windows.net/wtt-media/photos/400px/203624_Headshot_R_WISNIEWSKI_Mateusz.png,WTT Official,F,2026-05-13T21:15:16.619318+00:00
1980,Benjamin GIRLINGER,Austria,172,2009-03-24,,N/A,41.666666666666664,https://wttsimfiles.blob.core.windows.net/wtt-media/photos/400px/HEADSHOT_R_GIRLINGER_Benjamin.png,WTT Official,F,2026-05-13T21:15:26.480730+00:00
740,MA Yeongmin,Korea Republic,49,2011-04-01,,N/A,68.75,https://wttsimfiles.blob.core.windows.net/wtt-media/photos/400px/202356_Headshot_R_MA Yeongmin.png,WTT Official,F,2026-05-13T21:13:33.461722+00:00
1642,Mark GERGELY,Hungary,102,2010-02-22,,N/A,78.94736842105263,https://wttsimfiles.blob.core.windows.net/wtt-media/photos/400px/200124_Headshot_R_GERGELY_Mark.png,WTT Official,F,2026-05-13T21:14:29.197475+00:00
1956,Pavol KOKAVEC,Slovak Republic,108,2009-12-03,,N/A,68.57142857142857,https://wttwebcmsprod.blob.core.windows.net/websitefiles/images/general/men_default_left.png,WTT Official,F,2026-05-13T21:14:34.061574+00:00
1158,Liudwing PEROZO,Venezuela,117,2009-03-06,,N/A,63.63636363636363,https://wttwebcmsprod.blob.core.windows.net/websitefiles/images/general/men_default_left.png,WTT Official,F,2026-05-13T21:14:41.380257+00:00
1550,Lowis VOGLER,Switzerland,119,2010-02-22,,N/A,64.70588235294117,https://wttwebcmsprod.blob.core.windows.net/websitefiles/images/general/men_default_left.png,WTT Official,F,2026-05-13T21:14:43.030001+00:00
1957,CUI Zijun,China,121,2012-02-03,,N/A,86.20689655172414,https://wttsimfiles.blob.core.windows.net/wtt-media/photos/400px/213438_Headshot_R_CUI Zijun.png,WTT Official,F,2026-05-13T21:14:44.667474+00:00
1974,Jonas RINDERER,Germany,159,2010-07-16,,N/A,62.06896551724138,https://wttsimfiles.blob.core.windows.net/wtt-media/photos/400px/201473_Headshot_R_RINDERER_Jonas.png,WTT Official,F,2026-05-13T21:15:15.804153+00:00
1979,Tobias TISCHBERGER,Austria,171,2009-07-02,,N/A,61.904761904761905,https://wttwebcmsprod.blob.core.windows.net/websitefiles/images/general/men_default_left.png,WTT Official,F,2026-05-13T21:15:25.662360+00:00
1989,Balazs POOR,Hungary,191,2008-06-17,,N/A,45.45454545454545,https://wttwebcmsprod.blob.core.windows.net/websitefiles/images/general/men_default_left.png,WTT Official,F,2026-05-13T21:15:42.411185+00:00
1993,Marcos GOMEZ,Spain,196,2012-03-09,,N/A,76.08695652173913,https://wttwebcmsprod.blob.core.windows.net/websitefiles/images/general/men_default_left.png,WTT Official,F,2026-05-13T21:15:46.504009+00:00
1994,Aleks KOREN,Slovenia,197,2010-09-21,,N/A,50.0,https://wttsimfiles.blob.core.windows.net/wtt-media/photos/400px/HEADSHOT_R_KOREN_Aleks.png,WTT Official,F,2026-05-13T21:15:47.321098+00:00
1997,Noah TESSIER,France,202,2011-08-25,,N/A,76.66666666666667,https://wttwebcmsprod.blob.core.windows.net/websitefiles/images/general/men_default_left.png,WTT Official,F,2026-05-13T21:16:05.052228+00:00
1998,Wojciech SZYMCZAK,Poland,207,2009-02-05,,N/A,73.91304347826087,https://wttwebcmsprod.blob.core.windows.net/websitefiles/images/general/men_default_left.png,WTT Official,F,2026-05-13T21:16:09.165207+00:00
2001,Miroslav SCHMIDT,Bulgaria,210,2011-07-30,,N/A,75.0,https://wttwebcmsprod.blob.core.windows.net/websitefiles/images/general/men_default_left.png,WTT Official,F,2026-05-13T21:16:11.638825+00:00
2002,Emil ELLERMANN,Sweden,211,2011-06-17,,N/A,78.37837837837837,https://wttsimfiles.blob.core.windows.net/wtt-media/photos/400px/202476_Headshot_R_ELLERMANN_Emil.png,WTT Official,F,2026-05-13T21:16:12.554654+00:00
2003,Matthew CAO,Puerto Rico,213,2011-04-27,,N/A,71.9298245614035,https://wttsimfiles.blob.core.windows.net/wtt-media/photos/400px/202954_HEADSHOT_R_CAO_Matthew.png,WTT Official,F,2026-05-13T21:16:14.199251+00:00
2004,XU Minghao,China,216,2012-03-06,,N/A,73.91304347826087,https://wttwebcmsprod.blob.core.windows.net/websitefiles/images/general/men_default_left.png,WTT Official,F,2026-05-13T21:16:16.678968+00:00
2005,Tien Nghia PHONG,Germany,217,2011-04-26,,N/A,66.66666666666667,https://wttsimfiles.blob.core.windows.net/wtt-media/photos/400px/201442_HEADSHOT_R_Tien Nghia PHONG.png,WTT Official,F,2026-05-13T21:16:17.513480+00:00
2006,KIM Jihu,Korea Republic,218,2010-05-07,,N/A,31.25,https://wttsimfiles.blob.core.windows.net/wtt-media/photos/400px/203107_HEADSHOT_R_KIM Jihu.png,WTT Official,F,2026-05-13T21:16:18.335152+00:00
2007,Chirag PRADHAN,USA,220,2013-07-18,,N/A,83.33333333333333,https://wttwebcmsprod.blob.core.windows.net/websitefiles/images/general/men_default_left.png,WTT Official,F,2026-05-13T21:16:19.982101+00:00
2008,Stefan RADONJIC,Montenegro,222,2008-05-18,,N/A,55.55555555555556,https://wttwebcmsprod.blob.core.windows.net/websitefiles/images/general/men_default_left.png,WTT Official,F,2026-05-13T21:16:21.627425+00:00
2009,Aaron NGUYEN,Australia,226,2010-06-21,,N/A,50.0,https://wttsimfiles.blob.core.windows.net/wtt-media/photos/400px/206841_Headshot_R_NGUYEN_Aaron.png,WTT Official,F,2026-05-13T21:16:24.914465+00:00
2010,Andy MAQUEIRA,Cuba,227,2011-02-17,,N/A,92.0,https://wttwebcmsprod.blob.core.windows.net/websitefiles/images/general/men_default_left.png,WTT Official,F,2026-05-13T21:16:25.740153+00:00
2011,Maris MIETHE,Germany,228,2009-06-13,,N/A,45.0,https://wttwebcmsprod.blob.core.windows.net/websitefiles/images/general/men_default_left.png,WTT Official,F,2026-05-13T21:16:26.562753+00:00
2012,Daniel NAGY,Germany,230,2010-07-16,,N/A,36.36363636363637,https://wttwebcmsprod.blob.core.windows.net/websitefiles/images/general/men_default_left.png,WTT Official,F,2026-05-13T21:16:28.231651+00:00
2013,Rajveer BHATIA,India,231,2008-11-13,,N/A,,https://wttwebcmsprod.blob.core.windows.net/websitefiles/images/general/men_default_left.png,WTT Official,F,2026-05-13T21:16:29.055789+00:00
2014,Dawid STANIOWSKI,Poland,232,2010-11-26,,N/A,65.0,https://wttwebcmsprod.blob.core.windows.net/websitefiles/images/general/men_default_left.png,WTT Official,F,2026-05-13T21:16:29.879608+00:00
1984,Aditya DAS,India,185,2011-07-11,,N/A,84.0,https://wttsimfiles.blob.core.windows.net/wtt-media/photos/400px/202751_Headshot_R_Aditya DAS.png,WTT Official,F,2026-05-13T21:15:37.164560+00:00
1985,Louis FEGERL,Austria,187,2013-08-13,,N/A,90.69767441860465,https://wttwebcmsprod.blob.core.windows.net/websitefiles/images/general/men_default_left.png,WTT Official,F,2026-05-13T21:15:39.139287+00:00
1986,Lukas WANG,Germany,188,2011-04-11,,N/A,57.5,https://wttsimfiles.blob.core.windows.net/wtt-media/photos/400px/201054_HEADSHOT_R_Lukas WANG.png,WTT Official,F,2026-05-13T21:15:39.955526+00:00
1987,Santiago URIBE,Peru,189,2009-06-18,,N/A,62.5,https://wttwebcmsprod.blob.core.windows.net/websitefiles/images/general/men_default_left.png,WTT Official,F,2026-05-13T21:15:40.774298+00:00
1988,Martin FRIZEL,Lithuania,190,2009-11-17,,N/A,57.142857142857146,https://wttwebcmsprod.blob.core.windows.net/websitefiles/images/general/men_default_left.png,WTT Official,F,2026-05-13T21:15:41.592955+00:00
1990,Andrei TIBIRNA,Romania,192,2010-03-30,,N/A,61.53846153846154,https://wttsimfiles.blob.core.windows.net/wtt-media/photos/400px/210827_Headshot_R_Andrei TIBIRNA.png,WTT Official,F,2026-05-13T21:15:43.226572+00:00
1991,Jakub HOLUBCIK,Slovak Republic,193,2008-04-05,,N/A,30.0,https://wttsimfiles.blob.core.windows.net/wtt-media/photos/400px/200826_HEADSHOT_R_Jakub HOLUBCIK.png,WTT Official,F,2026-05-13T21:15:44.050681+00:00
1992,Levi ULRICH,Switzerland,194,2009-06-14,,N/A,40.0,https://wttwebcmsprod.blob.core.windows.net/websitefiles/images/general/men_default_left.png,WTT Official,F,2026-05-13T21:15:44.868476+00:00
1995,Samuel KUHL,Germany,199,2010-01-05,,N/A,56.0,https://wttsimfiles.blob.core.windows.net/wtt-media/photos/400px/201474_HEADSHOT_R_Samuel KUHL.png,WTT Official,F,2026-05-13T21:15:48.962978+00:00
1996,Raul CREUCU,Romania,200,2010-04-29,,N/A,62.5,https://wttsimfiles.blob.core.windows.net/wtt-media/photos/400px/201157_Headshot_R_Raul CREUCU.png,WTT Official,F,2026-05-13T21:15:49.783184+00:00
1999,Alexander SAHAKIANTS,Germany,208,2008-03-08,,N/A,,https://wttwebcmsprod.blob.core.windows.net/websitefiles/images/general/men_default_left.png,WTT Official,F,2026-05-13T21:16:09.995487+00:00
2000,Vitor THIOFILO,Brazil,209,2011-04-19,,N/A,81.81818181818181,https://wttsimfiles.blob.core.windows.net/wtt-media/photos/400px/204850_R_Vitor THIOFILO.png,WTT Official,F,2026-05-13T21:16:10.817090+00:00
2018,Yali MOR,Israel,238,2010-06-07,,N/A,57.142857142857146,https://wttwebcmsprod.blob.core.windows.net/websitefiles/images/general/men_default_left.png,WTT Official,F,2026-05-13T21:16:34.826162+00:00
2019,Saud AL TAHER,Saudi Arabia,240,2010-03-28,,N/A,33.333333333333336,https://wttwebcmsprod.blob.core.windows.net/websitefiles/images/general/men_default_left.png,WTT Official,F,2026-05-13T21:16:36.471182+00:00
2020,Matt CLOSSET,Belgium,241,2010-11-11,,N/A,57.69230769230769,https://wttwebcmsprod.blob.core.windows.net/websitefiles/images/general/men_default_left.png,WTT Official,F,2026-05-13T21:16:37.316636+00:00
2021,David TORO,Romania,242,2011-04-04,,N/A,78.57142857142857,https://wttwebcmsprod.blob.core.windows.net/websitefiles/images/general/men_default_left.png,WTT Official,F,2026-05-13T21:16:38.139607+00:00
2022,Nolan JOHNSTON,France,246,2011-12-09,,N/A,75.0,https://wttwebcmsprod.blob.core.windows.net/websitefiles/images/general/men_default_left.png,WTT Official,F,2026-05-13T21:16:41.425453+00:00
2023,Rupam SARDAR,India,247,2009-11-11,,N/A,90.9090909090909,https://wttsimfiles.blob.core.windows.net/wtt-media/photos/400px/201366_HEADSHOT_R_SARDAR_Rupam.png,WTT Official,F,2026-05-13T21:16:42.249447+00:00
2024,Ondrej MORAVEK,Czechia,248,2011-01-19,,N/A,60.0,https://wttwebcmsprod.blob.core.windows.net/websitefiles/images/general/men_default_left.png,WTT Official,F,2026-05-13T21:16:43.074376+00:00
2025,Ritvik GUPTA,India,249,2010-04-28,,N/A,71.42857142857143,https://wttsimfiles.blob.core.windows.net/wtt-media/photos/400px/206333_Headshot_R_GUPTA_Ritvik.png,WTT Official,F,2026-05-13T21:16:43.909280+00:00
2026,KOH Wei Yeow,Malaysia,250,2013-01-14,,N/A,71.875,https://wttsimfiles.blob.core.windows.net/wtt-media/photos/400px/210255_HEADSHOT_R_KOH_Wei Yeow.png,WTT Official,F,2026-05-13T21:16:44.729771+00:00
2027,Artur GROMEK,Poland,251,2007-11-23,,N/A,57.142857142857146,https://wttwebcmsprod.blob.core.windows.net/websitefiles/images/general/men_default_left.png,WTT Official,F,2026-05-13T21:16:45.560062+00:00
2028,MA Yeongjun,Korea Republic,252,2012-09-26,,N/A,64.70588235294117,https://wttsimfiles.blob.core.windows.net/wtt-media/photos/400px/202330_HEADSHOT_R_MA_Yeongjun.png,WTT Official,F,2026-05-13T21:16:46.385303+00:00
2029,HSU An-Pao,Chinese Taipei,253,2010-06-19,,N/A,,https://wttwebcmsprod.blob.core.windows.net/websitefiles/images/general/men_default_left.png,WTT Official,F,2026-05-13T21:16:47.228478+00:00
2030,Yoav AHARON,Israel,254,2008-08-02,,N/A,33.333333333333336,https://wttwebcmsprod.blob.core.windows.net/websitefiles/images/general/men_default_left.png,WTT Official,F,2026-05-13T21:16:48.052219+00:00
2031,Kuzey GUNDOGDU,Türkiye,255,2011-01-28,,N/A,52.083333333333336,https://wttsimfiles.blob.core.windows.net/wtt-media/photos/400px/201122_Headshot_R_Kuzey GUNDOGDU.png,WTT Official,F,2026-05-13T21:16:48.878154+00:00
2032,CHENG Yuan-Lun,Chinese Taipei,256,2010-09-29,,N/A,,https://wttsimfiles.blob.core.windows.net/wtt-media/photos/400px/201139_Headshot_R_CHENG_Yuan-Lun.png,WTT Official,F,2026-05-13T21:16:49.701572+00:00
2033,Dinis YE,Portugal,257,2009-08-07,,N/A,46.15384615384615,https://wttsimfiles.blob.core.windows.net/wtt-media/photos/400px/HEADSHOT_R_YE_Dinis.png,WTT Official,F,2026-05-13T21:16:50.548985+00:00
2034,Quentin SANDONA,France,258,2011-01-10,,N/A,52.17391304347826,https://wttwebcmsprod.blob.core.windows.net/websitefiles/images/general/men_default_left.png,WTT Official,F,2026-05-13T21:16:51.375664+00:00
2035,Hubert KWIECINSKI,Poland,260,2011-09-02,,N/A,64.28571428571429,https://wttwebcmsprod.blob.core.windows.net/websitefiles/images/general/men_default_left.png,WTT Official,F,2026-05-13T21:16:53.020679+00:00
2036,Yhali ZAGORI,Israel,261,2010-08-30,,N/A,60.0,https://wttwebcmsprod.blob.core.windows.net/websitefiles/images/general/men_default_left.png,WTT Official,F,2026-05-13T21:16:53.839560+00:00
2037,Jan MRUGALA,Poland,263,2010-12-29,,N/A,80.0,https://wttsimfiles.blob.core.windows.net/wtt-media/photos/400px/203935_Headshot_R_ MRUGALA_Jan.png,WTT Official,F,2026-05-13T21:16:55.502380+00:00
2038,Malik SEVERINSEN,Denmark,264,2010-02-20,,N/A,,https://wttsimfiles.blob.core.windows.net/wtt-media/photos/400px/202424_Headshot_R_SEVERINSEN_Malik.png,WTT Official,F,2026-05-13T21:16:56.325233+00:00
2039,SHIH Jia-Hong,Chinese Taipei,266,2008-03-04,,N/A,,https://wttwebcmsprod.blob.core.windows.net/websitefiles/images/general/men_default_left.png,WTT Official,F,2026-05-13T21:16:57.973609+00:00
2040,Martin VAIGL,Czechia,269,2007-09-03,,N/A,50.0,https://wttwebcmsprod.blob.core.windows.net/websitefiles/images/general/men_default_left.png,WTT Official,F,2026-05-13T21:17:00.444497+00:00
2041,Miguel ZABALLOS,Spain,270,2008-04-10,,N/A,,https://wttwebcmsprod.blob.core.windows.net/websitefiles/images/general/men_default_left.png,WTT Official,F,2026-05-13T21:17:01.264808+00:00
2042,Jaksa KRIVOKAPIC,Montenegro,272,2008-03-05,,N/A,28.571428571428573,https://wttwebcmsprod.blob.core.windows.net/websitefiles/images/general/men_default_left.png,WTT Official,F,2026-05-13T21:17:02.906698+00:00
2043,LAI Hongrui,China,273,2011-05-23,,N/A,77.77777777777777,https://wttwebcmsprod.blob.core.windows.net/websitefiles/images/general/men_default_left.png,WTT Official,F,2026-05-13T21:17:03.733977+00:00
2044,Nikita RYBAKOV,AIN,274,2009-05-14,,N/A,83.33333333333333,https://wttwebcmsprod.blob.core.windows.net/websitefiles/images/general/men_default_left.png,WTT Official,F,2026-05-13T21:17:04.556769+00:00
2045,Yehor BORSHCHEVSKYI,Ukraine,275,2008-06-06,,N/A,25.0,https://wttwebcmsprod.blob.core.windows.net/websitefiles/images/general/men_default_left.png,WTT Official,F,2026-05-13T21:17:05.378777+00:00
2046,Mark USOV,Sweden,276,2009-06-23,,N/A,,https://wttsimfiles.blob.core.windows.net/wtt-media/photos/400px/145803_Headshot_R_USOV_Mark.png,WTT Official,F,2026-05-13T21:17:06.202279+00:00
2047,Matthis KASSENS,Germany,278,2009-11-23,,N/A,,https://wttwebcmsprod.blob.core.windows.net/websitefiles/images/general/men_default_left.png,WTT Official,F,2026-05-13T21:17:07.847379+00:00
1363,Mohammadreza NESHATI,Iran,279,2007-11-04,,N/A,,https://wttsimfiles.blob.core.windows.net/wtt-media/photos/400px/200448_Headshot_R_ NESHATI_Mohammadreza.png,WTT Official,F,2026-05-13T21:17:08.669313+00:00
520,Balamurugan RAJASEKARAN,India,198,2007-12-13,,Right  / Shake hand ,64.70588235294117,https://wttwebcmsprod.blob.core.windows.net/websitefiles/images/general/men_default_left.png,WTT Official,F,2026-05-13T21:15:48.143221+00:00
2016,Ylyas ALLANAZAROV,Turkmenistan,236,2008-05-29,,N/A,,https://wttwebcmsprod.blob.core.windows.net/websitefiles/images/general/men_default_left.png,WTT Official,F,2026-05-13T21:16:33.165450+00:00
2017,YU Yi-Cing,Chinese Taipei,237,2010-12-13,,N/A,,https://wttsimfiles.blob.core.windows.net/wtt-media/photos/400px/203202_Headshot_R_YU Yi-Cing.png,WTT Official,F,2026-05-13T21:16:33.985161+00:00
1599,Erfan YAZDANBAKHSH,Iran,221,2009-06-17,,N/A,71.42857142857143,https://wttwebcmsprod.blob.core.windows.net/websitefiles/images/general/men_default_left.png,WTT Official,F,2026-05-13T21:16:20.803269+00:00
2015,Rija WARIN,France,234,2009-05-28,,N/A,35.294117647058826,https://wttwebcmsprod.blob.core.windows.net/websitefiles/images/general/men_default_left.png,WTT Official,F,2026-05-13T21:16:31.523868+00:00
2048,WU Yuan-Kai,Chinese Taipei,281,2013-02-06,,N/A,,https://wttwebcmsprod.blob.core.windows.net/websitefiles/images/general/men_default_left.png,WTT Official,F,2026-05-13T21:17:10.312812+00:00
2050,Maxime DEGIVE,Belgium,284,2009-04-07,,N/A,40.0,https://wttwebcmsprod.blob.core.windows.net/websitefiles/images/general/men_default_left.png,WTT Official,F,2026-05-13T21:17:12.764352+00:00
1413,Arsha GHAFOURI,Iran,285,2009-03-05,,N/A,,https://wttwebcmsprod.blob.core.windows.net/websitefiles/images/general/men_default_left.png,WTT Official,F,2026-05-13T21:17:13.570355+00:00
2053,Zakhar VARFOLOMEEV,AIN,290,2010-04-04,,N/A,62.5,https://wttwebcmsprod.blob.core.windows.net/websitefiles/images/general/men_default_left.png,WTT Official,F,2026-05-13T21:17:17.596846+00:00
2054,Isaac KINGHAM,England,291,2008-06-20,,N/A,50.0,https://wttwebcmsprod.blob.core.windows.net/websitefiles/images/general/men_default_left.png,WTT Official,F,2026-05-13T21:17:18.401498+00:00
2055,Nicolas NOTTURNO,Argentina,293,2010-08-30,,N/A,56.25,https://wttwebcmsprod.blob.core.windows.net/websitefiles/images/general/men_default_left.png,WTT Official,F,2026-05-13T21:17:20.014897+00:00
2056,Yahia ELMOURSI,Egypt,294,2010-06-25,,N/A,55.55555555555556,https://wttwebcmsprod.blob.core.windows.net/websitefiles/images/general/men_default_left.png,WTT Official,F,2026-05-13T21:17:20.814516+00:00
2057,Alexey MARKIN,Kazakhstan,298,2010-10-19,,N/A,,https://wttwebcmsprod.blob.core.windows.net/websitefiles/images/general/men_default_left.png,WTT Official,F,2026-05-13T21:17:24.067044+00:00
2058,David CAPANDA,Serbia,299,2011-08-15,,N/A,73.07692307692308,https://wttwebcmsprod.blob.core.windows.net/websitefiles/images/general/men_default_left.png,WTT Official,F,2026-05-13T21:17:24.881533+00:00
2059,Jan KUNC,Czechia,301,2010-05-10,,N/A,52.63157894736842,https://wttwebcmsprod.blob.core.windows.net/websitefiles/images/general/men_default_left.png,WTT Official,F,2026-05-13T21:17:40.541426+00:00
2060,Nazar BAKIROV,AIN,302,2011-03-16,,N/A,90.0,https://wttwebcmsprod.blob.core.windows.net/websitefiles/images/general/men_default_left.png,WTT Official,F,2026-05-13T21:17:41.339429+00:00
2061,Stefan BONCHEV,Bulgaria,303,2012-10-09,,N/A,66.66666666666667,https://wttwebcmsprod.blob.core.windows.net/websitefiles/images/general/men_default_left.png,WTT Official,F,2026-05-13T21:17:42.146122+00:00
2062,Petr HODINA,Austria,304,2008-07-24,,N/A,,https://wttsimfiles.blob.core.windows.net/wtt-media/photos/400px/HEADSHOT_R_HODINA_Petr.png,WTT Official,F,2026-05-13T21:17:42.995973+00:00
2063,Pietro CAMPAGNA,Italy,306,2013-03-23,,N/A,75.0,https://wttsimfiles.blob.core.windows.net/wtt-media/photos/400px/203450_Headshot_R_Pietro Campagna.png,WTT Official,F,2026-05-13T21:17:44.616585+00:00
2064,Martin RATAJSKY,Czechia,307,2010-05-07,,N/A,29.41176470588235,https://wttwebcmsprod.blob.core.windows.net/websitefiles/images/general/men_default_left.png,WTT Official,F,2026-05-13T21:17:45.424539+00:00
2065,Alexandru IORDAN,Romania,309,2009-07-26,,N/A,42.857142857142854,https://wttwebcmsprod.blob.core.windows.net/websitefiles/images/general/men_default_left.png,WTT Official,F,2026-05-13T21:17:47.056038+00:00
2066,Moaid ARIF,Saudi Arabia,310,2008-03-28,,N/A,33.333333333333336,https://wttwebcmsprod.blob.core.windows.net/websitefiles/images/general/men_default_left.png,WTT Official,F,2026-05-13T21:17:47.873924+00:00
2067,Brent RONDE,Netherlands,312,2008-03-02,,N/A,,https://wttwebcmsprod.blob.core.windows.net/websitefiles/images/general/men_default_left.png,WTT Official,F,2026-05-13T21:17:49.478962+00:00
2068,SEAH Benaiah,Singapore,313,2010-11-05,,N/A,0.0,https://wttsimfiles.blob.core.windows.net/wtt-media/photos/400px/203412_Headshot_R_SEAH_Benaiah.png,WTT Official,F,2026-05-13T21:17:50.281374+00:00
2069,Felipe LARA,Brazil,315,2008-03-17,,N/A,66.66666666666667,https://wttsimfiles.blob.core.windows.net/wtt-media/photos/400px/200644_Headshot_R_FAUSTINO_Felipe.png,WTT Official,F,2026-05-13T21:17:51.881794+00:00
2070,SON Jaeyoung,Korea Republic,316,2011-11-22,,N/A,53.333333333333336,https://wttsimfiles.blob.core.windows.net/wtt-media/photos/400px/206007_Headshot_R_SON Jaeyoung.png,WTT Official,F,2026-05-13T21:17:52.682342+00:00
2071,Deni VALE,Croatia,317,2009-04-20,,N/A,50.0,https://wttwebcmsprod.blob.core.windows.net/websitefiles/images/general/men_default_left.png,WTT Official,F,2026-05-13T21:17:53.497129+00:00
2072,Nikoloz CHKHARTISHVILI,Georgia,318,2009-07-30,,N/A,0.0,https://wttwebcmsprod.blob.core.windows.net/websitefiles/images/general/men_default_left.png,WTT Official,F,2026-05-13T21:17:54.302056+00:00
2073,XIAO Baixin,China,320,2011-07-22,,N/A,76.0,https://wttsimfiles.blob.core.windows.net/wtt-media/photos/400px/212893_Headshot_R_XIAO Baixin.png,WTT Official,F,2026-05-13T21:17:55.901791+00:00
2074,Roger QUESADA,Spain,321,2011-03-17,,N/A,65.625,https://wttwebcmsprod.blob.core.windows.net/websitefiles/images/general/men_default_left.png,WTT Official,F,2026-05-13T21:17:56.704179+00:00
2075,OH Seju,Korea Republic,322,2010-01-25,,N/A,53.84615384615385,https://wttwebcmsprod.blob.core.windows.net/websitefiles/images/general/men_default_left.png,WTT Official,F,2026-05-13T21:17:57.509971+00:00
2076,Vadym SOLTYS,Ukraine,323,2009-03-01,,N/A,,https://wttwebcmsprod.blob.core.windows.net/websitefiles/images/general/men_default_left.png,WTT Official,F,2026-05-13T21:17:58.311389+00:00
824,Won BAE,Australia,325,2008-07-12,,N/A,66.66666666666667,https://wttsimfiles.blob.core.windows.net/wtt-media/photos/400px/134802_Headshot_R_Won BAE.png,WTT Official,F,2026-05-13T21:17:59.925654+00:00
2052,LAM Sheung Man,"Hong Kong, China",289,2011-08-08,,N/A,46.15384615384615,https://wttsimfiles.blob.core.windows.net/wtt-media/photos/400px/209397_Headshot_R_LAM Sheung Man.png,WTT Official,F,2026-05-13T21:17:16.780078+00:00
2079,Rajdip SEN,India,329,2009-09-03,,N/A,70.0,https://wttwebcmsprod.blob.core.windows.net/websitefiles/images/general/men_default_left.png,WTT Official,F,2026-05-13T21:18:03.181535+00:00
2080,Yashraj SHAH,USA,331,2008-11-28,,N/A,,https://wttwebcmsprod.blob.core.windows.net/websitefiles/images/general/men_default_left.png,WTT Official,F,2026-05-13T21:18:04.799398+00:00
2081,Jeffrey WEI,Germany,333,2012-11-17,,N/A,56.666666666666664,https://wttwebcmsprod.blob.core.windows.net/websitefiles/images/general/men_default_left.png,WTT Official,F,2026-05-13T21:18:06.469713+00:00
2082,Elias-Mate SIMO,Switzerland,334,2010-12-26,,N/A,44.44444444444444,https://wttwebcmsprod.blob.core.windows.net/websitefiles/images/general/men_default_left.png,WTT Official,F,2026-05-13T21:18:07.289164+00:00
2083,Asser SAMEH,Egypt,335,2011-09-27,,N/A,,https://wttsimfiles.blob.core.windows.net/wtt-media/photos/400px/201315_HEADSHOT_R_Asser SAMEH.png,WTT Official,F,2026-05-13T21:18:08.105130+00:00
2084,Oleg STEFANOWICZ,Poland,336,2009-10-11,,N/A,42.857142857142854,https://wttwebcmsprod.blob.core.windows.net/websitefiles/images/general/men_default_left.png,WTT Official,F,2026-05-13T21:18:08.903835+00:00
2049,Simon CLIN,France,282,2012-02-06,,N/A,63.333333333333336,https://wttwebcmsprod.blob.core.windows.net/websitefiles/images/general/men_default_left.png,WTT Official,F,2026-05-13T21:17:11.134927+00:00
2078,Sung CHEN,Austria,328,2012-12-16,,N/A,54.285714285714285,https://wttwebcmsprod.blob.core.windows.net/websitefiles/images/general/men_default_left.png,WTT Official,F,2026-05-13T21:18:02.369547+00:00
2051,KIM Ryeowon,Korea Republic,288,2011-05-11,,N/A,60.0,https://wttwebcmsprod.blob.core.windows.net/websitefiles/images/general/men_default_left.png,WTT Official,F,2026-05-13T21:17:15.975541+00:00
2077,WONG Jaryl,Singapore,327,2008-09-09,,N/A,0.0,https://wttsimfiles.blob.core.windows.net/wtt-media/photos/400px/203089_Headshot_R_WONG Jaryl.png,WTT Official,F,2026-05-13T21:18:01.547235+00:00
2087,Soham MUKHERJEE,India,340,2009-04-05,,N/A,72.72727272727273,https://wttsimfiles.blob.core.windows.net/wtt-media/photos/400px/201367_HEADSHOT_R_MUKHERJEE_Soham.png,WTT Official,F,2026-05-13T21:18:12.162500+00:00
2088,Eshaan NAYAK,India,341,2010-12-25,,N/A,,https://wttwebcmsprod.blob.core.windows.net/websitefiles/images/general/men_default_left.png,WTT Official,F,2026-05-13T21:18:12.982277+00:00
2089,Tim ESCUDIER,France,343,2012-01-07,,N/A,51.724137931034484,https://wttwebcmsprod.blob.core.windows.net/websitefiles/images/general/men_default_left.png,WTT Official,F,2026-05-13T21:18:14.586347+00:00
2090,Pert LEHTLAAN,Estonia,344,2007-06-06,,N/A,,https://wttwebcmsprod.blob.core.windows.net/websitefiles/images/general/men_default_left.png,WTT Official,F,2026-05-13T21:18:15.419228+00:00
2091,Mihai IORDAN,Romania,346,2012-09-21,,N/A,66.66666666666667,https://wttsimfiles.blob.core.windows.net/wtt-media/photos/400px/201376_Headshot_R_Mihai IORDAN.png,WTT Official,F,2026-05-13T21:18:17.046838+00:00
2092,Esteban CAMACHO,Peru,347,2010-03-30,,N/A,50.0,https://wttwebcmsprod.blob.core.windows.net/websitefiles/images/general/men_default_left.png,WTT Official,F,2026-05-13T21:18:17.851060+00:00
2093,Samuel DUFFOO,Peru,348,2010-10-21,,N/A,50.0,https://wttwebcmsprod.blob.core.windows.net/websitefiles/images/general/men_default_left.png,WTT Official,F,2026-05-13T21:18:18.668758+00:00
2094,Bilel ZOUITENE,Algeria,349,2010-01-01,,N/A,20.0,https://wttsimfiles.blob.core.windows.net/wtt-media/photos/400px/202560_HEADSHOT_R_Bilel ZOUITENE.png,WTT Official,F,2026-05-13T21:18:19.475191+00:00
2095,Philip THEISEN,Luxembourg,351,2011-07-02,,N/A,44.44444444444444,https://wttwebcmsprod.blob.core.windows.net/websitefiles/images/general/men_default_left.png,WTT Official,F,2026-05-13T21:18:21.102876+00:00
2096,Lucas SIMON,France,352,2011-10-18,,N/A,39.130434782608695,https://wttwebcmsprod.blob.core.windows.net/websitefiles/images/general/men_default_left.png,WTT Official,F,2026-05-13T21:18:21.919337+00:00
856,YANG Ze Yi,Singapore,353,2007-06-15,,Right Hand / Shakehand,0.0,https://wttsimfiles.blob.core.windows.net/wtt-media/photos/400px/136338_Headshot_R_YANG Ze Yi.png,WTT Official,F,2026-05-13T21:18:22.720307+00:00
2098,Matei EPARU,Romania,357,2009-01-14,,N/A,46.15384615384615,https://wttwebcmsprod.blob.core.windows.net/websitefiles/images/general/men_default_left.png,WTT Official,F,2026-05-13T21:18:25.942453+00:00
2099,Raphael ITO,Brazil,358,2010-11-13,,N/A,57.142857142857146,https://wttwebcmsprod.blob.core.windows.net/websitefiles/images/general/men_default_left.png,WTT Official,F,2026-05-13T21:18:26.744975+00:00
2100,ONG Khai Chen,Malaysia,359,2011-09-23,,N/A,47.05882352941177,https://wttsimfiles.blob.core.windows.net/wtt-media/photos/400px/206458_Headshot_R_ONG Khai Chen.png,WTT Official,F,2026-05-13T21:18:27.560012+00:00
2101,Aleks PAKULA,Poland,360,2009-12-30,,N/A,52.63157894736842,https://wttsimfiles.blob.core.windows.net/wtt-media/photos/400px/200801_Headshot_R_PAKULA_Aleks.png,WTT Official,F,2026-05-13T21:18:28.373628+00:00
2102,Daniel GSCHANES,Austria,361,2011-01-27,,N/A,34.78260869565217,https://wttwebcmsprod.blob.core.windows.net/websitefiles/images/general/men_default_left.png,WTT Official,F,2026-05-13T21:18:29.173519+00:00
2103,Mochamad THARIKH,Indonesia,362,2009-08-09,,N/A,,https://wttwebcmsprod.blob.core.windows.net/websitefiles/images/general/men_default_left.png,WTT Official,F,2026-05-13T21:18:29.990333+00:00
2104,Mohammadsobhan YAHYAEI,Iran,364,2010-01-19,,N/A,,https://wttwebcmsprod.blob.core.windows.net/websitefiles/images/general/men_default_left.png,WTT Official,F,2026-05-13T21:18:31.590172+00:00
2105,LAU Benjamin,Singapore,365,2010-09-03,,N/A,,https://wttsimfiles.blob.core.windows.net/wtt-media/photos/400px/204070_Headshot_R_LAU_Benjamin.png,WTT Official,F,2026-05-13T21:18:32.400228+00:00
2106,Yousuf HANIFA,Saudi Arabia,366,2012-02-21,,N/A,35.294117647058826,https://wttsimfiles.blob.core.windows.net/wtt-media/photos/400px/201303_Headshot_R_HANIFA_Yousuf.png,WTT Official,F,2026-05-13T21:18:33.202447+00:00
2107,Hassan SHEIKHIABARGHOUEI,Iran,367,2008-11-02,,N/A,,https://wttwebcmsprod.blob.core.windows.net/websitefiles/images/general/men_default_left.png,WTT Official,F,2026-05-13T21:18:34.046233+00:00
2108,KOJIMA Ryuya,Chinese Taipei,368,2012-01-30,,N/A,,https://wttwebcmsprod.blob.core.windows.net/websitefiles/images/general/men_default_left.png,WTT Official,F,2026-05-13T21:18:34.854168+00:00
2109,Majed HASHEM,Bahrain,369,2009-09-24,,N/A,33.333333333333336,https://wttwebcmsprod.blob.core.windows.net/websitefiles/images/general/men_default_left.png,WTT Official,F,2026-05-13T21:18:35.669072+00:00
2110,Aylan GOUDJIL,Algeria,371,2010-05-26,,N/A,33.333333333333336,https://wttwebcmsprod.blob.core.windows.net/websitefiles/images/general/men_default_left.png,WTT Official,F,2026-05-13T21:18:37.285458+00:00
2111,Franco VARELA,Argentina,372,2008-01-21,,N/A,0.0,https://wttwebcmsprod.blob.core.windows.net/websitefiles/images/general/men_default_left.png,WTT Official,F,2026-05-13T21:18:38.084728+00:00
2112,Leon HALLBERG,Sweden,373,2009-06-28,,N/A,53.333333333333336,https://wttwebcmsprod.blob.core.windows.net/websitefiles/images/general/men_default_left.png,WTT Official,F,2026-05-13T21:18:38.899739+00:00
2113,Roc GIBERT,Spain,374,2010-12-25,,N/A,57.142857142857146,https://wttwebcmsprod.blob.core.windows.net/websitefiles/images/general/men_default_left.png,WTT Official,F,2026-05-13T21:18:39.706671+00:00
2114,August XIAO,New Zealand,375,2011-08-09,,N/A,71.42857142857143,https://wttsimfiles.blob.core.windows.net/wtt-media/photos/400px/202683_Headshot_R_XIAO_August.png,WTT Official,F,2026-05-13T21:18:40.520357+00:00
2115,Martin SLANY,Czechia,377,2008-01-19,,N/A,33.333333333333336,https://wttwebcmsprod.blob.core.windows.net/websitefiles/images/general/men_default_left.png,WTT Official,F,2026-05-13T21:18:42.144476+00:00
2116,JANG Hamin,Korea Republic,378,2010-09-04,,N/A,,https://wttwebcmsprod.blob.core.windows.net/websitefiles/images/general/men_default_left.png,WTT Official,F,2026-05-13T21:18:42.948200+00:00
2117,Nazar MATSKO,AIN,381,2009-02-04,,N/A,33.333333333333336,https://wttwebcmsprod.blob.core.windows.net/websitefiles/images/general/men_default_left.png,WTT Official,F,2026-05-13T21:18:45.362400+00:00
2118,CHANG Ting Chia,Australia,382,2010-08-09,,N/A,,https://wttwebcmsprod.blob.core.windows.net/websitefiles/images/general/men_default_left.png,WTT Official,F,2026-05-13T21:18:46.179490+00:00
2119,Marin JEAN,France,383,2012-12-28,,N/A,59.25925925925926,https://wttwebcmsprod.blob.core.windows.net/websitefiles/images/general/men_default_left.png,WTT Official,F,2026-05-13T21:18:46.991162+00:00
2120,Aron KONI,Albania,384,2008-07-19,,N/A,20.0,https://wttwebcmsprod.blob.core.windows.net/websitefiles/images/general/men_default_left.png,WTT Official,F,2026-05-13T21:18:47.813459+00:00
2121,Simon ZSIGMOND,Hungary,385,2012-09-10,,N/A,66.66666666666667,https://wttwebcmsprod.blob.core.windows.net/websitefiles/images/general/men_default_left.png,WTT Official,F,2026-05-13T21:18:48.608927+00:00
2086,Ahmed ALMUSAYEBI,United Arab Emirates,339,2010-11-24,,N/A,27.272727272727273,https://wttwebcmsprod.blob.core.windows.net/websitefiles/images/general/men_default_left.png,WTT Official,F,2026-05-13T21:18:11.327869+00:00
2097,Martin MARKO,Slovak Republic,354,2008-01-21,,N/A,33.333333333333336,https://wttwebcmsprod.blob.core.windows.net/websitefiles/images/general/men_default_left.png,WTT Official,F,2026-05-13T21:18:23.521144+00:00
2138,Alejandro MARTINEZ,Cuba,410,2010-02-04,,N/A,,https://wttwebcmsprod.blob.core.windows.net/websitefiles/images/general/men_default_left.png,WTT Official,F,2026-05-13T21:19:20.956846+00:00
2139,Baltazar GUEVARA,Argentina,411,2009-08-15,,N/A,27.272727272727273,https://wttwebcmsprod.blob.core.windows.net/websitefiles/images/general/men_default_left.png,WTT Official,F,2026-05-13T21:19:21.765117+00:00
2124,Filip NAGY,Slovak Republic,389,2012-04-12,,N/A,45.833333333333336,https://wttwebcmsprod.blob.core.windows.net/websitefiles/images/general/men_default_left.png,WTT Official,F,2026-05-13T21:18:51.982307+00:00
2125,Atharva NAWARANGE,India,391,2010-02-17,,N/A,62.5,https://wttwebcmsprod.blob.core.windows.net/websitefiles/images/general/men_default_left.png,WTT Official,F,2026-05-13T21:18:53.619524+00:00
2126,Vatsal DUKLAN,India,392,2011-01-20,,N/A,87.5,https://wttwebcmsprod.blob.core.windows.net/websitefiles/images/general/men_default_left.png,WTT Official,F,2026-05-13T21:18:54.435432+00:00
2127,Sebastian WEINZIERL,Austria,394,2010-05-18,,N/A,27.272727272727273,https://wttwebcmsprod.blob.core.windows.net/websitefiles/images/general/men_default_left.png,WTT Official,F,2026-05-13T21:18:56.069028+00:00
2128,JI Lunxi,"Hong Kong, China",396,2012-01-02,,N/A,80.0,https://wttsimfiles.blob.core.windows.net/wtt-media/photos/400px/209398_Headshot_R_JI Lunxi.png,WTT Official,F,2026-05-13T21:18:57.690910+00:00
2129,Albert CZIGLER,Romania,397,2012-05-29,,N/A,48.148148148148145,https://wttwebcmsprod.blob.core.windows.net/websitefiles/images/general/men_default_left.png,WTT Official,F,2026-05-13T21:18:58.507403+00:00
2130,YEE Tristen,Singapore,398,2010-06-21,,N/A,,https://wttsimfiles.blob.core.windows.net/wtt-media/photos/400px/204067_Headshot_R_YEE_Tristen.png,WTT Official,F,2026-05-13T21:18:59.313226+00:00
2131,Bryan ZHANG,Belgium,399,2011-04-20,,N/A,57.89473684210526,https://wttwebcmsprod.blob.core.windows.net/websitefiles/images/general/men_default_left.png,WTT Official,F,2026-05-13T21:19:00.131522+00:00
2140,Adam JMAIEL,Qatar,412,2011-09-12,,N/A,18.181818181818183,https://wttwebcmsprod.blob.core.windows.net/websitefiles/images/general/men_default_left.png,WTT Official,F,2026-05-13T21:19:22.570367+00:00
2141,Abdelmalk ELSAYED,Egypt,413,2009-12-15,,N/A,,https://wttsimfiles.blob.core.windows.net/wtt-media/photos/400px/201321_Headshot_R_ELSAYED_Abdelmalk.png,WTT Official,F,2026-05-13T21:19:23.382314+00:00
2142,Akshay KIRIKARA,India,417,2011-05-05,,N/A,66.66666666666667,https://wttwebcmsprod.blob.core.windows.net/websitefiles/images/general/men_default_left.png,WTT Official,F,2026-05-13T21:19:26.635722+00:00
2143,Kyrylo SPYRYDONOV,Ukraine,418,2009-06-26,,N/A,46.15384615384615,https://wttwebcmsprod.blob.core.windows.net/websitefiles/images/general/men_default_left.png,WTT Official,F,2026-05-13T21:19:27.447554+00:00
2144,Rakan AL-ZOUBI,Jordan,419,2012-08-04,,N/A,22.22222222222222,https://wttwebcmsprod.blob.core.windows.net/websitefiles/images/general/men_default_left.png,WTT Official,F,2026-05-13T21:19:28.250735+00:00
2145,Khevine CRUZ,Philippines,420,2011-08-04,,N/A,,https://wttwebcmsprod.blob.core.windows.net/websitefiles/images/general/men_default_left.png,WTT Official,F,2026-05-13T21:19:29.058321+00:00
2122,Dimitar DIMITROV,Bulgaria,726,2012-03-15,,N/A,57.142857142857146,https://wttwebcmsprod.blob.core.windows.net/websitefiles/images/general/men_default_left.png,WTT Official,F,2026-05-13T21:24:19.068103+00:00
2123,Mateo CARRANZA,Argentina,388,2010-03-14,,N/A,45.45454545454545,https://wttwebcmsprod.blob.core.windows.net/websitefiles/images/general/men_default_left.png,WTT Official,F,2026-05-13T21:18:51.175740+00:00
2132,Martin RECHE,Spain,401,2007-02-09,,N/A,25.0,https://wttwebcmsprod.blob.core.windows.net/websitefiles/images/general/men_default_left.png,WTT Official,F,2026-05-13T21:19:13.701751+00:00
2134,Ren NOSAWA,Brazil,403,2008-07-17,,N/A,57.142857142857146,https://wttsimfiles.blob.core.windows.net/wtt-media/photos/400px/204990_Headshot_R_NOSAWA_Ren.png,WTT Official,F,2026-05-13T21:19:15.316458+00:00
2135,FANG Yong-En,Chinese Taipei,404,2010-04-09,,N/A,,https://wttsimfiles.blob.core.windows.net/wtt-media/photos/400px/206861_Headshot_R_FANG Yong-En.png,WTT Official,F,2026-05-13T21:19:16.122760+00:00
2136,Joshua JOSEPH,USA,405,2011-05-06,,N/A,72.22222222222223,https://wttwebcmsprod.blob.core.windows.net/websitefiles/images/general/men_default_left.png,WTT Official,F,2026-05-13T21:19:16.936759+00:00
2137,Alan BRYK,Poland,408,2010-10-14,,N/A,27.272727272727273,https://wttwebcmsprod.blob.core.windows.net/websitefiles/images/general/men_default_left.png,WTT Official,F,2026-05-13T21:19:19.356705+00:00
2148,Olaf GLANERT,Poland,425,2012-02-15,,N/A,56.25,https://wttwebcmsprod.blob.core.windows.net/websitefiles/images/general/men_default_left.png,WTT Official,F,2026-05-13T21:19:33.214973+00:00
2149,Abishek VEPA,Switzerland,427,2007-01-07,,N/A,,https://wttwebcmsprod.blob.core.windows.net/websitefiles/images/general/men_default_left.png,WTT Official,F,2026-05-13T21:19:34.865052+00:00
2150,Mohammed ALMUSAYEBI,United Arab Emirates,428,2012-08-08,,N/A,25.0,https://wttwebcmsprod.blob.core.windows.net/websitefiles/images/general/men_default_left.png,WTT Official,F,2026-05-13T21:19:35.684043+00:00
2151,Fabricio MARIN,Brazil,429,2009-08-25,,N/A,50.0,https://wttwebcmsprod.blob.core.windows.net/websitefiles/images/general/men_default_left.png,WTT Official,F,2026-05-13T21:19:36.489303+00:00
2152,Lourenco SARDINHA,Portugal,430,2007-10-17,,N/A,42.857142857142854,https://wttwebcmsprod.blob.core.windows.net/websitefiles/images/general/men_default_left.png,WTT Official,F,2026-05-13T21:19:37.288350+00:00
2153,Matvei MANANKOV,AIN,431,2012-01-20,,N/A,,https://wttwebcmsprod.blob.core.windows.net/websitefiles/images/general/men_default_left.png,WTT Official,F,2026-05-13T21:19:38.125259+00:00
2154,Liam BOUCHOIR,France,432,2011-11-18,,N/A,57.142857142857146,https://wttwebcmsprod.blob.core.windows.net/websitefiles/images/general/men_default_left.png,WTT Official,F,2026-05-13T21:19:38.933183+00:00
2155,WONG Alvin,"Hong Kong, China",433,2008-05-14,,N/A,,https://wttsimfiles.blob.core.windows.net/wtt-media/photos/400px/206208_Headshot_R_WONG_Alvin.png,WTT Official,F,2026-05-13T21:19:39.734912+00:00
2156,Peter ZUBOR,Hungary,434,2011-03-18,,N/A,53.333333333333336,https://wttwebcmsprod.blob.core.windows.net/websitefiles/images/general/men_default_left.png,WTT Official,F,2026-05-13T21:19:40.546578+00:00
2157,Evgenii VASIKOV,AIN,435,2008-03-30,,N/A,,https://wttwebcmsprod.blob.core.windows.net/websitefiles/images/general/men_default_left.png,WTT Official,F,2026-05-13T21:19:41.349527+00:00
2158,Leon VLASOV,Russia,436,2011-06-27,,N/A,72.72727272727273,https://wttwebcmsprod.blob.core.windows.net/websitefiles/images/general/men_default_left.png,WTT Official,F,2026-05-13T21:19:42.196209+00:00
2159,Arya KATARIA,India,437,2009-12-28,,N/A,62.5,https://wttwebcmsprod.blob.core.windows.net/websitefiles/images/general/men_default_left.png,WTT Official,F,2026-05-13T21:19:43.000659+00:00
2160,Rushikesh JAGTAP,India,438,2009-02-21,,N/A,62.5,https://wttwebcmsprod.blob.core.windows.net/websitefiles/images/general/men_default_left.png,WTT Official,F,2026-05-13T21:19:43.809390+00:00
2161,Sanuka HERATH,Canada,439,2010-12-27,,N/A,,https://wttwebcmsprod.blob.core.windows.net/websitefiles/images/general/men_default_left.png,WTT Official,F,2026-05-13T21:19:44.606583+00:00
2162,CHOI Kanggeon,Korea Republic,440,2011-07-03,,N/A,77.77777777777777,https://wttwebcmsprod.blob.core.windows.net/websitefiles/images/general/men_default_left.png,WTT Official,F,2026-05-13T21:19:45.408449+00:00
2163,Enmanuel SALCEDO,Venezuela,441,2012-02-23,,N/A,,https://wttwebcmsprod.blob.core.windows.net/websitefiles/images/general/men_default_left.png,WTT Official,F,2026-05-13T21:19:46.203958+00:00
2164,Jamie EILING,Belgium,443,2009-02-09,,N/A,30.0,https://wttwebcmsprod.blob.core.windows.net/websitefiles/images/general/men_default_left.png,WTT Official,F,2026-05-13T21:19:47.828318+00:00
2165,KAM Hang Lok,"Hong Kong, China",444,2011-04-01,,N/A,45.45454545454545,https://wttwebcmsprod.blob.core.windows.net/websitefiles/images/general/men_default_left.png,WTT Official,F,2026-05-13T21:19:48.649229+00:00
2166,Abdullah ALHENAKI,Saudi Arabia,445,2008-04-18,,N/A,33.333333333333336,https://wttwebcmsprod.blob.core.windows.net/websitefiles/images/general/men_default_left.png,WTT Official,F,2026-05-13T21:19:49.457291+00:00
2167,Mircea CHIRITA,Romania,446,2010-06-03,,N/A,33.333333333333336,https://wttsimfiles.blob.core.windows.net/wtt-media/photos/400px/204654_Headshot_R_Nircea CHIRITA.png,WTT Official,F,2026-05-13T21:19:50.271236+00:00
2168,Yuichi AMARILLA,Paraguay,447,2009-05-05,,N/A,38.46153846153846,https://wttwebcmsprod.blob.core.windows.net/websitefiles/images/general/men_default_left.png,WTT Official,F,2026-05-13T21:19:51.076411+00:00
2169,Sounav BARMAN,India,449,2009-01-16,,N/A,62.5,https://wttwebcmsprod.blob.core.windows.net/websitefiles/images/general/men_default_left.png,WTT Official,F,2026-05-13T21:19:52.703122+00:00
1482,Michel ABI NADER,Lebanon,451,2011-01-18,,N/A,35.714285714285715,https://wttwebcmsprod.blob.core.windows.net/websitefiles/images/general/men_default_left.png,WTT Official,F,2026-05-13T21:19:54.320346+00:00
2146,YU Yiyang,China,421,2012-03-30,,N/A,73.91304347826087,https://wttwebcmsprod.blob.core.windows.net/websitefiles/images/general/men_default_left.png,WTT Official,F,2026-05-13T21:19:29.867260+00:00
2147,Luca MARCIAL,Argentina,422,2013-12-07,,N/A,91.30434782608695,https://wttwebcmsprod.blob.core.windows.net/websitefiles/images/general/men_default_left.png,WTT Official,F,2026-05-13T21:19:30.675304+00:00
2172,Matvii TRETIAK,Ukraine,455,2009-09-15,,N/A,31.25,https://wttwebcmsprod.blob.core.windows.net/websitefiles/images/general/men_default_left.png,WTT Official,F,2026-05-13T21:19:57.568251+00:00
2173,LOH Yi Xi,Singapore,456,2012-03-12,,N/A,42.857142857142854,https://wttsimfiles.blob.core.windows.net/wtt-media/photos/400px/206845_Headshot_R_LOH_Yi Xi.png,WTT Official,F,2026-05-13T21:19:58.371492+00:00
2174,Francisco SERRANO,Spain,457,2011-01-30,,N/A,52.63157894736842,https://wttwebcmsprod.blob.core.windows.net/websitefiles/images/general/men_default_left.png,WTT Official,F,2026-05-13T21:19:59.172578+00:00
2175,Rabeah AL-KUWARI,Qatar,458,2014-09-04,,N/A,59.25925925925926,https://wttwebcmsprod.blob.core.windows.net/websitefiles/images/general/men_default_left.png,WTT Official,F,2026-05-13T21:19:59.981749+00:00
2176,Yousef ALHAWAI,United Arab Emirates,459,2011-02-04,,N/A,33.333333333333336,https://wttwebcmsprod.blob.core.windows.net/websitefiles/images/general/men_default_left.png,WTT Official,F,2026-05-13T21:20:00.783160+00:00
2177,Gonzalo VERA,Peru,460,2007-10-07,,N/A,,https://wttwebcmsprod.blob.core.windows.net/websitefiles/images/general/men_default_left.png,WTT Official,F,2026-05-13T21:20:01.597000+00:00
2178,Tidiane PUTOLA,Chad,462,2010-07-21,,N/A,42.857142857142854,https://wttwebcmsprod.blob.core.windows.net/websitefiles/images/general/men_default_left.png,WTT Official,F,2026-05-13T21:20:03.226272+00:00
2179,Rodrigo ANDRADE,Portugal,463,2011-03-10,,N/A,53.333333333333336,https://wttwebcmsprod.blob.core.windows.net/websitefiles/images/general/men_default_left.png,WTT Official,F,2026-05-13T21:20:04.041383+00:00
2180,Kirill MANALAKI,Germany,464,2013-04-30,,N/A,72.97297297297297,https://wttwebcmsprod.blob.core.windows.net/websitefiles/images/general/men_default_left.png,WTT Official,F,2026-05-13T21:20:04.842943+00:00
2181,Gonzalo MENDEZ,Paraguay,465,2008-04-28,,N/A,33.333333333333336,https://wttwebcmsprod.blob.core.windows.net/websitefiles/images/general/men_default_left.png,WTT Official,F,2026-05-13T21:20:06.246307+00:00
2133,Sasha CAMPAGNE,France,402,2011-04-03,,N/A,52.63157894736842,https://wttwebcmsprod.blob.core.windows.net/websitefiles/images/general/men_default_left.png,WTT Official,F,2026-05-13T21:19:14.506082+00:00
2171,Eric CHIRACHES,Romania,454,2010-05-07,,N/A,27.272727272727273,https://wttwebcmsprod.blob.core.windows.net/websitefiles/images/general/men_default_left.png,WTT Official,F,2026-05-13T21:19:56.734616+00:00
2170,Vitor MOTIKAWA,Brazil,452,2009-10-29,,N/A,42.857142857142854,https://wttsimfiles.blob.core.windows.net/wtt-media/photos/400px/205687_Headshot_R_MOTIKAWA_Vitor.png,WTT Official,F,2026-05-13T21:19:55.115029+00:00
2185,Sebastian LENZ,Germany,470,2011-08-12,,N/A,56.25,https://wttwebcmsprod.blob.core.windows.net/websitefiles/images/general/men_default_left.png,WTT Official,F,2026-05-13T21:20:10.414264+00:00
2186,Carlos SANTIVANEZ,Peru,471,2008-11-05,,N/A,33.333333333333336,https://wttwebcmsprod.blob.core.windows.net/websitefiles/images/general/men_default_left.png,WTT Official,F,2026-05-13T21:20:11.245052+00:00
2187,Matias VIVAS,Argentina,472,2008-04-28,,N/A,33.333333333333336,https://wttwebcmsprod.blob.core.windows.net/websitefiles/images/general/men_default_left.png,WTT Official,F,2026-05-13T21:20:12.072516+00:00
2188,Ianis GLIGORAS,Romania,474,2010-12-05,,N/A,57.142857142857146,https://wttwebcmsprod.blob.core.windows.net/websitefiles/images/general/men_default_left.png,WTT Official,F,2026-05-13T21:20:13.700574+00:00
2189,Iyed JMAIEL,Qatar,476,2010-08-30,,N/A,14.285714285714286,https://wttwebcmsprod.blob.core.windows.net/websitefiles/images/general/men_default_left.png,WTT Official,F,2026-05-13T21:20:15.364113+00:00
2190,David DROBOV,Ukraine,477,2014-09-14,,N/A,73.91304347826087,https://wttwebcmsprod.blob.core.windows.net/websitefiles/images/general/men_default_left.png,WTT Official,F,2026-05-13T21:20:16.174442+00:00
2191,Matthias SCHEURWATER,Netherlands,478,2007-10-10,,N/A,20.0,https://wttwebcmsprod.blob.core.windows.net/websitefiles/images/general/men_default_left.png,WTT Official,F,2026-05-13T21:20:16.975052+00:00
2192,Tobias HOLD,Austria,479,2007-01-11,,N/A,20.0,https://wttwebcmsprod.blob.core.windows.net/websitefiles/images/general/men_default_left.png,WTT Official,F,2026-05-13T21:20:17.787152+00:00
2193,Avesta ASKARZADEH,Iran,480,2009-03-11,,N/A,33.333333333333336,https://wttwebcmsprod.blob.core.windows.net/websitefiles/images/general/men_default_left.png,WTT Official,F,2026-05-13T21:20:18.605703+00:00
2194,Obada TABBAKH,Sweden,482,2007-01-28,,N/A,50.0,https://wttwebcmsprod.blob.core.windows.net/websitefiles/images/general/men_default_left.png,WTT Official,F,2026-05-13T21:20:20.248549+00:00
2195,CHAN Jing He,Singapore,483,2009-07-16,,N/A,,https://wttsimfiles.blob.core.windows.net/wtt-media/photos/400px/206415_HEADSHOT_R_CHAN_Jing_He.png,WTT Official,F,2026-05-13T21:20:21.049136+00:00
2196,Michael HARTONO,Indonesia,484,2011-05-10,,N/A,38.888888888888886,https://wttsimfiles.blob.core.windows.net/wtt-media/photos/400px/211144_Headshot_R_Michael HARTONO.png,WTT Official,F,2026-05-13T21:20:21.877024+00:00
2197,Yasin SHOARITEHRANI,Iran,485,2014-07-26,,N/A,,https://wttwebcmsprod.blob.core.windows.net/websitefiles/images/general/men_default_left.png,WTT Official,F,2026-05-13T21:20:22.688912+00:00
2198,Miguel CABEZAS,Spain,486,2007-05-09,,N/A,,https://wttwebcmsprod.blob.core.windows.net/websitefiles/images/general/men_default_left.png,WTT Official,F,2026-05-13T21:20:23.501453+00:00
2199,Nikola MILADINOVIC,Serbia,487,2010-01-06,,N/A,50.0,https://wttwebcmsprod.blob.core.windows.net/websitefiles/images/general/men_default_left.png,WTT Official,F,2026-05-13T21:20:24.312434+00:00
2200,Adil AHMADZADA,Azerbaijan,488,2008-11-22,,N/A,,https://wttwebcmsprod.blob.core.windows.net/websitefiles/images/general/men_default_left.png,WTT Official,F,2026-05-13T21:20:25.129412+00:00
2201,ONG Zane,Singapore,489,2012-04-18,,N/A,60.0,https://wttsimfiles.blob.core.windows.net/wtt-media/photos/400px/203091_Headshot_R_ONG_Zane.png,WTT Official,F,2026-05-13T21:20:25.951427+00:00
2202,Bruno DI GIROLAMO,Argentina,490,2012-11-14,,N/A,75.0,https://wttwebcmsprod.blob.core.windows.net/websitefiles/images/general/men_default_left.png,WTT Official,F,2026-05-13T21:20:26.784084+00:00
2203,Sebastian AVILES,Costa Rica,491,2008-05-17,,N/A,0.0,https://wttwebcmsprod.blob.core.windows.net/websitefiles/images/general/men_default_left.png,WTT Official,F,2026-05-13T21:20:27.600560+00:00
2204,PENG Jing En,Chinese Taipei,492,2008-03-17,,N/A,,https://wttwebcmsprod.blob.core.windows.net/websitefiles/images/general/men_default_left.png,WTT Official,F,2026-05-13T21:20:28.399487+00:00
2205,Darryl TSAO,USA,493,2007-03-06,,N/A,,https://wttsimfiles.blob.core.windows.net/wtt-media/photos/400px/HEADSHOT_R_TSAO_Darryl.png,WTT Official,F,2026-05-13T21:20:29.200683+00:00
2206,Simon SIERRA,Colombia,494,2007-02-08,,N/A,,https://wttwebcmsprod.blob.core.windows.net/websitefiles/images/general/men_default_left.png,WTT Official,F,2026-05-13T21:20:30.008829+00:00
2207,Hugo LAPINA,France,495,2008-08-24,,N/A,0.0,https://wttwebcmsprod.blob.core.windows.net/websitefiles/images/general/men_default_left.png,WTT Official,F,2026-05-13T21:20:30.815586+00:00
2208,Angel MELENDEZ,Puerto Rico,496,2012-05-01,,N/A,48.38709677419355,https://wttwebcmsprod.blob.core.windows.net/websitefiles/images/general/men_default_left.png,WTT Official,F,2026-05-13T21:20:31.620890+00:00
2209,Antoine JACQUES,France,497,2010-03-13,,N/A,,https://wttwebcmsprod.blob.core.windows.net/websitefiles/images/general/men_default_left.png,WTT Official,F,2026-05-13T21:20:32.437924+00:00
2210,Jakub HUBKA,Poland,498,2011-10-26,,N/A,61.111111111111114,https://wttwebcmsprod.blob.core.windows.net/websitefiles/images/general/men_default_left.png,WTT Official,F,2026-05-13T21:20:33.252879+00:00
2211,Matei NITA,Romania,499,2013-08-08,,N/A,74.19354838709677,https://wttwebcmsprod.blob.core.windows.net/websitefiles/images/general/men_default_left.png,WTT Official,F,2026-05-13T21:20:34.055867+00:00
2212,Oriol MARTINEZ,Andorra,500,2010-11-09,,N/A,33.333333333333336,https://wttwebcmsprod.blob.core.windows.net/websitefiles/images/general/men_default_left.png,WTT Official,F,2026-05-13T21:20:34.864515+00:00
2213,Bakdaulet SAURBAY,Kazakhstan,501,2009-01-28,,N/A,66.66666666666667,https://wttwebcmsprod.blob.core.windows.net/websitefiles/images/general/men_default_left.png,WTT Official,F,2026-05-13T21:20:48.399599+00:00
2215,Agustin DOMINGUEZ,Argentina,503,2009-06-04,,N/A,50.0,https://wttwebcmsprod.blob.core.windows.net/websitefiles/images/general/men_default_left.png,WTT Official,F,2026-05-13T21:20:50.018103+00:00
2216,Ronald SARKAR,India,504,2009-12-30,,N/A,57.142857142857146,https://wttwebcmsprod.blob.core.windows.net/websitefiles/images/general/men_default_left.png,WTT Official,F,2026-05-13T21:20:50.831039+00:00
2217,Giuliano LA VIA,Argentina,505,2009-09-06,,N/A,57.142857142857146,https://wttwebcmsprod.blob.core.windows.net/websitefiles/images/general/men_default_left.png,WTT Official,F,2026-05-13T21:20:51.644171+00:00
2183,Rishaan CHATTOPADHAYAY,India,468,2012-08-20,,N/A,65.0,https://wttwebcmsprod.blob.core.windows.net/websitefiles/images/general/men_default_left.png,WTT Official,F,2026-05-13T21:20:08.789621+00:00
2184,Akash RAJAVELU,India,469,2011-01-05,,N/A,55.0,https://wttwebcmsprod.blob.core.windows.net/websitefiles/images/general/men_default_left.png,WTT Official,F,2026-05-13T21:20:09.598567+00:00
2220,Andya MOHAMMED,Iraq,509,2014-01-01,,N/A,81.81818181818181,https://wttsimfiles.blob.core.windows.net/wtt-media/photos/400px/201220_Headshot_R_Andya MOHAMMED.png,WTT Official,F,2026-05-13T21:20:54.923968+00:00
2218,Boris VILLAVICENCIO,Ecuador,743,2012-01-03,,N/A,,https://wttwebcmsprod.blob.core.windows.net/websitefiles/images/general/men_default_left.png,WTT Official,F,2026-05-13T21:24:32.912884+00:00
2182,TANG Joshua,Singapore,466,2008-01-08,,N/A,,https://wttwebcmsprod.blob.core.windows.net/websitefiles/images/general/men_default_left.png,WTT Official,F,2026-05-13T21:20:07.166898+00:00
2219,Sergio PEREZ,Puerto Rico,508,2010-02-26,,N/A,,https://wttsimfiles.blob.core.windows.net/wtt-media/photos/400px/200598_HEADSHOT_R_PEREZ_Sergio.png,WTT Official,F,2026-05-13T21:20:54.111353+00:00
2214,Simone GARELLO,Italy,502,2008-10-06,,N/A,,https://wttwebcmsprod.blob.core.windows.net/websitefiles/images/general/men_default_left.png,WTT Official,F,2026-05-13T21:20:49.204437+00:00
2224,Assylkhan MAGZUMBEKOV,Kazakhstan,513,2010-07-21,,N/A,44.44444444444444,https://wttwebcmsprod.blob.core.windows.net/websitefiles/images/general/men_default_left.png,WTT Official,F,2026-05-13T21:20:58.164303+00:00
2225,Jose RIVERA,Puerto Rico,514,2012-10-02,,N/A,55.55555555555556,https://wttwebcmsprod.blob.core.windows.net/websitefiles/images/general/men_default_left.png,WTT Official,F,2026-05-13T21:20:59.072877+00:00
2226,Michael FARNES,Norway,515,2008-04-27,,N/A,,https://wttwebcmsprod.blob.core.windows.net/websitefiles/images/general/men_default_left.png,WTT Official,F,2026-05-13T21:20:59.878326+00:00
2227,Mikolaj PILCH,Poland,516,2011-02-28,,N/A,68.75,https://wttwebcmsprod.blob.core.windows.net/websitefiles/images/general/men_default_left.png,WTT Official,F,2026-05-13T21:21:00.691970+00:00
2228,YOON Jaeyeon,Korea Republic,517,2011-04-25,,N/A,,https://wttsimfiles.blob.core.windows.net/wtt-media/photos/400px/206086_Headshot_R_YOON Jaeyeon.png,WTT Official,F,2026-05-13T21:21:01.509298+00:00
2229,Allen MAO,USA,518,2015-08-19,,N/A,95.65217391304348,https://wttwebcmsprod.blob.core.windows.net/websitefiles/images/general/men_default_left.png,WTT Official,F,2026-05-13T21:21:02.329492+00:00
2230,Boris BONCHEV,Bulgaria,519,2009-12-27,,N/A,,https://wttwebcmsprod.blob.core.windows.net/websitefiles/images/general/men_default_left.png,WTT Official,F,2026-05-13T21:21:03.138084+00:00
2231,Ramez AL DAKDOUKI,Lebanon,521,2009-05-15,,N/A,,https://wttwebcmsprod.blob.core.windows.net/websitefiles/images/general/men_default_left.png,WTT Official,F,2026-05-13T21:21:04.774098+00:00
2232,Mohammed ALAALI,Bahrain,522,2008-10-13,,N/A,20.0,https://wttwebcmsprod.blob.core.windows.net/websitefiles/images/general/men_default_left.png,WTT Official,F,2026-05-13T21:21:05.587565+00:00
2233,MUHAMMAD Faiz,Malaysia,523,2012-10-01,,N/A,43.75,https://wttsimfiles.blob.core.windows.net/wtt-media/photos/400px/212091_Headshot_R_MUHAMMAD Faiz.png,WTT Official,F,2026-05-13T21:21:06.389474+00:00
2234,Pakzad RAHIMYAN,Iran,524,2012-08-15,,N/A,,https://wttwebcmsprod.blob.core.windows.net/websitefiles/images/general/men_default_left.png,WTT Official,F,2026-05-13T21:21:07.197513+00:00
2235,Branko DRAGOLJEVIC,Serbia,525,2011-11-30,,N/A,45.0,https://wttwebcmsprod.blob.core.windows.net/websitefiles/images/general/men_default_left.png,WTT Official,F,2026-05-13T21:21:08.008626+00:00
2236,Angel HERNANDEZ,Venezuela,527,2011-09-13,,N/A,,https://wttwebcmsprod.blob.core.windows.net/websitefiles/images/general/men_default_left.png,WTT Official,F,2026-05-13T21:21:09.638412+00:00
1662,Christopher OCAMPOS,Philippines,529,2007-02-14,,N/A,,https://wttwebcmsprod.blob.core.windows.net/websitefiles/images/general/men_default_left.png,WTT Official,F,2026-05-13T21:21:11.252174+00:00
2222,Muhammet ATAKUL,Türkiye,511,2008-09-01,,N/A,0.0,https://wttwebcmsprod.blob.core.windows.net/websitefiles/images/general/men_default_left.png,WTT Official,F,2026-05-13T21:20:56.544446+00:00
2239,Jakub TURECKI,Poland,532,2011-08-05,,N/A,83.33333333333333,https://wttwebcmsprod.blob.core.windows.net/websitefiles/images/general/men_default_left.png,WTT Official,F,2026-05-13T21:21:13.688517+00:00
2240,Yousef ALBAYAYDAH,Jordan,533,2008-09-13,,N/A,,https://wttwebcmsprod.blob.core.windows.net/websitefiles/images/general/men_default_left.png,WTT Official,F,2026-05-13T21:21:14.513319+00:00
2241,Andrej KOZUL,Croatia,534,2009-04-11,,N/A,42.857142857142854,https://wttwebcmsprod.blob.core.windows.net/websitefiles/images/general/men_default_left.png,WTT Official,F,2026-05-13T21:21:15.313671+00:00
2242,Simon ACIMOVIC,Austria,535,2007-09-16,,N/A,33.333333333333336,https://wttwebcmsprod.blob.core.windows.net/websitefiles/images/general/men_default_left.png,WTT Official,F,2026-05-13T21:21:16.118424+00:00
2243,Aleksander PILCH,Poland,536,2008-03-05,,N/A,0.0,https://wttwebcmsprod.blob.core.windows.net/websitefiles/images/general/men_default_left.png,WTT Official,F,2026-05-13T21:21:16.935352+00:00
2244,Luca ROMERO,Spain,537,2013-05-16,,N/A,62.16216216216216,https://wttwebcmsprod.blob.core.windows.net/websitefiles/images/general/men_default_left.png,WTT Official,F,2026-05-13T21:21:17.949869+00:00
2245,Theo CRUZ,Brazil,539,2007-01-03,,N/A,33.333333333333336,https://wttwebcmsprod.blob.core.windows.net/websitefiles/images/general/men_default_left.png,WTT Official,F,2026-05-13T21:21:19.575009+00:00
2246,Prateek TULSANI,India,540,2012-04-05,,N/A,42.857142857142854,https://wttwebcmsprod.blob.core.windows.net/websitefiles/images/general/men_default_left.png,WTT Official,F,2026-05-13T21:21:20.377782+00:00
2247,Denis BARBU,Moldova,541,2009-05-19,,N/A,11.11111111111111,https://wttwebcmsprod.blob.core.windows.net/websitefiles/images/general/men_default_left.png,WTT Official,F,2026-05-13T21:21:21.189273+00:00
2248,Seifeldin KASSEM,Egypt,542,2007-01-01,,N/A,,https://wttsimfiles.blob.core.windows.net/wtt-media/photos/400px/202701_HEADSHOT_R_KASSEM_Seifeldin.png,WTT Official,F,2026-05-13T21:21:22.002145+00:00
2249,Spyros SARIGIANNIDIS,Luxembourg,543,2011-07-20,,N/A,41.1764705882353,https://wttwebcmsprod.blob.core.windows.net/websitefiles/images/general/men_default_left.png,WTT Official,F,2026-05-13T21:21:22.827201+00:00
2250,Ahmad FAHES,Lebanon,544,2010-04-22,,N/A,,https://wttwebcmsprod.blob.core.windows.net/websitefiles/images/general/men_default_left.png,WTT Official,F,2026-05-13T21:21:23.629694+00:00
2251,Nurbol TOKTAMYS,Kazakhstan,545,2009-10-29,,N/A,0.0,https://wttwebcmsprod.blob.core.windows.net/websitefiles/images/general/men_default_left.png,WTT Official,F,2026-05-13T21:21:24.431056+00:00
2252,Shunta HARASAWA,Japan,546,2012-12-11,,N/A,,https://wttwebcmsprod.blob.core.windows.net/websitefiles/images/general/men_default_left.png,WTT Official,F,2026-05-13T21:21:25.239216+00:00
2253,Lucas ADAO,Portugal,547,2010-04-30,,N/A,20.0,https://wttwebcmsprod.blob.core.windows.net/websitefiles/images/general/men_default_left.png,WTT Official,F,2026-05-13T21:21:26.042038+00:00
2254,Jonas GOLDING,Venezuela,548,2012-11-21,,N/A,,https://wttwebcmsprod.blob.core.windows.net/websitefiles/images/general/men_default_left.png,WTT Official,F,2026-05-13T21:21:26.854931+00:00
2255,Aliaksei KROT,AIN,549,2010-07-27,,N/A,0.0,https://wttwebcmsprod.blob.core.windows.net/websitefiles/images/general/men_default_left.png,WTT Official,F,2026-05-13T21:21:27.669244+00:00
2256,Urban JANC,Slovenia,551,2009-12-11,,N/A,20.0,https://wttwebcmsprod.blob.core.windows.net/websitefiles/images/general/men_default_left.png,WTT Official,F,2026-05-13T21:21:29.299322+00:00
2257,Cyprian MARCZAK,Poland,552,2009-03-10,,N/A,57.142857142857146,https://wttwebcmsprod.blob.core.windows.net/websitefiles/images/general/men_default_left.png,WTT Official,F,2026-05-13T21:21:30.112908+00:00
2221,LEE Seunghoon,Korea Republic,510,2012-03-18,,N/A,,https://wttwebcmsprod.blob.core.windows.net/websitefiles/images/general/men_default_left.png,WTT Official,F,2026-05-13T21:20:55.731580+00:00
2223,Joshua SAMS,Austria,512,2011-04-22,,N/A,40.90909090909091,https://wttwebcmsprod.blob.core.windows.net/websitefiles/images/general/men_default_left.png,WTT Official,F,2026-05-13T21:20:57.351399+00:00
2238,Parsa RAHIMIAN,Iran,531,2007-10-31,,N/A,,https://wttwebcmsprod.blob.core.windows.net/websitefiles/images/general/men_default_left.png,WTT Official,F,2026-05-13T21:21:12.887985+00:00
2237,Rayan VARDINEJAD,Australia,530,2007-02-24,,N/A,,https://wttwebcmsprod.blob.core.windows.net/websitefiles/images/general/men_default_left.png,WTT Official,F,2026-05-13T21:21:12.060570+00:00
2261,Maciej CIOSMAK,Poland,556,2009-12-13,,N/A,57.142857142857146,https://wttwebcmsprod.blob.core.windows.net/websitefiles/images/general/men_default_left.png,WTT Official,F,2026-05-13T21:21:33.451182+00:00
2262,Marcin LYP,Poland,557,2009-05-21,,N/A,42.857142857142854,https://wttwebcmsprod.blob.core.windows.net/websitefiles/images/general/men_default_left.png,WTT Official,F,2026-05-13T21:21:34.249767+00:00
2263,Rafael QUINTERO,Colombia,558,2009-06-09,,N/A,,https://wttwebcmsprod.blob.core.windows.net/websitefiles/images/general/men_default_left.png,WTT Official,F,2026-05-13T21:21:35.061396+00:00
2264,Jose GIMENEZ,Venezuela,559,2009-04-07,,N/A,,https://wttwebcmsprod.blob.core.windows.net/websitefiles/images/general/men_default_left.png,WTT Official,F,2026-05-13T21:21:35.869685+00:00
2265,Nurdaulet AZAMATULY,Kazakhstan,560,2012-07-22,,N/A,33.333333333333336,https://wttwebcmsprod.blob.core.windows.net/websitefiles/images/general/men_default_left.png,WTT Official,F,2026-05-13T21:21:36.685339+00:00
2266,Taba MUSTAFA,Iraq,561,2011-10-21,,N/A,,https://wttwebcmsprod.blob.core.windows.net/websitefiles/images/general/men_default_left.png,WTT Official,F,2026-05-13T21:21:37.487693+00:00
2267,Esteban AYALA,Puerto Rico,562,2010-10-06,,N/A,42.857142857142854,https://wttwebcmsprod.blob.core.windows.net/websitefiles/images/general/men_default_left.png,WTT Official,F,2026-05-13T21:21:38.287164+00:00
2268,Joshua ROBAYO,Ecuador,563,2007-08-12,,N/A,,https://wttwebcmsprod.blob.core.windows.net/websitefiles/images/general/men_default_left.png,WTT Official,F,2026-05-13T21:21:39.102962+00:00
2269,ZOU Tianxiang,Spain,564,2010-09-25,,N/A,33.333333333333336,https://wttwebcmsprod.blob.core.windows.net/websitefiles/images/general/men_default_left.png,WTT Official,F,2026-05-13T21:21:39.901357+00:00
2270,Ahmed ELSABBAGH,Egypt,565,2011-04-01,,N/A,,https://wttwebcmsprod.blob.core.windows.net/websitefiles/images/general/men_default_left.png,WTT Official,F,2026-05-13T21:21:40.729416+00:00
2271,Emil HASSELBALCH,Denmark,566,2010-05-16,,N/A,33.333333333333336,https://wttwebcmsprod.blob.core.windows.net/websitefiles/images/general/men_default_left.png,WTT Official,F,2026-05-13T21:21:41.537189+00:00
2272,Adam TERAIF,Bahrain,567,2010-10-23,,N/A,33.333333333333336,https://wttwebcmsprod.blob.core.windows.net/websitefiles/images/general/men_default_left.png,WTT Official,F,2026-05-13T21:21:42.350190+00:00
2273,Mansur SUIINDIK,Kazakhstan,568,2011-02-08,,N/A,66.66666666666667,https://wttwebcmsprod.blob.core.windows.net/websitefiles/images/general/men_default_left.png,WTT Official,F,2026-05-13T21:21:43.163838+00:00
2274,Alberto LOPEZ,Spain,569,2008-02-09,,N/A,,https://wttwebcmsprod.blob.core.windows.net/websitefiles/images/general/men_default_left.png,WTT Official,F,2026-05-13T21:21:43.970445+00:00
2275,Taavi SAMARAWEERA,Sri Lanka,570,2015-04-22,,N/A,66.66666666666667,https://wttsimfiles.blob.core.windows.net/wtt-media/photos/400px/207851_Headshot_R_Taavi SAMARAWEERA.png,WTT Official,F,2026-05-13T21:21:44.767735+00:00
2276,Deniz YAKIN,AIN,571,2011-02-24,,N/A,,https://wttwebcmsprod.blob.core.windows.net/websitefiles/images/general/men_default_left.png,WTT Official,F,2026-05-13T21:21:45.577774+00:00
2277,Fernando ACUNA,Paraguay,572,2011-05-21,,N/A,64.70588235294117,https://wttwebcmsprod.blob.core.windows.net/websitefiles/images/general/men_default_left.png,WTT Official,F,2026-05-13T21:21:46.387515+00:00
2278,Maksymilian KSIAZEK,Poland,573,2012-04-10,,N/A,27.272727272727273,https://wttwebcmsprod.blob.core.windows.net/websitefiles/images/general/men_default_left.png,WTT Official,F,2026-05-13T21:21:47.187409+00:00
2279,Adam NOTTELMANN,Denmark,574,2008-03-21,,N/A,,https://wttwebcmsprod.blob.core.windows.net/websitefiles/images/general/men_default_left.png,WTT Official,F,2026-05-13T21:21:47.999712+00:00
2280,Andrej BRECE,Slovak Republic,575,2011-07-28,,N/A,62.5,https://wttwebcmsprod.blob.core.windows.net/websitefiles/images/general/men_default_left.png,WTT Official,F,2026-05-13T21:21:48.811113+00:00
2281,Oliver BALVAR,Czechia,576,2009-10-10,,N/A,25.0,https://wttwebcmsprod.blob.core.windows.net/websitefiles/images/general/men_default_left.png,WTT Official,F,2026-05-13T21:21:49.612729+00:00
2282,Aryan SACHDEVA,India,577,2008-06-23,,N/A,50.0,https://wttwebcmsprod.blob.core.windows.net/websitefiles/images/general/men_default_left.png,WTT Official,F,2026-05-13T21:21:50.412672+00:00
2283,CHEN Yu-Chen,Chinese Taipei,578,2013-06-18,,N/A,,https://wttwebcmsprod.blob.core.windows.net/websitefiles/images/general/men_default_left.png,WTT Official,F,2026-05-13T21:21:51.239537+00:00
2284,Amirali JADIDI,Iran,579,2009-08-31,,N/A,,https://wttwebcmsprod.blob.core.windows.net/websitefiles/images/general/men_default_left.png,WTT Official,F,2026-05-13T21:21:52.058782+00:00
2285,Chrisnomar AVILES,Puerto Rico,581,2007-09-27,,N/A,66.66666666666667,https://wttwebcmsprod.blob.core.windows.net/websitefiles/images/general/men_default_left.png,WTT Official,F,2026-05-13T21:21:53.681976+00:00
2286,Manel LOZANO,Spain,582,2009-04-01,,N/A,33.333333333333336,https://wttwebcmsprod.blob.core.windows.net/websitefiles/images/general/men_default_left.png,WTT Official,F,2026-05-13T21:21:54.495546+00:00
2287,Noah LEBRASSEUR,France,583,2012-02-05,,N/A,11.11111111111111,https://wttwebcmsprod.blob.core.windows.net/websitefiles/images/general/men_default_left.png,WTT Official,F,2026-05-13T21:21:55.311128+00:00
2288,Matus KOSICKY,Slovak Republic,584,2011-07-13,,N/A,38.888888888888886,https://wttwebcmsprod.blob.core.windows.net/websitefiles/images/general/men_default_left.png,WTT Official,F,2026-05-13T21:21:56.127839+00:00
2289,Aoun MAAITEH,Jordan,585,2010-09-03,,N/A,20.0,https://wttwebcmsprod.blob.core.windows.net/websitefiles/images/general/men_default_left.png,WTT Official,F,2026-05-13T21:21:56.991787+00:00
2290,Alvaro GAMEZ,Spain,587,2007-02-20,,N/A,25.0,https://wttwebcmsprod.blob.core.windows.net/websitefiles/images/general/men_default_left.png,WTT Official,F,2026-05-13T21:21:58.622691+00:00
2291,Giulio D'ARCANGELI,Italy,588,2008-03-14,,N/A,,https://wttwebcmsprod.blob.core.windows.net/websitefiles/images/general/men_default_left.png,WTT Official,F,2026-05-13T21:21:59.438746+00:00
2292,Yassin GABER,Egypt,589,2007-04-20,,Right Hand / Shakehand,,https://wttwebcmsprod.blob.core.windows.net/websitefiles/images/general/men_default_left.png,WTT Official,F,2026-05-13T21:22:00.258389+00:00
2293,Nasser ALMARRI,United Arab Emirates,590,2012-03-26,,N/A,50.0,https://wttwebcmsprod.blob.core.windows.net/websitefiles/images/general/men_default_left.png,WTT Official,F,2026-05-13T21:22:01.058140+00:00
2294,Kazuto ITAGAKI,Germany,591,2010-01-27,,N/A,36.36363636363637,https://wttwebcmsprod.blob.core.windows.net/websitefiles/images/general/men_default_left.png,WTT Official,F,2026-05-13T21:22:01.872267+00:00
2295,Facundo LEHNER,Argentina,592,2010-05-10,,N/A,33.333333333333336,https://wttwebcmsprod.blob.core.windows.net/websitefiles/images/general/men_default_left.png,WTT Official,F,2026-05-13T21:22:02.693228+00:00
2258,Shrestho CHAKRABORTY,India,553,2010-01-12,,N/A,57.142857142857146,https://wttwebcmsprod.blob.core.windows.net/websitefiles/images/general/men_default_left.png,WTT Official,F,2026-05-13T21:21:30.922723+00:00
2259,Prajil BHATTARAI,Nepal,554,2010-04-26,,N/A,42.857142857142854,https://wttwebcmsprod.blob.core.windows.net/websitefiles/images/general/men_default_left.png,WTT Official,F,2026-05-13T21:21:31.725960+00:00
2260,Dhananjay THAKUR,India,555,2009-09-05,,N/A,77.77777777777777,https://wttwebcmsprod.blob.core.windows.net/websitefiles/images/general/men_default_left.png,WTT Official,F,2026-05-13T21:21:32.624793+00:00
2299,Kachatorn THIENGTRAKUL,Thailand,596,2008-11-08,,N/A,,https://wttwebcmsprod.blob.core.windows.net/websitefiles/images/general/men_default_left.png,WTT Official,F,2026-05-13T21:22:05.926183+00:00
2300,Luca OPREA,Romania,597,2007-01-25,,Right Hand / Shakehand,33.333333333333336,https://wttwebcmsprod.blob.core.windows.net/websitefiles/images/general/men_default_left.png,WTT Official,F,2026-05-13T21:22:06.739271+00:00
2301,Swapnanil DUTTA,India,598,2009-11-03,,N/A,33.333333333333336,https://wttwebcmsprod.blob.core.windows.net/websitefiles/images/general/men_default_left.png,WTT Official,F,2026-05-13T21:22:07.558984+00:00
2302,Melker SJOSVARD,Sweden,599,2009-08-05,,N/A,,https://wttwebcmsprod.blob.core.windows.net/websitefiles/images/general/men_default_left.png,WTT Official,F,2026-05-13T21:22:08.363112+00:00
2303,Juan OMANA,Colombia,600,2009-05-17,,N/A,,https://wttwebcmsprod.blob.core.windows.net/websitefiles/images/general/men_default_left.png,WTT Official,F,2026-05-13T21:22:09.180223+00:00
2304,Petter MORTENSEN,Norway,601,2008-02-18,,N/A,,https://wttwebcmsprod.blob.core.windows.net/websitefiles/images/general/men_default_left.png,WTT Official,F,2026-05-13T21:22:23.124771+00:00
2305,Jayanth RAJASHEKHAR,India,602,2010-08-17,,N/A,50.0,https://wttwebcmsprod.blob.core.windows.net/websitefiles/images/general/men_default_left.png,WTT Official,F,2026-05-13T21:22:23.937886+00:00
2306,Parth PRABHAKAR,India,603,2010-07-19,,N/A,50.0,https://wttwebcmsprod.blob.core.windows.net/websitefiles/images/general/men_default_left.png,WTT Official,F,2026-05-13T21:22:24.745970+00:00
2307,Sharif NSEREKO,Uganda,604,2012-01-15,,N/A,66.66666666666667,https://wttwebcmsprod.blob.core.windows.net/websitefiles/images/general/men_default_left.png,WTT Official,F,2026-05-13T21:22:25.561563+00:00
2308,Cristian SANCHEZ,Spain,605,2009-08-17,,N/A,30.0,https://wttwebcmsprod.blob.core.windows.net/websitefiles/images/general/men_default_left.png,WTT Official,F,2026-05-13T21:22:26.385566+00:00
2309,Yashvasin BOLISHETTY,India,606,2011-06-10,,N/A,0.0,https://wttwebcmsprod.blob.core.windows.net/websitefiles/images/general/men_default_left.png,WTT Official,F,2026-05-13T21:22:27.199187+00:00
2310,Maor NICHANEVICH,Israel,607,2011-03-09,,N/A,,https://wttwebcmsprod.blob.core.windows.net/websitefiles/images/general/men_default_left.png,WTT Official,F,2026-05-13T21:22:28.021066+00:00
2311,Tobias MARTINEZ,Argentina,608,2010-03-18,,N/A,40.0,https://wttwebcmsprod.blob.core.windows.net/websitefiles/images/general/men_default_left.png,WTT Official,F,2026-05-13T21:22:28.864312+00:00
2312,Maksymilian SAWINA,Poland,609,2008-01-27,,N/A,50.0,https://wttwebcmsprod.blob.core.windows.net/websitefiles/images/general/men_default_left.png,WTT Official,F,2026-05-13T21:22:29.672333+00:00
2313,Kacper SZURLEJ,Poland,610,2007-06-11,,N/A,60.0,https://wttwebcmsprod.blob.core.windows.net/websitefiles/images/general/men_default_left.png,WTT Official,F,2026-05-13T21:22:30.478550+00:00
2314,Vojtech JIROUT,Czechia,611,2007-06-19,,N/A,50.0,https://wttwebcmsprod.blob.core.windows.net/websitefiles/images/general/men_default_left.png,WTT Official,F,2026-05-13T21:22:31.287580+00:00
2315,Jakub NOSIADEK,Poland,612,2007-06-05,,N/A,75.0,https://wttwebcmsprod.blob.core.windows.net/websitefiles/images/general/men_default_left.png,WTT Official,F,2026-05-13T21:22:32.099727+00:00
2316,Henry IBARRA,Ecuador,614,2007-09-12,,N/A,,https://wttwebcmsprod.blob.core.windows.net/websitefiles/images/general/men_default_left.png,WTT Official,F,2026-05-13T21:22:33.712952+00:00
2317,Leandro FERREIRA,Brazil,615,2011-01-07,,N/A,,https://wttwebcmsprod.blob.core.windows.net/websitefiles/images/general/men_default_left.png,WTT Official,F,2026-05-13T21:22:34.529177+00:00
2318,Giorgos TZIAMBOS,Cyprus,616,2011-09-26,,N/A,46.666666666666664,https://wttwebcmsprod.blob.core.windows.net/websitefiles/images/general/men_default_left.png,WTT Official,F,2026-05-13T21:22:35.351984+00:00
2319,Hachim TISSAFI IDRISSI,France,617,2014-10-06,,N/A,64.0,https://wttwebcmsprod.blob.core.windows.net/websitefiles/images/general/men_default_left.png,WTT Official,F,2026-05-13T21:22:36.153518+00:00
2320,Hongze SHAN,Canada,618,2009-04-24,,N/A,,https://wttwebcmsprod.blob.core.windows.net/websitefiles/images/general/men_default_left.png,WTT Official,F,2026-05-13T21:22:36.955934+00:00
2321,Mukhammadali KURBANTAYEV,Kazakhstan,619,2008-05-20,,N/A,,https://wttwebcmsprod.blob.core.windows.net/websitefiles/images/general/men_default_left.png,WTT Official,F,2026-05-13T21:22:37.757346+00:00
2322,Vladimir FILIMON,Romania,620,2015-11-17,,N/A,87.09677419354838,https://wttwebcmsprod.blob.core.windows.net/websitefiles/images/general/men_default_left.png,WTT Official,F,2026-05-13T21:22:38.561287+00:00
2323,Richard FU,Australia,621,2008-09-30,,N/A,,https://wttwebcmsprod.blob.core.windows.net/websitefiles/images/general/men_default_left.png,WTT Official,F,2026-05-13T21:22:39.371059+00:00
2324,Arsha DADASHI,Iran,622,2010-07-17,,N/A,,https://wttwebcmsprod.blob.core.windows.net/websitefiles/images/general/men_default_left.png,WTT Official,F,2026-05-13T21:22:40.185132+00:00
2325,Himal BISTA,Nepal,623,2007-03-05,,N/A,33.333333333333336,https://wttwebcmsprod.blob.core.windows.net/websitefiles/images/general/men_default_left.png,WTT Official,F,2026-05-13T21:22:41.004993+00:00
2326,LUONG Do Manh,Vietnam,624,2009-02-08,,N/A,,https://wttwebcmsprod.blob.core.windows.net/websitefiles/images/general/men_default_left.png,WTT Official,F,2026-05-13T21:22:41.808047+00:00
2327,Cesar FIGUEROA,Venezuela,625,2010-08-12,,N/A,,https://wttwebcmsprod.blob.core.windows.net/websitefiles/images/general/men_default_left.png,WTT Official,F,2026-05-13T21:22:42.622535+00:00
2328,Joaquin MARIN,Venezuela,626,2012-09-12,,N/A,,https://wttwebcmsprod.blob.core.windows.net/websitefiles/images/general/men_default_left.png,WTT Official,F,2026-05-13T21:22:43.447405+00:00
2329,Tudor SAFTOIU,Romania,627,2011-07-20,,N/A,46.15384615384615,https://wttwebcmsprod.blob.core.windows.net/websitefiles/images/general/men_default_left.png,WTT Official,F,2026-05-13T21:22:44.247464+00:00
2330,Oleh KISYLEICHUK,Ukraine,628,2010-03-22,,N/A,36.36363636363637,https://wttwebcmsprod.blob.core.windows.net/websitefiles/images/general/men_default_left.png,WTT Official,F,2026-05-13T21:22:45.103989+00:00
2331,TRAN DUC HIEU Ho,Vietnam,629,2011-09-17,,N/A,,https://wttwebcmsprod.blob.core.windows.net/websitefiles/images/general/men_default_left.png,WTT Official,F,2026-05-13T21:22:45.913523+00:00
2332,Joel ROHALY,Germany,630,2013-11-08,,N/A,67.85714285714286,https://wttwebcmsprod.blob.core.windows.net/websitefiles/images/general/men_default_left.png,WTT Official,F,2026-05-13T21:22:46.716827+00:00
2333,Noah VALENTE,Luxembourg,631,2013-05-07,,N/A,60.0,https://wttwebcmsprod.blob.core.windows.net/websitefiles/images/general/men_default_left.png,WTT Official,F,2026-05-13T21:22:47.528178+00:00
2296,Pablo RAMIREZ,England,593,2011-04-14,,N/A,53.333333333333336,https://wttwebcmsprod.blob.core.windows.net/websitefiles/images/general/men_default_left.png,WTT Official,F,2026-05-13T21:22:03.506085+00:00
2297,Vincent SCHLOTTHAUER,Luxembourg,594,2011-10-07,,N/A,27.272727272727273,https://wttwebcmsprod.blob.core.windows.net/websitefiles/images/general/men_default_left.png,WTT Official,F,2026-05-13T21:22:04.318801+00:00
2298,Jan SLAVEC,Italy,595,2012-03-09,,N/A,27.272727272727273,https://wttwebcmsprod.blob.core.windows.net/websitefiles/images/general/men_default_left.png,WTT Official,F,2026-05-13T21:22:05.127202+00:00
2337,Krasen SAVOV,Bulgaria,635,2012-01-19,,N/A,57.142857142857146,https://wttwebcmsprod.blob.core.windows.net/websitefiles/images/general/men_default_left.png,WTT Official,F,2026-05-13T21:22:50.815306+00:00
2338,Jake DAVIDSON,England,636,2010-09-15,,N/A,,https://wttwebcmsprod.blob.core.windows.net/websitefiles/images/general/men_default_left.png,WTT Official,F,2026-05-13T21:22:51.634829+00:00
2339,Param BHIWANDKAR,India,637,2012-06-21,,N/A,66.66666666666667,https://wttwebcmsprod.blob.core.windows.net/websitefiles/images/general/men_default_left.png,WTT Official,F,2026-05-13T21:22:52.437227+00:00
2340,Aaron DU,Canada,638,2009-03-30,,N/A,,https://wttwebcmsprod.blob.core.windows.net/websitefiles/images/general/men_default_left.png,WTT Official,F,2026-05-13T21:22:53.245447+00:00
2341,LEE Junho,Korea Republic,639,2012-08-30,,N/A,,https://wttwebcmsprod.blob.core.windows.net/websitefiles/images/general/men_default_left.png,WTT Official,F,2026-05-13T21:22:54.043645+00:00
2342,Thanaphat NOORKAEW,Thailand,640,2010-12-14,,N/A,,https://wttwebcmsprod.blob.core.windows.net/websitefiles/images/general/men_default_left.png,WTT Official,F,2026-05-13T21:22:54.858552+00:00
2343,Daniil SAVASTSYAN,AIN,641,2007-08-02,,N/A,,https://wttwebcmsprod.blob.core.windows.net/websitefiles/images/general/men_default_left.png,WTT Official,F,2026-05-13T21:22:55.657697+00:00
2344,ZHANG Heliang,China,642,2011-01-05,,N/A,71.42857142857143,https://wttwebcmsprod.blob.core.windows.net/websitefiles/images/general/men_default_left.png,WTT Official,F,2026-05-13T21:22:56.459627+00:00
2345,Viktor DIMITROV,Bulgaria,643,2011-09-14,,N/A,,https://wttwebcmsprod.blob.core.windows.net/websitefiles/images/general/men_default_left.png,WTT Official,F,2026-05-13T21:22:57.281778+00:00
2346,Kirill KANTAEV,AIN,644,2012-02-13,,N/A,,https://wttwebcmsprod.blob.core.windows.net/websitefiles/images/general/men_default_left.png,WTT Official,F,2026-05-13T21:22:58.084446+00:00
2347,Yohan OUELLET,Canada,645,2011-02-22,,N/A,20.0,https://wttwebcmsprod.blob.core.windows.net/websitefiles/images/general/men_default_left.png,WTT Official,F,2026-05-13T21:22:58.893722+00:00
2348,Jonathan KRAFT,Germany,646,2012-03-30,,N/A,37.5,https://wttwebcmsprod.blob.core.windows.net/websitefiles/images/general/men_default_left.png,WTT Official,F,2026-05-13T21:22:59.704777+00:00
2349,Salah ALLAM,Egypt,647,2014-02-20,,N/A,47.05882352941177,https://wttwebcmsprod.blob.core.windows.net/websitefiles/images/general/men_default_left.png,WTT Official,F,2026-05-13T21:23:00.522621+00:00
2350,Owen SHEMESH,Puerto Rico,648,2012-08-16,,N/A,34.78260869565217,https://wttwebcmsprod.blob.core.windows.net/websitefiles/images/general/men_default_left.png,WTT Official,F,2026-05-13T21:23:01.331459+00:00
2351,Ramazan NAZIR,Kazakhstan,649,2008-09-05,,N/A,,https://wttwebcmsprod.blob.core.windows.net/websitefiles/images/general/men_default_left.png,WTT Official,F,2026-05-13T21:23:02.190248+00:00
2352,Ara NASRALDEEN,Iraq,650,2010-01-01,,N/A,,https://wttwebcmsprod.blob.core.windows.net/websitefiles/images/general/men_default_left.png,WTT Official,F,2026-05-13T21:23:02.999263+00:00
2353,TAN Jayden,Singapore,651,2007-03-08,,N/A,,https://wttsimfiles.blob.core.windows.net/wtt-media/photos/400px/145809_HEADSHOT_R_TAN_Jayden.png,WTT Official,F,2026-05-13T21:23:03.810936+00:00
2354,Nikan SHIRVANI,Iran,652,2014-06-17,,N/A,81.81818181818181,https://wttwebcmsprod.blob.core.windows.net/websitefiles/images/general/men_default_left.png,WTT Official,F,2026-05-13T21:23:04.636770+00:00
2355,Gonzalo TIMBAL,Uruguay,653,2012-10-05,,N/A,41.666666666666664,https://wttwebcmsprod.blob.core.windows.net/websitefiles/images/general/men_default_left.png,WTT Official,F,2026-05-13T21:23:05.446382+00:00
2356,Vinicius RECH,Brazil,654,2010-10-03,,N/A,,https://wttsimfiles.blob.core.windows.net/wtt-media/photos/400px/201963_Headshot_R_RECH_Vinicius.png,WTT Official,F,2026-05-13T21:23:06.263426+00:00
2357,Axel TOBAR,Chile,655,2010-01-21,,N/A,27.272727272727273,https://wttwebcmsprod.blob.core.windows.net/websitefiles/images/general/men_default_left.png,WTT Official,F,2026-05-13T21:23:07.091844+00:00
2358,Ehsan SHARIATI,Iran,656,2010-10-31,,N/A,,https://wttwebcmsprod.blob.core.windows.net/websitefiles/images/general/men_default_left.png,WTT Official,F,2026-05-13T21:23:07.895034+00:00
2359,Sanjay JAGADISH,India,657,2012-03-10,,N/A,77.77777777777777,https://wttwebcmsprod.blob.core.windows.net/websitefiles/images/general/men_default_left.png,WTT Official,F,2026-05-13T21:23:08.699458+00:00
2360,Nir ENGLER,Israel,658,2011-01-12,,N/A,57.142857142857146,https://wttwebcmsprod.blob.core.windows.net/websitefiles/images/general/men_default_left.png,WTT Official,F,2026-05-13T21:23:09.497851+00:00
2361,Aarav PARIHAR,England,659,2011-08-03,,N/A,20.0,https://wttwebcmsprod.blob.core.windows.net/websitefiles/images/general/men_default_left.png,WTT Official,F,2026-05-13T21:23:10.301891+00:00
2362,Ervinas UZIALO,Lithuania,660,2007-08-26,,N/A,14.285714285714286,https://wttwebcmsprod.blob.core.windows.net/websitefiles/images/general/men_default_left.png,WTT Official,F,2026-05-13T21:23:11.105800+00:00
2363,Pit SCHOLTES,Luxembourg,661,2007-11-12,,N/A,28.571428571428573,https://wttwebcmsprod.blob.core.windows.net/websitefiles/images/general/men_default_left.png,WTT Official,F,2026-05-13T21:23:11.917399+00:00
2364,Foos FERBER,Luxembourg,662,2007-01-19,,N/A,42.857142857142854,https://wttwebcmsprod.blob.core.windows.net/websitefiles/images/general/men_default_left.png,WTT Official,F,2026-05-13T21:23:12.751573+00:00
2365,Mateusz ORSZULAK,Poland,663,2011-03-25,,N/A,50.0,https://wttwebcmsprod.blob.core.windows.net/websitefiles/images/general/men_default_left.png,WTT Official,F,2026-05-13T21:23:13.570755+00:00
2366,Francisco URFEIG,Argentina,664,2012-03-06,,N/A,42.857142857142854,https://wttwebcmsprod.blob.core.windows.net/websitefiles/images/general/men_default_left.png,WTT Official,F,2026-05-13T21:23:14.372435+00:00
2367,Sandro LAIR,Luxembourg,665,2011-12-08,,N/A,33.333333333333336,https://wttwebcmsprod.blob.core.windows.net/websitefiles/images/general/men_default_left.png,WTT Official,F,2026-05-13T21:23:15.185252+00:00
2368,Mohammed SARBAST,Iraq,666,2009-01-22,,N/A,,https://wttwebcmsprod.blob.core.windows.net/websitefiles/images/general/men_default_left.png,WTT Official,F,2026-05-13T21:23:15.999086+00:00
2369,Abdalrahman REDA,Egypt,667,2007-11-03,,N/A,,https://wttwebcmsprod.blob.core.windows.net/websitefiles/images/general/men_default_left.png,WTT Official,F,2026-05-13T21:23:16.800437+00:00
2370,Mark VORONOI,Ukraine,669,2014-06-22,,N/A,70.58823529411765,https://wttwebcmsprod.blob.core.windows.net/websitefiles/images/general/men_default_left.png,WTT Official,F,2026-05-13T21:23:18.476498+00:00
2371,Sergio MENDEZ,Spain,670,2011-04-04,,N/A,33.333333333333336,https://wttwebcmsprod.blob.core.windows.net/websitefiles/images/general/men_default_left.png,WTT Official,F,2026-05-13T21:23:19.293456+00:00
2334,Mateusz GAWLAS,Poland,632,2009-12-28,,N/A,66.66666666666667,https://wttwebcmsprod.blob.core.windows.net/websitefiles/images/general/men_default_left.png,WTT Official,F,2026-05-13T21:22:48.341190+00:00
2335,Trishal SURAPUREDDY,India,633,2010-06-23,,N/A,55.55555555555556,https://wttwebcmsprod.blob.core.windows.net/websitefiles/images/general/men_default_left.png,WTT Official,F,2026-05-13T21:22:49.155817+00:00
2336,Jeronimo VALENCIA,Colombia,634,2008-01-03,,N/A,,https://wttwebcmsprod.blob.core.windows.net/websitefiles/images/general/men_default_left.png,WTT Official,F,2026-05-13T21:22:49.966826+00:00
2374,Mate GAMBARASHVILI,Georgia,674,2011-08-25,,N/A,33.333333333333336,https://wttwebcmsprod.blob.core.windows.net/websitefiles/images/general/men_default_left.png,WTT Official,F,2026-05-13T21:23:22.567511+00:00
2375,Sayed ALAWI,Bahrain,675,2012-04-24,,N/A,57.142857142857146,https://wttwebcmsprod.blob.core.windows.net/websitefiles/images/general/men_default_left.png,WTT Official,F,2026-05-13T21:23:23.401983+00:00
2376,Vishruth RAGHURAM,USA,676,2014-07-28,,N/A,78.94736842105263,https://wttwebcmsprod.blob.core.windows.net/websitefiles/images/general/men_default_left.png,WTT Official,F,2026-05-13T21:23:24.233071+00:00
2377,Sarawut SANGKARAT,Thailand,677,2009-01-14,,N/A,,https://wttwebcmsprod.blob.core.windows.net/websitefiles/images/general/men_default_left.png,WTT Official,F,2026-05-13T21:23:25.059549+00:00
2378,Arnav JAIN,USA,678,2008-07-09,,N/A,,https://wttwebcmsprod.blob.core.windows.net/websitefiles/images/general/men_default_left.png,WTT Official,F,2026-05-13T21:23:25.869502+00:00
2379,Georgios KOSMAS,Greece,679,2008-09-14,,N/A,,https://wttwebcmsprod.blob.core.windows.net/websitefiles/images/general/men_default_left.png,WTT Official,F,2026-05-13T21:23:26.696806+00:00
2380,Rahmatillo ABDURASHIDOV,Uzbekistan,680,2011-10-28,,N/A,80.0,https://wttwebcmsprod.blob.core.windows.net/websitefiles/images/general/men_default_left.png,WTT Official,F,2026-05-13T21:23:27.506523+00:00
2381,Andres Jesus LOPEZ PATINEZ,Venezuela,681,2010-07-08,,N/A,,https://wttwebcmsprod.blob.core.windows.net/websitefiles/images/general/men_default_left.png,WTT Official,F,2026-05-13T21:23:28.330876+00:00
2382,Igor CASIM,Moldova,682,2010-12-09,,N/A,11.11111111111111,https://wttwebcmsprod.blob.core.windows.net/websitefiles/images/general/men_default_left.png,WTT Official,F,2026-05-13T21:23:29.152833+00:00
2383,Benjamin BIAN,Austria,683,2012-05-15,,N/A,30.0,https://wttwebcmsprod.blob.core.windows.net/websitefiles/images/general/men_default_left.png,WTT Official,F,2026-05-13T21:23:29.977202+00:00
2384,Yusei SHIBATA,Japan,684,2013-08-16,,N/A,,https://wttwebcmsprod.blob.core.windows.net/websitefiles/images/general/men_default_left.png,WTT Official,F,2026-05-13T21:23:30.795460+00:00
2385,Rawezh MAJEED,Iraq,685,2013-01-28,,N/A,42.857142857142854,https://wttwebcmsprod.blob.core.windows.net/websitefiles/images/general/men_default_left.png,WTT Official,F,2026-05-13T21:23:31.606739+00:00
2386,XIA Yuan,USA,686,2008-01-25,,N/A,,https://wttwebcmsprod.blob.core.windows.net/websitefiles/images/general/men_default_left.png,WTT Official,F,2026-05-13T21:23:32.438554+00:00
2387,Jorge ALVES,Venezuela,687,2009-09-24,,N/A,,https://wttwebcmsprod.blob.core.windows.net/websitefiles/images/general/men_default_left.png,WTT Official,F,2026-05-13T21:23:33.241347+00:00
2388,Saul RIVEROS,Paraguay,688,2010-01-26,,N/A,11.11111111111111,https://wttwebcmsprod.blob.core.windows.net/websitefiles/images/general/men_default_left.png,WTT Official,F,2026-05-13T21:23:34.071655+00:00
2389,Vitja LUTSENKO,Belgium,689,2008-03-24,,N/A,,https://wttwebcmsprod.blob.core.windows.net/websitefiles/images/general/men_default_left.png,WTT Official,F,2026-05-13T21:23:34.898528+00:00
2390,Simeon STOICHKOV,Bulgaria,690,2008-05-23,,N/A,,https://wttwebcmsprod.blob.core.windows.net/websitefiles/images/general/men_default_left.png,WTT Official,F,2026-05-13T21:23:35.702710+00:00
2391,Hayder MNADE,Iraq,691,2008-06-02,,N/A,,https://wttwebcmsprod.blob.core.windows.net/websitefiles/images/general/men_default_left.png,WTT Official,F,2026-05-13T21:23:36.512162+00:00
2392,Jaafar SUWAED,Iraq,692,2008-02-23,,N/A,,https://wttwebcmsprod.blob.core.windows.net/websitefiles/images/general/men_default_left.png,WTT Official,F,2026-05-13T21:23:37.332017+00:00
2393,Daniel LIANG,Canada,693,2013-11-07,,N/A,75.0,https://wttwebcmsprod.blob.core.windows.net/websitefiles/images/general/men_default_left.png,WTT Official,F,2026-05-13T21:23:38.144608+00:00
2394,Ved PANCHAL,India,695,2010-11-22,,N/A,57.142857142857146,https://wttwebcmsprod.blob.core.windows.net/websitefiles/images/general/men_default_left.png,WTT Official,F,2026-05-13T21:23:39.790023+00:00
2395,Ezequiel SATO,Argentina,696,2011-10-13,,N/A,46.15384615384615,https://wttwebcmsprod.blob.core.windows.net/websitefiles/images/general/men_default_left.png,WTT Official,F,2026-05-13T21:23:40.624554+00:00
2396,Rastislav SVEC,Slovak Republic,697,2011-08-22,,N/A,,https://wttwebcmsprod.blob.core.windows.net/websitefiles/images/general/men_default_left.png,WTT Official,F,2026-05-13T21:23:41.454525+00:00
2397,Reah KROL,Israel,698,2013-03-09,,N/A,66.66666666666667,https://wttwebcmsprod.blob.core.windows.net/websitefiles/images/general/men_default_left.png,WTT Official,F,2026-05-13T21:23:42.264555+00:00
2398,Thanakrit UNGMANEEPRASERT,Thailand,699,2010-02-10,,N/A,,https://wttwebcmsprod.blob.core.windows.net/websitefiles/images/general/men_default_left.png,WTT Official,F,2026-05-13T21:23:43.074455+00:00
2399,Nicolas PIRAGUA,Colombia,700,2009-08-13,,N/A,20.0,https://wttwebcmsprod.blob.core.windows.net/websitefiles/images/general/men_default_left.png,WTT Official,F,2026-05-13T21:23:43.885617+00:00
2400,Ivan MANDZII,Ukraine,701,2008-12-09,,N/A,25.0,https://wttwebcmsprod.blob.core.windows.net/websitefiles/images/general/men_default_left.png,WTT Official,F,2026-05-13T21:23:57.995738+00:00
2401,Hugo PEREIRA,Portugal,702,2008-04-09,,N/A,0.0,https://wttwebcmsprod.blob.core.windows.net/websitefiles/images/general/men_default_left.png,WTT Official,F,2026-05-13T21:23:58.801335+00:00
2402,Richard FEBER,Czechia,703,2013-03-18,,N/A,46.666666666666664,https://wttwebcmsprod.blob.core.windows.net/websitefiles/images/general/men_default_left.png,WTT Official,F,2026-05-13T21:23:59.607583+00:00
2403,Tiago OLHERO,Portugal,704,2008-01-27,,N/A,14.285714285714286,https://wttwebcmsprod.blob.core.windows.net/websitefiles/images/general/men_default_left.png,WTT Official,F,2026-05-13T21:24:00.418015+00:00
2404,Ethan ZHOU,USA,705,2013-09-08,,N/A,90.9090909090909,https://wttwebcmsprod.blob.core.windows.net/websitefiles/images/general/men_default_left.png,WTT Official,F,2026-05-13T21:24:01.230391+00:00
2405,Marco CISARIK,Slovak Republic,707,2010-12-10,,N/A,0.0,https://wttwebcmsprod.blob.core.windows.net/websitefiles/images/general/men_default_left.png,WTT Official,F,2026-05-13T21:24:02.863166+00:00
2406,PARK Minhyeok,Korea Republic,708,2009-12-28,,N/A,,https://wttsimfiles.blob.core.windows.net/wtt-media/photos/400px/206020_HEADSHOT_R_PARK_Minhyeok.png,WTT Official,F,2026-05-13T21:24:03.684523+00:00
2407,Chris ANDERSEN,Germany,709,2007-02-03,,N/A,,https://wttwebcmsprod.blob.core.windows.net/websitefiles/images/general/men_default_left.png,WTT Official,F,2026-05-13T21:24:04.527983+00:00
2408,Lawi AHMED,Iraq,710,2011-08-08,,N/A,,https://wttwebcmsprod.blob.core.windows.net/websitefiles/images/general/men_default_left.png,WTT Official,F,2026-05-13T21:24:05.361349+00:00
2409,Darin SARDAR,Iraq,711,2011-01-19,,N/A,,https://wttwebcmsprod.blob.core.windows.net/websitefiles/images/general/men_default_left.png,WTT Official,F,2026-05-13T21:24:06.171556+00:00
2410,Argemiro MORY,Brazil,712,2011-01-29,,N/A,60.0,https://wttsimfiles.blob.core.windows.net/wtt-media/photos/400px/Argemiro-MORY_R.png,WTT Official,F,2026-05-13T21:24:07.597652+00:00
2373,LAI Rio,Singapore,673,2010-06-07,,N/A,,https://wttsimfiles.blob.core.windows.net/wtt-media/photos/400px/204068_Headshot_R_LAI_Rio.png,WTT Official,F,2026-05-13T21:23:21.757684+00:00
2414,Gustavo CERDA,Chile,716,2007-12-18,,N/A,50.0,https://wttwebcmsprod.blob.core.windows.net/websitefiles/images/general/men_default_left.png,WTT Official,F,2026-05-13T21:24:10.832863+00:00
2415,Aron KANLIC,Bosnia-Herzegovina,717,2007-10-18,,N/A,60.0,https://wttwebcmsprod.blob.core.windows.net/websitefiles/images/general/men_default_left.png,WTT Official,F,2026-05-13T21:24:11.637454+00:00
2416,Shriraam VELAYUTHAM,USA,718,2010-11-23,,N/A,,https://wttwebcmsprod.blob.core.windows.net/websitefiles/images/general/men_default_left.png,WTT Official,F,2026-05-13T21:24:12.435778+00:00
2417,Alejandro CORDERO,Ecuador,720,2011-07-09,,N/A,,https://wttwebcmsprod.blob.core.windows.net/websitefiles/images/general/men_default_left.png,WTT Official,F,2026-05-13T21:24:14.048401+00:00
2418,Faris AL TAHER,Saudi Arabia,721,2013-04-06,,N/A,52.38095238095238,https://wttwebcmsprod.blob.core.windows.net/websitefiles/images/general/men_default_left.png,WTT Official,F,2026-05-13T21:24:15.004177+00:00
2419,Yehor SHULHA,Ukraine,722,2009-03-03,,N/A,20.0,https://wttwebcmsprod.blob.core.windows.net/websitefiles/images/general/men_default_left.png,WTT Official,F,2026-05-13T21:24:15.817089+00:00
2420,Soen BONNET,France,723,2012-05-06,,N/A,,https://wttwebcmsprod.blob.core.windows.net/websitefiles/images/general/men_default_left.png,WTT Official,F,2026-05-13T21:24:16.628298+00:00
2421,Matej HASPEL,Germany,724,2008-05-02,,N/A,40.0,https://wttsimfiles.blob.core.windows.net/wtt-media/photos/400px/HEADSHOT_R_HASPEL_Matej.png,WTT Official,F,2026-05-13T21:24:17.437829+00:00
2422,Benjamin ZIJADIC,Bosnia-Herzegovina,725,2007-06-14,,Left Hand / Shakehand,20.0,https://wttwebcmsprod.blob.core.windows.net/websitefiles/images/general/men_default_left.png,WTT Official,F,2026-05-13T21:24:18.250652+00:00
2423,Matias LOPEZ,Colombia,729,2009-11-25,,N/A,,https://wttwebcmsprod.blob.core.windows.net/websitefiles/images/general/men_default_left.png,WTT Official,F,2026-05-13T21:24:21.513529+00:00
2424,Jack ROHR,Sweden,730,2008-09-06,,N/A,,https://wttwebcmsprod.blob.core.windows.net/websitefiles/images/general/men_default_left.png,WTT Official,F,2026-05-13T21:24:22.318828+00:00
2425,LEE Ao Ling,Malaysia,731,2009-11-19,,N/A,,https://wttwebcmsprod.blob.core.windows.net/websitefiles/images/general/men_default_left.png,WTT Official,F,2026-05-13T21:24:23.120252+00:00
2426,Gabriele BIANCHI,Italy,732,2008-07-19,,N/A,,https://wttwebcmsprod.blob.core.windows.net/websitefiles/images/general/men_default_left.png,WTT Official,F,2026-05-13T21:24:23.942347+00:00
2427,Laith BAROUDI,Syria,733,2009-03-09,,N/A,20.0,https://wttwebcmsprod.blob.core.windows.net/websitefiles/images/general/men_default_left.png,WTT Official,F,2026-05-13T21:24:24.758196+00:00
2428,Piotr SZARY,Poland,734,2009-12-25,,N/A,20.0,https://wttwebcmsprod.blob.core.windows.net/websitefiles/images/general/men_default_left.png,WTT Official,F,2026-05-13T21:24:25.576381+00:00
2429,Juan MOLINA,Argentina,735,2010-02-26,,N/A,20.0,https://wttwebcmsprod.blob.core.windows.net/websitefiles/images/general/men_default_left.png,WTT Official,F,2026-05-13T21:24:26.395808+00:00
2430,Ben-Luca KOEHLER,Germany,736,2010-01-24,,N/A,20.0,https://wttwebcmsprod.blob.core.windows.net/websitefiles/images/general/men_default_left.png,WTT Official,F,2026-05-13T21:24:27.216179+00:00
2431,Dafi PUTRA,Indonesia,737,2011-06-03,,N/A,,https://wttwebcmsprod.blob.core.windows.net/websitefiles/images/general/men_default_left.png,WTT Official,F,2026-05-13T21:24:28.030289+00:00
2432,Zong Gang LI,Canada,738,2008-08-07,,N/A,,https://wttwebcmsprod.blob.core.windows.net/websitefiles/images/general/men_default_left.png,WTT Official,F,2026-05-13T21:24:28.842240+00:00
2433,Ekkapop KONGSAKSRISAKUL,Thailand,739,2008-02-29,,N/A,,https://wttwebcmsprod.blob.core.windows.net/websitefiles/images/general/men_default_left.png,WTT Official,F,2026-05-13T21:24:29.659699+00:00
2434,Murilo TASSI,Brazil,740,2011-03-21,,N/A,53.333333333333336,https://wttsimfiles.blob.core.windows.net/wtt-media/photos/400px/200638_Headshot_R_TASSI_Murilo.png,WTT Official,F,2026-05-13T21:24:30.462422+00:00
2435,Ryusei SAWADA,Japan,742,2012-07-10,,N/A,,https://wttwebcmsprod.blob.core.windows.net/websitefiles/images/general/men_default_left.png,WTT Official,F,2026-05-13T21:24:32.093872+00:00
2436,Lucas ZHANG,Canada,745,2010-12-13,,N/A,,https://wttwebcmsprod.blob.core.windows.net/websitefiles/images/general/men_default_left.png,WTT Official,F,2026-05-13T21:24:34.570593+00:00
2437,Carlough FRANCIS,USA,746,2011-04-01,,N/A,50.0,https://wttwebcmsprod.blob.core.windows.net/websitefiles/images/general/men_default_left.png,WTT Official,F,2026-05-13T21:24:35.371559+00:00
2438,Jimi KOIVUMAKI,Finland,747,2011-01-18,,N/A,42.857142857142854,https://wttwebcmsprod.blob.core.windows.net/websitefiles/images/general/men_default_left.png,WTT Official,F,2026-05-13T21:24:36.189655+00:00
2439,Dawid JADAM,Poland,748,2007-03-12,,Right Hand / Shakehand,33.333333333333336,https://wttwebcmsprod.blob.core.windows.net/websitefiles/images/general/men_default_left.png,WTT Official,F,2026-05-13T21:24:36.988672+00:00
2440,Divyaj ROY,India,749,2008-10-16,,N/A,33.333333333333336,https://wttwebcmsprod.blob.core.windows.net/websitefiles/images/general/men_default_left.png,WTT Official,F,2026-05-13T21:24:37.796315+00:00
2441,Aaron FARIAS,India,750,2008-10-01,,N/A,33.333333333333336,https://wttwebcmsprod.blob.core.windows.net/websitefiles/images/general/men_default_left.png,WTT Official,F,2026-05-13T21:24:38.622094+00:00
2442,Soudarja DEY,India,751,2008-05-22,,N/A,33.333333333333336,https://wttwebcmsprod.blob.core.windows.net/websitefiles/images/general/men_default_left.png,WTT Official,F,2026-05-13T21:24:39.453048+00:00
2443,Soham DAS,India,752,2008-05-19,,N/A,33.333333333333336,https://wttwebcmsprod.blob.core.windows.net/websitefiles/images/general/men_default_left.png,WTT Official,F,2026-05-13T21:24:40.262663+00:00
2444,Chitransh SAKYA,India,753,2007-09-24,,N/A,66.66666666666667,https://wttwebcmsprod.blob.core.windows.net/websitefiles/images/general/men_default_left.png,WTT Official,F,2026-05-13T21:24:41.077582+00:00
2445,Ahmed MUHAMMAD,Saudi Arabia,754,2007-12-12,,N/A,33.333333333333336,https://wttwebcmsprod.blob.core.windows.net/websitefiles/images/general/men_default_left.png,WTT Official,F,2026-05-13T21:24:41.892711+00:00
2446,Michal JURCZUK,Poland,755,2007-07-30,,N/A,50.0,https://wttwebcmsprod.blob.core.windows.net/websitefiles/images/general/men_default_left.png,WTT Official,F,2026-05-13T21:24:42.701882+00:00
2447,Linus STIELER,Germany,756,2008-07-17,,N/A,33.333333333333336,https://wttwebcmsprod.blob.core.windows.net/websitefiles/images/general/men_default_left.png,WTT Official,F,2026-05-13T21:24:43.589836+00:00
2448,Radim NECHYBA,Czechia,757,2007-11-30,,N/A,33.333333333333336,https://wttwebcmsprod.blob.core.windows.net/websitefiles/images/general/men_default_left.png,WTT Official,F,2026-05-13T21:24:44.410437+00:00
2411,Rin TACHIKAWA,Japan,713,2010-05-11,,N/A,,https://wttwebcmsprod.blob.core.windows.net/websitefiles/images/general/men_default_left.png,WTT Official,F,2026-05-13T21:24:08.411516+00:00
2412,Shintaro YANAGIMOTO,Japan,714,2010-10-21,,N/A,,https://wttsimfiles.blob.core.windows.net/wtt-media/photos/400px/221415_HEADSHOT_R_Shintaro YANAGIMOTO.png,WTT Official,F,2026-05-13T21:24:09.210059+00:00
2413,Rudra JANA,India,715,2011-08-12,,N/A,66.66666666666667,https://wttwebcmsprod.blob.core.windows.net/websitefiles/images/general/men_default_left.png,WTT Official,F,2026-05-13T21:24:10.028803+00:00
2452,Dev Pranav BHATT,India,761,2013-07-27,,N/A,90.9090909090909,https://wttwebcmsprod.blob.core.windows.net/websitefiles/images/general/men_default_left.png,WTT Official,F,2026-05-13T21:24:47.651726+00:00
2453,Samuel BAQUERO,Colombia,762,2007-04-23,,N/A,,https://wttwebcmsprod.blob.core.windows.net/websitefiles/images/general/men_default_left.png,WTT Official,F,2026-05-13T21:24:48.471151+00:00
2454,Mathias HALVORSEN,Norway,763,2007-06-03,,N/A,,https://wttwebcmsprod.blob.core.windows.net/websitefiles/images/general/men_default_left.png,WTT Official,F,2026-05-13T21:24:49.291465+00:00
2455,Jayden CAI,USA,764,2011-05-23,,N/A,64.70588235294117,https://wttsimfiles.blob.core.windows.net/wtt-media/photos/400px/206316_R_Jayden CAI.png,WTT Official,F,2026-05-13T21:24:50.319784+00:00
2450,Manuel PROHASKA,Germany,759,2007-07-10,,N/A,,https://wttwebcmsprod.blob.core.windows.net/websitefiles/images/general/men_default_left.png,WTT Official,F,2026-05-13T21:24:46.027740+00:00
2456,Nicolae BUCUR,Moldova,765,2014-05-22,,N/A,65.625,https://wttwebcmsprod.blob.core.windows.net/websitefiles/images/general/men_default_left.png,WTT Official,F,2026-05-13T21:24:51.126451+00:00
2458,Luciano MEDRANO,Netherlands,767,2011-06-14,,N/A,27.272727272727273,https://wttwebcmsprod.blob.core.windows.net/websitefiles/images/general/men_default_left.png,WTT Official,F,2026-05-13T21:24:52.739860+00:00
2459,LEE Juchan,Korea Republic,768,2012-04-05,,N/A,,https://wttwebcmsprod.blob.core.windows.net/websitefiles/images/general/men_default_left.png,WTT Official,F,2026-05-13T21:24:53.547211+00:00
2460,Luka JOKIC,Slovenia,769,2008-04-11,,N/A,0.0,https://wttsimfiles.blob.core.windows.net/wtt-media/photos/400px/HEADSHOT_R_JOKIC_Luka.png,WTT Official,F,2026-05-13T21:24:54.355201+00:00
2461,Mavlankhan BAKHAUTDINOV,Kyrgyzstan,770,2008-09-26,,N/A,,https://wttwebcmsprod.blob.core.windows.net/websitefiles/images/general/men_default_left.png,WTT Official,F,2026-05-13T21:24:55.174012+00:00
2462,Jacob HUANG,Australia,771,2010-11-02,,N/A,,https://wttsimfiles.blob.core.windows.net/wtt-media/photos/400px/206629_Headshot_R_ HUANG_Jacob.png,WTT Official,F,2026-05-13T21:24:55.974995+00:00
2463,Noam NIMRODI,Israel,772,2010-04-09,,N/A,,https://wttwebcmsprod.blob.core.windows.net/websitefiles/images/general/men_default_left.png,WTT Official,F,2026-05-13T21:24:56.784136+00:00
2464,Arthur XIAN XIAO,France,773,2014-04-03,,N/A,64.70588235294117,https://wttwebcmsprod.blob.core.windows.net/websitefiles/images/general/men_default_left.png,WTT Official,F,2026-05-13T21:24:57.594690+00:00
2465,Oscar JIANG,New Zealand,774,2009-10-30,,N/A,,https://wttwebcmsprod.blob.core.windows.net/websitefiles/images/general/men_default_left.png,WTT Official,F,2026-05-13T21:24:58.406188+00:00
2466,Payas JAJAL,New Zealand,775,2008-02-07,,N/A,,https://wttwebcmsprod.blob.core.windows.net/websitefiles/images/general/men_default_left.png,WTT Official,F,2026-05-13T21:24:59.214435+00:00
2467,Elisei KLOCHKO,AIN,776,2013-11-09,,N/A,91.66666666666667,https://wttwebcmsprod.blob.core.windows.net/websitefiles/images/general/men_default_left.png,WTT Official,F,2026-05-13T21:25:00.032585+00:00
2468,Noah GENART,Belgium,777,2009-02-19,,N/A,,https://wttwebcmsprod.blob.core.windows.net/websitefiles/images/general/men_default_left.png,WTT Official,F,2026-05-13T21:25:00.990828+00:00
2469,Jakob QUINDO,Philippines,778,2009-06-29,,N/A,,https://wttwebcmsprod.blob.core.windows.net/websitefiles/images/general/men_default_left.png,WTT Official,F,2026-05-13T21:25:01.813008+00:00
2470,Atsuto HIDEURA,Australia,779,2009-12-08,,N/A,,https://wttwebcmsprod.blob.core.windows.net/websitefiles/images/general/men_default_left.png,WTT Official,F,2026-05-13T21:25:02.653301+00:00
2471,Stanley CHAM,Australia,780,2008-10-09,,N/A,,https://wttwebcmsprod.blob.core.windows.net/websitefiles/images/general/men_default_left.png,WTT Official,F,2026-05-13T21:25:03.462143+00:00
2472,Ting Him HO,Canada,781,2010-11-10,,N/A,,https://wttwebcmsprod.blob.core.windows.net/websitefiles/images/general/men_default_left.png,WTT Official,F,2026-05-13T21:25:04.271215+00:00
2473,Siddhanth DHARIWAL,India,782,2010-06-05,,N/A,,https://wttwebcmsprod.blob.core.windows.net/websitefiles/images/general/men_default_left.png,WTT Official,F,2026-05-13T21:25:05.086694+00:00
2474,Quadri ATUNWON,Nigeria,783,2009-02-09,,N/A,,https://wttwebcmsprod.blob.core.windows.net/websitefiles/images/general/men_default_left.png,WTT Official,F,2026-05-13T21:25:05.897595+00:00
2475,CHEN Jie Ning,Chinese Taipei,784,2011-01-03,,N/A,,https://wttwebcmsprod.blob.core.windows.net/websitefiles/images/general/men_default_left.png,WTT Official,F,2026-05-13T21:25:06.718573+00:00
2476,Liren ZHANG,USA,785,2011-03-23,,N/A,,https://wttwebcmsprod.blob.core.windows.net/websitefiles/images/general/men_default_left.png,WTT Official,F,2026-05-13T21:25:07.538940+00:00
2477,Ahmed HANIFA,Saudi Arabia,786,2010-05-15,,N/A,0.0,https://wttwebcmsprod.blob.core.windows.net/websitefiles/images/general/men_default_left.png,WTT Official,F,2026-05-13T21:25:08.486035+00:00
2478,Napop DARANEERUT,Thailand,787,2011-05-29,,N/A,,https://wttwebcmsprod.blob.core.windows.net/websitefiles/images/general/men_default_left.png,WTT Official,F,2026-05-13T21:25:09.298003+00:00
2479,Khusen ISKANDAROV,Uzbekistan,788,2014-10-17,,N/A,100.0,https://wttwebcmsprod.blob.core.windows.net/websitefiles/images/general/men_default_left.png,WTT Official,F,2026-05-13T21:25:10.123133+00:00
2480,Nazarii HURYN,Ukraine,789,2012-01-23,,N/A,36.36363636363637,https://wttwebcmsprod.blob.core.windows.net/websitefiles/images/general/men_default_left.png,WTT Official,F,2026-05-13T21:25:10.946252+00:00
2481,Hassan KADHEM,Bahrain,790,2012-07-01,,N/A,50.0,https://wttwebcmsprod.blob.core.windows.net/websitefiles/images/general/men_default_left.png,WTT Official,F,2026-05-13T21:25:11.757032+00:00
2482,OH Seyoul,Korea Republic,791,2011-01-25,,N/A,41.666666666666664,https://wttwebcmsprod.blob.core.windows.net/websitefiles/images/general/men_default_left.png,WTT Official,F,2026-05-13T21:25:12.566259+00:00
2483,Nikola GENCHEV,Bulgaria,792,2009-08-10,,N/A,42.857142857142854,https://wttwebcmsprod.blob.core.windows.net/websitefiles/images/general/men_default_left.png,WTT Official,F,2026-05-13T21:25:13.393527+00:00
2484,Mohammed ALKASASBEH,Jordan,793,2010-06-24,,N/A,0.0,https://wttwebcmsprod.blob.core.windows.net/websitefiles/images/general/men_default_left.png,WTT Official,F,2026-05-13T21:25:14.216644+00:00
2485,Rohan BUBNA,USA,794,2008-04-05,,N/A,,https://wttwebcmsprod.blob.core.windows.net/websitefiles/images/general/men_default_left.png,WTT Official,F,2026-05-13T21:25:15.028280+00:00
2486,Lawrence FAN,Australia,795,2012-03-02,,N/A,,https://wttsimfiles.blob.core.windows.net/wtt-media/photos/400px/203038_HEADSHOT_R_FAN_Lawrence.png,WTT Official,F,2026-05-13T21:25:15.853821+00:00
2487,LAU Eden,"Hong Kong, China",796,2009-09-14,,N/A,,https://wttsimfiles.blob.core.windows.net/wtt-media/photos/400px/201798_Headshot_R_LAU_Eden.png,WTT Official,F,2026-05-13T21:25:16.680227+00:00
2449,Till BERBIG,Germany,758,2007-04-10,,N/A,33.333333333333336,https://wttwebcmsprod.blob.core.windows.net/websitefiles/images/general/men_default_left.png,WTT Official,F,2026-05-13T21:24:45.229622+00:00
2451,Marlon LOPEZ,Spain,760,2007-12-26,,N/A,66.66666666666667,https://wttwebcmsprod.blob.core.windows.net/websitefiles/images/general/men_default_left.png,WTT Official,F,2026-05-13T21:24:46.840430+00:00
2491,Julian LUGINGER,Austria,800,2015-06-16,,N/A,75.0,https://wttwebcmsprod.blob.core.windows.net/websitefiles/images/general/men_default_left.png,WTT Official,F,2026-05-13T21:25:19.940750+00:00
2492,Leonard PIYACHAI,Thailand,801,2010-02-01,,N/A,,https://wttwebcmsprod.blob.core.windows.net/websitefiles/images/general/men_default_left.png,WTT Official,F,2026-05-13T21:25:32.676188+00:00
2493,Raphael CAMMAS,France,802,2012-02-20,,N/A,50.0,https://wttwebcmsprod.blob.core.windows.net/websitefiles/images/general/men_default_left.png,WTT Official,F,2026-05-13T21:25:33.496808+00:00
2494,Denis YANG,Canada,803,2011-12-24,,N/A,,https://wttwebcmsprod.blob.core.windows.net/websitefiles/images/general/men_default_left.png,WTT Official,F,2026-05-13T21:25:34.309668+00:00
2495,Daniel GANEV,Bulgaria,804,2012-03-04,,N/A,26.666666666666668,https://wttwebcmsprod.blob.core.windows.net/websitefiles/images/general/men_default_left.png,WTT Official,F,2026-05-13T21:25:35.131057+00:00
2496,Theodore KNIEP,England,806,2011-06-16,,N/A,57.142857142857146,https://wttwebcmsprod.blob.core.windows.net/websitefiles/images/general/men_default_left.png,WTT Official,F,2026-05-13T21:25:36.750159+00:00
2497,Nicholas FAMA,Italy,807,2009-03-20,,N/A,,https://wttwebcmsprod.blob.core.windows.net/websitefiles/images/general/men_default_left.png,WTT Official,F,2026-05-13T21:25:37.561562+00:00
2498,Adam STACHOWIAK,Poland,808,2011-02-26,,N/A,55.55555555555556,https://wttwebcmsprod.blob.core.windows.net/websitefiles/images/general/men_default_left.png,WTT Official,F,2026-05-13T21:25:38.386904+00:00
2499,Yalex GONZALEZ,Puerto Rico,809,2009-08-03,,N/A,33.333333333333336,https://wttwebcmsprod.blob.core.windows.net/websitefiles/images/general/men_default_left.png,WTT Official,F,2026-05-13T21:25:39.202775+00:00
2500,Eric NEGREDO,Spain,810,2011-01-13,,N/A,50.0,https://wttwebcmsprod.blob.core.windows.net/websitefiles/images/general/men_default_left.png,WTT Official,F,2026-05-13T21:25:40.012511+00:00
2501,Ashvajith MUTHUKUMARAN,India,811,2013-10-22,,N/A,81.81818181818181,https://wttwebcmsprod.blob.core.windows.net/websitefiles/images/general/men_default_left.png,WTT Official,F,2026-05-13T21:25:40.819506+00:00
2502,Josue PORTALATINO,Peru,812,2011-03-14,,N/A,62.5,https://wttwebcmsprod.blob.core.windows.net/websitefiles/images/general/men_default_left.png,WTT Official,F,2026-05-13T21:25:41.637044+00:00
2503,Luka SITCHINAVA,Georgia,813,2010-05-27,,N/A,20.0,https://wttwebcmsprod.blob.core.windows.net/websitefiles/images/general/men_default_left.png,WTT Official,F,2026-05-13T21:25:42.443191+00:00
2504,Sivaraam VELAYUTHAM,USA,814,2010-11-23,,N/A,0.0,https://wttwebcmsprod.blob.core.windows.net/websitefiles/images/general/men_default_left.png,WTT Official,F,2026-05-13T21:25:43.254857+00:00
2505,Matti MATSCHITSCH,Austria,815,2009-11-05,,N/A,11.11111111111111,https://wttwebcmsprod.blob.core.windows.net/websitefiles/images/general/men_default_left.png,WTT Official,F,2026-05-13T21:25:44.074941+00:00
2506,LI Damien,Singapore,816,2012-03-29,,N/A,20.0,https://wttsimfiles.blob.core.windows.net/wtt-media/photos/400px/212613_Headshot_R_LI_Damien.png,WTT Official,F,2026-05-13T21:25:44.893084+00:00
2507,Michal TARAKAN,Poland,817,2014-02-28,,N/A,45.0,https://wttwebcmsprod.blob.core.windows.net/websitefiles/images/general/men_default_left.png,WTT Official,F,2026-05-13T21:25:45.704622+00:00
2508,Daniel CASQUERO,Spain,818,2014-01-29,,N/A,48.0,https://wttwebcmsprod.blob.core.windows.net/websitefiles/images/general/men_default_left.png,WTT Official,F,2026-05-13T21:25:46.525079+00:00
2509,Ahmed AL KHALAF,Saudi Arabia,819,2013-06-23,,N/A,47.61904761904762,https://wttwebcmsprod.blob.core.windows.net/websitefiles/images/general/men_default_left.png,WTT Official,F,2026-05-13T21:25:47.331084+00:00
2510,Filip AROSELL,Sweden,820,2013-02-26,,N/A,70.0,https://wttwebcmsprod.blob.core.windows.net/websitefiles/images/general/men_default_left.png,WTT Official,F,2026-05-13T21:25:48.152195+00:00
2511,Ivo QUETT,Germany,821,2009-10-24,,N/A,33.333333333333336,https://wttwebcmsprod.blob.core.windows.net/websitefiles/images/general/men_default_left.png,WTT Official,F,2026-05-13T21:25:48.975754+00:00
2512,YOON Junhwi,Korea Republic,822,2010-04-15,,N/A,20.0,https://wttwebcmsprod.blob.core.windows.net/websitefiles/images/general/men_default_left.png,WTT Official,F,2026-05-13T21:25:49.786460+00:00
2513,Aras AYDIN,Türkiye,823,2012-01-23,,N/A,53.84615384615385,https://wttwebcmsprod.blob.core.windows.net/websitefiles/images/general/men_default_left.png,WTT Official,F,2026-05-13T21:25:50.598145+00:00
2514,Sam HABSCHEID,Luxembourg,824,2008-07-08,,Right Hand / Shakehand,0.0,https://wttwebcmsprod.blob.core.windows.net/websitefiles/images/general/men_default_left.png,WTT Official,F,2026-05-13T21:25:51.413534+00:00
2515,Joaquin VERA Y ARAGON,Paraguay,825,2011-09-08,,N/A,46.15384615384615,https://wttwebcmsprod.blob.core.windows.net/websitefiles/images/general/men_default_left.png,WTT Official,F,2026-05-13T21:25:52.238551+00:00
2516,Jhonathan ALTUVE,Venezuela,826,2009-06-01,,N/A,,https://wttwebcmsprod.blob.core.windows.net/websitefiles/images/general/men_default_left.png,WTT Official,F,2026-05-13T21:25:53.063267+00:00
2517,Jeronimo JIMENEZ,Colombia,827,2015-07-19,,N/A,91.66666666666667,https://wttwebcmsprod.blob.core.windows.net/websitefiles/images/general/men_default_left.png,WTT Official,F,2026-05-13T21:25:53.872368+00:00
2518,Dan ZHELYAZKOV,Bulgaria,828,2016-04-11,,N/A,61.76470588235294,https://wttwebcmsprod.blob.core.windows.net/websitefiles/images/general/men_default_left.png,WTT Official,F,2026-05-13T21:25:54.693176+00:00
2519,Seung CHEN,Austria,829,2011-02-03,,N/A,11.11111111111111,https://wttwebcmsprod.blob.core.windows.net/websitefiles/images/general/men_default_left.png,WTT Official,F,2026-05-13T21:25:55.503868+00:00
2520,Jaelen CHEN,Canada,830,2009-06-27,,N/A,,https://wttwebcmsprod.blob.core.windows.net/websitefiles/images/general/men_default_left.png,WTT Official,F,2026-05-13T21:25:56.319639+00:00
2521,Mateo CAPELLA,Venezuela,831,2009-09-09,,N/A,,https://wttwebcmsprod.blob.core.windows.net/websitefiles/images/general/men_default_left.png,WTT Official,F,2026-05-13T21:25:57.139274+00:00
2522,Luis SOSA,Venezuela,832,2008-09-02,,N/A,,https://wttwebcmsprod.blob.core.windows.net/websitefiles/images/general/men_default_left.png,WTT Official,F,2026-05-13T21:25:57.953849+00:00
2523,Ali ALGHBAELE,Libya,833,2009-11-06,,N/A,,https://wttwebcmsprod.blob.core.windows.net/websitefiles/images/general/men_default_left.png,WTT Official,F,2026-05-13T21:25:58.765016+00:00
2524,Owen HU,Canada,834,2009-07-29,,N/A,,https://wttwebcmsprod.blob.core.windows.net/websitefiles/images/general/men_default_left.png,WTT Official,F,2026-05-13T21:25:59.574345+00:00
2525,Diego DIAZ,Peru,836,2011-08-23,,N/A,45.45454545454545,https://wttwebcmsprod.blob.core.windows.net/websitefiles/images/general/men_default_left.png,WTT Official,F,2026-05-13T21:26:01.213057+00:00
2488,Emre BUCAK,Türkiye,797,2014-08-27,,N/A,90.0,https://wttwebcmsprod.blob.core.windows.net/websitefiles/images/general/men_default_left.png,WTT Official,F,2026-05-13T21:25:17.502267+00:00
2489,Sosuke YAMADA,Japan,798,2012-09-08,,N/A,,https://wttsimfiles.blob.core.windows.net/wtt-media/photos/400px/213083_Headshot_R_Sosuke_YAMADA.png,WTT Official,F,2026-05-13T21:25:18.309913+00:00
2490,Somdev SENGUPTA,India,799,2011-07-27,,N/A,66.66666666666667,https://wttwebcmsprod.blob.core.windows.net/websitefiles/images/general/men_default_left.png,WTT Official,F,2026-05-13T21:25:19.128881+00:00
2529,Motiejus ADAMONIS,Lithuania,840,2012-08-30,,N/A,33.333333333333336,https://wttwebcmsprod.blob.core.windows.net/websitefiles/images/general/men_default_left.png,WTT Official,F,2026-05-13T21:26:04.493464+00:00
2530,Jeronimo MUNOZ,Colombia,841,2011-07-11,,N/A,0.0,https://wttwebcmsprod.blob.core.windows.net/websitefiles/images/general/men_default_left.png,WTT Official,F,2026-05-13T21:26:05.312007+00:00
2531,Zac HALLEN,Sweden,842,2012-01-27,,N/A,57.142857142857146,https://wttwebcmsprod.blob.core.windows.net/websitefiles/images/general/men_default_left.png,WTT Official,F,2026-05-13T21:26:06.120874+00:00
2532,Santino ROSSI,Argentina,843,2010-06-29,,N/A,,https://wttwebcmsprod.blob.core.windows.net/websitefiles/images/general/men_default_left.png,WTT Official,F,2026-05-13T21:26:06.940395+00:00
2533,Oscar NIKOLLI,England,844,2011-08-28,,N/A,33.333333333333336,https://wttwebcmsprod.blob.core.windows.net/websitefiles/images/general/men_default_left.png,WTT Official,F,2026-05-13T21:26:07.761436+00:00
2534,Fausto PINATO,Uruguay,845,2011-04-20,,N/A,27.272727272727273,https://wttwebcmsprod.blob.core.windows.net/websitefiles/images/general/men_default_left.png,WTT Official,F,2026-05-13T21:26:08.569698+00:00
2535,Joaquin VELEZ,Ecuador,846,2011-10-01,,N/A,,https://wttwebcmsprod.blob.core.windows.net/websitefiles/images/general/men_default_left.png,WTT Official,F,2026-05-13T21:26:09.388501+00:00
2536,Zhenis ZHASTLEK,Kazakhstan,847,2010-05-09,,N/A,,https://wttwebcmsprod.blob.core.windows.net/websitefiles/images/general/men_default_left.png,WTT Official,F,2026-05-13T21:26:10.209382+00:00
2537,Vidar LARSSON,Sweden,848,2010-06-24,,N/A,,https://wttsimfiles.blob.core.windows.net/wtt-media/photos/400px/205255_Headshot_R_LARSSON_Vidar.png,WTT Official,F,2026-05-13T21:26:11.021052+00:00
2538,Vinicius SUNAMI,Brazil,849,2013-07-19,,N/A,68.42105263157895,https://wttwebcmsprod.blob.core.windows.net/websitefiles/images/general/men_default_left.png,WTT Official,F,2026-05-13T21:26:11.846785+00:00
2539,Austin LO,USA,850,2010-06-17,,N/A,50.0,https://wttwebcmsprod.blob.core.windows.net/websitefiles/images/general/men_default_left.png,WTT Official,F,2026-05-13T21:26:12.653422+00:00
2540,Karim GAD,Egypt,851,2008-03-27,,N/A,,https://wttwebcmsprod.blob.core.windows.net/websitefiles/images/general/men_default_left.png,WTT Official,F,2026-05-13T21:26:13.476185+00:00
2541,Lucas WU,USA,852,2011-04-12,,N/A,75.0,https://wttwebcmsprod.blob.core.windows.net/websitefiles/images/general/men_default_left.png,WTT Official,F,2026-05-13T21:26:14.287164+00:00
2542,Kristian PIS,Slovak Republic,854,2011-02-21,,N/A,33.333333333333336,https://wttwebcmsprod.blob.core.windows.net/websitefiles/images/general/men_default_left.png,WTT Official,F,2026-05-13T21:26:15.941931+00:00
2543,Ethan WANG,USA,855,2012-08-16,,N/A,33.333333333333336,https://wttwebcmsprod.blob.core.windows.net/websitefiles/images/general/men_default_left.png,WTT Official,F,2026-05-13T21:26:16.753535+00:00
2544,Ryan ALMNJOOMI,Saudi Arabia,856,2015-03-30,,N/A,61.53846153846154,https://wttwebcmsprod.blob.core.windows.net/websitefiles/images/general/men_default_left.png,WTT Official,F,2026-05-13T21:26:17.577756+00:00
2545,Zsombor FEGYVER,Hungary,857,2009-08-06,,N/A,20.0,https://wttwebcmsprod.blob.core.windows.net/websitefiles/images/general/men_default_left.png,WTT Official,F,2026-05-13T21:26:18.426522+00:00
2546,NEO Cheng Ming,Singapore,858,2013-01-04,,N/A,25.0,https://wttsimfiles.blob.core.windows.net/wtt-media/photos/400px/206862_Headshot_R_NEO Cheng Ming.png,WTT Official,F,2026-05-13T21:26:19.236594+00:00
2547,Martin MACHUCA,Colombia,859,2010-02-07,,N/A,,https://wttwebcmsprod.blob.core.windows.net/websitefiles/images/general/men_default_left.png,WTT Official,F,2026-05-13T21:26:20.059926+00:00
2548,Juan MONTALVO,Ecuador,860,2011-03-14,,N/A,,https://wttwebcmsprod.blob.core.windows.net/websitefiles/images/general/men_default_left.png,WTT Official,F,2026-05-13T21:26:20.886995+00:00
2549,Aleks KOZELJ,Slovenia,861,2009-03-03,,N/A,33.333333333333336,https://wttsimfiles.blob.core.windows.net/wtt-media/photos/400px/HEADSHOT_R_KOZELJ_Aleks.png,WTT Official,F,2026-05-13T21:26:21.700201+00:00
2550,Niek ESSELINK,Netherlands,862,2007-03-19,,N/A,20.0,https://wttwebcmsprod.blob.core.windows.net/websitefiles/images/general/men_default_left.png,WTT Official,F,2026-05-13T21:26:22.526222+00:00
2551,Tiago MORAIS,Portugal,863,2012-02-24,,N/A,20.0,https://wttwebcmsprod.blob.core.windows.net/websitefiles/images/general/men_default_left.png,WTT Official,F,2026-05-13T21:26:23.339883+00:00
2552,AZHAR Habib,Malaysia,865,2015-02-27,,N/A,61.111111111111114,https://wttsimfiles.blob.core.windows.net/wtt-media/photos/400px/209049_Headshot_R_AZHAR Habib.png,WTT Official,F,2026-05-13T21:26:24.984875+00:00
2553,Adrien ROL,France,866,2010-04-11,,N/A,,https://wttwebcmsprod.blob.core.windows.net/websitefiles/images/general/men_default_left.png,WTT Official,F,2026-05-13T21:26:25.811923+00:00
2554,Martin BADEL,Colombia,867,2010-09-07,,N/A,,https://wttwebcmsprod.blob.core.windows.net/websitefiles/images/general/men_default_left.png,WTT Official,F,2026-05-13T21:26:26.635251+00:00
2555,Kevin DOYLE,USA,868,2010-11-06,,N/A,,https://wttwebcmsprod.blob.core.windows.net/websitefiles/images/general/men_default_left.png,WTT Official,F,2026-05-13T21:26:27.446979+00:00
2556,Himon MONDAL,India,869,2012-12-25,,N/A,57.142857142857146,https://wttwebcmsprod.blob.core.windows.net/websitefiles/images/general/men_default_left.png,WTT Official,F,2026-05-13T21:26:28.265161+00:00
2557,Krystian PYTKO,Poland,870,2011-02-05,,N/A,57.142857142857146,https://wttwebcmsprod.blob.core.windows.net/websitefiles/images/general/men_default_left.png,WTT Official,F,2026-05-13T21:26:29.076669+00:00
2558,Leo SAYEGH,Tahiti,871,2013-10-21,,N/A,,https://wttwebcmsprod.blob.core.windows.net/websitefiles/images/general/men_default_left.png,WTT Official,F,2026-05-13T21:26:29.899707+00:00
2559,Chonny XIMOM,Laos,872,2008-05-08,,N/A,,https://wttwebcmsprod.blob.core.windows.net/websitefiles/images/general/men_default_left.png,WTT Official,F,2026-05-13T21:26:30.719827+00:00
2560,Thiago SPINELLI,Argentina,873,2012-12-27,,N/A,20.0,https://wttwebcmsprod.blob.core.windows.net/websitefiles/images/general/men_default_left.png,WTT Official,F,2026-05-13T21:26:31.537551+00:00
2561,Alikhan KADYRI,Kazakhstan,874,2010-03-19,,N/A,,https://wttwebcmsprod.blob.core.windows.net/websitefiles/images/general/men_default_left.png,WTT Official,F,2026-05-13T21:26:32.359174+00:00
2562,Rustam HAJILI,Azerbaijan,875,2008-03-17,,N/A,,https://wttwebcmsprod.blob.core.windows.net/websitefiles/images/general/men_default_left.png,WTT Official,F,2026-05-13T21:26:33.179689+00:00
2563,Samuel WIN,Australia,876,2014-07-19,,N/A,,https://wttwebcmsprod.blob.core.windows.net/websitefiles/images/general/men_default_left.png,WTT Official,F,2026-05-13T21:26:34.000862+00:00
2526,Ali AFRAKHTEH,USA,837,2014-07-29,,N/A,57.142857142857146,https://wttwebcmsprod.blob.core.windows.net/websitefiles/images/general/men_default_left.png,WTT Official,F,2026-05-13T21:26:02.023725+00:00
2527,Tommy GOLDING,Venezuela,838,2015-05-25,,N/A,72.72727272727273,https://wttwebcmsprod.blob.core.windows.net/websitefiles/images/general/men_default_left.png,WTT Official,F,2026-05-13T21:26:02.837386+00:00
2528,Victor DOBATO,Spain,839,2013-12-27,,N/A,50.0,https://wttwebcmsprod.blob.core.windows.net/websitefiles/images/general/men_default_left.png,WTT Official,F,2026-05-13T21:26:03.662786+00:00
2567,Firas CHAIEB,Tunisia,880,2007-06-29,,N/A,0.0,https://wttwebcmsprod.blob.core.windows.net/websitefiles/images/general/men_default_left.png,WTT Official,F,2026-05-13T21:26:37.277905+00:00
2568,WONG Whai Xun,Malaysia,881,2009-01-21,,N/A,,https://wttwebcmsprod.blob.core.windows.net/websitefiles/images/general/men_default_left.png,WTT Official,F,2026-05-13T21:26:38.092192+00:00
2569,Alibi SHOMANOV,Kazakhstan,882,2009-04-20,,N/A,60.0,https://wttwebcmsprod.blob.core.windows.net/websitefiles/images/general/men_default_left.png,WTT Official,F,2026-05-13T21:26:38.905499+00:00
2570,Olin RUPCHIN,Bulgaria,883,2009-04-22,,N/A,,https://wttwebcmsprod.blob.core.windows.net/websitefiles/images/general/men_default_left.png,WTT Official,F,2026-05-13T21:26:39.727989+00:00
2571,CHAN Iek Nam,"Macao, China",884,2011-05-20,,N/A,,https://wttwebcmsprod.blob.core.windows.net/websitefiles/images/general/men_default_left.png,WTT Official,F,2026-05-13T21:26:40.536239+00:00
2572,Vincent LIM,Australia,885,2009-05-04,,N/A,,https://wttwebcmsprod.blob.core.windows.net/websitefiles/images/general/men_default_left.png,WTT Official,F,2026-05-13T21:26:41.356604+00:00
2573,Sayam JAKHARIA,Kenya,886,2009-09-05,,N/A,,https://wttwebcmsprod.blob.core.windows.net/websitefiles/images/general/men_default_left.png,WTT Official,F,2026-05-13T21:26:42.174214+00:00
2574,Yousif JUMAAH,Iraq,887,2009-05-30,,N/A,,https://wttwebcmsprod.blob.core.windows.net/websitefiles/images/general/men_default_left.png,WTT Official,F,2026-05-13T21:26:43.001493+00:00
2575,Abdulhaq JABBAR,Iraq,888,2008-06-07,,N/A,,https://wttwebcmsprod.blob.core.windows.net/websitefiles/images/general/men_default_left.png,WTT Official,F,2026-05-13T21:26:43.819165+00:00
2576,Soan MAHY,Belgium,889,2010-10-27,,N/A,33.333333333333336,https://wttwebcmsprod.blob.core.windows.net/websitefiles/images/general/men_default_left.png,WTT Official,F,2026-05-13T21:26:44.645508+00:00
2577,Eli HO,New Zealand,890,2012-03-06,,N/A,44.44444444444444,https://wttsimfiles.blob.core.windows.net/wtt-media/photos/400px/200231_Headshot_R_Eli HO.png,WTT Official,F,2026-05-13T21:26:45.467124+00:00
2578,Igitali SULTANMURATOV,Kazakhstan,891,2011-01-26,,N/A,60.0,https://wttwebcmsprod.blob.core.windows.net/websitefiles/images/general/men_default_left.png,WTT Official,F,2026-05-13T21:26:46.276088+00:00
2579,PARK Sion,Korea Republic,892,2012-01-29,,N/A,,https://wttwebcmsprod.blob.core.windows.net/websitefiles/images/general/men_default_left.png,WTT Official,F,2026-05-13T21:26:47.112993+00:00
2580,Aram PEREZ,Venezuela,893,2011-02-11,,N/A,,https://wttwebcmsprod.blob.core.windows.net/websitefiles/images/general/men_default_left.png,WTT Official,F,2026-05-13T21:26:47.951047+00:00
2581,Gabriel QUIJADA,Venezuela,894,2013-03-21,,N/A,33.333333333333336,https://wttwebcmsprod.blob.core.windows.net/websitefiles/images/general/men_default_left.png,WTT Official,F,2026-05-13T21:26:48.772390+00:00
2582,Nikolay CHERNOZUBOV,Kazakhstan,895,2012-10-05,,N/A,0.0,https://wttwebcmsprod.blob.core.windows.net/websitefiles/images/general/men_default_left.png,WTT Official,F,2026-05-13T21:26:49.616163+00:00
2583,Maksim PETO,Serbia,896,2015-01-27,,N/A,77.27272727272727,https://wttwebcmsprod.blob.core.windows.net/websitefiles/images/general/men_default_left.png,WTT Official,F,2026-05-13T21:26:50.425618+00:00
2584,Valentino ALTO,Argentina,897,2015-03-28,,N/A,70.58823529411765,https://wttwebcmsprod.blob.core.windows.net/websitefiles/images/general/men_default_left.png,WTT Official,F,2026-05-13T21:26:51.248956+00:00
2585,Ahmed ALBANNA,Bahrain,898,2013-10-25,,N/A,62.5,https://wttwebcmsprod.blob.core.windows.net/websitefiles/images/general/men_default_left.png,WTT Official,F,2026-05-13T21:26:52.063033+00:00
2586,Yousef ALKASASBEH,Jordan,899,2010-06-24,,N/A,20.0,https://wttwebcmsprod.blob.core.windows.net/websitefiles/images/general/men_default_left.png,WTT Official,F,2026-05-13T21:26:52.873864+00:00
2587,David SARGU,Moldova,900,2011-06-21,,N/A,57.142857142857146,https://wttwebcmsprod.blob.core.windows.net/websitefiles/images/general/men_default_left.png,WTT Official,F,2026-05-13T21:26:53.699471+00:00
2588,Adrian KASTL,Austria,901,2009-08-23,,N/A,0.0,https://wttwebcmsprod.blob.core.windows.net/websitefiles/images/general/men_default_left.png,WTT Official,F,2026-05-13T21:27:07.877130+00:00
2589,Arinjay KUCHHAL,India,902,2009-09-19,,N/A,40.0,https://wttwebcmsprod.blob.core.windows.net/websitefiles/images/general/men_default_left.png,WTT Official,F,2026-05-13T21:27:08.690581+00:00
2590,Balint GILICZ,Hungary,903,2013-05-11,,N/A,58.8235294117647,https://wttwebcmsprod.blob.core.windows.net/websitefiles/images/general/men_default_left.png,WTT Official,F,2026-05-13T21:27:09.621360+00:00
2591,Vukasin USLJEBRKA,Serbia,904,2010-05-21,,N/A,50.0,https://wttwebcmsprod.blob.core.windows.net/websitefiles/images/general/men_default_left.png,WTT Official,F,2026-05-13T21:27:10.461738+00:00
2592,Nurzhigit ZHOLDYBAY,Kazakhstan,905,2008-06-26,,N/A,,https://wttwebcmsprod.blob.core.windows.net/websitefiles/images/general/men_default_left.png,WTT Official,F,2026-05-13T21:27:11.281973+00:00
2593,Abdulghaffar JABBAR,Iraq,906,2009-08-02,,N/A,,https://wttwebcmsprod.blob.core.windows.net/websitefiles/images/general/men_default_left.png,WTT Official,F,2026-05-13T21:27:12.102525+00:00
2594,Mohammed SAEED,Iraq,907,2009-05-19,,N/A,,https://wttwebcmsprod.blob.core.windows.net/websitefiles/images/general/men_default_left.png,WTT Official,F,2026-05-13T21:27:12.919385+00:00
2595,Samarth SHEKHAWAT,India,908,2010-01-19,,N/A,50.0,https://wttwebcmsprod.blob.core.windows.net/websitefiles/images/general/men_default_left.png,WTT Official,F,2026-05-13T21:27:13.733240+00:00
2596,Anjisnu BHANDARI,India,909,2009-05-24,,N/A,33.333333333333336,https://wttwebcmsprod.blob.core.windows.net/websitefiles/images/general/men_default_left.png,WTT Official,F,2026-05-13T21:27:14.556638+00:00
2597,Matias BENTANCOR,Spain,910,2010-06-25,,N/A,33.333333333333336,https://wttwebcmsprod.blob.core.windows.net/websitefiles/images/general/men_default_left.png,WTT Official,F,2026-05-13T21:27:15.401728+00:00
2598,Matheus ANDRIOLO,Brazil,911,2010-11-10,,N/A,33.333333333333336,https://wttsimfiles.blob.core.windows.net/wtt-media/photos/400px/205428_Headshot_R_ANDRIOLO_Matheus.png,WTT Official,F,2026-05-13T21:27:16.220821+00:00
2599,Ante KOLAK,Croatia,912,2009-09-17,,N/A,33.333333333333336,https://wttwebcmsprod.blob.core.windows.net/websitefiles/images/general/men_default_left.png,WTT Official,F,2026-05-13T21:27:17.033671+00:00
2600,Nikita HOSHKO,Ukraine,913,2008-06-10,,N/A,,https://wttwebcmsprod.blob.core.windows.net/websitefiles/images/general/men_default_left.png,WTT Official,F,2026-05-13T21:27:17.854138+00:00
2601,Camilo BETANCUR,Colombia,914,2008-01-15,,N/A,,https://wttwebcmsprod.blob.core.windows.net/websitefiles/images/general/men_default_left.png,WTT Official,F,2026-05-13T21:27:18.682369+00:00
2564,Trayan GEORGIEV,Bulgaria,877,2011-11-23,,N/A,11.11111111111111,https://wttwebcmsprod.blob.core.windows.net/websitefiles/images/general/men_default_left.png,WTT Official,F,2026-05-13T21:26:34.820135+00:00
2565,Olaf CYRANKIEWICZ,Poland,878,2012-10-01,,N/A,42.857142857142854,https://wttwebcmsprod.blob.core.windows.net/websitefiles/images/general/men_default_left.png,WTT Official,F,2026-05-13T21:26:35.646779+00:00
2566,Daniel DIMITROV,Bulgaria,879,2007-11-05,,N/A,33.333333333333336,https://wttwebcmsprod.blob.core.windows.net/websitefiles/images/general/men_default_left.png,WTT Official,F,2026-05-13T21:26:36.456011+00:00
2604,Kirill BERNIKOV,Kazakhstan,917,2011-02-15,,N/A,75.0,https://wttwebcmsprod.blob.core.windows.net/websitefiles/images/general/men_default_left.png,WTT Official,F,2026-05-13T21:27:21.157408+00:00
2606,ELLIS Matthew,Singapore,919,2007-08-08,,N/A,,https://wttsimfiles.blob.core.windows.net/wtt-media/photos/400px/145808_HEADSHOT_R_ELLIS_Matthew.png,WTT Official,F,2026-05-13T21:27:22.801094+00:00
2607,YEO Ryan,Singapore,920,2007-12-05,,N/A,,https://wttwebcmsprod.blob.core.windows.net/websitefiles/images/general/men_default_left.png,WTT Official,F,2026-05-13T21:27:23.612250+00:00
2608,WONG Yi Cheng,Singapore,921,2007-07-19,,Right Hand / Shakehand,,https://wttwebcmsprod.blob.core.windows.net/websitefiles/images/general/men_default_left.png,WTT Official,F,2026-05-13T21:27:24.427661+00:00
2609,Atkhambek MOMINZHANOV,Kazakhstan,922,2007-05-30,,N/A,,https://wttwebcmsprod.blob.core.windows.net/websitefiles/images/general/men_default_left.png,WTT Official,F,2026-05-13T21:27:25.238147+00:00
2610,Winlaphat CHAILAMLERD,Thailand,923,2007-12-15,,N/A,,https://wttwebcmsprod.blob.core.windows.net/websitefiles/images/general/men_default_left.png,WTT Official,F,2026-05-13T21:27:26.061809+00:00
2611,MAK Chung Wai,"Hong Kong, China",924,2007-01-31,,N/A,,https://wttsimfiles.blob.core.windows.net/wtt-media/photos/400px/201276_HEADSHOT_R_MAK_Chung Wai.png,WTT Official,F,2026-05-13T21:27:26.881486+00:00
2612,Hezha JUMAAH,Iraq,925,2007-09-15,,N/A,,https://wttwebcmsprod.blob.core.windows.net/websitefiles/images/general/men_default_left.png,WTT Official,F,2026-05-13T21:27:27.699745+00:00
2613,Karol KACZMARCZYK,Poland,926,2011-04-18,,N/A,57.142857142857146,https://wttwebcmsprod.blob.core.windows.net/websitefiles/images/general/men_default_left.png,WTT Official,F,2026-05-13T21:27:28.517898+00:00
2614,Hugo RUSCH,Germany,927,2011-10-01,,N/A,42.857142857142854,https://wttwebcmsprod.blob.core.windows.net/websitefiles/images/general/men_default_left.png,WTT Official,F,2026-05-13T21:27:29.371245+00:00
2615,Sidney WIN,Australia,928,2007-01-20,,N/A,,https://wttwebcmsprod.blob.core.windows.net/websitefiles/images/general/men_default_left.png,WTT Official,F,2026-05-13T21:27:30.194889+00:00
2616,Martin LOPEZ,Colombia,929,2012-11-20,,N/A,,https://wttwebcmsprod.blob.core.windows.net/websitefiles/images/general/men_default_left.png,WTT Official,F,2026-05-13T21:27:31.010325+00:00
2617,Alikhan KAMALOV,Uzbekistan,930,2012-08-22,,N/A,80.0,https://wttwebcmsprod.blob.core.windows.net/websitefiles/images/general/men_default_left.png,WTT Official,F,2026-05-13T21:27:31.831024+00:00
2618,Sathyanarayanan KARMEGHAKANNAN,India,931,2011-05-01,,N/A,33.333333333333336,https://wttwebcmsprod.blob.core.windows.net/websitefiles/images/general/men_default_left.png,WTT Official,F,2026-05-13T21:27:32.657591+00:00
2619,Nicolas RINALDI,Uruguay,932,2012-12-11,,N/A,33.333333333333336,https://wttwebcmsprod.blob.core.windows.net/websitefiles/images/general/men_default_left.png,WTT Official,F,2026-05-13T21:27:33.484176+00:00
2620,Mubarak AL-QUTAITI,Qatar,933,2014-02-10,,N/A,41.1764705882353,https://wttwebcmsprod.blob.core.windows.net/websitefiles/images/general/men_default_left.png,WTT Official,F,2026-05-13T21:27:34.291774+00:00
2621,Lucas ALEXANDRE,New Zealand,934,2014-03-11,,N/A,,https://wttwebcmsprod.blob.core.windows.net/websitefiles/images/general/men_default_left.png,WTT Official,F,2026-05-13T21:27:35.113171+00:00
2622,Lucas XIE,Canada,935,2009-04-22,,N/A,,https://wttwebcmsprod.blob.core.windows.net/websitefiles/images/general/men_default_left.png,WTT Official,F,2026-05-13T21:27:35.932824+00:00
2623,Juan PINEROS,Colombia,936,2010-03-31,,N/A,,https://wttwebcmsprod.blob.core.windows.net/websitefiles/images/general/men_default_left.png,WTT Official,F,2026-05-13T21:27:36.754913+00:00
2624,Sultan SEREKE,Kazakhstan,937,2010-09-29,,N/A,,https://wttwebcmsprod.blob.core.windows.net/websitefiles/images/general/men_default_left.png,WTT Official,F,2026-05-13T21:27:37.570084+00:00
2625,HUA Lei,China,938,2010-03-09,,N/A,,https://wttsimfiles.blob.core.windows.net/wtt-media/photos/400px/209004_Headshot_R_HUA Lei.png,WTT Official,F,2026-05-13T21:27:38.380522+00:00
2626,YAU Kwan Ting,"Hong Kong, China",939,2008-01-23,,N/A,,https://wttwebcmsprod.blob.core.windows.net/websitefiles/images/general/men_default_left.png,WTT Official,F,2026-05-13T21:27:39.188419+00:00
2627,Jenniel VEGA,Puerto Rico,940,2010-05-10,,N/A,33.333333333333336,https://wttwebcmsprod.blob.core.windows.net/websitefiles/images/general/men_default_left.png,WTT Official,F,2026-05-13T21:27:40.020838+00:00
2628,PARK Sehun,Korea Republic,941,2011-08-31,,N/A,,https://wttwebcmsprod.blob.core.windows.net/websitefiles/images/general/men_default_left.png,WTT Official,F,2026-05-13T21:27:40.864392+00:00
2629,Lucas CHEN,Canada,942,2013-09-19,,N/A,,https://wttwebcmsprod.blob.core.windows.net/websitefiles/images/general/men_default_left.png,WTT Official,F,2026-05-13T21:27:41.679823+00:00
2630,Ralph ASSAF,Lebanon,943,2010-11-03,,N/A,,https://wttwebcmsprod.blob.core.windows.net/websitefiles/images/general/men_default_left.png,WTT Official,F,2026-05-13T21:27:42.493519+00:00
2605,Lavi NATISHANSKI,Israel,918,2015-11-28,,N/A,,https://wttwebcmsprod.blob.core.windows.net/websitefiles/images/general/men_default_left.png,WTT Official,F,2026-05-13T21:27:21.976335+00:00
758,Samuel ANKUNDA,Uganda,944,2009-04-25,,N/A,,https://wttwebcmsprod.blob.core.windows.net/websitefiles/images/general/men_default_left.png,WTT Official,F,2026-05-13T21:27:43.310434+00:00
2632,Mustafa MOHAMMED,Iraq,946,2011-08-01,,N/A,0.0,https://wttwebcmsprod.blob.core.windows.net/websitefiles/images/general/men_default_left.png,WTT Official,F,2026-05-13T21:27:44.950809+00:00
2633,HSU Tzu Chun,Chinese Taipei,947,2010-01-10,,N/A,,https://wttwebcmsprod.blob.core.windows.net/websitefiles/images/general/men_default_left.png,WTT Official,F,2026-05-13T21:27:45.758509+00:00
2634,Theo YAMADA,Brazil,950,2013-01-04,,N/A,65.0,https://wttwebcmsprod.blob.core.windows.net/websitefiles/images/general/men_default_left.png,WTT Official,F,2026-05-13T21:27:48.275150+00:00
2635,Fabrico DOLDAN,Paraguay,951,2013-08-05,,N/A,56.25,https://wttwebcmsprod.blob.core.windows.net/websitefiles/images/general/men_default_left.png,WTT Official,F,2026-05-13T21:27:49.095928+00:00
2637,LEE Hangyeol,Korea Republic,953,2010-05-10,,N/A,,https://wttwebcmsprod.blob.core.windows.net/websitefiles/images/general/men_default_left.png,WTT Official,F,2026-05-13T21:27:50.729623+00:00
2638,Jose MOREANO,Ecuador,954,2010-03-03,,N/A,,https://wttwebcmsprod.blob.core.windows.net/websitefiles/images/general/men_default_left.png,WTT Official,F,2026-05-13T21:27:51.537155+00:00
2639,Ignacio MALPARTIDA,Peru,955,2011-02-24,,N/A,,https://wttwebcmsprod.blob.core.windows.net/websitefiles/images/general/men_default_left.png,WTT Official,F,2026-05-13T21:27:52.363738+00:00
2687,Hleb KRESTAPCHUK,AIN,995,2008-09-13,,N/A,,https://wttwebcmsprod.blob.core.windows.net/websitefiles/images/general/men_default_left.png,WTT Official,F,2026-05-13T21:28:25.794547+00:00
2602,Rafael AGUILAR,Paraguay,915,2011-09-26,,N/A,20.0,https://wttwebcmsprod.blob.core.windows.net/websitefiles/images/general/men_default_left.png,WTT Official,F,2026-05-13T21:27:19.505450+00:00
2631,Ryan CUADRO,Puerto Rico,945,2007-03-17,,N/A,33.333333333333336,https://wttwebcmsprod.blob.core.windows.net/websitefiles/images/general/men_default_left.png,WTT Official,F,2026-05-13T21:27:44.129241+00:00
2636,Juraj DE MIGUEL,Slovak Republic,952,2014-07-05,,N/A,28.571428571428573,https://wttwebcmsprod.blob.core.windows.net/websitefiles/images/general/men_default_left.png,WTT Official,F,2026-05-13T21:27:49.912096+00:00
2646,Santiago GRACIA,Colombia,962,2010-05-11,,N/A,,https://wttwebcmsprod.blob.core.windows.net/websitefiles/images/general/men_default_left.png,WTT Official,F,2026-05-13T21:27:58.086006+00:00
2657,Kevin YANG,Canada,973,2014-11-20,,N/A,,https://wttwebcmsprod.blob.core.windows.net/websitefiles/images/general/men_default_left.png,WTT Official,F,2026-05-13T21:28:07.105493+00:00
2658,Leandro DIAZ,Uruguay,974,2009-06-11,,N/A,20.0,https://wttwebcmsprod.blob.core.windows.net/websitefiles/images/general/men_default_left.png,WTT Official,F,2026-05-13T21:28:08.538627+00:00
2659,Ionut CEAUSESCU,Romania,975,2011-06-18,,N/A,,https://wttwebcmsprod.blob.core.windows.net/websitefiles/images/general/men_default_left.png,WTT Official,F,2026-05-13T21:28:09.369684+00:00
2660,Amine AMORI,Tunisia,976,2011-10-17,,N/A,22.22222222222222,https://wttwebcmsprod.blob.core.windows.net/websitefiles/images/general/men_default_left.png,WTT Official,F,2026-05-13T21:28:10.190828+00:00
2661,William JIN,USA,977,2015-01-19,,N/A,0.0,https://wttwebcmsprod.blob.core.windows.net/websitefiles/images/general/men_default_left.png,WTT Official,F,2026-05-13T21:28:11.020011+00:00
2662,Milan VUCETIC,Montenegro,978,2013-11-03,,N/A,66.66666666666667,https://wttwebcmsprod.blob.core.windows.net/websitefiles/images/general/men_default_left.png,WTT Official,F,2026-05-13T21:28:11.842974+00:00
2663,Adrian GIRBEA,Canada,979,2009-04-09,,N/A,,https://wttwebcmsprod.blob.core.windows.net/websitefiles/images/general/men_default_left.png,WTT Official,F,2026-05-13T21:28:12.660344+00:00
2672,WU Yun Jie,Chinese Taipei,987,2012-09-29,,N/A,,https://wttwebcmsprod.blob.core.windows.net/websitefiles/images/general/men_default_left.png,WTT Official,F,2026-05-13T21:28:19.218518+00:00
2674,Satvik JINDAL,India,988,2009-03-23,,N/A,40.0,https://wttwebcmsprod.blob.core.windows.net/websitefiles/images/general/men_default_left.png,WTT Official,F,2026-05-13T21:28:20.037821+00:00
2675,Justin LIU,USA,989,2009-04-16,,N/A,33.333333333333336,https://wttwebcmsprod.blob.core.windows.net/websitefiles/images/general/men_default_left.png,WTT Official,F,2026-05-13T21:28:20.860358+00:00
2643,Fabian SZCZEPANSKI,Poland,959,2012-01-26,,N/A,50.0,https://wttwebcmsprod.blob.core.windows.net/websitefiles/images/general/men_default_left.png,WTT Official,F,2026-05-13T21:27:55.633519+00:00
2644,Szymon MALAS,Poland,960,2011-04-20,,N/A,20.0,https://wttwebcmsprod.blob.core.windows.net/websitefiles/images/general/men_default_left.png,WTT Official,F,2026-05-13T21:27:56.453600+00:00
2645,Matias BALDEON,Ecuador,961,2010-12-17,,N/A,,https://wttwebcmsprod.blob.core.windows.net/websitefiles/images/general/men_default_left.png,WTT Official,F,2026-05-13T21:27:57.269332+00:00
2647,Vivaan DAVE,India,963,2011-12-10,,N/A,57.142857142857146,https://wttwebcmsprod.blob.core.windows.net/websitefiles/images/general/men_default_left.png,WTT Official,F,2026-05-13T21:27:58.897232+00:00
2648,Thame RATANAWACHIRIN,Thailand,964,2015-07-22,,N/A,,https://wttwebcmsprod.blob.core.windows.net/websitefiles/images/general/men_default_left.png,WTT Official,F,2026-05-13T21:27:59.705194+00:00
2649,Vepa MEREDOV,Turkmenistan,965,2008-05-06,,N/A,,https://wttwebcmsprod.blob.core.windows.net/websitefiles/images/general/men_default_left.png,WTT Official,F,2026-05-13T21:28:00.539080+00:00
2650,Daniel KRAVCHENKO,Israel,966,2009-01-05,,N/A,,https://wttwebcmsprod.blob.core.windows.net/websitefiles/images/general/men_default_left.png,WTT Official,F,2026-05-13T21:28:01.358719+00:00
2651,Jeremi FERNANDEZ,Venezuela,967,2008-08-29,,N/A,,https://wttwebcmsprod.blob.core.windows.net/websitefiles/images/general/men_default_left.png,WTT Official,F,2026-05-13T21:28:02.177339+00:00
2652,Erik HOEIER,Denmark,968,2008-05-27,,N/A,,https://wttwebcmsprod.blob.core.windows.net/websitefiles/images/general/men_default_left.png,WTT Official,F,2026-05-13T21:28:02.996295+00:00
2653,Aliaksei RABUSHKA,AIN,969,2008-08-02,,N/A,,https://wttwebcmsprod.blob.core.windows.net/websitefiles/images/general/men_default_left.png,WTT Official,F,2026-05-13T21:28:03.818176+00:00
2654,Ahmed EL FEHRI,Tunisia,970,2009-08-29,,N/A,20.0,https://wttwebcmsprod.blob.core.windows.net/websitefiles/images/general/men_default_left.png,WTT Official,F,2026-05-13T21:28:04.642954+00:00
2655,Mohamed JENDOUBI,Tunisia,971,2009-01-22,,N/A,20.0,https://wttwebcmsprod.blob.core.windows.net/websitefiles/images/general/men_default_left.png,WTT Official,F,2026-05-13T21:28:05.465421+00:00
2656,Jeiser PINO,Venezuela,972,2012-04-18,,N/A,,https://wttwebcmsprod.blob.core.windows.net/websitefiles/images/general/men_default_left.png,WTT Official,F,2026-05-13T21:28:06.285273+00:00
2664,Yaniel VEGA,Puerto Rico,980,2009-11-17,,N/A,20.0,https://wttwebcmsprod.blob.core.windows.net/websitefiles/images/general/men_default_left.png,WTT Official,F,2026-05-13T21:28:13.482682+00:00
2665,WONG Tsz Ho,"Hong Kong, China",981,2012-07-07,,N/A,,https://wttwebcmsprod.blob.core.windows.net/websitefiles/images/general/men_default_left.png,WTT Official,F,2026-05-13T21:28:14.307728+00:00
2666,Luis FERREIRA,Brazil,982,2014-05-13,,N/A,77.77777777777777,https://wttsimfiles.blob.core.windows.net/wtt-media/photos/400px/205441_Headshot_R_FERREIRA_Luis.png,WTT Official,F,2026-05-13T21:28:15.129830+00:00
2667,Phoommiphat NOITA,Thailand,983,2012-02-03,,N/A,,https://wttwebcmsprod.blob.core.windows.net/websitefiles/images/general/men_default_left.png,WTT Official,F,2026-05-13T21:28:15.939869+00:00
2668,Vicente TEJEDA,Chile,984,2014-03-14,,N/A,81.25,https://wttwebcmsprod.blob.core.windows.net/websitefiles/images/general/men_default_left.png,WTT Official,F,2026-05-13T21:28:16.760491+00:00
2669,Vicente MORALES,Chile,985,2013-01-03,,N/A,58.8235294117647,https://wttwebcmsprod.blob.core.windows.net/websitefiles/images/general/men_default_left.png,WTT Official,F,2026-05-13T21:28:17.572298+00:00
2670,Yazid TARACHE,Venezuela,986,2013-01-30,,N/A,,https://wttwebcmsprod.blob.core.windows.net/websitefiles/images/general/men_default_left.png,WTT Official,F,2026-05-13T21:28:18.397546+00:00
2677,Ignacy SLAWINSKI,Poland,990,2012-04-11,,N/A,,https://wttwebcmsprod.blob.core.windows.net/websitefiles/images/general/men_default_left.png,WTT Official,F,2026-05-13T21:28:21.674048+00:00
2679,Ryan RIVERA,Puerto Rico,991,2013-07-11,,N/A,52.38095238095238,https://wttwebcmsprod.blob.core.windows.net/websitefiles/images/general/men_default_left.png,WTT Official,F,2026-05-13T21:28:22.502869+00:00
2681,Aarudhran ASWIN,USA,992,2014-12-24,,N/A,62.5,https://wttwebcmsprod.blob.core.windows.net/websitefiles/images/general/men_default_left.png,WTT Official,F,2026-05-13T21:28:23.325798+00:00
2671,WU Yun Jie,Chinese Taipei,987,2012-09-29,,N/A,,https://wttwebcmsprod.blob.core.windows.net/websitefiles/images/general/men_default_left.png,WTT Official,F,2026-05-13T12:15:51.005477+00:00
2673,Satvik JINDAL,India,988,2009-03-23,,N/A,40.0,https://wttwebcmsprod.blob.core.windows.net/websitefiles/images/general/men_default_left.png,WTT Official,F,2026-05-13T12:15:52.986534+00:00
2676,Justin LIU,USA,989,2009-04-16,,N/A,33.333333333333336,https://wttwebcmsprod.blob.core.windows.net/websitefiles/images/general/men_default_left.png,WTT Official,M,2026-05-13T12:15:54.944358+00:00
2678,Ignacy SLAWINSKI,Poland,990,2012-04-11,,N/A,,https://wttwebcmsprod.blob.core.windows.net/websitefiles/images/general/men_default_left.png,WTT Official,M,2026-05-13T12:15:56.968469+00:00
2680,Ryan RIVERA,Puerto Rico,991,2013-07-11,,N/A,52.38095238095238,https://wttwebcmsprod.blob.core.windows.net/websitefiles/images/general/men_default_left.png,WTT Official,F,2026-05-13T12:15:59.022863+00:00
2682,Aarudhran ASWIN,USA,992,2014-12-24,,N/A,62.5,https://wttwebcmsprod.blob.core.windows.net/websitefiles/images/general/men_default_left.png,WTT Official,F,2026-05-13T12:16:01.010435+00:00
2684,Adam KEDZIERSKI,Poland,993,2014-10-30,,N/A,71.42857142857143,https://wttwebcmsprod.blob.core.windows.net/websitefiles/images/general/men_default_left.png,WTT Official,M,2026-05-13T12:16:03.161941+00:00
2683,Adam KEDZIERSKI,Poland,993,2014-10-30,,N/A,71.42857142857143,https://wttwebcmsprod.blob.core.windows.net/websitefiles/images/general/men_default_left.png,WTT Official,F,2026-05-13T21:28:24.149129+00:00
2640,Pranjal CHAKRABORTY,India,956,2011-11-20,,N/A,33.333333333333336,https://wttwebcmsprod.blob.core.windows.net/websitefiles/images/general/men_default_left.png,WTT Official,F,2026-05-13T21:27:53.187070+00:00
2641,Dhruva MALLIGARJUNAN,India,957,2011-10-28,,N/A,33.333333333333336,https://wttwebcmsprod.blob.core.windows.net/websitefiles/images/general/men_default_left.png,WTT Official,F,2026-05-13T21:27:54.008269+00:00
2642,Tushar RAMCHANDANI,India,958,2011-03-18,,N/A,33.333333333333336,https://wttwebcmsprod.blob.core.windows.net/websitefiles/images/general/men_default_left.png,WTT Official,F,2026-05-13T21:27:54.820522+00:00
2685,LIM Rafael,Singapore,994,2010-12-13,,N/A,,https://wttsimfiles.blob.core.windows.net/wtt-media/photos/400px/208830_Headshot_R_LIM_Rafael.png,WTT Official,F,2026-05-13T21:28:24.979282+00:00
2686,LIM Rafael,Singapore,994,2010-12-13,,N/A,,https://wttsimfiles.blob.core.windows.net/wtt-media/photos/400px/208830_Headshot_R_LIM_Rafael.png,WTT Official,M,2026-05-13T12:16:05.230324+00:00
2688,Hleb KRESTAPCHUK,AIN,995,2008-09-13,,N/A,,https://wttwebcmsprod.blob.core.windows.net/websitefiles/images/general/men_default_left.png,WTT Official,M,2026-05-13T12:16:07.203272+00:00
2690,Lawi OTHMAN,Iraq,996,2011-04-04,,N/A,,https://wttwebcmsprod.blob.core.windows.net/websitefiles/images/general/men_default_left.png,WTT Official,F,2026-05-13T21:28:26.623865+00:00
2692,Dylan TANG,Norway,997,2010-03-05,,N/A,,https://wttwebcmsprod.blob.core.windows.net/websitefiles/images/general/men_default_left.png,WTT Official,F,2026-05-13T21:28:27.437844+00:00
2694,Amirali GHASEMPOUR,Iran,998,2008-07-10,,N/A,0.0,https://wttwebcmsprod.blob.core.windows.net/websitefiles/images/general/men_default_left.png,WTT Official,F,2026-05-13T21:28:28.249755+00:00
2696,Andis QEKU,Kosovo,999,2008-06-25,,N/A,,https://wttwebcmsprod.blob.core.windows.net/websitefiles/images/general/men_default_left.png,WTT Official,F,2026-05-13T21:28:29.079685+00:00
2698,Moises MARTINEZ,Venezuela,1000,2009-06-01,,N/A,,https://wttwebcmsprod.blob.core.windows.net/websitefiles/images/general/men_default_left.png,WTT Official,F,2026-05-13T21:28:29.903435+00:00
2689,Lawi OTHMAN,Iraq,996,2011-04-04,,N/A,,https://wttwebcmsprod.blob.core.windows.net/websitefiles/images/general/men_default_left.png,WTT Official,F,2026-05-13T12:16:09.062253+00:00
2691,Dylan TANG,Norway,997,2010-03-05,,N/A,,https://wttwebcmsprod.blob.core.windows.net/websitefiles/images/general/men_default_left.png,WTT Official,F,2026-05-13T12:16:10.982754+00:00
2693,Amirali GHASEMPOUR,Iran,998,2008-07-10,,N/A,0.0,https://wttwebcmsprod.blob.core.windows.net/websitefiles/images/general/men_default_left.png,WTT Official,F,2026-05-13T12:16:12.930086+00:00
2695,Andis QEKU,Kosovo,999,2008-06-25,,N/A,,https://wttwebcmsprod.blob.core.windows.net/websitefiles/images/general/men_default_left.png,WTT Official,F,2026-05-13T12:16:15.193972+00:00
2697,Moises MARTINEZ,Venezuela,1000,2009-06-01,,N/A,,https://wttwebcmsprod.blob.core.windows.net/websitefiles/images/general/men_default_left.png,WTT Official,M,2026-05-13T12:16:17.226818+00:00
51,Maharu YOSHIMURA,Japan,51,1993-08-03,,Right Hand / Shakehand,82.3529411764706,https://wttsimfiles.blob.core.windows.net/wtt-media/photos/400px/117113_Headshot_R_Maharu YOSHIMURA.png,WTT Official,M,2026-05-13T20:19:41.685200+00:00
70,Ryoichi YOSHIYAMA,Japan,70,2004-07-16,,Right Hand / Shakehand,63.63636363636363,https://wttsimfiles.blob.core.windows.net/wtt-media/photos/400px/136757_HEADSHOT_R_YOSHIYAMA_Ryoichi.png,WTT Official,M,2026-05-13T20:20:00.819414+00:00
1046,LEE Jungmok,Korea Republic,125,2007-07-15,,Right Hand / Shakehand,,https://wttsimfiles.blob.core.windows.net/wtt-media/photos/400px/135074_HEADSHOT_R_LEE_Jungmok.png,WTT Official,F,2026-05-13T21:14:47.958880+00:00
1160,Nathan DOUSSINET,France,127,2008-01-03,,N/A,66.66666666666667,https://wttwebcmsprod.blob.core.windows.net/websitefiles/images/general/men_default_left.png,WTT Official,F,2026-05-13T21:14:49.597478+00:00
1962,Franciszek KOLODZIEJCZYK,Austria,139,2008-02-23,,N/A,54.166666666666664,https://wttsimfiles.blob.core.windows.net/wtt-media/photos/400px/HEADSHOT_R_KOLODZIEJCZYK_Franciszek.png,WTT Official,F,2026-05-13T21:14:59.413902+00:00
2085,LIAO Yu Qi,Chinese Taipei,338,2010-11-09,,N/A,,https://wttsimfiles.blob.core.windows.net/wtt-media/photos/400px/210140_Headshot_R_LIAO_Yu Qi.png,WTT Official,F,2026-05-13T21:18:10.510489+00:00
2372,Luca TRASCU,Romania,671,2008-12-27,,N/A,18.181818181818183,https://wttwebcmsprod.blob.core.windows.net/websitefiles/images/general/men_default_left.png,WTT Official,F,2026-05-13T21:23:20.131531+00:00
2457,Davit CHEDISHVILI,Georgia,766,2010-03-09,,N/A,0.0,https://wttwebcmsprod.blob.core.windows.net/websitefiles/images/general/men_default_left.png,WTT Official,F,2026-05-13T21:24:51.940328+00:00
2603,Lachezar HRISTOV,Bulgaria,916,2012-03-24,,N/A,50.0,https://wttwebcmsprod.blob.core.windows.net/websitefiles/images/general/men_default_left.png,WTT Official,F,2026-05-13T21:27:20.338179+00:00
